"day_of_year","year","prediction","standard_error"
1,2008,5.00376657287355,0.224161706900746
2,2008,5.01149698307721,0.223158004642795
3,2008,5.01936376767419,0.221955265721446
4,2008,5.02737180312224,0.220552138591988
5,2008,5.03552596587912,0.218948551484499
6,2008,5.043823119781,0.217148596041288
7,2008,5.05222807817774,0.215168549943736
8,2008,5.06069764179765,0.2130283254991
9,2008,5.069188611369,0.210748649327644
10,2008,5.0776577876201,0.208351009459584
11,2008,5.08606197127923,0.205857598080458
12,2008,5.09435796307467,0.20329124612337
13,2008,5.10250256373474,0.200675345714587
14,2008,5.1104525739877,0.198033756313409
15,2008,5.11816479456186,0.195390690308629
16,2008,5.1255960261855,0.192770573916998
17,2008,5.13270306958691,0.190197879560997
18,2008,5.1394427254944,0.187696926578805
19,2008,5.14577179463623,0.185291648230345
20,2008,5.15164707774071,0.183005324582343
21,2008,5.15702537553613,0.180860283013941
22,2008,5.16186348875077,0.178877570746757
23,2008,5.16611821811294,0.17707660684229
24,2008,5.16974636435091,0.175474824290071
25,2008,5.17270472819298,0.174087315790868
26,2008,5.17495011036744,0.172926499200632
27,2008,5.17643931160257,0.172001819901641
28,2008,5.17712913262668,0.171319507227185
29,2008,5.17697637416805,0.170882400258504
30,2008,5.17593783695497,0.170689854842225
31,2008,5.17397032171573,0.170737738817528
32,2008,5.17103062917863,0.171018516717203
33,2008,5.16707556007194,0.17152141930309
34,2008,5.16206191512398,0.172232687939888
35,2008,5.15594649506301,0.173135879627606
36,2008,5.14868610061734,0.174212215916276
37,2008,5.14023753251525,0.175440958062031
38,2008,5.13055759148504,0.176799791533998
39,2008,5.119603078255,0.178265205026582
40,2008,5.10733079355341,0.179812852038828
41,2008,5.09369753810857,0.181417886398888
42,2008,5.07866011264876,0.183055266438966
43,2008,5.06217531790229,0.184700025566024
44,2008,5.04419995459743,0.186327509542709
45,2008,5.02469082346249,0.187913582814616
46,2008,5.00360472522574,0.18943480770224
47,2008,4.98089846061548,0.190868601284031
48,2008,4.95652883036,0.19219337542776
49,2008,4.9304526351876,0.19338866578935
50,2008,4.90262667582656,0.194435255796835
51,2008,4.87300775300516,0.195315301767297
52,2008,4.84155266745172,0.196012465447141
53,2008,4.8082182198945,0.196512060487483
54,2008,4.77296121106181,0.196801219719467
55,2008,4.73573844168194,0.196869090619965
56,2008,4.69650893295445,0.196707399613855
57,2008,4.65529904880969,0.196320364025969
58,2008,4.61221300845247,0.195725890879801
59,2008,4.56735936794561,0.194944161244599
60,2008,4.52084668335191,0.193996748537107
61,2008,4.47278351073419,0.192906407605579
62,2008,4.42327840615525,0.191696871553028
63,2008,4.37243992567791,0.19039264861365
64,2008,4.32037662536496,0.189018812300465
65,2008,4.26719706127923,0.187600778977167
66,2008,4.21300978948352,0.186164068074599
67,2008,4.15792336604064,0.184734041464983
68,2008,4.10204634701341,0.183335620099023
69,2008,4.04548728846462,0.181992977943943
70,2008,3.98835474645708,0.180729215527982
71,2008,3.93075727705362,0.179566017928323
72,2008,3.87280343631703,0.178523304689448
73,2008,3.81460178031014,0.177618881705857
74,2008,3.75626086509573,0.176868107263428
75,2008,3.69788924673663,0.176283585894916
76,2008,3.63959548129565,0.175874904174884
77,2008,3.58148812483559,0.175648421846245
78,2008,3.52367573341926,0.17560712966017
79,2008,3.46626686310948,0.175750582124915
80,2008,3.40937006996904,0.176074909280291
81,2008,3.35309391006077,0.176572907074366
82,2008,3.29754693944747,0.177234201428869
83,2008,3.24283771419195,0.178045477142986
84,2008,3.18907479035701,0.178990759811007
85,2008,3.13636672400548,0.180051737169774
86,2008,3.08482207120015,0.181208105815471
87,2008,3.03454938800384,0.182437929933178
88,2008,2.98565723047936,0.183718000335344
89,2008,2.93825415468951,0.185024184406086
90,2008,2.89244871669711,0.186331760185614
91,2008,2.84834947256496,0.187615730528632
92,2008,2.80606497835588,0.188851115824343
93,2008,2.76570379013267,0.190013226043191
94,2008,2.72737446395814,0.191077914820837
95,2008,2.6911855558951,0.192021819908694
96,2008,2.65724562200637,0.192822595664029
97,2008,2.62566321835474,0.193459144401496
98,2008,2.59654690100303,0.193911854478144
99,2008,2.57000522601406,0.194162854036869
100,2008,2.54614674945062,0.194196290488374
101,2008,2.52508002737552,0.193998647160616
102,2008,2.50691361585159,0.193559110164888
103,2008,2.49175607094162,0.192870000472152
104,2008,2.47971594870843,0.191927288472323
105,2008,2.47090180521482,0.190731210837586
106,2008,2.46542219652361,0.189287012130581
107,2008,2.46338514808112,0.187605902188572
108,2008,2.46481252648308,0.185716395122228
109,2008,2.46954552341444,0.183673956293622
110,2008,2.47740258037867,0.181538862003922
111,2008,2.48820213887924,0.179372366671204
112,2008,2.50176264041963,0.177235680852267
113,2008,2.51790252650328,0.175188798586494
114,2008,2.53644023863368,0.173289169171611
115,2008,2.5571942183143,0.171590232892135
116,2008,2.57998290704859,0.17013986923688
117,2008,2.60462474634003,0.168978836384738
118,2008,2.63093817769209,0.168139306708035
119,2008,2.65874164260823,0.16764361803451
120,2008,2.68785358259192,0.167503358374627
121,2008,2.71809243914662,0.167718879718486
122,2008,2.74927665377582,0.168279296163868
123,2008,2.78122466798297,0.16916297006991
124,2008,2.81375492327154,0.170338437629303
125,2008,2.846685861145,0.171765682965827
126,2008,2.87983592310682,0.173397645270231
127,2008,2.91302355066046,0.175181839187411
128,2008,2.9460671853094,0.17706198221243
129,2008,2.9787852685571,0.178979548447202
130,2008,3.01099624190703,0.180875198934108
131,2008,3.04251854686265,0.182690069146774
132,2008,3.07317062492744,0.184366920389857
133,2008,3.10277091760486,0.185851182366544
134,2008,3.13113786639838,0.187091929300063
135,2008,3.15808991281147,0.188042843110707
136,2008,3.1834454983476,0.188663226082019
137,2008,3.20702306451023,0.188919134044016
138,2008,3.22864105280283,0.188784710924141
139,2008,3.24811790472887,0.188243817616075
140,2008,3.26528671527174,0.187295462678388
141,2008,3.28015092611901,0.185990591782911
142,2008,3.29282388005771,0.184413398629142
143,2008,3.30342075155984,0.182652887964346
144,2008,3.31205671509742,0.180800265376119
145,2008,3.31884694514248,0.178946597374789
146,2008,3.32390661616701,0.177180238242299
147,2008,3.32735090264304,0.175584019050755
148,2008,3.32929497904259,0.174232268637554
149,2008,3.32985401983766,0.173187816155488
150,2008,3.32914319950028,0.172499195721948
151,2008,3.32727769250245,0.172198316152508
152,2008,3.3243726733162,0.172298854460864
153,2008,3.32054331641354,0.172795572185745
154,2008,3.31590479626649,0.173664646514774
155,2008,3.31057228734705,0.174864978009626
156,2008,3.30466096412725,0.176340316570523
157,2008,3.2982860010791,0.178021966436531
158,2008,3.29156257267461,0.179831804641801
159,2008,3.2846058533858,0.181685373129517
160,2008,3.27753101768469,0.183494867322651
161,2008,3.2704532400433,0.185171923362461
162,2008,3.26348769493362,0.186630185419781
163,2008,3.25674955682769,0.187787703476495
164,2008,3.25035400019752,0.188569268213898
165,2008,3.24441619951512,0.188908836146219
166,2008,3.23903649475616,0.188762548936424
167,2008,3.23423221645883,0.188157986433184
168,2008,3.22999183743013,0.187154463655728
169,2008,3.22630380150346,0.185819835905414
170,2008,3.22315655251219,0.184227743902137
171,2008,3.22053853428972,0.182455094509136
172,2008,3.21843819066944,0.180579617701379
173,2008,3.21684396548474,0.178677411177192
174,2008,3.215744302569,0.17682043656906
175,2008,3.21512764575561,0.175073987181294
176,2008,3.21498243887796,0.17349420428454
177,2008,3.21529712576944,0.172125770805373
178,2008,3.21606015026344,0.170999948073758
179,2008,3.21725995619334,0.170133132827031
180,2008,3.21888498739254,0.169526091039051
181,2008,3.22092368769442,0.169163972857336
182,2008,3.22336450093237,0.1690171386753
183,2008,3.22619587093978,0.169042747139827
184,2008,3.22940624155004,0.169186990835155
185,2008,3.23298405659653,0.169387829570567
186,2008,3.23691775991265,0.169578071363416
187,2008,3.24119579533178,0.169688685142365
188,2008,3.24580660668731,0.16965228853025
189,2008,3.25073863781263,0.169406828505502
190,2008,3.25598033254113,0.168899553553452
191,2008,3.26152013470619,0.168091457238275
192,2008,3.26734649258075,0.166962624145339
193,2008,3.27344857530929,0.165545207360485
194,2008,3.2798170637022,0.163950051780219
195,2008,3.28644282891548,0.162305198577676
196,2008,3.29331674210515,0.16074089484229
197,2008,3.30042967442721,0.15938202174107
198,2008,3.30777249703765,0.158340334739287
199,2008,3.3153360810925,0.1577068961085
200,2008,3.32311129774774,0.157545370147358
201,2008,3.33108901815939,0.157886994518774
202,2008,3.33926011348345,0.158727951653356
203,2008,3.34761545487592,0.160029534062338
204,2008,3.35614591349281,0.161721024496387
205,2008,3.36484236049012,0.16370476430307
206,2008,3.37369566702387,0.1658626148469
207,2008,3.38269670425004,0.168062992727186
208,2008,3.39183634332465,0.170167842408078
209,2008,3.40110545540371,0.172039203629304
210,2008,3.41049500432361,0.173545975820513
211,2008,3.42000151474475,0.174608251519033
212,2008,3.42963013060474,0.17522701638212
213,2008,3.43938673728435,0.175429812105954
214,2008,3.44927722016439,0.175260868883226
215,2008,3.45930746462564,0.174777098275487
216,2008,3.46948335604889,0.17404472860393
217,2008,3.47981077981494,0.173136323727017
218,2008,3.49029562130458,0.172127986668611
219,2008,3.5009437658986,0.171096608657508
220,2008,3.51176109897779,0.170117085240421
221,2008,3.52275350592294,0.169259486384971
222,2008,3.53392687211485,0.168586235390424
223,2008,3.54528708293431,0.168149415552157
224,2008,3.5568400237621,0.16798837298235
225,2008,3.56859157997903,0.168127806128352
226,2008,3.58054763696588,0.168576517725704
227,2008,3.59271408010344,0.169326951687725
228,2008,3.60509679477251,0.170355555225803
229,2008,3.61770166635387,0.171623914084122
230,2008,3.63053458022832,0.173080528273142
231,2008,3.64360142177666,0.174663044950231
232,2008,3.65690807637966,0.176300752206396
233,2008,3.67046042941813,0.177917159767906
234,2008,3.6842643331864,0.179432617479042
235,2008,3.6983202675664,0.180780058866629
236,2008,3.71261744650361,0.181925787089971
237,2008,3.72714366536192,0.182849322440752
238,2008,3.74188671950525,0.183538796382265
239,2008,3.75683440429752,0.183989674069829
240,2008,3.77197451510261,0.184203678790402
241,2008,3.78729484728445,0.184187891094944
242,2008,3.80278319620694,0.183953994052355
243,2008,3.818427357234,0.183517637054213
244,2008,3.83421512572952,0.182897892618445
245,2008,3.85013429705741,0.182116782943082
246,2008,3.86617266658159,0.181198855193032
247,2008,3.88231802966597,0.180170786547862
248,2008,3.89855818167444,0.179061001933137
249,2008,3.91488091797092,0.177899289235465
250,2008,3.93127403391932,0.176716398856582
251,2008,3.94772532488354,0.175543616917889
252,2008,3.96422258622749,0.174412304501766
253,2008,3.98075361331509,0.173353399177681
254,2008,3.99730620151023,0.172396879773767
255,2008,4.01386814617683,0.171571200820956
256,2008,4.03042724267879,0.170902709008844
257,2008,4.04697128638003,0.170415059812775
258,2008,4.06348807264445,0.170128657443457
259,2008,4.07996539683595,0.170060144596345
260,2008,4.09639105431845,0.170221969359312
261,2008,4.11275284045586,0.170622054550328
262,2008,4.12903855061208,0.171263589611553
263,2008,4.14523598015102,0.172144957423988
264,2008,4.1613329244366,0.17325979897191
265,2008,4.17731717883271,0.174597208959257
266,2008,4.19317653870326,0.176142046613565
267,2008,4.20889879941217,0.177875339147261
268,2008,4.22447175632333,0.179774751389281
269,2008,4.23988320480067,0.1818150941319
270,2008,4.25512094020809,0.183968845449796
271,2008,4.27017275790949,0.186206662987773
272,2008,4.28502645326878,0.188497870171486
273,2008,4.29966982164988,0.190810904685458
274,2008,4.31409065841668,0.193113722744876
275,2008,4.3282767589331,0.195374157230914
276,2008,4.34221591856305,0.1975602314442
277,2008,4.35589593267044,0.199640433016042
278,2008,4.36930659605219,0.201586121473932
279,2008,4.38244889173886,0.203382194375231
280,2008,4.39532769228306,0.205020216376724
281,2008,4.40794787414255,0.206494113956342
282,2008,4.42031431377508,0.207799881402353
283,2008,4.4324318876384,0.208935330322979
284,2008,4.44430547219027,0.20989987383065
285,2008,4.45593994388844,0.21069434093227
286,2008,4.46734017919067,0.21132081702759
287,2008,4.4785110545547,0.211782506830684
288,2008,4.48945744643829,0.212083616441945
289,2008,4.50018423129919,0.212229251685416
290,2008,4.51069628559516,0.212225330176165
291,2008,4.52099848578396,0.212078504889538
292,2008,4.53109570832332,0.211796097267985
293,2008,4.54099282967102,0.211386038123788
294,2008,4.5506947262848,0.210856814780892
295,2008,4.56020627462241,0.210217423050634
296,2008,4.56953235114161,0.209477322759023
297,2008,4.57867783230015,0.208646395642348
298,2008,4.58764759455579,0.207734904508389
299,2008,4.59644651436628,0.206753452627426
300,2008,4.60507946818937,0.205712942376198
301,2008,4.61355133248281,0.204624532214461
302,2008,4.62186698370437,0.203499591133819
303,2008,4.63003129831178,0.202349649788146
304,2008,4.63804915276282,0.20118634760041
305,2008,4.64592542351522,0.200021375248065
306,2008,4.65366498702674,0.198866412063978
307,2008,4.66127271975515,0.197733058056623
308,2008,4.66875349815818,0.196632760454918
309,2008,4.67611219869359,0.195576734920286
310,2008,4.68335369781915,0.19457588183884
311,2008,4.69048287199259,0.193640698403917
312,2008,4.69750459767168,0.192781187513422
313,2008,4.70442375131417,0.192006764822889
314,2008,4.7112452093778,0.191326165595683
315,2008,4.71797384832035,0.190747353254752
316,2008,4.72461454459955,0.190277431743093
317,2008,4.73117217467315,0.189922563920521
318,2008,4.73765161499893,0.189687898243392
319,2008,4.74405774203463,0.189577505878544
320,2008,4.75039543223799,0.189594330187872
321,2008,4.75666956206678,0.189740150190109
322,2008,4.76288500797875,0.190015559176612
323,2008,4.76904664643166,0.190419959152435
324,2008,4.77515935388324,0.190951571224745
325,2008,4.78122800679127,0.19160746150385
326,2008,4.78725748161349,0.192383581554806
327,2008,4.79325265480766,0.1932748219736
328,2008,4.79921840283153,0.194275077288584
329,2008,4.80515960214285,0.195377320123616
330,2008,4.81108112919937,0.196573682412733
331,2008,4.81698786045886,0.197855541425433
332,2008,4.82288467237906,0.199213608436707
333,2008,4.82877644141773,0.20063801803984
334,2008,4.83466804403262,0.202118416331872
335,2008,4.84056435668148,0.20364404647883
336,2008,4.84647025582207,0.205203830468697
337,2008,4.85239061791214,0.206786446165043
338,2008,4.85833031940945,0.20838039906744
339,2008,4.86429423677174,0.209974088454423
340,2008,4.87028724645678,0.211555867823053
341,2008,4.8763142249223,0.213114099742181
342,2008,4.88238004862608,0.214637205403479
343,2008,4.88848959402586,0.216113709286825
344,2008,4.8946477375794,0.217532279458258
345,2008,4.90085935574444,0.218881764093876
346,2008,4.90712932497875,0.220151224877101
347,2008,4.91346252174008,0.221329967954844
348,2008,4.91986382248617,0.222407573165781
349,2008,4.92633810367478,0.223373922276062
350,2008,4.93289024176368,0.224219226979132
351,2008,4.9395251132106,0.224934057441349
352,2008,4.9462475944733,0.225509372207779
353,2008,4.95306256200954,0.225936550327028
354,2008,4.95997489227707,0.226207426614039
355,2008,4.96698946173365,0.226314331049521
356,2008,4.97411114683702,0.226250133418347
357,2008,4.98134482404494,0.226008294421438
358,2008,4.98869536981517,0.22558292466153
359,2008,4.99616766060546,0.22496885310849
360,2008,5.00376657287355,0.224161706900746
361,2008,5.01149698307721,0.223158004642795
362,2008,5.01936376767419,0.221955265721446
363,2008,5.02737180312224,0.220552138591988
364,2008,5.03552596587912,0.218948551484499
365,2008,5.043823119781,0.217148596041288
1,2009,5.03493890113916,0.222419874642912
2,2009,5.04266931134282,0.22139331649814
3,2009,5.0505360959398,0.220165563950522
4,2009,5.05854413138785,0.218735167966276
5,2009,5.06669829414473,0.217101954572302
6,2009,5.0749954480466,0.215269933857425
7,2009,5.08340040644335,0.213255399503376
8,2009,5.09186997006326,0.211078312275927
9,2009,5.10036093963461,0.208759459548711
10,2009,5.10883011588571,0.206320406051181
11,2009,5.11723429954483,0.203783440552799
12,2009,5.12553029134028,0.201171514621749
13,2009,5.13367489200034,0.19850816936336
14,2009,5.14162490225331,0.195817445826514
15,2009,5.14933712282746,0.193123774627084
16,2009,5.15676835445111,0.190451840353299
17,2009,5.16387539785252,0.187826416581798
18,2009,5.17061505376,0.185272167948263
19,2009,5.17694412290184,0.18281341678714
20,2009,5.18281940600632,0.180473873468767
21,2009,5.18819770380174,0.178276331767302
22,2009,5.19303581701638,0.176242333368358
23,2009,5.19729054637855,0.174391808852799
24,2009,5.20091869261651,0.172742705935454
25,2009,5.20387705645858,0.171310619035274
26,2009,5.20612243863304,0.170108436950972
27,2009,5.20761163986818,0.169146027020972
28,2009,5.20830146089229,0.168429974219325
29,2009,5.20814870243366,0.167963391899568
30,2009,5.20711016522058,0.167745817317188
31,2009,5.20514264998134,0.167773199911229
32,2009,5.20220295744424,0.168037984164325
33,2009,5.19824788833755,0.168529282442842
34,2009,5.19323424338959,0.169233127354056
35,2009,5.18711882332862,0.170132788551619
36,2009,5.17985842888295,0.171209136046827
37,2009,5.17140986078086,0.172441031112462
38,2009,5.16172991975065,0.173805726672345
39,2009,5.15077540652061,0.17527926129786
40,2009,5.13850312181902,0.176836834100013
41,2009,5.12486986637418,0.178453151408341
42,2009,5.10983244091437,0.180102739725595
43,2009,5.0933476461679,0.181760222712717
44,2009,5.07537228286304,0.183400562695219
45,2009,5.05586315172809,0.184999269311567
46,2009,5.03477705349135,0.186532579461745
47,2009,5.01207078888109,0.18797761373662
48,2009,4.98770115862561,0.189312515125907
49,2009,4.96162496345321,0.190516576134571
50,2009,4.93379900409216,0.191570360600001
51,2009,4.90418008127077,0.192455826597657
52,2009,4.87272499571732,0.193156456937509
53,2009,4.83939054816011,0.193657403957692
54,2009,4.80413353932742,0.193945655671021
55,2009,4.76691076994754,0.194010230857355
56,2009,4.72768126122006,0.19384274795179
57,2009,4.6864713770753,0.193447454390805
58,2009,4.64338533671808,0.192842442203224
59,2009,4.59853169621121,0.192048100431871
60,2009,4.55201901161752,0.191086227309906
61,2009,4.5039558389998,0.189979821230098
62,2009,4.45445073442086,0.188752879404438
63,2009,4.40361225394351,0.187430196268516
64,2009,4.35154895363057,0.186037154577472
65,2009,4.29836938954484,0.184599503062484
66,2009,4.24418211774913,0.183143115578643
67,2009,4.18909569430625,0.181693727978383
68,2009,4.13321867527901,0.180276650572868
69,2009,4.07665961673022,0.178916456047052
70,2009,4.01952707472269,0.177636645071994
71,2009,3.96192960531923,0.176459294540568
72,2009,3.90397576458264,0.175404696187791
73,2009,3.84577410857574,0.174490996107071
74,2009,3.78743319336134,0.173733848030291
75,2009,3.72906157500224,0.173146094858289
76,2009,3.67076780956126,0.172737493483788
77,2009,3.6126604531012,0.172514497201986
78,2009,3.55484806168487,0.172480107866756
79,2009,3.49743919137508,0.172633806529891
80,2009,3.44054239823465,0.172971566906777
81,2009,3.38426623832638,0.173485951119573
82,2009,3.32871926771308,0.174166282342022
83,2009,3.27401004245756,0.174998884761129
84,2009,3.22024711862262,0.175967378125236
85,2009,3.16753905227109,0.177053012333398
86,2009,3.11599439946576,0.178235027100176
87,2009,3.06572171626945,0.179491022577024
88,2009,3.01682955874497,0.180797328662044
89,2009,2.96942648295512,0.182129363248043
90,2009,2.92362104496272,0.183461972503262
91,2009,2.87952180083057,0.184769749154127
92,2009,2.83723730662149,0.186027327425893
93,2009,2.79687611839828,0.187209655662791
94,2009,2.75854679222375,0.188292249642779
95,2009,2.72235788416071,0.189251431238035
96,2009,2.68841795027197,0.190064558412359
97,2009,2.65683554662035,0.190710253682011
98,2009,2.62771922926864,0.191168639202792
99,2009,2.60117755427966,0.191421587693814
100,2009,2.57731907771623,0.191452999574598
101,2009,2.55625235564113,0.191249118076463
102,2009,2.5380859441172,0.190798895777065
103,2009,2.52292839920723,0.190094428060783
104,2009,2.51088827697404,0.189131471448155
105,2009,2.50207413348043,0.187910067510619
106,2009,2.49659452478922,0.186435296004196
107,2009,2.49455747634673,0.184718250854604
108,2009,2.49598485474869,0.182787569256472
109,2009,2.50071785168005,0.180699275428508
110,2009,2.50857490864428,0.178514340445415
111,2009,2.51937446714485,0.176294816376776
112,2009,2.53293496868523,0.174102819194556
113,2009,2.54907485476889,0.171999350984301
114,2009,2.56761256689929,0.170042953688141
115,2009,2.58836654657991,0.168288211884665
116,2009,2.6111552353142,0.166784152831213
117,2009,2.63579707460564,0.165572624726633
118,2009,2.6621105059577,0.164686763027602
119,2009,2.68991397087384,0.164149672270512
120,2009,2.71902591085752,0.163973450303883
121,2009,2.74926476741223,0.16415865936444
122,2009,2.78044898204143,0.164694305642173
123,2009,2.81239699624858,0.165558333367871
124,2009,2.84492725153715,0.166718582572033
125,2009,2.87785818941061,0.168134113504407
126,2009,2.91100825137243,0.169756773891868
127,2009,2.94419587892607,0.171532880673746
128,2009,2.97723951357501,0.173404902825892
129,2009,3.00995759682271,0.1753130598677
130,2009,3.04216857017263,0.177196784096128
131,2009,3.07369087512826,0.178996027166279
132,2009,3.10434295319305,0.180652419371331
133,2009,3.13394324587047,0.182110311381343
134,2009,3.16231019466399,0.183317743723608
135,2009,3.18926224107708,0.18422740052439
136,2009,3.21461782661321,0.184797613051592
137,2009,3.23819539277583,0.184993487466507
138,2009,3.25981338106843,0.184788241682888
139,2009,3.27929023299448,0.184164849597069
140,2009,3.29645904353735,0.183121602780589
141,2009,3.31132325438462,0.181709976628069
142,2009,3.32399620832332,0.180015626897831
143,2009,3.33459307982545,0.178129308881216
144,2009,3.34322904336303,0.176144296515793
145,2009,3.35001927340808,0.174154059403292
146,2009,3.35507894443262,0.172249669555482
147,2009,3.35852323090865,0.170516921948601
148,2009,3.3604673073082,0.169033232374964
149,2009,3.36102634810327,0.167864465045108
150,2009,3.36031552776589,0.167061925497806
151,2009,3.35845002076806,0.166659809058253
152,2009,3.35554500158181,0.166673398588622
153,2009,3.35171564467915,0.167098245020302
154,2009,3.34707712453209,0.167910446658965
155,2009,3.34174461561266,0.169067995552698
156,2009,3.33583329239286,0.170513020153974
157,2009,3.32945832934471,0.172174658601257
158,2009,3.32273490094022,0.173972265074959
159,2009,3.31577818165141,0.175818680559889
160,2009,3.3087033459503,0.177623370739789
161,2009,3.3016255683089,0.17929532380612
162,2009,3.29466002319923,0.180745689592806
163,2009,3.2879218850933,0.181890217201194
164,2009,3.28152632846313,0.182651608616548
165,2009,3.27558852778073,0.182961954695998
166,2009,3.27020882302177,0.182776045094918
167,2009,3.26540454472444,0.182121909496788
168,2009,3.26116416569574,0.181060131436406
169,2009,3.25747612976907,0.179660105066659
170,2009,3.2543288807778,0.177997267546242
171,2009,3.25171086255533,0.176150566484856
172,2009,3.24961051893505,0.174199990254623
173,2009,3.24801629375035,0.172224062167619
174,2009,3.24691663083461,0.170297254954766
175,2009,3.24629997402122,0.168487342576601
176,2009,3.24615476714357,0.16685277009047
177,2009,3.24646945403505,0.165440181992674
178,2009,3.24723247852905,0.164282293747454
179,2009,3.24843228445895,0.163396307384707
180,2009,3.25005731565815,0.162783050977771
181,2009,3.25209601596003,0.162426963104469
182,2009,3.25453682919798,0.162296957950243
183,2009,3.25736819920539,0.162348114687725
184,2009,3.26057856981565,0.162524059178534
185,2009,3.26415638486214,0.16275986494038
186,2009,3.26809008817826,0.162985301401047
187,2009,3.27236812359739,0.163128297448469
188,2009,3.27697893495292,0.163118556621589
189,2009,3.28191096607824,0.162891344527002
190,2009,3.28715266080673,0.162391559211062
191,2009,3.2926924629718,0.161578285239936
192,2009,3.29851882084636,0.160430298943119
193,2009,3.3046209035749,0.158980371261829
194,2009,3.31098939196781,0.157343134096447
195,2009,3.31761515718109,0.155651330962675
196,2009,3.32448907037076,0.154040340665771
197,2009,3.33160200269282,0.152640311196621
198,2009,3.33894482530326,0.151567977959087
199,2009,3.3465084093581,0.150918579728992
200,2009,3.35428362601335,0.150758627793828
201,2009,3.362261346425,0.15112046080354
202,2009,3.37043244174906,0.151999421553244
203,2009,3.37878778314153,0.153354107204846
204,2009,3.38731824175842,0.155109589338648
205,2009,3.39601468875573,0.157162980699264
206,2009,3.40486799528948,0.159390426714098
207,2009,3.41386903251565,0.161654593127096
208,2009,3.42300867159026,0.16381195105779
209,2009,3.43227778366932,0.165719505749326
210,2009,3.44166733258922,0.167241627575769
211,2009,3.45117384301036,0.168296117061745
212,2009,3.46080245887035,0.168884928147398
213,2009,3.47055906554996,0.169037243875047
214,2009,3.48044954843,0.168799274949407
215,2009,3.49047979289124,0.168230218752994
216,2009,3.5006556843145,0.167398896486447
217,2009,3.51098310808055,0.166380784464753
218,2009,3.52146794957019,0.165255220354408
219,2009,3.53211609416421,0.164102627038862
220,2009,3.5429334272434,0.163001661191798
221,2009,3.55392583418855,0.162026264308312
222,2009,3.56509920038046,0.161242670361224
223,2009,3.57645941119992,0.160706499706545
224,2009,3.58801235202771,0.160460130472496
225,2009,3.59976390824464,0.160530570294663
226,2009,3.61171996523149,0.160928039428933
227,2009,3.62388640836905,0.161645417121902
228,2009,3.63626912303811,0.162658606792932
229,2009,3.64887399461948,0.163927764828858
230,2009,3.66170690849393,0.165399240432929
231,2009,3.67477375004226,0.167008012769642
232,2009,3.68808040464527,0.168680396807024
233,2009,3.70163275768374,0.170336816993368
234,2009,3.71543666145201,0.171894584438342
235,2009,3.72949259583201,0.173284086690089
236,2009,3.74378977476922,0.174470144030962
237,2009,3.75831599362753,0.175431351471965
238,2009,3.77305904777086,0.176155296395154
239,2009,3.78800673256313,0.176637199526793
240,2009,3.80314684336822,0.176878777485295
241,2009,3.81846717555006,0.17688729624041
242,2009,3.83395552447255,0.17667478353997
243,2009,3.84959968549961,0.176257369688762
244,2009,3.86538745399512,0.175654728466164
245,2009,3.88130662532302,0.17488959261146
246,2009,3.8973449948472,0.173987320797457
247,2009,3.91349035793157,0.172975495238809
248,2009,3.92973050994005,0.171883531099915
249,2009,3.94605324623653,0.170742280849112
250,2009,3.96244636218492,0.169583618893471
251,2009,3.97889765314915,0.168439994500451
252,2009,3.9953949144931,0.167343944442639
253,2009,4.01192594158069,0.166327561203439
254,2009,4.02847852977584,0.165421918040016
255,2009,4.04504047444244,0.164656458595247
256,2009,4.0615995709444,0.164058365694524
257,2009,4.07814361464564,0.16365193077406
258,2009,4.09466040091005,0.163457951133327
259,2009,4.11113772510156,0.163493185838385
260,2009,4.12756338258406,0.163769901678474
261,2009,4.14392516872147,0.164295537507218
262,2009,4.16021087887769,0.165072508574922
263,2009,4.17640830841663,0.166098162757386
264,2009,4.19250525270221,0.167364889196644
265,2009,4.20848950709831,0.168860368434169
266,2009,4.22434886696887,0.170567943276149
267,2009,4.24007112767778,0.172467082658544
268,2009,4.25564408458894,0.17453390734481
269,2009,4.27105553306628,0.176741746386329
270,2009,4.28629326847369,0.179061696334126
271,2009,4.3013450861751,0.181463160293291
272,2009,4.31619878153439,0.183914350043742
273,2009,4.33084214991548,0.186382740705423
274,2009,4.34526298668229,0.188835473128805
275,2009,4.35944908719871,0.191239703942707
276,2009,4.37338824682866,0.193562906840739
277,2009,4.38706826093605,0.19577313127548
278,2009,4.4004789243178,0.197841461048246
279,2009,4.41362122000447,0.199752965109779
280,2009,4.42650002054867,0.201499542912431
281,2009,4.43912020240816,0.203075469309512
282,2009,4.45148664204069,0.204477089717125
283,2009,4.46360421590401,0.205702562143442
284,2009,4.47547780045588,0.206751636319319
285,2009,4.48711227215405,0.207625464846633
286,2009,4.49851250745627,0.208326441791963
287,2009,4.5096833828203,0.208858064678488
288,2009,4.52062977470389,0.209224816329601
289,2009,4.5313565595648,0.209432063473433
290,2009,4.54186861386077,0.209485969419661
291,2009,4.55217081404957,0.209393418466752
292,2009,4.56226803658893,0.209161949991408
293,2009,4.57216515793663,0.208799700416702
294,2009,4.58186705455041,0.20831535145652
295,2009,4.59137860288802,0.207718083197193
296,2009,4.60070467940722,0.207017530708312
297,2009,4.60985016056576,0.206223742979481
298,2009,4.6188199228214,0.205347143063855
299,2009,4.62761884263189,0.204398488378408
300,2009,4.63625179645498,0.203388830170908
301,2009,4.64472366074842,0.202329471220442
302,2009,4.65303931196997,0.201231920898355
303,2009,4.66120362657739,0.200107846786028
304,2009,4.66922148102842,0.198969022131489
305,2009,4.67709775178083,0.197827268534829
306,2009,4.68483731529235,0.19669439338858
307,2009,4.69244504802075,0.195582121768325
308,2009,4.69992582642379,0.194502022674175
309,2009,4.7072845269592,0.193465429765894
310,2009,4.71452602608476,0.19248335701122
311,2009,4.7216552002582,0.191566409971923
312,2009,4.72867692593729,0.190724693774997
313,2009,4.73559607957978,0.189967719141953
314,2009,4.74241753764341,0.189304308158547
315,2009,4.74914617658595,0.188742501738046
316,2009,4.75578687286515,0.188289470939774
317,2009,4.76234450293876,0.187951434427962
318,2009,4.76882394326454,0.187733584374424
319,2009,4.77523007030023,0.187640023008438
320,2009,4.7815677605036,0.18767371179353
321,2009,4.78784189033239,0.187836434868483
322,2009,4.79405733624436,0.188128777944643
323,2009,4.80021897469727,0.188550123329015
324,2009,4.80633168214885,0.189098661176106
325,2009,4.81240033505688,0.189771416498758
326,2009,4.8184298098791,0.190564290927758
327,2009,4.82442498307327,0.191472117736623
328,2009,4.83039073109713,0.192488728269694
329,2009,4.83633193040846,0.193607027647094
330,2009,4.84225345746498,0.194819077477213
331,2009,4.84816018872447,0.196116183283961
332,2009,4.85405700064467,0.197488984440766
333,2009,4.85994876968334,0.19892754457834
334,2009,4.86584037229822,0.200421440676437
335,2009,4.87173668494709,0.201959849337999
336,2009,4.87764258408768,0.203531629054397
337,2009,4.88356294617775,0.205125397583346
338,2009,4.88950264767505,0.206729603860158
339,2009,4.89546656503735,0.208332594136628
340,2009,4.90145957472238,0.20992267228238
341,2009,4.90748655318791,0.211488154387208
342,2009,4.91355237689169,0.213017417969406
343,2009,4.91966192229147,0.214498946226195
344,2009,4.92582006584501,0.215921367861938
345,2009,4.93203168401005,0.217273493102684
346,2009,4.93830165324436,0.218544346557151
347,2009,4.94463485000568,0.21972319762001
348,2009,4.95103615075177,0.220799589138794
349,2009,4.95751043194039,0.221763365086001
350,2009,4.96406257002928,0.222604697997789
351,2009,4.9706974414762,0.223314116964534
352,2009,4.97741992273891,0.223882536990629
353,2009,4.98423489027515,0.224301290585228
354,2009,4.99114722054268,0.224562162506211
355,2009,4.99816178999926,0.224657428660569
356,2009,5.00528347510263,0.224579900270076
357,2009,5.01251715231055,0.224322974546336
358,2009,5.01986769808078,0.223880693289544
359,2009,5.02733998887107,0.223247811036546
360,2009,5.03493890113916,0.222419874642912
361,2009,5.04266931134282,0.22139331649814
362,2009,5.0505360959398,0.220165563950522
363,2009,5.05854413138785,0.218735167966276
364,2009,5.06669829414473,0.217101954572302
365,2009,5.0749954480466,0.215269933857425
1,2010,5.06611077118948,0.22141671988466
2,2010,5.07384118139314,0.220370460420398
3,2010,5.08170796599012,0.219121530371522
4,2010,5.08971600143817,0.217668407913389
5,2010,5.09787016419504,0.216010841559474
6,2010,5.10616731809692,0.214152774617944
7,2010,5.11457227649367,0.212110492502438
8,2010,5.12304184011357,0.209903967878324
9,2010,5.13153280968493,0.207554008322742
10,2010,5.14000198593603,0.205082209664494
11,2010,5.14840616959515,0.202510905520875
12,2010,5.1567021613906,0.199863109140675
13,2010,5.16484676205066,0.197162443400858
14,2010,5.17279677230362,0.194433054550589
15,2010,5.18050899287778,0.191699505111837
16,2010,5.18794022450142,0.188986641309733
17,2010,5.19504726790284,0.18631943061421
18,2010,5.20178692381032,0.183722765536456
19,2010,5.20811599295215,0.181221230852158
20,2010,5.21399127605664,0.178838833017513
21,2010,5.21936957385205,0.176598692764998
22,2010,5.2242076870667,0.17452270470592
23,2010,5.22846241642886,0.172631171117296
24,2010,5.23209056266683,0.170942420716147
25,2010,5.2350489265089,0.169472426756208
26,2010,5.23729430868336,0.168234441740882
27,2010,5.2387835099185,0.167238667902167
28,2010,5.23947333094261,0.166491982863306
29,2010,5.23932057248398,0.165997738257274
30,2010,5.2382820352709,0.165755645452547
31,2010,5.23631452003166,0.165761757205489
32,2010,5.23337482749455,0.166008547593153
33,2010,5.22941975838787,0.166485085782525
34,2010,5.2244061134399,0.1671772929349
35,2010,5.21829069337894,0.16806826659724
36,2010,5.21103029893326,0.169138653819122
37,2010,5.20258173083118,0.170367053150869
38,2010,5.19290178980097,0.171730426498525
39,2010,5.18194727657092,0.173204504155661
40,2010,5.16967499186933,0.174764169681771
41,2010,5.15604173642449,0.176383815109279
42,2010,5.14100431096469,0.178037660762058
43,2010,5.12451951621822,0.179700037407591
44,2010,5.10654415291336,0.181345631333414
45,2010,5.08703502177841,0.182949695155817
46,2010,5.06594892354166,0.18448822875448
47,2010,5.04324265893141,0.185938135765809
48,2010,5.01887302867593,0.187277361679406
49,2010,4.99279683350352,0.188485019895493
50,2010,4.96497087414248,0.189541512239272
51,2010,4.93535195132109,0.190428650499337
52,2010,4.90389686576764,0.191129785652162
53,2010,4.87056241821043,0.191629951626305
54,2010,4.83530540937774,0.191916030806454
55,2010,4.79808263999786,0.191976949023141
56,2010,4.75885313127038,0.191804247676135
57,2010,4.71764324712561,0.191402190904963
58,2010,4.67455720676839,0.190788992413927
59,2010,4.62970356626153,0.189985180652215
60,2010,4.58319088166783,0.189012706846739
61,2010,4.53512770905011,0.187894737147042
62,2010,4.48562260447118,0.186655452434861
63,2010,4.43478412399383,0.185319847659263
64,2010,4.38272082368089,0.18391352344143
65,2010,4.32954125959516,0.182462463605572
66,2010,4.27535398779945,0.180992793350139
67,2010,4.22026756435657,0.17953051408512
68,2010,4.16439054532933,0.178101212617266
69,2010,4.10783148678054,0.176729744422496
70,2010,4.05069894477301,0.17543989320717
71,2010,3.99310147536955,0.174254011758292
72,2010,3.93514763463296,0.173192652059308
73,2010,3.87694597862606,0.172274195553107
74,2010,3.81860506341166,0.171514496938932
75,2010,3.76023344505256,0.17092655662597
76,2010,3.70193967961157,0.170520237582261
77,2010,3.64383232315151,0.170302041553282
78,2010,3.58601993173518,0.170274957381934
79,2010,3.5286110614254,0.170438390553471
80,2010,3.47171426828497,0.170788178447057
81,2010,3.4154381083767,0.171316690610793
82,2010,3.35989113776339,0.172013008294131
83,2010,3.30518191250787,0.172863173061497
84,2010,3.25141898867294,0.173850491045445
85,2010,3.1987109223214,0.174955877554805
86,2010,3.14716626951608,0.176158226389163
87,2010,3.09689358631977,0.177434789179681
88,2010,3.04800142879529,0.178761552086409
89,2010,3.00059835300544,0.180113599870435
90,2010,2.95479291501304,0.181465460361236
91,2010,2.91069367088089,0.18279142534441
92,2010,2.8684091766718,0.18406584667638
93,2010,2.82804798844859,0.18526340885792
94,2010,2.78971866227406,0.186359381320961
95,2010,2.75352975421103,0.187329855324997
96,2010,2.71958982032229,0.188151971690761
97,2010,2.68800741667066,0.188804146718913
98,2010,2.65889109931896,0.189266304663554
99,2010,2.63234942432998,0.189520126171139
100,2010,2.60849094776654,0.189549323268093
101,2010,2.58742422569145,0.189339952890362
102,2010,2.56925781416752,0.188880782687189
103,2010,2.55410026925755,0.188163724969215
104,2010,2.54206014702435,0.187184357237273
105,2010,2.53324600353075,0.185942550678967
106,2010,2.52776639483953,0.184443231177043
107,2010,2.52572934639705,0.182697368423698
108,2010,2.527156724799,0.180733641980346
109,2010,2.53188972173036,0.178608429504092
110,2010,2.5397467786946,0.176383154797411
111,2010,2.55054633719517,0.17412040097485
112,2010,2.56410683873555,0.171882899930023
113,2010,2.58024672481921,0.169732354068142
114,2010,2.59878443694961,0.167728080110176
115,2010,2.61953841663022,0.165925490553267
116,2010,2.64232710536452,0.164374460260715
117,2010,2.66696894465596,0.163117660232373
118,2010,2.69328237600801,0.162188971767761
119,2010,2.72108584092415,0.161612114067627
120,2010,2.75019778090784,0.161399619223756
121,2010,2.78043663746255,0.161552266132407
122,2010,2.81162085209174,0.16205904047171
123,2010,2.84356886629889,0.162897629283576
124,2010,2.87609912158746,0.164035398238562
125,2010,2.90903005946092,0.16543075033437
126,2010,2.94218012142274,0.167034736014861
127,2010,2.97536774897639,0.168792779748521
128,2010,3.00841138362532,0.170646404018489
129,2010,3.04112946687302,0.172534861419239
130,2010,3.07334044022295,0.174396620980573
131,2010,3.10486274517857,0.176170689142362
132,2010,3.13551482324336,0.17779777478134
133,2010,3.16511511592078,0.179221329837657
134,2010,3.19348206471431,0.180388512964119
135,2010,3.2204341111274,0.181251135003535
136,2010,3.24578969666352,0.18176665425207
137,2010,3.26936726282615,0.181899298642811
138,2010,3.29098525111875,0.181621403142622
139,2010,3.31046210304479,0.180915065252535
140,2010,3.32763091358767,0.17977781838369
141,2010,3.34249512443494,0.178261442813469
142,2010,3.35516807837363,0.176452715517967
143,2010,3.36576494987577,0.174443784681139
144,2010,3.37440091341335,0.172329626519322
145,2010,3.3811911434584,0.17020575049205
146,2010,3.38625081448293,0.168165601683111
147,2010,3.38969510095897,0.166297632006007
148,2010,3.39163917735851,0.164682095070023
149,2010,3.39219821815358,0.163387716671282
150,2010,3.3914873978162,0.162468487969342
151,2010,3.38962189081838,0.161960896195462
152,2010,3.38671687163213,0.161881920907228
153,2010,3.38288751472947,0.162228065125108
154,2010,3.37824899458241,0.162975564468754
155,2010,3.37291648566297,0.16408175270818
156,2010,3.36700516244317,0.16548740353916
157,2010,3.36063019939502,0.167119758104172
158,2010,3.35390677099053,0.168895909108749
159,2010,3.34695005170173,0.170726243507154
160,2010,3.33987521600062,0.172517725596622
161,2010,3.33279743835922,0.174176903080302
162,2010,3.32583189324955,0.175612616859407
163,2010,3.31909375514362,0.176738477931148
164,2010,3.31269819851344,0.177475239226393
165,2010,3.30676039783104,0.177753241430589
166,2010,3.30138069307209,0.177525984675311
167,2010,3.29657641477476,0.176821837201956
168,2010,3.29233603574606,0.175702474702468
169,2010,3.28864799981938,0.174238647141162
170,2010,3.28550075082812,0.172507403161914
171,2010,3.28288273260565,0.170589549211742
172,2010,3.28078238898537,0.168567158613036
173,2010,3.27918816380066,0.166521020955673
174,2010,3.27808850088492,0.164527980101119
175,2010,3.27747184407153,0.162658174077791
176,2010,3.27732663719389,0.160972260492755
177,2010,3.27764132408536,0.159518779087695
178,2010,3.27840434857936,0.158331855540244
179,2010,3.27960415450927,0.157429472154064
180,2010,3.28122918570846,0.156812509971094
181,2010,3.28326788601034,0.156464701500883
182,2010,3.28570869924829,0.156353535827859
183,2010,3.2885400692557,0.156432051982587
184,2010,3.29175043986596,0.156641369526756
185,2010,3.29532825491245,0.156913758668027
186,2010,3.29926195822857,0.157176054568389
187,2010,3.3035399936477,0.1573532672336
188,2010,3.30815080500323,0.157372316357959
189,2010,3.31308283612855,0.157165914904596
190,2010,3.31832453085705,0.156676724701842
191,2010,3.32386433302211,0.155862005863985
192,2010,3.32969069089668,0.154699263661807
193,2010,3.33579277362521,0.153221798789359
194,2010,3.34216126201812,0.151547756813081
195,2010,3.34878702723141,0.149814266622992
196,2010,3.35566094042108,0.148161520076293
197,2010,3.36277387274313,0.146724634643288
198,2010,3.37011669535358,0.145625067110127
199,2010,3.37768027940842,0.144962022711146
200,2010,3.38545549606366,0.144804701327112
201,2010,3.39343321647531,0.145186437174552
202,2010,3.40160431179937,0.146101685957374
203,2010,3.40995965319184,0.147506370427183
204,2010,3.41849011180873,0.149321452089559
205,2010,3.42718655880605,0.151439001785752
206,2010,3.43603986533979,0.153729714315178
207,2010,3.44504090256597,0.156050828066286
208,2010,3.45418054164058,0.158253692629217
209,2010,3.46344965371963,0.160190625464414
210,2010,3.47283920263953,0.161721776115974
211,2010,3.48234571306068,0.162762830079917
212,2010,3.49197432892066,0.163316700553937
213,2010,3.50173093560028,0.163414119424953
214,2010,3.51162141848031,0.163103132383147
215,2010,3.52165166294156,0.162445043561312
216,2010,3.53182755436481,0.161511072524407
217,2010,3.54215497813086,0.160379415961707
218,2010,3.5526398196205,0.159132474593603
219,2010,3.56328796421452,0.157854069476983
220,2010,3.57410529729372,0.156626538462623
221,2010,3.58509770423887,0.1555276787773
222,2010,3.59627107043078,0.154627586447175
223,2010,3.60763128125023,0.153985530932887
224,2010,3.61918422207803,0.153647079099469
225,2010,3.63093577829496,0.153641726382173
226,2010,3.6428918352818,0.153981286405733
227,2010,3.65505827841936,0.154659226047006
228,2010,3.66744099308843,0.155651021303963
229,2010,3.68004586466979,0.15691547749359
230,2010,3.69287877854425,0.158396839971559
231,2010,3.70594562009258,0.160027447702336
232,2010,3.71925227469559,0.161730664597566
233,2010,3.73280462773405,0.163423857562315
234,2010,3.74660853150233,0.16502133976421
235,2010,3.76066446588233,0.1664509842711
236,2010,3.77496164481953,0.167676118584742
237,2010,3.78948786367785,0.168674401960086
238,2010,3.80423091782118,0.169432870380601
239,2010,3.81917860261344,0.169946493989178
240,2010,3.83431871341854,0.170216976458268
241,2010,3.84963904560038,0.170251762010397
242,2010,3.86512739452287,0.170063214593659
243,2010,3.88077155554992,0.169667935404381
244,2010,3.89655932404544,0.169086187765777
245,2010,3.91247849537334,0.168341401376478
246,2010,3.92851686489752,0.167459730708329
247,2010,3.94466222798189,0.166469644745956
248,2010,3.96090237999036,0.165401527406103
249,2010,3.97722511628684,0.164287270065767
250,2010,3.99361823223524,0.163159839961779
251,2010,4.01006952319946,0.162052811141685
252,2010,4.02656678454341,0.160999848482862
253,2010,4.04309781163101,0.16003414031711
254,2010,4.05965039982615,0.159187781504879
255,2010,4.07621234449275,0.1584911162424
256,2010,4.09277144099472,0.157972057963359
257,2010,4.10931548469595,0.157655411553277
258,2010,4.12583227096037,0.157562229565753
259,2010,4.14230959515188,0.157709237930454
260,2010,4.15873525263438,0.158108366656234
261,2010,4.17509703877179,0.158766416639398
262,2010,4.19138274892801,0.159684885031859
263,2010,4.20758017846695,0.16085995970833
264,2010,4.22367712275252,0.162282679905218
265,2010,4.23966137714863,0.163939247135689
266,2010,4.25552073701918,0.165811459927427
267,2010,4.27124299772809,0.167877239128776
268,2010,4.28681595463926,0.170111208021557
269,2010,4.3022274031166,0.172485292986831
270,2010,4.31746513852401,0.174969315099717
271,2010,4.33251695622541,0.177531549579674
272,2010,4.34737065158471,0.180139237287248
273,2010,4.3620140199658,0.182759039447912
274,2010,4.37643485673261,0.185357432835098
275,2010,4.39062095724903,0.187901047428267
276,2010,4.40456011687898,0.190356952024363
277,2010,4.41824013098636,0.192692895557418
278,2010,4.43165079436811,0.194879808836768
279,2010,4.44479309005478,0.196903007094055
280,2010,4.45767189059899,0.198754772827276
281,2010,4.47029207245848,0.200429765336345
282,2010,4.48265851209101,0.201924707231578
283,2010,4.49477608595433,0.203238120811845
284,2010,4.5066496705062,0.204370103659515
285,2010,4.51828414220437,0.205322137784965
286,2010,4.52968437750659,0.206096927308638
287,2010,4.54085525287062,0.206698260305772
288,2010,4.55180164475421,0.20713089102518
289,2010,4.56252842961512,0.207400439214009
290,2010,4.57304048391109,0.207513303731127
291,2010,4.58334268409988,0.207476588014714
292,2010,4.59343990663925,0.207298035289874
293,2010,4.60333702798695,0.206985971666323
294,2010,4.61303892460072,0.206549255491449
295,2010,4.62255047293834,0.205997231497422
296,2010,4.63187654945754,0.205339688419357
297,2010,4.64102203061608,0.204586818871213
298,2010,4.64999179287172,0.203749180353602
299,2010,4.6587907126822,0.202837656339046
300,2010,4.66742366650529,0.201863416441639
301,2010,4.67589553079874,0.20083787473593
302,2010,4.68421118202029,0.199772645350473
303,2010,4.69237549662771,0.198679494531592
304,2010,4.70039335107874,0.197570288459108
305,2010,4.70826962183114,0.196456936204539
306,2010,4.71600918534267,0.195351327359545
307,2010,4.72361691807107,0.194265264033049
308,2010,4.7310976964741,0.193210387122678
309,2010,4.73845639700952,0.192198097010705
310,2010,4.74569789613507,0.191239469114074
311,2010,4.75282707030852,0.190345165026041
312,2010,4.75984879598761,0.189525340312709
313,2010,4.76676794963009,0.188789550356017
314,2010,4.77358940769373,0.18814665594619
315,2010,4.78031804663627,0.187604730598696
316,2010,4.78695874291547,0.18717097177935
317,2010,4.79351637298908,0.186851618343106
318,2010,4.79999581331486,0.186651876507499
319,2010,4.80640194035055,0.186575856577082
320,2010,4.81273963055392,0.186626522405578
321,2010,4.81901376038271,0.186805655233362
322,2010,4.82522920629468,0.18711383308544
323,2010,4.83139084474758,0.187550426385594
324,2010,4.83750355219917,0.188113609869808
325,2010,4.8435722051072,0.188800390304777
326,2010,4.84960167992942,0.189606648974084
327,2010,4.85559685312359,0.190527197420513
328,2010,4.86156260114745,0.191555844556027
329,2010,4.86750380045877,0.192685472989348
330,2010,4.8734253275153,0.193908122282621
331,2010,4.87933205877478,0.1952150768305
332,2010,4.88522887069499,0.196596956145265
333,2010,4.89112063973365,0.198043805512093
334,2010,4.89701224234854,0.199545185226675
335,2010,4.9029085549974,0.201090256919525
336,2010,4.908814454138,0.202667865784722
337,2010,4.91473481622806,0.204266617845617
338,2010,4.92067451772537,0.205874951690206
339,2010,4.92663843508766,0.207481204382591
340,2010,4.9326314447727,0.209073671497005
341,2010,4.93865842323823,0.210640661423526
342,2010,4.94472424694201,0.212170544259707
343,2010,4.95083379234179,0.21365179573192
344,2010,4.95699193589532,0.215073036688234
345,2010,4.96320355406037,0.216423068775944
346,2010,4.96947352329468,0.217690906967056
347,2010,4.975806720056,0.218865809629571
348,2010,4.98220802080209,0.219937306866867
349,2010,4.98868230199071,0.220895227866944
350,2010,4.9952344400796,0.221729728022582
351,2010,5.00186931152652,0.222431316607079
352,2010,5.00859179278923,0.222990885822281
353,2010,5.01540676032547,0.223399742080266
354,2010,5.022319090593,0.223649640441185
355,2010,5.02933366004957,0.223732823211727
356,2010,5.03645534515295,0.223642063815832
357,2010,5.04368902236087,0.22337071718668
358,2010,5.0510395681311,0.222912778102159
359,2010,5.05851185892138,0.222262949101412
360,2010,5.06611077118948,0.22141671988466
361,2010,5.07384118139314,0.220370460420398
362,2010,5.08170796599012,0.219121530371522
363,2010,5.08971600143817,0.217668407913389
364,2010,5.09787016419504,0.216010841559474
365,2010,5.10616731809692,0.214152774617944
1,2011,5.09728197687145,0.221161757749168
2,2011,5.10501238707511,0.220099240365243
3,2011,5.11287917167209,0.218833296479239
4,2011,5.12088720712014,0.217362359794815
5,2011,5.12904136987702,0.215686130090125
6,2011,5.1373385237789,0.213808502804661
7,2011,5.14574348217564,0.211745733534809
8,2011,5.15421304579555,0.209517772657625
9,2011,5.1627040153669,0.207145409745972
10,2011,5.171173191618,0.204650228316533
11,2011,5.17957737527713,0.202054556979841
12,2011,5.18787336707257,0.199381413100373
13,2011,5.19601796773264,0.196654434798318
14,2011,5.2039679779856,0.193897796850624
15,2011,5.21168019855976,0.191136105838491
16,2011,5.2191114301834,0.188394269820516
17,2011,5.22621847358481,0.18569733798247
18,2011,5.2329581294923,0.183070306238037
19,2011,5.23928719863413,0.180537885746854
20,2011,5.24516248173861,0.178124232882631
21,2011,5.25054077953403,0.175852641394534
22,2011,5.25537889274867,0.173745200360736
23,2011,5.25963362211084,0.17182242493375
24,2011,5.26326176834881,0.170102870592636
25,2011,5.26622013219088,0.168602745277551
26,2011,5.26846551436534,0.167335536898419
27,2011,5.26995471560047,0.166311675732875
28,2011,5.27064453662458,0.165538251647151
29,2011,5.27049177816595,0.165018804531948
30,2011,5.26945324095287,0.164753202756023
31,2011,5.26748572571363,0.164737619052837
32,2011,5.26454603317653,0.164964606650522
33,2011,5.26059096406984,0.165423271454522
34,2011,5.25557731912188,0.166099529602033
35,2011,5.24946189906091,0.166976434537444
36,2011,5.24220150461524,0.168034554466257
37,2011,5.23375293651315,0.169252379850941
38,2011,5.22407299548294,0.170606741395955
39,2011,5.2131184822529,0.17207322134439
40,2011,5.20084619755131,0.173626544338809
41,2011,5.18721294210647,0.175240938019289
42,2011,5.17217551664666,0.176890457447515
43,2011,5.15569072190019,0.178549270990891
44,2011,5.13771535859533,0.180191908255905
45,2011,5.11820622746039,0.181793472940913
46,2011,5.09712012922364,0.183329825105092
47,2011,5.07441386461338,0.184777738410926
48,2011,5.0500442343579,0.186115038516063
49,2011,5.0239680391855,0.187320729100865
50,2011,4.99614207982446,0.188375112147812
51,2011,4.96652315700306,0.189259909150105
52,2011,4.93506807144962,0.189958390012731
53,2011,4.9017336238924,0.190455516595175
54,2011,4.86647661505971,0.190738108190254
55,2011,4.82925384567984,0.19079503678408
56,2011,4.79002433695235,0.190617801008311
57,2011,4.74881445280759,0.190210667971223
58,2011,4.70572841245037,0.189591905154568
59,2011,4.66087477194351,0.188782106994817
60,2011,4.61436208734981,0.187803300810015
61,2011,4.56629891473209,0.186678739214524
62,2011,4.51679381015315,0.18543270019248
63,2011,4.46595532967581,0.184090286571463
64,2011,4.41389202936286,0.182677217516812
65,2011,4.36071246527713,0.181219605575664
66,2011,4.30652519348142,0.179743713857807
67,2011,4.25143877003854,0.178275689260388
68,2011,4.19556175101131,0.17684126932016
69,2011,4.13900269246252,0.175465462370818
70,2011,4.08187015045498,0.174172203199986
71,2011,4.02427268105152,0.172983989271113
72,2011,3.96631884031493,0.171921505638371
73,2011,3.90811718430804,0.171003249679223
74,2011,3.84977626909363,0.170245169359225
75,2011,3.79140465073453,0.169660330542145
76,2011,3.73311088529355,0.169258629499472
77,2011,3.67500352883349,0.16904656598505
78,2011,3.61719113741716,0.169027089920624
79,2011,3.55978226710738,0.169199531004792
80,2011,3.50288547396694,0.169559615758791
81,2011,3.44660931405867,0.170099571191371
82,2011,3.39106234344537,0.17080830903239
83,2011,3.33635311818985,0.17167167996391
84,2011,3.28259019435492,0.172672783954726
85,2011,3.22988212800338,0.173792320961051
86,2011,3.17833747519805,0.175008965941937
87,2011,3.12806479200175,0.176299753192814
88,2011,3.07917263447726,0.177640457115297
89,2011,3.03176955868741,0.179005959335703
90,2011,2.98596412069501,0.180370595181021
91,2011,2.94186487656286,0.181708475600078
92,2011,2.89958038235378,0.182993783449999
93,2011,2.85921919413057,0.184201045522117
94,2011,2.82088986795604,0.185305383714468
95,2011,2.784700959893,0.186282750396983
96,2011,2.75076102600427,0.187110154336205
97,2011,2.71917862235264,0.187765884652987
98,2011,2.69006230500093,0.188229741297031
99,2011,2.66352063001196,0.188483281556648
100,2011,2.63966215344852,0.188510093297664
101,2011,2.61859543137343,0.188296107050685
102,2011,2.60042901984949,0.187829960836892
103,2011,2.58527147493952,0.187103433814035
104,2011,2.57323135270633,0.186111967472202
105,2011,2.56441720921272,0.18485529617739
106,2011,2.55893760052151,0.183338212180328
107,2011,2.55690055207902,0.18157156189416
108,2011,2.55832793048098,0.179583989902093
109,2011,2.56306092741234,0.177432012308699
110,2011,2.57091798437657,0.175177248772585
111,2011,2.58171754287714,0.172882526796679
112,2011,2.59527804441753,0.170610878337356
113,2011,2.61141793050118,0.168424365041056
114,2011,2.62995564263159,0.166382720213934
115,2011,2.6507096223122,0.164541821539974
116,2011,2.67349831104649,0.162952041001442
117,2011,2.69814015033793,0.161656554061751
118,2011,2.72445358168999,0.160689722753759
119,2011,2.75225704660613,0.160075688688086
120,2011,2.78136898658982,0.159827314121942
121,2011,2.81160784314453,0.159945587265055
122,2011,2.84279205777372,0.160419563003612
123,2011,2.87474007198087,0.161226850029533
124,2011,2.90727032726944,0.162334592729354
125,2011,2.9402012651429,0.163700844731018
126,2011,2.97335132710472,0.165276200726951
127,2011,3.00653895465836,0.167005547645194
128,2011,3.0395825893073,0.168829812444398
129,2011,3.072300672555,0.1706876144548
130,2011,3.10451164590493,0.172516766762707
131,2011,3.13603395086055,0.174255606525332
132,2011,3.16668602892534,0.175844163924914
133,2011,3.19628632160276,0.177225202175238
134,2011,3.22465327039628,0.178345177194742
135,2011,3.25160531680937,0.179155177144545
136,2011,3.2769609023455,0.179611911389601
137,2011,3.30053846850813,0.179678827970181
138,2011,3.32215645680073,0.179327450482439
139,2011,3.34163330872677,0.178539041002354
140,2011,3.35880211926964,0.177310362489471
141,2011,3.37366633011691,0.175693270461764
142,2011,3.38633928405561,0.173775290168834
143,2011,3.39693615555774,0.171649561721006
144,2011,3.40557211909532,0.1694123396401
145,2011,3.41236234914038,0.167160734865318
146,2011,3.41742202016491,0.16499012780989
147,2011,3.42086630664094,0.162991211511733
148,2011,3.42281038304049,0.161246709351092
149,2011,3.42336942383556,0.159827915471921
150,2011,3.42265860349818,0.158791311964946
151,2011,3.42079309650035,0.158175597664574
152,2011,3.4178880773141,0.15799948753807
153,2011,3.41405872041144,0.158260586948479
154,2011,3.40942020026439,0.158935512821798
155,2011,3.40408769134495,0.159981254027545
156,2011,3.39817636812515,0.161337585807688
157,2011,3.391801405077,0.162930226832496
158,2011,3.38507797667251,0.164674380667567
159,2011,3.3781212573837,0.166478335368484
160,2011,3.3710464216826,0.16824688211379
161,2011,3.3639686440412,0.169884424453784
162,2011,3.35700309893152,0.171297757169018
163,2011,3.35026496082559,0.172398583091504
164,2011,3.34386940419542,0.173105904811116
165,2011,3.33793160351302,0.173348481741964
166,2011,3.33255189875407,0.173078627048103
167,2011,3.32774762045673,0.172324918973036
168,2011,3.32350724142804,0.171149909536416
169,2011,3.31981920550136,0.169625477440725
170,2011,3.31667195651009,0.16783004749221
171,2011,3.31405393828762,0.16584604466039
172,2011,3.31195359466734,0.163757386234236
173,2011,3.31035936948264,0.161646892086392
174,2011,3.3092597065669,0.159593553007033
175,2011,3.30864304975351,0.15766966605303
176,2011,3.30849784287586,0.155937922627294
177,2011,3.30881252976734,0.154448611351909
178,2011,3.30957555426134,0.153237158763727
179,2011,3.31077536019124,0.152322258227926
180,2011,3.31240039139044,0.151704816662807
181,2011,3.31443909169232,0.151367876727091
182,2011,3.31687990493027,0.151277562379098
183,2011,3.31971127493768,0.151384975538824
184,2011,3.32292164554794,0.151628873019242
185,2011,3.32649946059443,0.151938900809502
186,2011,3.33043316391055,0.152239166793925
187,2011,3.33471119932968,0.152451986892968
188,2011,3.33932201068521,0.152501727482181
189,2011,3.34425404181053,0.152318771394696
190,2011,3.34949573653903,0.151843743208135
191,2011,3.35503553870409,0.151032235878432
192,2011,3.36086189657865,0.149860576368072
193,2011,3.36696397930719,0.148362493890138
194,2011,3.3733324677001,0.146659237930947
195,2011,3.37995823291338,0.144891824343749
196,2011,3.38683214610305,0.143204727557135
197,2011,3.39394507842511,0.141737505728449
198,2011,3.40128790103555,0.14061584726555
199,2011,3.4088514850904,0.139942510397085
200,2011,3.41662670174564,0.139789079692764
201,2011,3.42460442215729,0.140189716881508
202,2011,3.43277551748135,0.141137975503219
203,2011,3.44113085887382,0.142587247352312
204,2011,3.44966131749071,0.144454677061704
205,2011,3.45835776448802,0.146627712176943
206,2011,3.46721107102177,0.148972103354344
207,2011,3.47621210824794,0.151340211417917
208,2011,3.48535174732255,0.153578813468756
209,2011,3.49462085940161,0.155536049774781
210,2011,3.50401040832151,0.157068290028003
211,2011,3.51351691874265,0.158089336365013
212,2011,3.52314553460264,0.158603006201005
213,2011,3.53290214128225,0.15864142524289
214,2011,3.54279262416229,0.15825425973232
215,2011,3.55282286862354,0.157504666002512
216,2011,3.56299876004679,0.156465983883992
217,2011,3.57332618381284,0.155218845051515
218,2011,3.58381102530248,0.153848437985506
219,2011,3.5944591698965,0.152441735448211
220,2011,3.60527650297569,0.151084557741379
221,2011,3.61626890992084,0.149858423468694
222,2011,3.62744227611276,0.148837231787532
223,2011,3.63880248693221,0.148083920193749
224,2011,3.65035542776001,0.147647333305491
225,2011,3.66210698397693,0.147559596556504
226,2011,3.67406304096378,0.147834290078047
227,2011,3.68622948410134,0.148465650308112
228,2011,3.69861219877041,0.149428899610984
229,2011,3.71121707035177,0.150681649081438
230,2011,3.72404998422622,0.152166179450662
231,2011,3.73711682577456,0.153812316111172
232,2011,3.75042348037756,0.155540593351878
233,2011,3.76397583341603,0.157265443662642
234,2011,3.77777973718431,0.15889831157415
235,2011,3.7918356715643,0.160364653064531
236,2011,3.80613285050151,0.161626317704025
237,2011,3.82065906935982,0.162660028483688
238,2011,3.83540212350315,0.16345226473195
239,2011,3.85034980829542,0.163997736384511
240,2011,3.86548991910051,0.164298120497825
241,2011,3.88081025128235,0.164361022077053
242,2011,3.89629860020484,0.164199120133421
243,2011,3.9119427612319,0.163829461934288
244,2011,3.92773052972742,0.163272871647815
245,2011,3.94364970105531,0.162553442958165
246,2011,3.95968807057949,0.161698088270342
247,2011,3.97583343366387,0.160736119727212
248,2011,3.99207358567234,0.15969883953911
249,2011,4.00839632196882,0.158619119338704
250,2011,4.02478943791722,0.157530950777094
251,2011,4.04124072888144,0.156468952779963
252,2011,4.05773799022539,0.155467825187025
253,2011,4.07426901731299,0.154561744216164
254,2011,4.09082160550813,0.153783702438707
255,2011,4.10738355017473,0.15316480451707
256,2011,4.12394264667669,0.152733539213934
257,2011,4.14048669037793,0.152515057059213
258,2011,4.15700347664235,0.152530490130778
259,2011,4.17348080083385,0.152796354134911
260,2011,4.18990645831635,0.153324072097225
261,2011,4.20626824445376,0.154119652903786
262,2011,4.22255395460998,0.155183547050371
263,2011,4.23875138414892,0.156510687680164
264,2011,4.2548483284345,0.158090709506122
265,2011,4.27083258283061,0.15990832397952
266,2011,4.28669194270116,0.161943818206473
267,2011,4.30241420341007,0.164173638948021
268,2011,4.31798716032123,0.166571021865436
269,2011,4.33339860879857,0.169106629360577
270,2011,4.34863634420599,0.171749166663175
271,2011,4.36368816190739,0.174465953760789
272,2011,4.37854185726668,0.177223439000825
273,2011,4.39318522564778,0.179987647702527
274,2011,4.40760606241458,0.182724565298062
275,2011,4.421792162931,0.185400459151884
276,2011,4.43573132256095,0.187982146346111
277,2011,4.44941133666834,0.190437216599935
278,2011,4.46282200005009,0.192736568911435
279,2011,4.47596429573676,0.194865827640407
280,2011,4.48884309628096,0.196817691343581
281,2011,4.50146327814045,0.198587225017891
282,2011,4.51382971777298,0.200171540457638
283,2011,4.5259472916363,0.20156952899178
284,2011,4.53782087618817,0.202781635143083
285,2011,4.54945534788634,0.203809665022401
286,2011,4.56085558318857,0.204656624064799
287,2011,4.5720264585526,0.205326579455809
288,2011,4.58297285043619,0.205824543260357
289,2011,4.59369963529709,0.206156372845033
290,2011,4.60421168959306,0.206328685677385
291,2011,4.61451388978186,0.20634878599957
292,2011,4.62461111232123,0.206224601216235
293,2011,4.63450823366892,0.205964626116705
294,2011,4.6442101302827,0.205577873278342
295,2011,4.65372167862031,0.205073828179492
296,2011,4.66304775513951,0.204462407694631
297,2011,4.67219323629805,0.203753920758272
298,2011,4.68116299855369,0.202959030074767
299,2011,4.68996191836418,0.20208871382485
300,2011,4.69859487218727,0.201154226383079
301,2011,4.70706673648071,0.200167057119715
302,2011,4.71538238770227,0.199138886422626
303,2011,4.72354670230968,0.198081538146136
304,2011,4.73156455676072,0.197006927781117
305,2011,4.73944082751312,0.195927005750403
306,2011,4.74718039102464,0.194853695371682
307,2011,4.75478812375305,0.193798825201208
308,2011,4.76226890215608,0.192774055678924
309,2011,4.76962760269149,0.191790800239592
310,2011,4.77686910181705,0.190860141332632
311,2011,4.78399827599049,0.18999274209915
312,2011,4.79102000166958,0.18919875477721
313,2011,4.79793915531207,0.188487727230583
314,2011,4.8047606133757,0.187868509302681
315,2011,4.81148925231825,0.187349160963719
316,2011,4.81812994859745,0.186936864421807
317,2011,4.82468757867106,0.186637842484707
318,2011,4.83116701899683,0.186457285469201
319,2011,4.83757314603253,0.186399288846374
320,2011,4.84391083623589,0.186466803579126
321,2011,4.85018496606468,0.186661600758811
322,2011,4.85640041197665,0.186984251697313
323,2011,4.86256205042956,0.187434124105462
324,2011,4.86867475788114,0.188009394421984
325,2011,4.87474341078917,0.188707075787253
326,2011,4.88077288561139,0.189523060620839
327,2011,4.88676805880556,0.19045217629587
328,2011,4.89273380682943,0.19148825203359
329,2011,4.89867500614075,0.192624194886162
330,2011,4.90459653319727,0.193852072541797
331,2011,4.91050326445676,0.195163200670818
332,2011,4.91640007637696,0.196548232622483
333,2011,4.92229184541563,0.197997249462016
334,2011,4.92818344803052,0.199499848583272
335,2011,4.93407976067938,0.201045229421401
336,2011,4.93998565981997,0.20262227509954
337,2011,4.94590602191004,0.20421962915434
338,2011,4.95184572340735,0.205825766781359
339,2011,4.95780964076964,0.207429060311453
340,2011,4.96380265045468,0.209017838866166
341,2011,4.9698296289202,0.210580442340162
342,2011,4.97589545262398,0.212105270021798
343,2011,4.98200499802376,0.213580824291002
344,2011,4.9881631415773,0.214995749930659
345,2011,4.99437475974234,0.216338869658437
346,2011,5.00064472897665,0.217599216535961
347,2011,5.00697792573798,0.218766063946831
348,2011,5.01337922648407,0.219828953859708
349,2011,5.01985350767268,0.220777724112552
350,2011,5.02640564576158,0.221602535473912
351,2011,5.0330405172085,0.222293899261335
352,2011,5.0397629984712,0.222842706329665
353,2011,5.04657796600744,0.223240258287318
354,2011,5.05349029627497,0.22347830186053
355,2011,5.06050486573155,0.223549067408388
356,2011,5.06762655083492,0.223445312699617
357,2011,5.07486022804284,0.223160373200731
358,2011,5.08221077381307,0.222688220299931
359,2011,5.08968306460336,0.222023529108545
360,2011,5.09728197687145,0.221161757749168
361,2011,5.10501238707511,0.220099240365243
362,2011,5.11287917167209,0.218833296479239
363,2011,5.12088720712014,0.217362359794815
364,2011,5.12904136987702,0.215686130090125
365,2011,5.1373385237789,0.213808502804661
1,2012,5.12845269059492,0.221657023543971
2,2012,5.13618310079858,0.220581880342928
3,2012,5.14404988539556,0.219303291251497
4,2012,5.15205792084361,0.217819675922422
5,2012,5.16021208360049,0.216130716561873
6,2012,5.16850923750237,0.21424028220986
7,2012,5.17691419589911,0.212164579342637
8,2012,5.18538375951902,0.209923504068323
9,2012,5.19387472909037,0.207537792001058
10,2012,5.20234390534147,0.205028973181639
11,2012,5.2107480890006,0.202419323531789
12,2012,5.21904408079604,0.19973180897374
13,2012,5.22718868145611,0.196990018070026
14,2012,5.23513869170907,0.194218078762034
15,2012,5.24285091228323,0.191440554570077
16,2012,5.25028214390687,0.188682315540596
17,2012,5.25738918730828,0.185968379383702
18,2012,5.26412884321577,0.183323718747868
19,2012,5.2704579123576,0.18077303154524
20,2012,5.27633319546208,0.178340472777398
21,2012,5.2817114932575,0.176049348489372
22,2012,5.28654960647214,0.173921775304681
23,2012,5.29080433583431,0.171978312371461
24,2012,5.29443248207228,0.170237576255813
25,2012,5.29739084591435,0.168715852990322
26,2012,5.29963622808881,0.167426724638987
27,2012,5.30112542932394,0.16638072982688
28,2012,5.30181525034805,0.165585078187471
29,2012,5.30166249188942,0.165043437236946
30,2012,5.30062395467634,0.164755806690695
31,2012,5.2986564394371,0.164718489924825
32,2012,5.2957167469,0.164924165721087
33,2012,5.29176167779331,0.165362056430307
34,2012,5.28674803284535,0.166018182153986
35,2012,5.28063261278438,0.166875685294741
36,2012,5.27337221833871,0.16791520643657
37,2012,5.26492365023662,0.169115291222262
38,2012,5.25524370920641,0.170452808592925
39,2012,5.24428919597637,0.171903363067489
40,2012,5.23201691127478,0.173441687135756
41,2012,5.21838365582994,0.175042003750975
42,2012,5.20334623037013,0.176678352836921
43,2012,5.18686143562366,0.17832487929674
44,2012,5.1688860723188,0.179956083000161
45,2012,5.14937694118386,0.181547033541901
46,2012,5.12829084294711,0.1830735542229
47,2012,5.10558457833685,0.184512380793689
48,2012,5.08121494808137,0.185841301138653
49,2012,5.05513875290897,0.187039282405587
50,2012,5.02731279354793,0.188086592224937
51,2012,4.99769387072653,0.18896492073067
52,2012,4.96623878517309,0.189657510184178
53,2012,4.93290433761587,0.190149299190531
54,2012,4.89764732878318,0.190427088842793
55,2012,4.86042455940331,0.190479738681608
56,2012,4.82119505067582,0.190298741035018
57,2012,4.77998516653106,0.189888352292147
58,2012,4.73689912617384,0.189266823351374
59,2012,4.69204548566698,0.188454738498564
60,2012,4.64553280107328,0.187474121301819
61,2012,4.59746962845556,0.186348226281156
62,2012,4.54796452387662,0.1851013382476
63,2012,4.49712604339928,0.183758571013368
64,2012,4.44506274308633,0.182345658056183
65,2012,4.3918831790006,0.180888728633559
66,2012,4.33769590720489,0.179414063907443
67,2012,4.28260948376201,0.177947828969436
68,2012,4.22673246473478,0.17651577834723
69,2012,4.17017340618599,0.175142934684569
70,2012,4.11304086417845,0.173853242825438
71,2012,4.05544339477499,0.172669204427306
72,2012,3.9974895540384,0.1716115013139
73,2012,3.9392878980315,0.170698618793466
74,2012,3.8809469828171,0.169946482768838
75,2012,3.822575364458,0.16936812626283
76,2012,3.76428159901702,0.168973401607249
77,2012,3.70617424255696,0.168768753724303
78,2012,3.64836185114063,0.168757067565453
79,2012,3.59095298083084,0.168937598988487
80,2012,3.53405618769041,0.169305993503852
81,2012,3.47778002778214,0.169854391947654
82,2012,3.42223305716884,0.170571616878634
83,2012,3.36752383191332,0.17144342896694
84,2012,3.31376090807838,0.17245283933011
85,2012,3.26105284172685,0.173580461954841
86,2012,3.20950818892152,0.174804890065708
87,2012,3.15923550572521,0.176103081397264
88,2012,3.11034334820073,0.177450739479006
89,2012,3.06294027241088,0.178822680868548
90,2012,3.01713483441848,0.180193181387041
91,2012,2.97303559028633,0.181536297502713
92,2012,2.93075109607725,0.182826161844796
93,2012,2.89038990785404,0.184037254281609
94,2012,2.85206058167951,0.185144652022301
95,2012,2.81587167361647,0.186124263831264
96,2012,2.78193173972773,0.186953054754818
97,2012,2.75034933607611,0.187609268857335
98,2012,2.7212330187244,0.188072658467251
99,2012,2.69469134373542,0.188324729463849
100,2012,2.67083286717198,0.188349013311038
101,2012,2.64976614509689,0.188131377974324
102,2012,2.63159973357296,0.187660391639502
103,2012,2.61644218866299,0.186927755363089
104,2012,2.6044020664298,0.185928823464867
105,2012,2.59558792293619,0.184663233590531
106,2012,2.59010831424498,0.18313567176463
107,2012,2.58807126580249,0.181356869624024
108,2012,2.58949864420445,0.17935536391847
109,2012,2.59423164113581,0.177187591342101
110,2012,2.60208869810004,0.174915104647332
111,2012,2.61288825660061,0.172600679986973
112,2012,2.62644875814099,0.170307320361135
113,2012,2.64258864422465,0.168097087645267
114,2012,2.66112635635505,0.1660297505059
115,2012,2.68188033603567,0.164161261199291
116,2012,2.70466902476996,0.16254210658829
117,2012,2.7293108640614,0.161215614436793
118,2012,2.75562429541346,0.160216329022746
119,2012,2.7834277603296,0.159568592151813
120,2012,2.81253970031328,0.159285468604575
121,2012,2.84277855686799,0.159368133854704
122,2012,2.87396277149719,0.159805797369844
123,2012,2.90591078570434,0.16057617461205
124,2012,2.93844104099291,0.161646457729385
125,2012,2.97137197886637,0.162974682640258
126,2012,3.00452204082819,0.164511359010345
127,2012,3.03770966838183,0.16620122331561
128,2012,3.07075330303077,0.167984990947102
129,2012,3.10347138627847,0.169801013863149
130,2012,3.13568235962839,0.171586787045813
131,2012,3.16720466458402,0.173280282738165
132,2012,3.19785674264881,0.174821121636497
133,2012,3.22745703532623,0.176151613266752
134,2012,3.25582398411975,0.177217714279249
135,2012,3.28277603053284,0.177969965255231
136,2012,3.30813161606896,0.178364476276892
137,2012,3.33170918223159,0.178364041442638
138,2012,3.35332717052419,0.177939474936958
139,2012,3.37280402245023,0.177071277987026
140,2012,3.38997283299311,0.175755465101895
141,2012,3.40483704384038,0.174043744556606
142,2012,3.41750999777908,0.172024000790161
143,2012,3.42810686928121,0.169789938120322
144,2012,3.43674283281879,0.167438624081321
145,2012,3.44353306286384,0.165068273164956
146,2012,3.44859273388838,0.162775683441968
147,2012,3.45203702036441,0.160653273422132
148,2012,3.45398109676396,0.158785752564611
149,2012,3.45454013755903,0.157246566884535
150,2012,3.45382931722165,0.156094375685903
151,2012,3.45196381022382,0.155369907938553
152,2012,3.44905879103757,0.155093582222634
153,2012,3.44522943413491,0.155264225657377
154,2012,3.44059091398785,0.15585909245391
155,2012,3.43525840506842,0.156835191566269
156,2012,3.42934708184862,0.158131738960169
157,2012,3.42297211880046,0.159673408353853
158,2012,3.41624869039598,0.161373998283288
159,2012,3.40929197110717,0.163140164091433
160,2012,3.40221713540606,0.164874955878797
161,2012,3.39513935776466,0.166481022434637
162,2012,3.38817381265499,0.167863456814557
163,2012,3.38143567454906,0.16893235491282
164,2012,3.37504011791889,0.169605231001749
165,2012,3.36910231723649,0.169809490187887
166,2012,3.36372261247753,0.169496406558653
167,2012,3.3589183341802,0.168694627530326
168,2012,3.3546779551515,0.1674673306872
169,2012,3.35098991922483,0.165887256285862
170,2012,3.34784267023356,0.164033922421914
171,2012,3.34522465201109,0.161991074978951
172,2012,3.34312430839081,0.159844165446844
173,2012,3.34153008320611,0.157677727152995
174,2012,3.34043042029037,0.155572581967036
175,2012,3.33981376347698,0.153602881986991
176,2012,3.33966855659933,0.151833073349709
177,2012,3.33998324349081,0.150314953523959
178,2012,3.34074626798481,0.14908506261103
179,2012,3.34194607391471,0.148162682322465
180,2012,3.34357110511391,0.147548695980346
181,2012,3.34560980541579,0.147225484651045
182,2012,3.34805061865374,0.1471579128677
183,2012,3.35088198866115,0.147295323382772
184,2012,3.35409235927141,0.147574350734254
185,2012,3.3576701743179,0.147922306401467
186,2012,3.36160387763401,0.14826089433996
187,2012,3.36588191305314,0.148510076790095
188,2012,3.37049272440868,0.148592007615835
189,2012,3.375424755534,0.148435064153547
190,2012,3.38066645026249,0.14797812480299
191,2012,3.38620625242756,0.147175352594815
192,2012,3.39203261030212,0.146002052113221
193,2012,3.39813469303066,0.144492270512413
194,2012,3.40450318142357,0.142769808446669
195,2012,3.41112894663685,0.140978876730611
196,2012,3.41800285982652,0.139267471402055
197,2012,3.42511579214858,0.137778805583029
198,2012,3.43245861475902,0.136642048557754
199,2012,3.44002219881386,0.135962866175027
200,2012,3.44779741546911,0.13581475845596
201,2012,3.45577513588076,0.136232479195019
202,2012,3.46394623120481,0.137208709785737
203,2012,3.47230157259729,0.138694604204622
204,2012,3.48083203121418,0.140604009990714
205,2012,3.48952847821149,0.14282043548346
206,2012,3.49838178474524,0.145205461428709
207,2012,3.50738282197141,0.147607364277349
208,2012,3.51652246104602,0.149869103493247
209,2012,3.52579157312508,0.151835319771151
210,2012,3.53518112204498,0.153359178239735
211,2012,3.54468763246612,0.154352882392739
212,2012,3.55431624832611,0.154821047365141
213,2012,3.56407285500572,0.154796973489873
214,2012,3.57396333788576,0.154331665689514
215,2012,3.583993582347,0.153489805394518
216,2012,3.59416947377026,0.152346493557102
217,2012,3.60449689753631,0.150984418286873
218,2012,3.61498173902595,0.149491172503562
219,2012,3.62562988361997,0.147956510536892
220,2012,3.63644721669916,0.146469399283447
221,2012,3.64743962364431,0.145114799566751
222,2012,3.65861298983622,0.143970211638587
223,2012,3.66997320065568,0.143102130487355
224,2012,3.68152614148347,0.142562664293858
225,2012,3.6932776977004,0.142386644571785
226,2012,3.70523375468725,0.14258956878402
227,2012,3.71740019782481,0.143166647576419
228,2012,3.72978291249387,0.144093086909911
229,2012,3.74238778407524,0.145325556079752
230,2012,3.75522069794969,0.14680462722681
231,2012,3.76828753949802,0.148457865747072
232,2012,3.78159419410103,0.15020322520887
233,2012,3.7951465471395,0.151952447694007
234,2012,3.80895045090777,0.153614348326921
235,2012,3.82300638528777,0.155112144070605
236,2012,3.83730356422498,0.156406252103568
237,2012,3.85182978308329,0.157472470556815
238,2012,3.86657283722662,0.158296718634916
239,2012,3.88152052201888,0.158873431322725
240,2012,3.89666063282398,0.159204235499527
241,2012,3.91198096500582,0.15929686613672
242,2012,3.92746931392831,0.159164280075347
243,2012,3.94311347495536,0.158823927242736
244,2012,3.95890124345089,0.158297142797796
245,2012,3.97482041477878,0.157608627417932
246,2012,3.99085878430296,0.15678598625066
247,2012,4.00700414738734,0.155859299845375
248,2012,4.02324429939581,0.154860702800377
249,2012,4.03956703569229,0.153823948216085
250,2012,4.05596015164069,0.152783938755388
251,2012,4.07241144260491,0.151776208652706
252,2012,4.08890870394886,0.150836345849287
253,2012,4.10543973103646,0.149999349915875
254,2012,4.1219923192316,0.149298929661541
255,2012,4.1385542638982,0.14876675403462
256,2012,4.15511336040016,0.148431680308587
257,2012,4.1716574041014,0.148318993299
258,2012,4.18817419036582,0.148449696778088
259,2012,4.20465151455732,0.148839901580536
260,2012,4.22107717203982,0.149500352770079
261,2012,4.23743895817723,0.150436130187296
262,2012,4.25372466833345,0.151646543443168
263,2012,4.26992209787239,0.153125225855752
264,2012,4.28601904215797,0.15486041462783
265,2012,4.30200329655408,0.15683538953492
266,2012,4.31786265642463,0.159029031765879
267,2012,4.33358491713354,0.161416459498454
268,2012,4.3491578740447,0.163969697264398
269,2012,4.36456932252204,0.166658341137541
270,2012,4.37980705792946,0.169450189674448
271,2012,4.39485887563086,0.172311819662866
272,2012,4.40971257099015,0.175209094660866
273,2012,4.42435593937125,0.178107602062682
274,2012,4.43877677613805,0.180973020508948
275,2012,4.45296287665447,0.18377142377191
276,2012,4.46690203628442,0.186469529965386
277,2012,4.48058205039181,0.189034906375247
278,2012,4.49399271377356,0.191438532676684
279,2012,4.50713500946023,0.193666388052612
280,2012,4.52001381000443,0.195711601193053
281,2012,4.53263399186392,0.197569646394013
282,2012,4.54500043149645,0.199238020413773
283,2012,4.55711800535977,0.200715973611213
284,2012,4.56899158991164,0.202004283229317
285,2012,4.58062606160981,0.203105062211244
286,2012,4.59202629691204,0.204021597852616
287,2012,4.60319717227607,0.204758215425514
288,2012,4.61414356415966,0.205320162639415
289,2012,4.62487034902056,0.20571351142966
290,2012,4.63538240331653,0.205945074090767
291,2012,4.64568460350533,0.206022331209551
292,2012,4.6557818260447,0.205953369212488
293,2012,4.66567894739239,0.205746825633987
294,2012,4.67538084400617,0.205411840447503
295,2012,4.68489239234378,0.204958011989085
296,2012,4.69421846886298,0.204395356151694
297,2012,4.70336395002152,0.203734267645994
298,2012,4.71233371227716,0.202985482216786
299,2012,4.72113263208765,0.202160038780423
300,2012,4.72976558591074,0.201269240514145
301,2012,4.73823745020418,0.200324613989881
302,2012,4.74655310142574,0.199337865509157
303,2012,4.75471741603315,0.198320833869087
304,2012,4.76273527048419,0.197285438878401
305,2012,4.77061154123659,0.196243625053437
306,2012,4.77835110474811,0.195207300062546
307,2012,4.78595883747652,0.19418826765795
308,2012,4.79343961587955,0.193198155039457
309,2012,4.80079831641496,0.192248334834961
310,2012,4.80803981554052,0.191349842155429
311,2012,4.81516898971396,0.190513287480614
312,2012,4.82219071539305,0.189748766445216
313,2012,4.82910986903554,0.189065767908676
314,2012,4.83593132709917,0.188473081986429
315,2012,4.84265996604172,0.187978709974713
316,2012,4.84930066232092,0.18758977829213
317,2012,4.85585829239453,0.18731245866747
318,2012,4.8623377327203,0.1871518968066
319,2012,4.868743859756,0.187112151659485
320,2012,4.87508154995936,0.1871961471779
321,2012,4.88135567978815,0.18740563811124
322,2012,4.88757112570012,0.187741190948146
323,2012,4.89373276415303,0.18820218060099
324,2012,4.89984547160461,0.188786802881038
325,2012,4.90591412451264,0.189492102260779
326,2012,4.91194359933486,0.19031401390283
327,2012,4.91793877252903,0.191247418485066
328,2012,4.9239045205529,0.19228620799493
329,2012,4.92984571986422,0.193423360419365
330,2012,4.93576724692074,0.194651021127247
331,2012,4.94167397818023,0.195960588725701
332,2012,4.94757079010043,0.197342803259059
333,2012,4.9534625591391,0.198787834791977
334,2012,4.95935416175399,0.200285370655226
335,2012,4.96525047440285,0.201824699911599
336,2012,4.97115637354344,0.203394793898766
337,2012,4.97707673563351,0.204984382007023
338,2012,4.98301643713082,0.206582022137473
339,2012,4.98898035449311,0.208176165549091
340,2012,4.99497336417815,0.209755216034351
341,2012,5.00100034264367,0.211307583559046
342,2012,5.00706616634745,0.212821732662335
343,2012,5.01317571174723,0.214286226039703
344,2012,5.01933385530077,0.215689763828137
345,2012,5.02554547346581,0.217021219183969
346,2012,5.03181544270012,0.218269670794689
347,2012,5.03814863946145,0.219424433001965
348,2012,5.04454994020754,0.220475084239282
349,2012,5.05102422139615,0.221411494509058
350,2012,5.05757635948505,0.222223852645401
351,2012,5.06421123093197,0.222902694134271
352,2012,5.07093371219467,0.22343893029679
353,2012,5.07774867973091,0.223823879687788
354,2012,5.08466100999844,0.224049302624566
355,2012,5.09167557945502,0.22410743984427
356,2012,5.09879726455839,0.223991056397005
357,2012,5.10603094176631,0.223693492020773
358,2012,5.11338148753654,0.223208719419216
359,2012,5.12085377832683,0.222531412080632
360,2012,5.12845269059492,0.221657023543971
361,2012,5.13618310079858,0.220581880342928
362,2012,5.14404988539556,0.219303291251497
363,2012,5.15205792084361,0.217819675922422
364,2012,5.16021208360049,0.216130716561873
365,2012,5.16850923750237,0.21424028220986
1,2013,5.15962339173956,0.222897018291679
2,2013,5.16735380194323,0.22181295961095
3,2013,5.1752205865402,0.220526164818797
4,2013,5.18322862198825,0.21903507031056
5,2013,5.19138278474513,0.21733937231875
6,2013,5.19967993864701,0.215442935648187
7,2013,5.20808489704375,0.213361899847323
8,2013,5.21655446066366,0.211116076521502
9,2013,5.22504543023501,0.208726113212553
10,2013,5.23351460648611,0.206213447280669
11,2013,5.24191879014524,0.203600256373251
12,2013,5.25021478194069,0.200909401659001
13,2013,5.25835938260075,0.19816435974218
14,2013,5.26630939285371,0.195389138910445
15,2013,5.27402161342787,0.192608175169012
16,2013,5.28145284505151,0.189846203449947
17,2013,5.28855988845292,0.187128099551508
18,2013,5.29529954436041,0.184478688866225
19,2013,5.30162861350224,0.181922518910307
20,2013,5.30750389660672,0.179483594173504
21,2013,5.31288219440214,0.177185073935684
22,2013,5.31772030761678,0.175048936448477
23,2013,5.32197503697895,0.173095616164851
24,2013,5.32560318321692,0.171343624300628
25,2013,5.32856154705899,0.16980916658001
26,2013,5.33080692923345,0.168505775086191
27,2013,5.33229613046858,0.167443973180936
28,2013,5.33298595149269,0.166630992975284
29,2013,5.33283319303406,0.166070563471779
30,2013,5.33179465582098,0.165762784151741
31,2013,5.32982714058174,0.165704093664531
32,2013,5.32688744804464,0.165887336925635
33,2013,5.32293237893796,0.166301927124336
34,2013,5.31791873398999,0.16693409275307
35,2013,5.31180331392902,0.167767194595099
36,2013,5.30454291948335,0.168782094210871
37,2013,5.29609435138126,0.169957554092343
38,2013,5.28641441035105,0.171270650225128
39,2013,5.27545989712101,0.172697179961336
40,2013,5.26318761241942,0.174212051354607
41,2013,5.24955435697458,0.175789643896342
42,2013,5.23451693151477,0.177404134429488
43,2013,5.2180321367683,0.179029785533014
44,2013,5.20005677346344,0.18064119663691
45,2013,5.1805476423285,0.182213520446934
46,2013,5.15946154409175,0.183722648937954
47,2013,5.13675527948149,0.185145374292902
48,2013,5.11238564922601,0.18645953083774
49,2013,5.08630945405361,0.187644124381126
50,2013,5.05848349469257,0.188679455535957
51,2013,5.02886457187117,0.189547243690277
52,2013,4.99740948631773,0.190230758400918
53,2013,4.96407503876051,0.190714965181076
54,2013,4.92881802992782,0.190986693003026
55,2013,4.89159526054795,0.191034831385899
56,2013,4.85236575182046,0.190850903666272
57,2013,4.8111558676757,0.190439142211218
58,2013,4.76806982731848,0.189817710828616
59,2013,4.72321618681162,0.189007107137936
60,2013,4.67670350221792,0.188029270527283
61,2013,4.6286403296002,0.186907372061662
62,2013,4.57913522502126,0.185665612086268
63,2013,4.52829674454392,0.184329017269124
64,2013,4.47623344423097,0.182923229718021
65,2013,4.42305388014524,0.181474281731675
66,2013,4.36886660834953,0.180008350822519
67,2013,4.31378018490665,0.178551490989551
68,2013,4.25790316587942,0.177129337916443
69,2013,4.20134410733063,0.175766787879895
70,2013,4.14421156532309,0.174487652678134
71,2013,4.08661409591963,0.173314295755765
72,2013,4.02866025518304,0.172267257743893
73,2013,3.97045859917614,0.171364882593059
74,2013,3.91211768396174,0.170622958011313
75,2013,3.85374606560264,0.17005438565028
76,2013,3.79545230016166,0.169668897049924
77,2013,3.7373449437016,0.169472830496882
78,2013,3.67953255228527,0.169468981581027
79,2013,3.62212368197548,0.169656536478827
80,2013,3.56522688883505,0.170031092203347
81,2013,3.50895072892678,0.170584762773182
82,2013,3.45340375831348,0.171306365090268
83,2013,3.39869453305796,0.172181673881496
84,2013,3.34493160922302,0.173193731823808
85,2013,3.29222354287149,0.174323199205918
86,2013,3.24067889006616,0.175548727222048
87,2013,3.19040620686985,0.176847340079198
88,2013,3.14151404934537,0.178194813220951
89,2013,3.09411097355552,0.179566037751098
90,2013,3.04830553556312,0.180935364208127
91,2013,3.00420629143097,0.182276921884322
92,2013,2.96192179722189,0.183564912677246
93,2013,2.92156060899868,0.184773880879632
94,2013,2.88323128282415,0.185878962315883
95,2013,2.84704237476111,0.186856117847828
96,2013,2.81310244087237,0.187682357574661
97,2013,2.78152003722075,0.188335963145575
98,2013,2.75240371986904,0.188796716605171
99,2013,2.72586204488006,0.189046145220664
100,2013,2.70200356831662,0.189067792912182
101,2013,2.68093684624153,0.188847530331623
102,2013,2.6627704347176,0.188373917408079
103,2013,2.64761288980763,0.187638634375172
104,2013,2.63557276757444,0.186636999957313
105,2013,2.62675862408083,0.185368598487825
106,2013,2.62127901538962,0.183838041102472
107,2013,2.61924196694713,0.182055957743254
108,2013,2.62066934534909,0.180050709081576
109,2013,2.62540234228045,0.177878438188916
110,2013,2.63325939924468,0.175600371378404
111,2013,2.64405895774525,0.173278940255565
112,2013,2.65761945928563,0.170976791207511
113,2013,2.67375934536929,0.168755626967049
114,2013,2.69229705749969,0.166674867721067
115,2013,2.71305103718031,0.164790144378633
116,2013,2.7358397259146,0.163151668230725
117,2013,2.76048156520604,0.161802556165388
118,2013,2.7867949965581,0.160777222925764
119,2013,2.81459846147424,0.160099973669644
120,2013,2.84371040145792,0.159783933371329
121,2013,2.87394925801263,0.159830429404342
122,2013,2.90513347264183,0.160228900602944
123,2013,2.93708148684898,0.160957347504428
124,2013,2.96961174213755,0.16198327660716
125,2013,3.00254268001101,0.163265039760878
126,2013,3.03569274197283,0.164753438387821
127,2013,3.06888036952647,0.166393455084219
128,2013,3.10192400417541,0.168125989767318
129,2013,3.13464208742311,0.169889506970434
130,2013,3.16685306077303,0.171621536798042
131,2013,3.19837536572866,0.173260007295895
132,2013,3.22902744379345,0.174744416052233
133,2013,3.25862773647087,0.176016872015964
134,2013,3.28699468526439,0.177023055288359
135,2013,3.31394673167748,0.17771315484677
136,2013,3.3393023172136,0.178042854202437
137,2013,3.36287988337623,0.177974445365666
138,2013,3.38449787166883,0.17747816447635
139,2013,3.40397472359487,0.176533859966915
140,2013,3.42114353413775,0.175136855934945
141,2013,3.43600774498502,0.173338509027252
142,2013,3.44868069892372,0.171226674969108
143,2013,3.45927757042585,0.168895186969861
144,2013,3.46791353396343,0.166441440004167
145,2013,3.47470376400848,0.163964217142699
146,2013,3.47976343503302,0.16156115937113
147,2013,3.48320772150905,0.159325816603129
148,2013,3.4851517979086,0.157344302748126
149,2013,3.48571083870367,0.155691687632574
150,2013,3.48500001836629,0.154428378831035
151,2013,3.48313451136846,0.153596848086028
152,2013,3.48022949218221,0.153219102762496
153,2013,3.47640013527955,0.153295262035496
154,2013,3.47176161513249,0.153803464120519
155,2013,3.46642910621306,0.154701133226828
156,2013,3.46051778299326,0.155927428692681
157,2013,3.4541428199451,0.157406543707079
158,2013,3.44741939154062,0.159051455297304
159,2013,3.44046267225181,0.160767754486116
160,2013,3.4333878365507,0.162457280228249
161,2013,3.4263100589093,0.164021405437097
162,2013,3.41934451379963,0.16536394558173
163,2013,3.4126063756937,0.166393761543481
164,2013,3.40621081906353,0.167027204945146
165,2013,3.40027301838113,0.167190612700085
166,2013,3.39489331362217,0.166834415572121
167,2013,3.39008903532484,0.165987183968157
168,2013,3.38584865629614,0.164712443239429
169,2013,3.38216062036947,0.163083495190103
170,2013,3.3790133713782,0.161180627302099
171,2013,3.37639535315573,0.159088556935057
172,2013,3.37429500953545,0.156893895239948
173,2013,3.37270078435075,0.154682493449935
174,2013,3.37160112143501,0.152536596883852
175,2013,3.37098446462162,0.150531807276956
176,2013,3.37083925774397,0.148733941657582
177,2013,3.37115394463545,0.147195966988943
178,2013,3.37191696912945,0.145955266107977
179,2013,3.37311677505935,0.145031528684709
180,2013,3.37474180625855,0.144425540954386
181,2013,3.37678050656043,0.144119064073944
182,2013,3.37922131979838,0.144075858684457
183,2013,3.38205268980579,0.144243767075472
184,2013,3.38526306041605,0.14455764517196
185,2013,3.38884087546254,0.144942875680856
186,2013,3.39277457877865,0.145319202010682
187,2013,3.39705261419779,0.14560469032185
188,2013,3.40166342555332,0.145719732737794
189,2013,3.40659545667864,0.145591126224277
190,2013,3.41183715140713,0.145156384112052
191,2013,3.4173769535722,0.144368555186218
192,2013,3.42320331144676,0.143202140922302
193,2013,3.4293053941753,0.141691389718949
194,2013,3.43567388256821,0.139961964143355
195,2013,3.44229964778149,0.138160391442227
196,2013,3.44917356097116,0.136437203419948
197,2013,3.45628649329322,0.134938228337893
198,2013,3.46362931590366,0.13379510464288
199,2013,3.4711928999585,0.133115527341776
200,2013,3.47896811661375,0.132974277716462
201,2013,3.4869458370254,0.133406403111874
202,2013,3.49511693234945,0.134403796480803
203,2013,3.50347227374193,0.135915827339452
204,2013,3.51200273235882,0.137853801033764
205,2013,3.52069917935613,0.140098239382974
206,2013,3.52955248588988,0.142507591541894
207,2013,3.53855352311605,0.144927076811791
208,2013,3.54769316219066,0.147196785294769
209,2013,3.55696227426972,0.149158690554796
210,2013,3.56635182318962,0.150663453690223
211,2013,3.57585833361076,0.151622013506891
212,2013,3.58548694947075,0.152039626882092
213,2013,3.59524355615036,0.151950492230604
214,2013,3.6051340390304,0.151406613968826
215,2013,3.61516428349164,0.150473810927238
216,2013,3.6253401749149,0.149228517246454
217,2013,3.63566759868095,0.147755016517745
218,2013,3.64615244017059,0.146142821915781
219,2013,3.65680058476461,0.144483976816566
220,2013,3.6676179178438,0.142870115030244
221,2013,3.67861032478895,0.141389199612212
222,2013,3.68978369098086,0.140121961465984
223,2013,3.70114390180032,0.139138180503802
224,2013,3.71269684262811,0.138493075219155
225,2013,3.72444839884504,0.138224159288595
226,2013,3.73640445583189,0.138348949441941
227,2013,3.74857089896945,0.138863842585836
228,2013,3.76095361363851,0.139744326469158
229,2013,3.77355848521988,0.140946485865137
230,2013,3.78639139909433,0.142409575127798
231,2013,3.79945824064266,0.144059302815071
232,2013,3.81276489524567,0.145811441641986
233,2013,3.82631724828414,0.147575429641276
234,2013,3.84012115205241,0.149257819454732
235,2013,3.85417708643241,0.150779860197636
236,2013,3.86847426536962,0.152100618858981
237,2013,3.88300048422793,0.153194994451543
238,2013,3.89774353837126,0.154048344658503
239,2013,3.91269122316352,0.154654808568444
240,2013,3.92783133396862,0.155015927476625
241,2013,3.94315166615046,0.155139519621195
242,2013,3.95864001507295,0.155038763376669
243,2013,3.9742841761,0.154731445994279
244,2013,3.99007194459553,0.154239338920636
245,2013,4.00599111592342,0.153587664745486
246,2013,4.0220294854476,0.152804624377282
247,2013,4.03817484853198,0.151920956020058
248,2013,4.05441500054045,0.150969500101238
249,2013,4.07073773683693,0.149984746833652
250,2013,4.08713085278533,0.149002346062354
251,2013,4.10358214374955,0.148058562985319
252,2013,4.1200794050935,0.147189668762293
253,2013,4.1366104321811,0.146431262311504
254,2013,4.15316302037624,0.145817528814109
255,2013,4.16972496504284,0.145380451210657
256,2013,4.1862840615448,0.145149002306259
257,2013,4.20282810524604,0.145148355442096
258,2013,4.21934489151046,0.145399159091921
259,2013,4.23582221570196,0.14591692327486
260,2013,4.25224787318446,0.146711561983278
261,2013,4.26860965932187,0.147787125649475
262,2013,4.28489536947809,0.149141742144738
263,2013,4.30109279901704,0.150767766307844
264,2013,4.31718974330261,0.152652119643369
265,2013,4.33317399769872,0.154776786639802
266,2013,4.34903335756927,0.157119424322529
267,2013,4.36475561827818,0.159654038072758
268,2013,4.38032857518934,0.162351678985305
269,2013,4.39574002366668,0.165181124699192
270,2013,4.4109777590741,0.168109514852132
271,2013,4.4260295767755,0.171102922267558
272,2013,4.44088327213479,0.174126850259818
273,2013,4.45552664051589,0.177146654157159
274,2013,4.46994747728269,0.180127890927476
275,2013,4.48413357779912,0.183036604678775
276,2013,4.49807273742906,0.185839558070506
277,2013,4.51175275153645,0.188504420699827
278,2013,4.5251634149182,0.19100235069607
279,2013,4.53830571060487,0.1933197073761
280,2013,4.55118451114907,0.195450042996505
281,2013,4.56380469300856,0.197389226112223
282,2013,4.57617113264109,0.199135117535567
283,2013,4.58828870650441,0.200687301799757
284,2013,4.60016229105628,0.202046861474663
285,2013,4.61179676275445,0.203216187411814
286,2013,4.62319699805668,0.20419881901108
287,2013,4.63436787342071,0.20499930950356
288,2013,4.6453142653043,0.205623112024443
289,2013,4.6560410501652,0.206076482909361
290,2013,4.66655310446118,0.206366399198337
291,2013,4.67685530464997,0.206500487785387
292,2013,4.68695252718934,0.206486964022531
293,2013,4.69684964853703,0.206334577886971
294,2013,4.70655154515081,0.206052566060848
295,2013,4.71606309348842,0.205650608464764
296,2013,4.72538917000762,0.205138787938068
297,2013,4.73453465116616,0.204527551879115
298,2013,4.7435044134218,0.20382767475473
299,2013,4.75230333323229,0.203050220466872
300,2013,4.76093628705538,0.202206503632842
301,2013,4.76940815134882,0.201308048899657
302,2013,4.77772380257038,0.200366547480067
303,2013,4.78588811717779,0.199393810173453
304,2013,4.79390597162883,0.19840171622582
305,2013,4.80178224238123,0.197402157495175
306,2013,4.80952180589275,0.196406977527023
307,2013,4.81712953862116,0.195427905313493
308,2013,4.82461031702419,0.194476483711099
309,2013,4.83196901755961,0.193563992726266
310,2013,4.83921051668516,0.192701368141452
311,2013,4.8463396908586,0.191899116241288
312,2013,4.85336141653769,0.191167225697186
313,2013,4.86028057018018,0.190515077965788
314,2013,4.86710202824382,0.18995135783362
315,2013,4.87383066718636,0.189483965976974
316,2013,4.88047136346556,0.18911993558124
317,2013,4.88702899353917,0.188865355157434
318,2013,4.89350843386494,0.188725299689127
319,2013,4.89991456090064,0.188703772129514
320,2013,4.906252251104,0.188803657043129
321,2013,4.91252638093279,0.18902668785599
322,2013,4.91874182684476,0.189373428757281
323,2013,4.92490346529767,0.189843271809233
324,2013,4.93101617274925,0.190434449300111
325,2013,4.93708482565728,0.191144060852271
326,2013,4.9431143004795,0.191968114307057
327,2013,4.94910947367367,0.192901578981574
328,2013,4.95507522169754,0.193938449553336
329,2013,4.96101642100886,0.195071818593228
330,2013,4.96693794806538,0.196293955641824
331,2013,4.97284467932487,0.197596390706178
332,2013,4.97874149124507,0.198970000133678
333,2013,4.98463326028374,0.200405092980112
334,2013,4.99052486289863,0.201891496211293
335,2013,4.99642117554749,0.20341863734047
336,2013,5.00232707468808,0.204975623387259
337,2013,5.00824743677815,0.206551315330276
338,2013,5.01418713827546,0.208134397500458
339,2013,5.02015105563775,0.209713441614652
340,2013,5.02614406532279,0.211276965372323
341,2013,5.03217104378831,0.212813485728765
342,2013,5.03823686749209,0.214311567115305
343,2013,5.04434641289187,0.215759865002216
344,2013,5.05050455644541,0.21714716529672
345,2013,5.05671617461045,0.218462420140737
346,2013,5.06298614384476,0.219694780725834
347,2013,5.06931934060609,0.220833627781056
348,2013,5.07572064135218,0.221868600418117
349,2013,5.08219492254079,0.222789624042361
350,2013,5.08874706062969,0.223586938061688
351,2013,5.09538193207661,0.22425112415336
352,2013,5.10210441333931,0.22477313588439
353,2013,5.10891938087555,0.225144330529062
354,2013,5.11583171114308,0.225356503990909
355,2013,5.12284628059966,0.225401929820538
356,2013,5.12996796570303,0.225273403429349
357,2013,5.13720164291095,0.224964292737591
358,2013,5.14455218868118,0.224468596668954
359,2013,5.15202447947147,0.223781013119308
360,2013,5.15962339173956,0.222897018291679
361,2013,5.16735380194323,0.22181295961095
362,2013,5.1752205865402,0.220526164818797
363,2013,5.18322862198825,0.21903507031056
364,2013,5.19138278474513,0.21733937231875
365,2013,5.19967993864701,0.215442935648187
1,2014,5.19079472545,0.224869013312358
2,2014,5.19852513565366,0.223779715526483
3,2014,5.20639192025064,0.222489090384427
4,2014,5.21439995569869,0.220995620460927
5,2014,5.22255411845556,0.21929904609814
6,2014,5.23085127235744,0.217403248846103
7,2014,5.23925623075419,0.215324284176843
8,2014,5.24772579437409,0.213081850135917
9,2014,5.25621676394545,0.210696473385022
10,2014,5.26468594019654,0.208189460928443
11,2014,5.27309012385567,0.205582848409815
12,2014,5.28138611565112,0.202899341226373
13,2014,5.28953071631118,0.200162244470308
14,2014,5.29748072656414,0.197395377475683
15,2014,5.3051929471383,0.194622968581826
16,2014,5.31262417876194,0.191869525693214
17,2014,5.31973122216336,0.189159678410425
18,2014,5.32647087807084,0.186517988027651
19,2014,5.33279994721267,0.183968722644357
20,2014,5.33867523031715,0.181535596114854
21,2014,5.34405352811257,0.179241471619534
22,2014,5.34889164132722,0.177108033283406
23,2014,5.35314637068938,0.175155432398616
24,2014,5.35677451692735,0.173401918220351
25,2014,5.35973288076942,0.171863466669028
26,2014,5.36197826294388,0.170553423149791
27,2014,5.36346746417902,0.169482177602587
28,2014,5.36415728520313,0.168656890361485
29,2014,5.3640045267445,0.168081286102636
30,2014,5.36296598953142,0.167755530000289
31,2014,5.36099847429218,0.167676195388811
32,2014,5.35805878175507,0.167836326240822
33,2014,5.35410371264839,0.168225591336746
34,2014,5.34909006770042,0.168830520930853
35,2014,5.34297464763945,0.169634811758561
36,2014,5.33571425319378,0.170619682918021
37,2014,5.3272656850917,0.17176426374171
38,2014,5.31758574406149,0.173045995191865
39,2014,5.30663123083144,0.174441028257232
40,2014,5.29435894612985,0.175924605834434
41,2014,5.28072569068501,0.177471418136475
42,2014,5.26568826522521,0.179055925320531
43,2014,5.24920347047873,0.180652644409892
44,2014,5.23122810717388,0.182236400472393
45,2014,5.21171897603893,0.183782544305762
46,2014,5.19063287780218,0.185267140565295
47,2014,5.16792661319193,0.186667131417106
48,2014,5.14355698293645,0.187960481516204
49,2014,5.11748078776404,0.189126310513563
50,2014,5.089654828403,0.190145019508866
51,2014,5.06003590558161,0.190998417993156
52,2014,5.02858082002816,0.191669857959477
53,2014,4.99524637247095,0.192144382074684
54,2014,4.95998936363825,0.192408893161526
55,2014,4.92276659425838,0.192452352782683
56,2014,4.8835370855309,0.19226635198906
57,2014,4.84232720138613,0.191855086497203
58,2014,4.79924116102891,0.191236564704253
59,2014,4.75438752052205,0.190431123045509
60,2014,4.70787483592835,0.189460538112234
61,2014,4.65981166331063,0.18834781389134
62,2014,4.61030655873169,0.187116976740922
63,2014,4.55946807825435,0.185792869970763
64,2014,4.50740477794141,0.184400940802482
65,2014,4.45422521385568,0.182967013427551
66,2014,4.40003794205997,0.181517042976426
67,2014,4.34495151861709,0.180076846563689
68,2014,4.28907449958985,0.178671809268214
69,2014,4.23251544104106,0.177326564994509
70,2014,4.17538289903353,0.176064654637916
71,2014,4.11778542963007,0.174908166765266
72,2014,4.05983158889348,0.173877368959561
73,2014,4.00162993288658,0.172990340808812
74,2014,3.94328901767218,0.172262621918505
75,2014,3.88491739931308,0.17170688993326
76,2014,3.82662363387209,0.17133268402991
77,2014,3.76851627741203,0.171146188451589
78,2014,3.7107038859957,0.171150088314424
79,2014,3.65329501568592,0.171343506266682
80,2014,3.59639822254549,0.1717220239578
81,2014,3.54012206263721,0.172277787192043
82,2014,3.48457509202391,0.172999688691644
83,2014,3.42986586676839,0.17387361814693
84,2014,3.37610294293346,0.174882766132233
85,2014,3.32339487658192,0.176007966770368
86,2014,3.2718502237766,0.177228063773155
87,2014,3.22157754058029,0.17852028551602
88,2014,3.1726853830558,0.179860616829776
89,2014,3.12528230726596,0.181224157856305
90,2014,3.07947686927356,0.182585463263995
91,2014,3.03537762514141,0.183918858055264
92,2014,2.99309313093232,0.18519872890702
93,2014,2.95273194270911,0.186399792341439
94,2014,2.91440261653458,0.187497342987478
95,2014,2.87821370847154,0.188467486787479
96,2014,2.84427377458281,0.189287365298262
97,2014,2.81269137093118,0.189935378330192
98,2014,2.78357505357948,0.190391413172096
99,2014,2.7570333785905,0.190637089679292
100,2014,2.73317490202706,0.190656031668296
101,2014,2.71210817995197,0.19043417646965
102,2014,2.69394176842803,0.189960136232989
103,2014,2.67878422351807,0.18922562672876
104,2014,2.66674410128487,0.188225981985589
105,2014,2.65792995779127,0.186960776108782
106,2014,2.65245034910005,0.185434576884803
107,2014,2.65041330065757,0.18365792664386
108,2014,2.65184067905952,0.181658945811306
109,2014,2.65657367599088,0.179493279204716
110,2014,2.66443073295511,0.177221578957346
111,2014,2.67523029145569,0.174905652606114
112,2014,2.68879079299607,0.172607477816474
113,2014,2.70493067907973,0.170388055939465
114,2014,2.72346839121013,0.168306092925116
115,2014,2.74422237089074,0.166416520435444
116,2014,2.76701105962504,0.164768900335653
117,2014,2.79165289891648,0.163405789064348
118,2014,2.81796633026853,0.162361169089542
119,2014,2.84576979518467,0.161659075284973
120,2014,2.87488173516836,0.161312547181218
121,2014,2.90512059172307,0.161323018974917
122,2014,2.93630480635226,0.161680218479127
123,2014,2.96825282055941,0.162362590614637
124,2014,3.00078307584798,0.16333820203459
125,2014,3.03371401372144,0.164566033670467
126,2014,3.06686407568326,0.165997537096028
127,2014,3.10005170323691,0.167578322641487
128,2014,3.13309533788584,0.169249860092194
129,2014,3.16581342113354,0.170951100234029
130,2014,3.19802439448347,0.172619959633342
131,2014,3.22954669943909,0.17419464502625
132,2014,3.26019877750388,0.175614823095728
133,2014,3.2897990701813,0.17682266443372
134,2014,3.31816601897482,0.177763807449372
135,2014,3.34511806538792,0.178388300564052
136,2014,3.37047365092404,0.178651591524354
137,2014,3.39405121708667,0.178515643495068
138,2014,3.41566920537927,0.177950271053277
139,2014,3.43514605730531,0.176934807263948
140,2014,3.45231486784819,0.175463977084945
141,2014,3.46717907869546,0.17358860735962
142,2014,3.47985203263415,0.171396154612163
143,2014,3.49044890413628,0.168980157104948
144,2014,3.49908486767387,0.166437854051824
145,2014,3.50587509771892,0.163868051646697
146,2014,3.51093476874345,0.161368632025471
147,2014,3.51437905521949,0.159033636126455
148,2014,3.51632313161903,0.1569499344137
149,2014,3.5168821724141,0.155193608788905
150,2014,3.51617135207672,0.153826291480025
151,2014,3.5143058450789,0.152891813912626
152,2014,3.51140082589265,0.152413572544508
153,2014,3.50757146898999,0.1523929862576
154,2014,3.50293294884293,0.152809291657199
155,2014,3.49760043992349,0.1536207243741
156,2014,3.49168911670369,0.154766921726192
157,2014,3.48531415365554,0.156172217193884
158,2014,3.47859072525105,0.157749422083125
159,2014,3.47163400596225,0.159403711146631
160,2014,3.46455917026114,0.161036322331561
161,2014,3.45748139261974,0.162547907819167
162,2014,3.45051584751007,0.163841499797989
163,2014,3.44377770940414,0.164825159915765
164,2014,3.43738215277396,0.165414461449648
165,2014,3.43144435209156,0.165535014442673
166,2014,3.42606464733261,0.165136648249602
167,2014,3.42126036903528,0.164247712679847
168,2014,3.41701999000658,0.162931786622563
169,2014,3.4133319540799,0.161262410659783
170,2014,3.41018470508864,0.159320286548931
171,2014,3.40756668686617,0.157190711650234
172,2014,3.40546634324589,0.154961027285836
173,2014,3.40387211806118,0.152717938084394
174,2014,3.40277245514544,0.150544622866498
175,2014,3.40215579833205,0.148517635045773
176,2014,3.4020105914544,0.146703681882753
177,2014,3.40232527834588,0.145156468020107
178,2014,3.40308830283988,0.143913870314678
179,2014,3.40428810876979,0.142995752729044
180,2014,3.40591313996898,0.142402709952985
181,2014,3.40795184027086,0.142115939812878
182,2014,3.41039265350881,0.142098303932612
183,2014,3.41322402351622,0.142296480720733
184,2014,3.41643439412648,0.142643988746216
185,2014,3.42001220917297,0.143064795353394
186,2014,3.42394591248909,0.143477235959481
187,2014,3.42822394790822,0.143798042609704
188,2014,3.43283475926375,0.143946392320993
189,2014,3.43776679038907,0.143848012717746
190,2014,3.44300848511757,0.143439508970193
191,2014,3.44854828728263,0.142673196848834
192,2014,3.4543746451572,0.141523047154016
193,2014,3.46047672788573,0.140023388008585
194,2014,3.46684521627864,0.138300940388605
195,2014,3.47347098149193,0.136503514046315
196,2014,3.4803448946816,0.13478300316711
197,2014,3.48745782700365,0.133286598657542
198,2014,3.4948006496141,0.132147177494493
199,2014,3.50236423366894,0.131473390401993
200,2014,3.51013945032418,0.131340530014644
201,2014,3.51811717073583,0.131783591639189
202,2014,3.52628826605989,0.132793817125585
203,2014,3.53464360745236,0.134319388575013
204,2014,3.54317406606925,0.136270028467959
205,2014,3.55187051306657,0.138524453146279
206,2014,3.56072381960031,0.140939238545505
207,2014,3.56972485682649,0.143357765661586
208,2014,3.5788644959011,0.145618360132825
209,2014,3.58813360798015,0.147561286652774
210,2014,3.59752315690005,0.149035507671331
211,2014,3.6070296673212,0.149951075109536
212,2014,3.61665828318118,0.150313693594887
213,2014,3.6264148898608,0.15015814207303
214,2014,3.63630537274083,0.149537046913669
215,2014,3.64633561720208,0.148516936817071
216,2014,3.65651150862533,0.147175104199027
217,2014,3.66683893239138,0.145596906613424
218,2014,3.67732377388102,0.143873212781367
219,2014,3.68797191847504,0.142097756965097
220,2014,3.69878925155423,0.140364227028365
221,2014,3.70978165849939,0.138762989544087
222,2014,3.7209550246913,0.137377459124515
223,2014,3.73231523551075,0.136280247646298
224,2014,3.74386817633855,0.135529365009871
225,2014,3.75561973255548,0.135164852347253
226,2014,3.76757578954232,0.135206268855805
227,2014,3.77974223267988,0.135651393096942
228,2014,3.79212494734895,0.136476338639679
229,2014,3.80472981893031,0.137637062478337
230,2014,3.81756273280477,0.139072029676369
231,2014,3.8306295743531,0.140705653156206
232,2014,3.84393622895611,0.142452086520802
233,2014,3.85748858199457,0.144219003224727
234,2014,3.87129248576285,0.145911196938164
235,2014,3.88534842014285,0.147448320062001
236,2014,3.89964559908005,0.148788213688059
237,2014,3.91417181793836,0.149904921004373
238,2014,3.9289148720817,0.15078324036216
239,2014,3.94386255687396,0.151416988137684
240,2014,3.95900266767906,0.151807572282704
241,2014,3.9743229998609,0.151962830600044
242,2014,3.98981134878339,0.151896086051642
243,2014,4.00545550981044,0.151625373996327
244,2014,4.02124327830596,0.151172800371001
245,2014,4.03716244963386,0.150563994052769
246,2014,4.05320081915804,0.149827620375591
247,2014,4.06934618224241,0.148994925919513
248,2014,4.08558633425088,0.148099287442434
249,2014,4.10190907054736,0.147175740579767
250,2014,4.11830218649576,0.146260467220521
251,2014,4.13475347745998,0.145390224861748
252,2014,4.15125073880393,0.144601707290818
253,2014,4.16778176589153,0.143930834012177
254,2014,4.18433435408667,0.143411975933212
255,2014,4.20089629875327,0.143077136430187
256,2014,4.21745539525523,0.142955118860232
257,2014,4.23399943895647,0.143070722088681
258,2014,4.25051622522089,0.143444012531363
259,2014,4.26699354941239,0.144089722575092
260,2014,4.2834192068949,0.145016819796054
261,2014,4.29978099303231,0.146228279194896
262,2014,4.31606670318853,0.147721073268874
263,2014,4.33226413272747,0.149486374964431
264,2014,4.34836107701304,0.151509949790259
265,2014,4.36434533140915,0.153772698698351
266,2014,4.3802046912797,0.156251304758151
267,2014,4.39592695198861,0.158918934705287
268,2014,4.41149990889978,0.161745950335236
269,2014,4.42691135737712,0.164700592724006
270,2014,4.44214909278453,0.167749612364162
271,2014,4.45720091048593,0.170858828665993
272,2014,4.47205460584522,0.17399361154744
273,2014,4.48669797422632,0.177119285269339
274,2014,4.50111881099313,0.180201460031333
275,2014,4.51530491150955,0.18320630026744
276,2014,4.5292440711395,0.186100740416702
277,2014,4.54292408524688,0.18885265961861
278,2014,4.55633474862863,0.19143347374581
279,2014,4.5694770443153,0.193829926593257
280,2014,4.58235584485951,0.196035967595858
281,2014,4.59497602671899,0.198047827093873
282,2014,4.60734246635152,0.199863693781148
283,2014,4.61946004021485,0.201483448182138
284,2014,4.63133362476672,0.202908439175623
285,2014,4.64296809646489,0.204141296459222
286,2014,4.65436833176711,0.205185772933332
287,2014,4.66553920713114,0.206046611932125
288,2014,4.67648559901473,0.206729435039702
289,2014,4.68721238387564,0.207240646909803
290,2014,4.69772443817161,0.20758735407135
291,2014,4.7080266383604,0.207777295164603
292,2014,4.71812386089977,0.207818780428899
293,2014,4.72802098224746,0.2077206385665
294,2014,4.73772287886124,0.207492169350344
295,2014,4.74723442719885,0.207143100537257
296,2014,4.75656050371806,0.206683547802042
297,2014,4.7657059848766,0.206123976530113
298,2014,4.77467574713223,0.205475164404758
299,2014,4.78347466694272,0.204748163806608
300,2014,4.79210762076581,0.203954263114171
301,2014,4.80057948505926,0.203104946061742
302,2014,4.80889513628081,0.202211848380946
303,2014,4.81705945088823,0.201286711030678
304,2014,4.82507730533926,0.200341329413208
305,2014,4.83295357609166,0.199387498087168
306,2014,4.84069313960319,0.198436950625694
307,2014,4.84830087233159,0.197501294433714
308,2014,4.85578165073462,0.196591940534004
309,2014,4.86314035127004,0.195720028556731
310,2014,4.87038185039559,0.194896347418464
311,2014,4.87751102456904,0.194131252447373
312,2014,4.88453275024813,0.193434579991496
313,2014,4.89145190389061,0.192815560822781
314,2014,4.89827336195425,0.192282733904434
315,2014,4.90500200089679,0.191843862304291
316,2014,4.91164269717599,0.191505853193027
317,2014,4.9182003272496,0.191274683945162
318,2014,4.92467976757537,0.191155336348143
319,2014,4.93108589461107,0.191151740811344
320,2014,4.93742358481443,0.191266732250297
321,2014,4.94369771464323,0.191502019008422
322,2014,4.9499131605552,0.191858165783397
323,2014,4.9560747990081,0.192334591070528
324,2014,4.96218750645969,0.192929579149034
325,2014,4.96825615936772,0.193640306150018
326,2014,4.97428563418994,0.194462879288157
327,2014,4.9802808073841,0.195392387940719
328,2014,4.98624655540797,0.196422964939533
329,2014,4.99218775471929,0.197547856218729
330,2014,4.99810928177582,0.198759496839579
331,2014,5.0040160130353,0.200049591391768
332,2014,5.0099128249555,0.201409196838837
333,2014,5.01580459399417,0.202828806020008
334,2014,5.02169619660906,0.204298430223457
335,2014,5.02759250925792,0.205807679488289
336,2014,5.03349840839851,0.207345839555714
337,2014,5.03941877048858,0.208901944657623
338,2014,5.04535847198589,0.210464845589511
339,2014,5.05132238934818,0.212023272754123
340,2014,5.05731539903322,0.213565894075687
341,2014,5.06334237749875,0.215081367868318
342,2014,5.06940820120253,0.216558390895313
343,2014,5.07551774660231,0.21798574197967
344,2014,5.08167589015584,0.219352321623054
345,2014,5.08788750832089,0.220647188164365
346,2014,5.09415747755519,0.221859591064412
347,2014,5.10049067431652,0.222979001944595
348,2014,5.10689197506261,0.223995144039619
349,2014,5.11336625625123,0.224898020751571
350,2014,5.11991839434012,0.225677944019586
351,2014,5.12655326578704,0.226325563249758
352,2014,5.13327574704974,0.226831895588072
353,2014,5.14009071458599,0.227188358368606
354,2014,5.14700304485352,0.227386804634115
355,2014,5.15401761431009,0.227419562710489
356,2014,5.16113929941347,0.227279480924728
357,2014,5.16837297662139,0.226959978693073
358,2014,5.17572352239162,0.226455105377116
359,2014,5.1831958131819,0.225759608517326
360,2014,5.19079472545,0.224869013312358
361,2014,5.19852513565366,0.223779715526483
362,2014,5.20639192025064,0.222489090384427
363,2014,5.21439995569869,0.220995620460927
364,2014,5.22255411845556,0.21929904609814
365,2014,5.23085127235744,0.217403248846103
1,2015,5.22196722506168,0.22755372446718
2,2015,5.22969763526534,0.226462725635399
3,2015,5.23756441986232,0.225172456914283
4,2015,5.24557245531037,0.223681473618234
5,2015,5.25372661806725,0.221989587064915
6,2015,5.26202377196912,0.220100713714424
7,2015,5.27042873036587,0.218030807750372
8,2015,5.27889829398578,0.215799425294336
9,2015,5.28738926355713,0.213426940179171
10,2015,5.29585843980823,0.210934492556976
11,2015,5.30426262346735,0.208343934009575
12,2015,5.3125586152628,0.205677765500122
13,2015,5.32070321592286,0.202959064303014
14,2015,5.32865322617583,0.200211395861072
15,2015,5.33636544674998,0.197458706398886
16,2015,5.34379667837363,0.1947251921386
17,2015,5.35090372177504,0.192035141201931
18,2015,5.35764337768252,0.189412744832214
19,2015,5.36397244682436,0.186881875526446
20,2015,5.36984772992884,0.184465831110099
21,2015,5.37522602772426,0.182187045764324
22,2015,5.3800641409389,0.18006677151508
23,2015,5.38431887030107,0.178124736622222
24,2015,5.38794701653903,0.176378790465259
25,2015,5.3909053803811,0.174844547604191
26,2015,5.39315076255556,0.173535046300318
27,2015,5.3946399637907,0.172460438471392
28,2015,5.39532978481481,0.17162772841781
29,2015,5.39517702635618,0.17104057640423
30,2015,5.3941384891431,0.170699180235428
31,2015,5.39217097390386,0.170600243510582
32,2015,5.38923128136676,0.170737033723387
33,2015,5.38527621226007,0.171099527442545
34,2015,5.3802625673121,0.171674634188082
35,2015,5.37414714725114,0.172446485988175
36,2015,5.36688675280547,0.173396776453645
37,2015,5.35843818470338,0.174505131780171
38,2015,5.34875824367317,0.175749496346534
39,2015,5.33780373044313,0.177106517257782
40,2015,5.32553144574154,0.178551914877222
41,2015,5.3118981902967,0.18006082964321
42,2015,5.29686076483689,0.181608138851276
43,2015,5.28037597009042,0.183168740263689
44,2015,5.26240060678556,0.184717802165179
45,2015,5.24289147565061,0.186230981705517
46,2015,5.22180537741387,0.187684615040801
47,2015,5.19909911280361,0.189055883956238
48,2015,5.17472948254813,0.190322964414452
49,2015,5.14865328737573,0.191465162933022
50,2015,5.12082732801468,0.192463046962169
51,2015,5.09120840519329,0.193298575609022
52,2015,5.05975331963984,0.193955237225578
53,2015,5.02641887208263,0.194418200615768
54,2015,4.99116186324994,0.194674486980604
55,2015,4.95393909387006,0.194713170253846
56,2015,4.91470958514258,0.194525943899151
57,2015,4.87349970099782,0.194116955263923
58,2015,4.8304136606406,0.19350399334768
59,2015,4.78556002013373,0.192707163107242
60,2015,4.73904733554004,0.191748003816538
61,2015,4.69098416292232,0.190649272934927
62,2015,4.64147905834338,0.189434737769228
63,2015,4.59064057786603,0.188128967001951
64,2015,4.53857727755309,0.18675711508176
65,2015,4.48539771346736,0.185344693437813
66,2015,4.43121044167165,0.18391732359344
67,2015,4.37612401822877,0.182500468613314
68,2015,4.32024699920153,0.181119140998426
69,2015,4.26368794065274,0.179797587186393
70,2015,4.20655539864521,0.178558951209765
71,2015,4.14895792924175,0.177424922731899
72,2015,4.09100408850516,0.176415377457347
73,2015,4.03280243249826,0.175548020559541
74,2015,3.97446151728386,0.174838045976824
75,2015,3.91608989892476,0.174297825865599
76,2015,3.85779613348378,0.173936644861919
77,2015,3.79968877702372,0.173760492878818
78,2015,3.74187638560739,0.173771927897825
79,2015,3.6844675152976,0.173970016732258
80,2015,3.62757072215717,0.174350357371769
81,2015,3.5712945622489,0.174905181737423
82,2015,3.5157475916356,0.175623533031925
83,2015,3.46103836638008,0.176491507884656
84,2015,3.40727544254514,0.177492550576461
85,2015,3.35456737619361,0.178607785019575
86,2015,3.30302272338828,0.17981636990145
87,2015,3.25275004019197,0.181095863338688
88,2015,3.20385788266749,0.18242258526368
89,2015,3.15645480687764,0.183771968255194
90,2015,3.11064936888524,0.185118890298885
91,2015,3.06655012475309,0.186437985745826
92,2015,3.02426563054401,0.187703933323149
93,2015,2.9839044423208,0.1888917223202
94,2015,2.94557511614627,0.189976899982719
95,2015,2.90938620808323,0.190935804714465
96,2015,2.87544627419449,0.191745790972839
97,2015,2.84386387054287,0.192385452841765
98,2015,2.81474755319116,0.19283485427488
99,2015,2.78820587820218,0.19307577503246
100,2015,2.76434740163874,0.193091982492156
101,2015,2.74328067956365,0.192869540895368
102,2015,2.72511426803972,0.192397171285495
103,2015,2.70995672312975,0.191666677468491
104,2015,2.69791660089656,0.190673455810993
105,2015,2.68910245740295,0.189417109549415
106,2015,2.68362284871174,0.187902191354278
107,2015,2.68158580026925,0.18613916763424
108,2015,2.68301317867121,0.184155857801693
109,2015,2.68774617560257,0.182007218486687
110,2015,2.6956032325668,0.179753099103965
111,2015,2.70640279106737,0.177454426911598
112,2015,2.71996329260775,0.175172226585431
113,2015,2.73610317869141,0.172966488187239
114,2015,2.75464089082181,0.170894873819461
115,2015,2.77539487050243,0.169011276505601
116,2015,2.79818355923672,0.167364273432558
117,2015,2.82282539852816,0.165995546749999
118,2015,2.84913882988022,0.164938373450659
119,2015,2.87694229479635,0.164216304647571
120,2015,2.90605423478004,0.163842157116374
121,2015,2.93629309133475,0.163817422104448
122,2015,2.96747730596395,0.16413215867652
123,2015,2.9994253201711,0.164765387377427
124,2015,3.03195557545967,0.165685945114581
125,2015,3.06488651333313,0.166853715394481
126,2015,3.09803657529495,0.168221118376012
127,2015,3.13122420284859,0.169734736564773
128,2015,3.16426783749753,0.171336962805458
129,2015,3.19698592074523,0.172967581978949
130,2015,3.22919689409515,0.174565229390762
131,2015,3.26071919905078,0.176068700893553
132,2015,3.29137127711557,0.177418118043063
133,2015,3.32097156979299,0.17855597416948
134,2015,3.34933851858651,0.179428104284841
135,2015,3.3762905649996,0.179984634688592
136,2015,3.40164615053572,0.180180979088169
137,2015,3.42522371669835,0.179978959327241
138,2015,3.44684170499095,0.179348142642505
139,2015,3.46631855691699,0.178267505723273
140,2015,3.48348736745987,0.176731291701759
141,2015,3.49835157830714,0.174789649828138
142,2015,3.51102453224584,0.172529297385857
143,2015,3.52162140374797,0.17004308174305
144,2015,3.53025736728555,0.167427626595334
145,2015,3.5370475973306,0.16478123210517
146,2015,3.54210726835514,0.162201425621425
147,2015,3.54555155483117,0.159782090597623
148,2015,3.54749563123072,0.15761018125243
149,2015,3.54805467202579,0.155762137066995
150,2015,3.54734385168841,0.154300232373412
151,2015,3.54547834469058,0.153269205075995
152,2015,3.54257332550433,0.152693567662245
153,2015,3.53874396860167,0.152575979189036
154,2015,3.53410544845461,0.152896936893419
155,2015,3.52877293953518,0.153615853092132
156,2015,3.52286161631537,0.154673370362199
157,2015,3.51648665326722,0.155994598006253
158,2015,3.50976322486274,0.15749286978418
159,2015,3.50280650557393,0.159073636645533
160,2015,3.49573166987282,0.160638196604899
161,2015,3.48865389223142,0.162087089298926
162,2015,3.48168834712175,0.163323110176306
163,2015,3.47495020901582,0.164254007399858
164,2015,3.46855465238565,0.16479500761641
165,2015,3.46261685170324,0.164871380634984
166,2015,3.45723714694429,0.164432635514455
167,2015,3.45243286864696,0.16350676813812
168,2015,3.44819248961826,0.162157112308464
169,2015,3.44450445369159,0.160457113553987
170,2015,3.44135720470032,0.158487513755677
171,2015,3.43873918647785,0.156333770169938
172,2015,3.43663884285757,0.154083485142302
173,2015,3.43504461767287,0.151823700791386
174,2015,3.43394495475713,0.149637977029993
175,2015,3.43332829794374,0.147603250115315
176,2015,3.43318309106609,0.145786562567329
177,2015,3.43349777795757,0.144241854259285
178,2015,3.43426080245157,0.14300708876935
179,2015,3.43546060838147,0.142102032242081
180,2015,3.43708563958067,0.141526981039576
181,2015,3.43912433988255,0.141262642415964
182,2015,3.4415651531205,0.141271226719248
183,2015,3.44439652312791,0.141498649145141
184,2015,3.44760689373816,0.141877609816126
185,2015,3.45118470878466,0.142331257317129
186,2015,3.45511841210077,0.142777153520922
187,2015,3.4593964475199,0.143131334154596
188,2015,3.46400725887544,0.143312375043365
189,2015,3.46893929000076,0.143245503598357
190,2015,3.47418098472925,0.142866923120004
191,2015,3.47972078689432,0.142128638833957
192,2015,3.48554714476888,0.141004395700729
193,2015,3.49164922749742,0.13952847417166
194,2015,3.49801771589033,0.137827773656408
195,2015,3.50464348110361,0.136050252184287
196,2015,3.51151739429328,0.134347874899661
197,2015,3.51863032661534,0.132867811512093
198,2015,3.52597314922578,0.131742814089115
199,2015,3.53353673328062,0.131081300161975
200,2015,3.54131194993587,0.130958227316079
201,2015,3.54928967034752,0.131408173061098
202,2015,3.55746076567157,0.13242190762911
203,2015,3.56581610706405,0.133947118929767
204,2015,3.57434656568094,0.135893036755843
205,2015,3.58304301267825,0.13813789558513
206,2015,3.591896319212,0.140537791809067
207,2015,3.60089735643817,0.142935604274021
208,2015,3.61003699551278,0.145169096307222
209,2015,3.61930610759184,0.147077863724909
210,2015,3.62869565651174,0.148510049750516
211,2015,3.63820216693288,0.149375234140631
212,2015,3.64783078279287,0.149679357559857
213,2015,3.65758738947248,0.149457445151811
214,2015,3.66747787235251,0.148762354779117
215,2015,3.67750811681376,0.147660884391274
216,2015,3.68768400823702,0.146230691213154
217,2015,3.69801143200307,0.144557654984403
218,2015,3.70849627349271,0.142733386576815
219,2015,3.71914441808673,0.140852639517407
220,2015,3.72996175116592,0.139010440044861
221,2015,3.74095415811107,0.137298826361937
222,2015,3.75212752430298,0.135803190777419
223,2015,3.76348773512244,0.134598350298857
224,2015,3.77504067595023,0.133744615966482
225,2015,3.78679223216716,0.133284253790653
226,2015,3.79874828915401,0.13323878444464
227,2015,3.81091473229157,0.13360751739077
228,2015,3.82329744696063,0.134367552797647
229,2015,3.835902318542,0.135475250724769
230,2015,3.84873523241645,0.136868933143132
231,2015,3.86180207396478,0.138472422017429
232,2015,3.87510872856779,0.140198965300444
233,2015,3.88866108160626,0.141955157281401
234,2015,3.90246498537453,0.143644667188742
235,2015,3.91652091975453,0.145186019701344
236,2015,3.93081809869173,0.146536000304752
237,2015,3.94534431755005,0.147667861241511
238,2015,3.96008737169338,0.148565850574763
239,2015,3.97503505648564,0.149223431799661
240,2015,3.99017516729074,0.149641821249879
241,2015,4.00549549947258,0.149828796842886
242,2015,4.02098384839507,0.149797729323258
243,2015,4.03662800942212,0.14956678953071
244,2015,4.05241577791764,0.149158289321946
245,2015,4.06833494924554,0.148598118076463
246,2015,4.08437331876972,0.147915240570912
247,2015,4.10051868185409,0.147141225300756
248,2015,4.11675883386257,0.146309775275099
249,2015,4.13308157015905,0.145456236333496
250,2015,4.14947468610744,0.144617061685907
251,2015,4.16592597707167,0.143829216261024
252,2015,4.18242323841562,0.143129511103678
253,2015,4.19895426550321,0.142553866810791
254,2015,4.21550685369836,0.142136515753457
255,2015,4.23206879836496,0.141909164932485
256,2015,4.24862789486692,0.14190015341204
257,2015,4.26517193856816,0.142133648433436
258,2015,4.28168872483257,0.142628930321699
259,2015,4.29816604902408,0.143399816232041
260,2015,4.31459170650658,0.144454265629696
261,2015,4.33095349264399,0.145794196559572
262,2015,4.34723920280021,0.147415523185452
263,2015,4.36343663233915,0.149308404868012
264,2015,4.37953357662473,0.151457678689778
265,2015,4.39551783102083,0.153843433767605
266,2015,4.41137719089139,0.156441678618667
267,2015,4.4270994516003,0.159225052454824
268,2015,4.44267240851146,0.162163536462538
269,2015,4.4580838569888,0.165225129993274
270,2015,4.47332159239621,0.168376467075814
271,2015,4.48837341009761,0.17158335899783
272,2015,4.50322710545691,0.174811257674025
273,2015,4.517870473838,0.178025641504028
274,2015,4.53229131060481,0.181192330304434
275,2015,4.54647741112123,0.184277738889278
276,2015,4.56041657075118,0.187249080358946
277,2015,4.57409658485857,0.190074530574378
278,2015,4.58750724824031,0.192725823014966
279,2015,4.60064954392698,0.195190071574539
280,2015,4.61352834447119,0.197461579972642
281,2015,4.62614852633068,0.199536893736988
282,2015,4.63851496596321,0.201414481197505
283,2015,4.65063253982653,0.203094470364613
284,2015,4.6625061243784,0.204578428572092
285,2015,4.67414059607657,0.205869177724004
286,2015,4.68554083137879,0.206970639106359
287,2015,4.69671170674282,0.207887702695222
288,2015,4.70765809862641,0.208626116716001
289,2015,4.71838488348732,0.209192393895648
290,2015,4.72889693778329,0.209593731416436
291,2015,4.73919913797209,0.209837942043565
292,2015,4.74929636051145,0.209933394275181
293,2015,4.75919348185915,0.209888959666714
294,2015,4.76889537847293,0.20971396572468
295,2015,4.77840692681054,0.209418152959189
296,2015,4.78773300332974,0.209011634839158
297,2015,4.79687848448828,0.208504859518
298,2015,4.80584824674392,0.207908572298132
299,2015,4.81464716655441,0.207233777886855
300,2015,4.8232801203775,0.206491701570532
301,2015,4.83175198467094,0.205693748504813
302,2015,4.84006763589249,0.204851460391805
303,2015,4.84823195049991,0.203976468896343
304,2015,4.85624980495094,0.203080445248348
305,2015,4.86412607570335,0.202175045591522
306,2015,4.87186563921487,0.201271851774406
307,2015,4.87947337194327,0.20038230744115
308,2015,4.88695415034631,0.199517649467271
309,2015,4.89431285088172,0.198688834999525
310,2015,4.90155435000728,0.197906464595117
311,2015,4.90868352418072,0.197180702207414
312,2015,4.91570524985981,0.196521193023469
313,2015,4.9226244035023,0.195936980410245
314,2015,4.92944586156593,0.195436423456365
315,2015,4.93617450050847,0.195027116787513
316,2015,4.94281519678767,0.194715814469215
317,2015,4.94937282686128,0.19450835987483
318,2015,4.95585226718706,0.194409623376482
319,2015,4.96225839422275,0.19442344960491
320,2015,4.96859608442612,0.194552615819386
321,2015,4.97487021425491,0.194798802637297
322,2015,4.98108566016688,0.195162578008064
323,2015,4.98724729861978,0.195643394898065
324,2015,4.99336000607137,0.1962396027071
325,2015,4.9994286589794,0.196948471990562
326,2015,5.00545813380162,0.197766231642374
327,2015,5.01145330699579,0.198688117326984
328,2015,5.01741905501965,0.199708429654213
329,2015,5.02336025433098,0.200820600381727
330,2015,5.0292817813875,0.202017264812584
331,2015,5.03518851264699,0.203290338528116
332,2015,5.04108532456719,0.204631096652094
333,2015,5.04697709360586,0.206030253967947
334,2015,5.05286869622074,0.207478044391509
335,2015,5.05876500886961,0.208964298520204
336,2015,5.0646709080102,0.210478518219501
337,2015,5.07059127010027,0.212009947453654
338,2015,5.07653097159757,0.213547638807799
339,2015,5.08249488895987,0.215080515372793
340,2015,5.0884878986449,0.216597427866081
341,2015,5.09451487711043,0.218087207037684
342,2015,5.10058070081421,0.219538711558718
343,2015,5.10669024621399,0.220940871711465
344,2015,5.11284838976753,0.222282729297043
345,2015,5.11906000793257,0.223553474252439
346,2015,5.12532997716688,0.224742478526916
347,2015,5.1316631739282,0.22583932781278
348,2015,5.13806447467429,0.226833851761493
349,2015,5.14453875586291,0.227716153347258
350,2015,5.1510908939518,0.228476638070661
351,2015,5.15772576539872,0.229106043728607
352,2015,5.16444824666143,0.229595471517351
353,2015,5.17126321419767,0.229936419286812
354,2015,5.1781755444652,0.230120817830249
355,2015,5.18519011392178,0.230141071177763
356,2015,5.19231179902515,0.229990101969336
357,2015,5.19954547623307,0.229661403117806
358,2015,5.2068960220033,0.229149097139593
359,2015,5.21436831279359,0.228448004737024
360,2015,5.22196722506168,0.22755372446718
361,2015,5.22969763526534,0.226462725635399
362,2015,5.23756441986232,0.225172456914283
363,2015,5.24557245531037,0.223681473618234
364,2015,5.25372661806725,0.221989587064915
365,2015,5.26202377196912,0.220100713714424
1,2016,5.25314111090767,0.23092616995386
2,2016,5.26087152111133,0.229836781167246
3,2016,5.26873830570831,0.228550762524632
4,2016,5.27674634115636,0.227066764612885
5,2016,5.28490050391324,0.225384692105078
6,2016,5.29319765781512,0.223508510534888
7,2016,5.30160261621186,0.221454055066753
8,2016,5.31007217983177,0.219240711979663
9,2016,5.31856314940312,0.2168886709915
10,2016,5.32703232565422,0.21441886998167
11,2016,5.33543650931335,0.211852936122656
12,2016,5.34373250110879,0.209213119873329
13,2016,5.35187710176886,0.206522218129532
14,2016,5.35982711202182,0.20380348269105
15,2016,5.36753933259598,0.201080510141287
16,2016,5.37497056421962,0.198377109311068
17,2016,5.38207760762103,0.195717142786619
18,2016,5.38881726352851,0.193124339505903
19,2016,5.39514633267035,0.190622076447938
20,2016,5.40102161577483,0.188233128822339
21,2016,5.40639991357025,0.185979390044359
22,2016,5.41123802678489,0.183881565113057
23,2016,5.41549275614706,0.181958843700265
24,2016,5.41912090238503,0.1802285621184
25,2016,5.4220792662271,0.1787058660854
26,2016,5.42432464840156,0.177403388490468
27,2016,5.42581384963669,0.176330957798484
28,2016,5.4265036706608,0.175495352961606
29,2016,5.42635091220217,0.174900119493349
30,2016,5.42531237498909,0.174545458646059
31,2016,5.42334485974985,0.174428197587471
32,2016,5.42040516721275,0.174541843491082
33,2016,5.41645009810606,0.174876719104014
34,2016,5.4114364531581,0.175420172272553
35,2016,5.40532103309713,0.176156847682098
36,2016,5.39806063865146,0.177069006145549
37,2016,5.38961207054937,0.178136875373569
38,2016,5.37993212951916,0.179339016267705
39,2016,5.36897761628912,0.180652690178572
40,2016,5.35670533158753,0.182054214919319
41,2016,5.34307207614269,0.183519300221015
42,2016,5.32803465068288,0.185023356383327
43,2016,5.31154985593641,0.18654177280419
44,2016,5.29357449263155,0.188050165655383
45,2016,5.27406536149661,0.189524596094463
46,2016,5.25297926325986,0.190941762039215
47,2016,5.2302729986496,0.19227916771287
48,2016,5.20590336839412,0.193515275970806
49,2016,5.17982717322172,0.194629648935196
50,2016,5.15200121386068,0.195603082790677
51,2016,5.12238229103928,0.196417742823321
52,2016,5.09092720548584,0.197057304998205
53,2016,5.05759275792862,0.197507110635878
54,2016,5.02233574909593,0.197754341120291
55,2016,4.98511297971606,0.197788220092479
56,2016,4.94588347098857,0.197600574914583
57,2016,4.90467358684381,0.197195493941216
58,2016,4.86158754648659,0.196590488914998
59,2016,4.81673390597973,0.19580536916023
60,2016,4.77022122138603,0.194861368219931
61,2016,4.72215804876831,0.1937809239194
62,2016,4.67265294418937,0.192587466300769
63,2016,4.62181446371203,0.191305205775823
64,2016,4.56975116339908,0.189958914785849
65,2016,4.51657159931335,0.188573697244608
66,2016,4.46238432751764,0.187174741170382
67,2016,4.40729790407476,0.185787051271688
68,2016,4.35142088504753,0.184435159904165
69,2016,4.29486182649874,0.183142816794374
70,2016,4.2377292844912,0.181932660210906
71,2016,4.18013181508774,0.180825874771581
72,2016,4.12217797435115,0.179841843651866
73,2016,4.06397631834426,0.178997805377608
74,2016,4.00563540312985,0.17830852736496
75,2016,3.94726378477075,0.177786009613321
76,2016,3.88897001932977,0.177439232195867
77,2016,3.83086266286971,0.177273959247711
78,2016,3.77305027145338,0.17729260998453
79,2016,3.7156414011436,0.17749420402594
80,2016,3.65874460800316,0.177874384248611
81,2016,3.60246844809489,0.178425515985492
82,2016,3.54692147748159,0.17913685711247
83,2016,3.49221225222607,0.179994789892925
84,2016,3.43844932839113,0.180983102752766
85,2016,3.3857412620396,0.182083308647207
86,2016,3.33419660923427,0.183274986394181
87,2016,3.28392392603796,0.184536132168816
88,2016,3.23503176851348,0.185843510045199
89,2016,3.18762869272363,0.187172992744602
90,2016,3.14182325473123,0.188499886309051
91,2016,3.09772401059908,0.189799235010847
92,2016,3.05543951639,0.19104610524278
93,2016,3.01507832816679,0.192215849294521
94,2016,2.97674900199226,0.193284351761702
95,2016,2.94056009392922,0.194228262866375
96,2016,2.90662016004049,0.195025224243349
97,2016,2.87503775638886,0.195654093845484
98,2016,2.84592143903715,0.19609517763598
99,2016,2.81937976404818,0.196330476765637
100,2016,2.79552128748474,0.196343960075584
101,2016,2.77445456540964,0.196121873112451
102,2016,2.75628815388571,0.195653096473455
103,2016,2.74113060897574,0.194929568273024
104,2016,2.72909048674255,0.193946787863375
105,2016,2.72027634324894,0.192704420605104
106,2016,2.71479673455773,0.191207026306634
107,2016,2.71275968611524,0.189465002222467
108,2016,2.7141870645172,0.187505809038827
109,2016,2.71892006144856,0.185383544150098
110,2016,2.72677711841279,0.183157050797418
111,2016,2.73757667691336,0.180886150515763
112,2016,2.75113717845375,0.178630667869249
113,2016,2.7672770645374,0.176449315361348
114,2016,2.7858147766678,0.174398431052409
115,2016,2.80656875634842,0.172530583385519
116,2016,2.82935744508271,0.170893084243583
117,2016,2.85399928437415,0.169526479604797
118,2016,2.88031271572621,0.168463112613286
119,2016,2.90811618064235,0.16772587039141
120,2016,2.93722812062604,0.167327227641807
121,2016,2.96746697718074,0.167268683458932
122,2016,2.99865119180994,0.16754065338564
123,2016,3.03059920601709,0.16812283203549
124,2016,3.06312946130566,0.168984991691211
125,2016,3.09606039917912,0.17008813935593
126,2016,3.12921046114094,0.171385926851897
127,2016,3.16239808869458,0.172826199475918
128,2016,3.19544172334352,0.174352577361434
129,2016,3.22815980659122,0.175905985381669
130,2016,3.26037077994114,0.177426075947422
131,2016,3.29189308489677,0.178852518665984
132,2016,3.32254516296156,0.180126157519545
133,2016,3.35214545563898,0.181190058082344
134,2016,3.3805124044325,0.181990484248202
135,2016,3.40746445084559,0.182477857170022
136,2016,3.43282003638172,0.182607760495251
137,2016,3.45639760254435,0.182342067648241
138,2016,3.47801559083695,0.181650280981173
139,2016,3.49749244276299,0.18051119100398
140,2016,3.51466125330586,0.178918692059642
141,2016,3.52952546415313,0.176922138620455
142,2016,3.54219841809183,0.174607207857701
143,2016,3.55279528959396,0.172065700301745
144,2016,3.56143125313154,0.16939320483347
145,2016,3.5682214831766,0.166687026131051
146,2016,3.57328115420113,0.164043777412203
147,2016,3.57672544067716,0.161556566155606
148,2016,3.57866951707671,0.159311776739842
149,2016,3.57922855787178,0.157385555863273
150,2016,3.5785177375344,0.155840223327578
151,2016,3.57665223053657,0.154720937198647
152,2016,3.57374721135032,0.154053003180389
153,2016,3.56991785444766,0.153840200194453
154,2016,3.56527933430061,0.154064384358491
155,2016,3.55994682538117,0.154686450975315
156,2016,3.55403550216137,0.155648528022179
157,2016,3.54766053911322,0.156877104902607
158,2016,3.54093711070873,0.158286711625763
159,2016,3.53398039141992,0.159783768735791
160,2016,3.52690555571881,0.161270308521546
161,2016,3.51982777807742,0.162647387970562
162,2016,3.51286223296774,0.163818139253144
163,2016,3.50612409486181,0.164690512249764
164,2016,3.49972853823164,0.165179848791033
165,2016,3.49379073754924,0.165211494622265
166,2016,3.48841103279028,0.164734946507473
167,2016,3.48360675449295,0.16377772941446
168,2016,3.47936637546425,0.162402641025456
169,2016,3.47567833953758,0.160682699016478
170,2016,3.47253109054631,0.158698305574542
171,2016,3.46991307232384,0.156534645027543
172,2016,3.46781272870356,0.154279091535776
173,2016,3.46621850351886,0.152018481533869
174,2016,3.46511884060312,0.149836170071538
175,2016,3.46450218378973,0.147808869643756
176,2016,3.46435697691208,0.146003364371335
177,2016,3.46467166380356,0.144473291677869
178,2016,3.46543468829756,0.14325626759856
179,2016,3.46663449422746,0.142371673939111
180,2016,3.46825952542666,0.141819402817876
181,2016,3.47029822572854,0.141579760215228
182,2016,3.47273903896649,0.141614583086431
183,2016,3.4755704089739,0.141869463821993
184,2016,3.47878077958416,0.142276847420103
185,2016,3.48235859463065,0.142759704652147
186,2016,3.48629229794677,0.143235498840517
187,2016,3.4905703333659,0.143620241627552
188,2016,3.49518114472143,0.143832548949388
189,2016,3.50011317584675,0.143797737595598
190,2016,3.50535487057525,0.14345212957626
191,2016,3.51089467274031,0.142747851084696
192,2016,3.51672103061487,0.141658730515827
193,2016,3.52282311334341,0.140218865217327
194,2016,3.52919160173632,0.138554426287341
195,2016,3.5358173669496,0.136812358242621
196,2016,3.54269128013927,0.135143380436793
197,2016,3.54980421246133,0.133693235958662
198,2016,3.55714703507177,0.13259317294172
199,2016,3.56471061912662,0.131950179624706
200,2016,3.57248583578186,0.13183803495135
201,2016,3.58046355619351,0.132290545602964
202,2016,3.58863465151757,0.133298210277436
203,2016,3.59698999291004,0.134808940990927
204,2016,3.60552045152693,0.136732591079045
205,2016,3.61421689852424,0.13894826141032
206,2016,3.62307020505799,0.141312985078643
207,2016,3.63207124228416,0.143670496459873
208,2016,3.64121088135877,0.145859221480914
209,2016,3.65047999343783,0.147719154198308
210,2016,3.65986954235773,0.149098533010849
211,2016,3.66937605277887,0.149906907681847
212,2016,3.67900466863886,0.150150250593357
213,2016,3.68876127531847,0.149863509653675
214,2016,3.69865175819851,0.149099398155552
215,2016,3.70868200265976,0.147924557512028
216,2016,3.71885789408301,0.146416527737642
217,2016,3.72918531784906,0.144661162295364
218,2016,3.7396701593387,0.142750190375458
219,2016,3.75031830393272,0.140778682879278
220,2016,3.76113563701191,0.138842233031508
221,2016,3.77212804395706,0.137033734000422
222,2016,3.78330141014897,0.135439736186517
223,2016,3.79466162096843,0.134136498333569
224,2016,3.80621456179622,0.133185994960598
225,2016,3.81796611801315,0.132632273406448
226,2016,3.829922175,0.13249861937168
227,2016,3.84208861813756,0.132785948856319
228,2016,3.85447133280663,0.133472686957397
229,2016,3.86707620438799,0.134516156472298
230,2016,3.87990911826244,0.135855254244303
231,2016,3.89297595981078,0.137414016932613
232,2016,3.90628261441378,0.139105615305577
233,2016,3.91983496745225,0.140836365622085
234,2016,3.93363887122052,0.142509554013728
235,2016,3.94769480560052,0.144043130298298
236,2016,3.96199198453773,0.145393041490452
237,2016,3.97651820339604,0.146531839529483
238,2016,3.99126125753937,0.147443242975248
239,2016,4.00620894233164,0.148120333842058
240,2016,4.02134905313673,0.148564072685107
241,2016,4.03666938531857,0.148782086576606
242,2016,4.05215773424106,0.148787681284388
243,2016,4.06780189526812,0.148599030832775
244,2016,4.08358966376364,0.148238501492134
245,2016,4.09950883509153,0.147732071469691
246,2016,4.11554720461571,0.14710881146134
247,2016,4.13169256770009,0.14640039463861
248,2016,4.14793271970856,0.145640607799239
249,2016,4.16425545600504,0.144864838734059
250,2016,4.18064857195344,0.144109518914072
251,2016,4.19709986291766,0.143411505969151
252,2016,4.21359712426161,0.142807397611926
253,2016,4.23012815134921,0.142332777899767
254,2016,4.24668073954435,0.142021407823663
255,2016,4.26324268421095,0.141904384359344
256,2016,4.27980178071291,0.142009303844682
257,2016,4.29634582441415,0.142359474861078
258,2016,4.31286261067857,0.142973230542125
259,2016,4.32933993487007,0.143863388673423
260,2016,4.34576559235257,0.145036899376142
261,2016,4.36212737848998,0.146494705328574
262,2016,4.3784130886462,0.148231820582511
263,2016,4.39461051818514,0.150237614273748
264,2016,4.41070746247072,0.152496268276447
265,2016,4.42669171686683,0.154987365772742
266,2016,4.44255107673738,0.157686562153534
267,2016,4.45827333744629,0.160566290521658
268,2016,4.47384629435745,0.163596460043878
269,2016,4.48925774283479,0.166745114567612
270,2016,4.50449547824221,0.169979029292182
271,2016,4.51954729594361,0.173264233231299
272,2016,4.5344009913029,0.176566453654526
273,2016,4.549044359684,0.179851485152349
274,2016,4.5634651964508,0.183085490388913
275,2016,4.57765129696722,0.186235242239001
276,2016,4.59159045659717,0.18926831824413
277,2016,4.60527047070456,0.192153258589052
278,2016,4.61868113408631,0.194862156540241
279,2016,4.63182342977298,0.197382467541084
280,2016,4.64470223031718,0.199708795402038
281,2016,4.65732241217667,0.201837944953128
282,2016,4.6696888518092,0.203768608268334
283,2016,4.68180642567252,0.205501106026104
284,2016,4.69368001022439,0.207037170932962
285,2016,4.70531448192256,0.208379766115268
286,2016,4.71671471722479,0.209532932509936
287,2016,4.72788559258882,0.210501660254065
288,2016,4.73883198447241,0.211291779891354
289,2016,4.74955876933331,0.211909869893967
290,2016,4.76007082362928,0.212363177559164
291,2016,4.77037302381808,0.212659550798016
292,2016,4.78047024635744,0.212807378705172
293,2016,4.79036736770514,0.212815539098508
294,2016,4.80006926431892,0.21269335145838
295,2016,4.80958081265653,0.212450533889185
296,2016,4.81890688917573,0.212097162880633
297,2016,4.82805237033427,0.211643634770918
298,2016,4.83702213258991,0.21110062791643
299,2016,4.8458210524004,0.210479064659421
300,2016,4.85445400622349,0.209790072262544
301,2016,4.86292587051693,0.209044942053212
302,2016,4.87124152173849,0.208255086097016
303,2016,4.8794058363459,0.20743199080315
304,2016,4.88742369079694,0.206587166960933
305,2016,4.89529996154934,0.205732095819365
306,2016,4.90303952506086,0.204878170954699
307,2016,4.91064725778927,0.204036635826566
308,2016,4.9181280361923,0.203218517101937
309,2016,4.92548673672771,0.202434554027014
310,2016,4.93272823585327,0.201695124346182
311,2016,4.93985741002671,0.201010167498411
312,2016,4.9468791357058,0.200389106055719
313,2016,4.95379828934829,0.199840766594208
314,2016,4.96061974741192,0.199373301391891
315,2016,4.96734838635447,0.19899411251436
316,2016,4.97398908263367,0.198709779964315
317,2016,4.98054671270727,0.198525995620535
318,2016,4.98702615303305,0.198447504665551
319,2016,4.99343228006875,0.198478056092846
320,2016,4.99976997027211,0.198620363693455
321,2016,5.0060441001009,0.198876078654213
322,2016,5.01225954601287,0.199245774567801
323,2016,5.01842118446578,0.199728945276096
324,2016,5.02453389191736,0.200324015565097
325,2016,5.03060254482539,0.201028364326311
326,2016,5.03663201964761,0.201838359420034
327,2016,5.04262719284178,0.202749403142489
328,2016,5.04859294086565,0.203755986928842
329,2016,5.05453414017697,0.204851753729816
330,2016,5.06045566723349,0.20602956638656
331,2016,5.06636239849298,0.207281580296088
332,2016,5.07225921041318,0.208599318701838
333,2016,5.07815097945185,0.209973749050267
334,2016,5.08404258206674,0.211395359011576
335,2016,5.0899388947156,0.212854230955998
336,2016,5.09584479385619,0.214340113891968
337,2016,5.10176515594626,0.215842492095543
338,2016,5.10770485744357,0.217350649880268
339,2016,5.11366877480586,0.21885373216432
340,2016,5.1196617844909,0.220340800680861
341,2016,5.12568876295642,0.221800885844279
342,2016,5.1317545866602,0.22322303442774
343,2016,5.13786413205998,0.224596353326426
344,2016,5.14402227561352,0.225910049777627
345,2016,5.15023389377856,0.227153468486173
346,2016,5.15650386301287,0.228316126164818
347,2016,5.1628370597742,0.229387744047819
348,2016,5.16923836052029,0.230358278975962
349,2016,5.1757126417089,0.231217953686544
350,2016,5.1822647797978,0.231957286976017
351,2016,5.18889965124472,0.23256712443999
352,2016,5.19562213250742,0.233038670538556
353,2016,5.20243710004366,0.233363522788103
354,2016,5.20934943031119,0.233533708947594
355,2016,5.21636399976777,0.233541728151476
356,2016,5.22348568487114,0.233380597047126
357,2016,5.23071936207906,0.233043902126369
358,2016,5.23806990784929,0.232525859603162
359,2016,5.24554219863958,0.231821384388392
360,2016,5.25314111090767,0.23092616995386
361,2016,5.26087152111133,0.229836781167246
362,2016,5.26873830570831,0.228550762524632
363,2016,5.27674634115636,0.227066764612885
364,2016,5.28490050391324,0.225384692105078
365,2016,5.29319765781512,0.223508510534888
1,2017,5.28431643403082,0.234956727249622
2,2017,5.29204684423449,0.233871964569013
3,2017,5.29991362883146,0.232593717623535
4,2017,5.30792166427951,0.231120750078938
5,2017,5.31607582703639,0.229453077116604
6,2017,5.32437298093827,0.227594722861394
7,2017,5.33277793933501,0.225561385086232
8,2017,5.34124750295492,0.223372252803124
9,2017,5.34973847252627,0.221047301104787
10,2017,5.35820764877737,0.218607231455129
11,2017,5.3666118324365,0.216073408296312
12,2017,5.37490782423195,0.213467788562026
13,2017,5.38305242489201,0.210812840578275
14,2017,5.39100243514497,0.208131448753666
15,2017,5.39871465571913,0.205446800460272
16,2017,5.40614588734277,0.202782251642695
17,2017,5.41325293074418,0.200161168034113
18,2017,5.41999258665167,0.197606739474946
19,2017,5.4263216557935,0.19514176578908
20,2017,5.43219693889798,0.192788414025144
21,2017,5.4375752366934,0.190567948635005
22,2017,5.44241334990804,0.188500438307595
23,2017,5.44666807927021,0.186604445606031
24,2017,5.45029622550818,0.184896708094893
25,2017,5.45325458935025,0.183391822041309
26,2017,5.45549997152471,0.182101941718865
27,2017,5.45698917275984,0.181036508508409
28,2017,5.45767899378395,0.180202024081592
29,2017,5.45752623532532,0.179601880778685
30,2017,5.45648769811224,0.179236259816843
31,2017,5.454520182873,0.179102104344744
32,2017,5.4515804903359,0.179193169938185
33,2017,5.44762542122922,0.179500150393005
34,2017,5.44261177628125,0.180010872160825
35,2017,5.43649635622028,0.180710546996632
36,2017,5.42923596177461,0.181582069727585
37,2017,5.42078739367252,0.182606346709966
38,2017,5.41110745264231,0.18376264051905
39,2017,5.40015293941227,0.185028917545883
40,2017,5.38788065471068,0.186382187169558
41,2017,5.37424739926584,0.187798823695914
42,2017,5.35920997380603,0.189254864975752
43,2017,5.34272517905956,0.190726284264036
44,2017,5.3247498157547,0.192189234260767
45,2017,5.30524068461976,0.193620264272224
46,2017,5.28415458638301,0.194996513009618
47,2017,5.26144832177275,0.196295880719979
48,2017,5.23707869151727,0.197497185177748
49,2017,5.21100249634487,0.198580306632547
50,2017,5.18317653698383,0.199526327193072
51,2017,5.15355761416243,0.200317670410684
52,2017,5.12210252860899,0.200938247083064
53,2017,5.08876808105177,0.201373613591152
54,2017,5.05351107221908,0.201611149463393
55,2017,5.01628830283921,0.201640261369098
56,2017,4.97705879411172,0.201452937939029
57,2017,4.93584890996696,0.201053199144184
58,2017,4.89276286960974,0.200458229061349
59,2017,4.84790922910288,0.199687484850327
60,2017,4.80139654450918,0.198761833621219
61,2017,4.75333337189146,0.197703328556736
62,2017,4.70382826731252,0.196534993003664
63,2017,4.65298978683518,0.195280605216745
64,2017,4.60092648652223,0.193964477394366
65,2017,4.5477469224365,0.192611223650194
66,2017,4.49355965064079,0.191245512704311
67,2017,4.43847322719791,0.189891802425871
68,2017,4.38259620817068,0.188574054970396
69,2017,4.32603714962189,0.187315433148741
70,2017,4.26890460761435,0.186137980815377
71,2017,4.21130713821089,0.185062292386917
72,2017,4.1533532974743,0.184107178950224
73,2017,4.09515164146741,0.18328934058527
74,2017,4.036810726253,0.182623056261012
75,2017,3.97843910789391,0.182119903701857
76,2017,3.92014534245292,0.181788521739837
77,2017,3.86203798599286,0.181634426717224
78,2017,3.80422559457653,0.181659892464521
79,2017,3.74681672426675,0.181863900376648
80,2017,3.68991993112631,0.182242162418368
81,2017,3.63364377121804,0.182787215891864
82,2017,3.57809680060474,0.183488584929146
83,2017,3.52338757534922,0.184333000342859
84,2017,3.46962465151429,0.185304667006438
85,2017,3.41691658516275,0.186385566529038
86,2017,3.36537193235742,0.187555782682075
87,2017,3.31509924916112,0.188793837724098
88,2017,3.26620709163663,0.190077029259696
89,2017,3.21880401584679,0.191381759302752
90,2017,3.17299857785438,0.19268384953505
91,2017,3.12889933372223,0.193958839129415
92,2017,3.08661483951315,0.195182263768342
93,2017,3.04625365128994,0.196329916524408
94,2017,3.00792432511541,0.197378093029099
95,2017,2.97173541705237,0.198303824845126
96,2017,2.93779548316364,0.199085106215987
97,2017,2.90621307951201,0.199701120463127
98,2017,2.8770967621603,0.200132473318151
99,2017,2.85055508717133,0.200361441503563
100,2017,2.82669661060789,0.200372245998675
101,2017,2.8056298885328,0.200151360730334
102,2017,2.78746347700886,0.199687868982263
103,2017,2.77230593209889,0.198973881672961
104,2017,2.7602658098657,0.198005033824486
105,2017,2.75145166637209,0.196781077981743
106,2017,2.74597205768088,0.195306595877699
107,2017,2.74393500923839,0.193591916170974
108,2017,2.74536238764035,0.191664086388324
109,2017,2.75009538457171,0.189576195685432
110,2017,2.75795244153594,0.187385906876319
111,2017,2.76875200003651,0.185151745988621
112,2017,2.7823125015769,0.182932133245824
113,2017,2.79845238766055,0.180784287578488
114,2017,2.81699009979096,0.178762999649687
115,2017,2.83774407947157,0.176919288912056
116,2017,2.86053276820586,0.175298984449005
117,2017,2.8851746074973,0.173941294739754
118,2017,2.91148803884936,0.172877453819522
119,2017,2.9392915037655,0.172129545339576
120,2017,2.96840344374919,0.17170960681434
121,2017,2.9986423003039,0.171619100962703
122,2017,3.02982651493309,0.171848810163266
123,2017,3.06177452914024,0.172379168390931
124,2017,3.09430478442881,0.173181000458155
125,2017,3.12723572230227,0.174216599728948
126,2017,3.16038578426409,0.175441049782156
127,2017,3.19357341181773,0.176803686236487
128,2017,3.22661704646667,0.178249601478872
129,2017,3.25933512971437,0.179721113547495
130,2017,3.2915461030643,0.181159145626746
131,2017,3.32306840801992,0.182504489460857
132,2017,3.35372048608471,0.183698950804598
133,2017,3.38332077876213,0.18468639590745
134,2017,3.41168772755565,0.185413734705562
135,2017,3.43863977396874,0.185831889789819
136,2017,3.46399535950487,0.185896811939555
137,2017,3.4875729256675,0.185570614977038
138,2017,3.5091909139601,0.18482291686808
139,2017,3.52866776588614,0.183632492171188
140,2017,3.54583657642901,0.181993023726363
141,2017,3.56070078727629,0.179952981831469
142,2017,3.57337374121498,0.177596746220625
143,2017,3.58397061271711,0.175014761968788
144,2017,3.5926065762547,0.172301215967651
145,2017,3.59939680629975,0.169551985167716
146,2017,3.60445647732428,0.166862270500424
147,2017,3.60790076380031,0.164323847247464
148,2017,3.60984484019986,0.162021934857422
149,2017,3.61040388099493,0.160031785175653
150,2017,3.60969306065755,0.158415197849205
151,2017,3.60782755365972,0.15721727242171
152,2017,3.60492253447347,0.156463765945724
153,2017,3.60109317757081,0.156159411994686
154,2017,3.59645465742376,0.156287458325433
155,2017,3.59112214850432,0.1568105120572
156,2017,3.58521082528452,0.157672587147893
157,2017,3.57883586223637,0.158802084634168
158,2017,3.57211243383188,0.160115344898445
159,2017,3.56515571454308,0.161520407856914
160,2017,3.55808087884197,0.162920686709311
161,2017,3.55100310120057,0.164218372061114
162,2017,3.54403755609089,0.165317503359287
163,2017,3.53729941798496,0.16612675170736
164,2017,3.53090386135479,0.166562044157543
165,2017,3.52496606067239,0.166549227868684
166,2017,3.51958635591344,0.166038105761361
167,2017,3.5147820776161,0.165055634844823
168,2017,3.51054169858741,0.163663803847921
169,2017,3.50685366266073,0.161934882236028
170,2017,3.50370641366946,0.159948560526358
171,2017,3.501088395447,0.157789321638613
172,2017,3.49898805182672,0.155543824297983
173,2017,3.49739382664201,0.153298156831975
174,2017,3.49629416372627,0.151134884274372
175,2017,3.49567750691288,0.149129890883816
176,2017,3.49553230003523,0.147349113324689
177,2017,3.49584698692671,0.145845356734705
178,2017,3.49661001142071,0.14465546658998
179,2017,3.49780981735061,0.143798167878572
180,2017,3.49943484854981,0.143272858031814
181,2017,3.50147354885169,0.143059546077953
182,2017,3.50391436208964,0.143119986034408
183,2017,3.50674573209705,0.14339989631266
184,2017,3.50995610270731,0.143832033272939
185,2017,3.5135339177538,0.14433982832319
186,2017,3.51746762106992,0.14484131326374
187,2017,3.52174565648905,0.145253135022306
188,2017,3.52635646784458,0.145494573922946
189,2017,3.5312884989699,0.145491605297903
190,2017,3.5365301936984,0.1451811674097
191,2017,3.54206999586346,0.144515914314785
192,2017,3.54789635373803,0.143470042730367
193,2017,3.55399843646656,0.142077322610832
194,2017,3.56036692485947,0.140462318073644
195,2017,3.56699269007276,0.138769849323118
196,2017,3.57386660326242,0.137148146615498
197,2017,3.58097953558448,0.135740215191037
198,2017,3.58832235819493,0.134674527138234
199,2017,3.59588594224977,0.134055550012007
200,2017,3.60366115890501,0.133955123757498
201,2017,3.61163887931666,0.134405975096242
202,2017,3.61980997464072,0.135398526115976
203,2017,3.62816531603319,0.136881579477567
204,2017,3.63669577465008,0.138766643449167
205,2017,3.6453922216474,0.140934934693002
206,2017,3.65424552818114,0.1432457444515
207,2017,3.66324656540731,0.145544942221896
208,2017,3.67238620448192,0.147672786238924
209,2017,3.68165531656098,0.149470704667196
210,2017,3.69104486548088,0.150787936585093
211,2017,3.70055137590202,0.151534458005885
212,2017,3.71017999176201,0.151716099773373
213,2017,3.71993659844162,0.151367445239225
214,2017,3.72982708132166,0.150540725298215
215,2017,3.73985732578291,0.149302037789756
216,2017,3.75003321720616,0.147728361062021
217,2017,3.76036064097221,0.14590500788869
218,2017,3.77084548246185,0.143923229184572
219,2017,3.78149362705587,0.141877727406724
220,2017,3.79231096013506,0.139863891160803
221,2017,3.80330336708021,0.137974630331502
222,2017,3.81447673327213,0.136296787175452
223,2017,3.82583694409158,0.134907226538799
224,2017,3.83738988491938,0.133868854975978
225,2017,3.8491414411363,0.133226951495552
226,2017,3.86109749812315,0.133006265182712
227,2017,3.87326394126071,0.133209304393542
228,2017,3.88564665592978,0.13381609509574
229,2017,3.89825152751114,0.134785454178863
230,2017,3.91108444138559,0.136057577087455
231,2017,3.92415128293393,0.137557554973032
232,2017,3.93745793753693,0.139199363327029
233,2017,3.9510102905754,0.140889904410602
234,2017,3.96481419434368,0.142532886357042
235,2017,3.97887012872368,0.144046294043641
236,2017,3.99316730766088,0.14538549594125
237,2017,4.00769352651919,0.146522462860905
238,2017,4.02243658066253,0.14744042175594
239,2017,4.03738426545479,0.1481320526872
240,2017,4.05252437625988,0.148597997350453
241,2017,4.06784470844172,0.148845636527501
242,2017,4.08333305736422,0.14888808932521
243,2017,4.09897721839127,0.14874338817002
244,2017,4.11476498688679,0.148433786933677
245,2017,4.13068415821468,0.147985163558575
246,2017,4.14672252773886,0.147426482376697
247,2017,4.16286789082324,0.146789284810025
248,2017,4.17910804283171,0.146107180496451
249,2017,4.19543077912819,0.145415314517016
250,2017,4.21182389507659,0.144749790838
251,2017,4.22827518604081,0.144147037866812
252,2017,4.24477244738476,0.143643109575431
253,2017,4.26130347447236,0.143272925106741
254,2017,4.2778560626675,0.143069460825916
255,2017,4.2944180073341,0.143062920498465
256,2017,4.31097710383606,0.143279920150444
257,2017,4.3275211475373,0.143742732249486
258,2017,4.34403793380172,0.144468637162309
259,2017,4.36051525799322,0.145469426944292
260,2017,4.37694091547572,0.14675109701935
261,2017,4.39330270161313,0.14831374622253
262,2017,4.40958841176935,0.150151687314927
263,2017,4.4257858413083,0.152253751534868
264,2017,4.44188278559387,0.154603755105553
265,2017,4.45786703998998,0.15718108517412
266,2017,4.47372639986053,0.159961358430617
267,2017,4.48944866056944,0.162917107329846
268,2017,4.5050216174806,0.166018455076846
269,2017,4.52043306595794,0.169233749498499
270,2017,4.53567080136536,0.172530135781064
271,2017,4.55072261906676,0.175874057349003
272,2017,4.56557631442605,0.17923168196807
273,2017,4.58021968280715,0.182569256068148
274,2017,4.59464051957395,0.185853394296126
275,2017,4.60882662009038,0.189051313678748
276,2017,4.62276577972032,0.192131022871867
277,2017,4.63644579382771,0.19506147718772
278,2017,4.64985645720946,0.197815157786792
279,2017,4.66299875289613,0.200379824758555
280,2017,4.67587755344033,0.202750322585694
281,2017,4.68849773529982,0.204923655703113
282,2017,4.70086417493235,0.206898681283493
283,2017,4.71298174879567,0.20867585589366
284,2017,4.72485533334754,0.210257023160103
285,2017,4.73648980504571,0.211645235519878
286,2017,4.74789004034794,0.212844604234354
287,2017,4.75906091571197,0.213860172789156
288,2017,4.77000730759556,0.214697809600947
289,2017,4.78073409245646,0.215364116614961
290,2017,4.79124614675244,0.215866350923545
291,2017,4.80154834694123,0.216212356982617
292,2017,4.8116455694806,0.21641050736589
293,2017,4.82154269082829,0.216469650290304
294,2017,4.83124458744207,0.216399062382752
295,2017,4.84075613577968,0.216208405348761
296,2017,4.85008221229888,0.215907685357629
297,2017,4.85922769345742,0.215507214083771
298,2017,4.86819745571306,0.215017570447977
299,2017,4.87699637552355,0.21444956219143
300,2017,4.88562932934664,0.213814186495619
301,2017,4.89410119364008,0.213122588938338
302,2017,4.90241684486164,0.212386020154903
303,2017,4.91058115946905,0.211615789659382
304,2017,4.91859901392009,0.210823216377429
305,2017,4.92647528467249,0.210019575553846
306,2017,4.93421484818401,0.209216041827296
307,2017,4.94182258091242,0.208423628413267
308,2017,4.94930335931545,0.20765312250476
309,2017,4.95666205985087,0.206915017186693
310,2017,4.96390355897642,0.20621944036103
311,2017,4.97103273314986,0.205576081389182
312,2017,4.97805445882895,0.204994116368155
313,2017,4.98497361247144,0.204482133156748
314,2017,4.99179507053508,0.20404805744595
315,2017,4.99852370947762,0.203699081310653
316,2017,5.00516440575682,0.203441595775127
317,2017,5.01172203583043,0.203281128961112
318,2017,5.0182014761562,0.203222291356194
319,2017,5.0246076031919,0.203268729636551
320,2017,5.03094529339526,0.203423090302347
321,2017,5.03721942322405,0.203686994141452
322,2017,5.04343486913602,0.204061022238668
323,2017,5.04959650758893,0.204544713908801
324,2017,5.05570921504051,0.205136576571866
325,2017,5.06177786794854,0.20583410722834
326,2017,5.06780734277076,0.206633824852646
327,2017,5.07380251596493,0.207531312722925
328,2017,5.0797682639888,0.208521269460053
329,2017,5.08570946330012,0.209597567369493
330,2017,5.09163099035664,0.210753316571365
331,2017,5.09753772161613,0.211980933366983
332,2017,5.10343453353633,0.213272211319467
333,2017,5.109326302575,0.214618393613212
334,2017,5.11521790518989,0.216010245390887
335,2017,5.12111421783875,0.2174381249347
336,2017,5.12702011697934,0.218892052748311
337,2017,5.13294047906941,0.220361777795086
338,2017,5.13888018056672,0.221836840347303
339,2017,5.14484409792901,0.223306631091004
340,2017,5.15083710761405,0.224760446306659
341,2017,5.15686408607957,0.226187539102581
342,2017,5.16292990978335,0.227577166814381
343,2017,5.16903945518313,0.228918634799337
344,2017,5.17519759873667,0.230201336950505
345,2017,5.18140921690171,0.231414793333865
346,2017,5.18767918613602,0.232548685415412
347,2017,5.19401238289735,0.233592889397199
348,2017,5.20041368364344,0.234537508225229
349,2017,5.20688796483205,0.235372902871311
350,2017,5.21344010292095,0.236089723528977
351,2017,5.22007497436787,0.236678941403839
352,2017,5.22679745563057,0.237131881824609
353,2017,5.23361242316681,0.237440259455999
354,2017,5.24052475343434,0.237596216462185
355,2017,5.24753932289092,0.237592364553215
356,2017,5.25466100799429,0.237421831950405
357,2017,5.26189468520221,0.237078316434727
358,2017,5.26924523097244,0.236556145798798
359,2017,5.27671752176273,0.235850347213497
360,2017,5.28431643403082,0.234956727249622
361,2017,5.29204684423449,0.233871964569013
362,2017,5.29991362883146,0.232593717623535
363,2017,5.30792166427951,0.231120750078938
364,2017,5.31607582703639,0.229453077116604
365,2017,5.32437298093827,0.227594722861394
1,2018,5.31549323167964,0.239612262980587
2,2018,5.3232236418833,0.238534801387962
3,2018,5.33109042648028,0.237267423922655
4,2018,5.33909846192833,0.235809020163562
5,2018,5.3472526246852,0.234159727508405
6,2018,5.35554977858708,0.232323633430227
7,2018,5.36395473698383,0.230316279487274
8,2018,5.37242430060373,0.228156630812276
9,2018,5.38091527017509,0.225864418527293
10,2018,5.38938444642619,0.223460075280172
11,2018,5.39778863008531,0.220964667031206
12,2018,5.40608462188076,0.218399817837357
13,2018,5.41422922254082,0.215787624324119
14,2018,5.42217923279378,0.213150556514295
15,2018,5.42989145336794,0.21051134174403
16,2018,5.43732268499159,0.207892828592592
17,2018,5.444429728393,0.205317828142045
18,2018,5.45116938430048,0.202808930525654
19,2018,5.45749845344231,0.200388295672694
20,2018,5.4633737365468,0.198077418448426
21,2018,5.46875203434221,0.195896870027106
22,2018,5.47359014755686,0.193866019284195
23,2018,5.47784487691902,0.192002740155076
24,2018,5.48147302315699,0.190323113121197
25,2018,5.48443138699906,0.188841131029419
26,2018,5.48667676917352,0.187568421062259
27,2018,5.48816597040866,0.186513995582247
28,2018,5.48885579143277,0.185684044535744
29,2018,5.48870303297414,0.185081780972077
30,2018,5.48766449576106,0.184707348997279
31,2018,5.48569698052182,0.184557800280377
32,2018,5.48275728798471,0.184627141358739
33,2018,5.47880221887803,0.184906449854959
34,2018,5.47378857393006,0.18538405377669
35,2018,5.4676731538691,0.186045764747864
36,2018,5.46041275942342,0.186875153639738
37,2018,5.45196419132134,0.187853855810134
38,2018,5.44228425029113,0.188961893034287
39,2018,5.43132973706108,0.190178000092335
40,2018,5.41905745235949,0.191479945636489
41,2018,5.40542419691465,0.192844839116138
42,2018,5.39038677145485,0.194249417913345
43,2018,5.37390197670838,0.195670311195628
44,2018,5.35592661340352,0.197084279150705
45,2018,5.33641748226857,0.19846842812019
46,2018,5.31533138403182,0.199800403650931
47,2018,5.29262511942157,0.201058564638756
48,2018,5.26825548916609,0.202222142590771
49,2018,5.24217929399368,0.203271390640616
50,2018,5.21435333463264,0.204187727386862
51,2018,5.18473441181125,0.204953880958944
52,2018,5.1532793262578,0.205554039013268
53,2018,5.11994487870059,0.205974010681643
54,2018,5.0846878698679,0.206201406882071
55,2018,5.04746510048802,0.206225845893969
56,2018,5.00823559176054,0.206039500322126
57,2018,4.96702570761577,0.205646313688944
58,2018,4.92393966725855,0.20506310024677
59,2018,4.87908602675169,0.204308917057442
60,2018,4.832573342158,0.203404212920038
61,2018,4.78451016954027,0.202370600702978
62,2018,4.73500506496134,0.201230637763895
63,2018,4.68416658448399,0.200007607525104
64,2018,4.63210328417105,0.198725296237069
65,2018,4.57892372008532,0.197407759977131
66,2018,4.52473644828961,0.196079078070092
67,2018,4.46965002484673,0.194763090443656
68,2018,4.41377300581949,0.193483117986465
69,2018,4.3572139472707,0.192261666769819
70,2018,4.30008140526317,0.1911201189936
71,2018,4.24248393585971,0.190078415639405
72,2018,4.18453009512312,0.189154737921596
73,2018,4.12632843911622,0.188365196533173
74,2018,4.06798752390182,0.187723539168842
75,2018,4.00961590554272,0.187240887649217
76,2018,3.95132214010173,0.18692551597832
77,2018,3.89321478364167,0.186782679726509
78,2018,3.83540239222534,0.186814505236285
79,2018,3.77799352191556,0.187019944419942
80,2018,3.72109672877513,0.187394797598506
81,2018,3.66482056886686,0.187931803255514
82,2018,3.60927359825355,0.188620790122599
83,2018,3.55456437299803,0.189448884033372
84,2018,3.5008014491631,0.190400759759788
85,2018,3.44809338281156,0.191458926749543
86,2018,3.39654873000624,0.192604037354336
87,2018,3.34627604680993,0.1938152066992
88,2018,3.29738388928545,0.195070334626294
89,2018,3.2499808134956,0.196346421936909
90,2018,3.2041753755032,0.197619875228397
91,2018,3.16007613137105,0.198866796776549
92,2018,3.11779163716196,0.200063257991675
93,2018,3.07743044893875,0.201185556874901
94,2018,3.03910112276422,0.202210461570064
95,2018,3.00291221470118,0.203115443542114
96,2018,2.96897228081245,0.203878905146702
97,2018,2.93738987716082,0.204480407444022
98,2018,2.90827355980912,0.20490090512376
99,2018,2.88173188482014,0.205122996424932
100,2018,2.8578734082567,0.205131197032537
101,2018,2.83680668618161,0.204912248185393
102,2018,2.81864027465768,0.204455470698321
103,2018,2.80348272974771,0.20375317832832
104,2018,2.79144260751451,0.202801165903746
105,2018,2.78262846402091,0.201599289829253
106,2018,2.77714885532969,0.200152160809215
107,2018,2.77511180688721,0.198470033225828
108,2018,2.77653918528916,0.196579491062082
109,2018,2.78127218222052,0.194532490319947
110,2018,2.78912923918475,0.192385370605121
111,2018,2.79992879768533,0.190195210592354
112,2018,2.81348929922571,0.18801886701412
113,2018,2.82962918530937,0.185911901457627
114,2018,2.84816689743977,0.183927392392128
115,2018,2.86892087712038,0.182114648836433
116,2018,2.89170956585468,0.180517863933067
117,2018,2.91635140514612,0.179174769070507
118,2018,2.94266483649817,0.178115368398316
119,2018,2.97046830141431,0.177360845158621
120,2018,2.999580241398,0.176922731123349
121,2018,3.02981909795271,0.176802416288684
122,2018,3.0610033125819,0.176991048549053
123,2018,3.09295132678905,0.177469836445645
124,2018,3.12548158207762,0.178210728927198
125,2018,3.15841251995108,0.179177411806372
126,2018,3.1915625819129,0.180326537314625
127,2018,3.22475020946655,0.181609093979367
128,2018,3.25779384411548,0.182971828689105
129,2018,3.29051192736318,0.184358648264094
130,2018,3.32272290071311,0.185711949726128
131,2018,3.35424520566873,0.186973852416318
132,2018,3.38489728373352,0.188087327843274
133,2018,3.41449757641094,0.188997242825405
134,2018,3.44286452520447,0.189651347701329
135,2018,3.46981657161756,0.190001254782197
136,2018,3.49517215715368,0.190003464150223
137,2018,3.51874972331631,0.189620506048142
138,2018,3.54036771160891,0.188822283222068
139,2018,3.55984456353495,0.18758771432192
140,2018,3.57701337407783,0.185910401628712
141,2018,3.5918775849251,0.183837865215243
142,2018,3.60455053886379,0.181452974444321
143,2018,3.61514741036592,0.178844560703353
144,2018,3.62378337390351,0.176105100119769
145,2018,3.63057360394856,0.173328677556705
146,2018,3.63563327497309,0.170608660876716
147,2018,3.63907756144913,0.168035021671013
148,2018,3.64102163784867,0.165691306667527
149,2018,3.64158067864374,0.163651353168872
150,2018,3.64086985830636,0.161975943039634
151,2018,3.63900435130854,0.160709682427279
152,2018,3.63609933212229,0.159878449649782
153,2018,3.63226997521963,0.159487743880219
154,2018,3.62763145507257,0.159522179810131
155,2018,3.62229894615313,0.15994622150221
156,2018,3.61638762293333,0.160706070510032
157,2018,3.61001265988518,0.161732468704319
158,2018,3.60328923148069,0.162944085520523
159,2018,3.59633251219189,0.164251148425214
160,2018,3.58925767649078,0.165559033601418
161,2018,3.58217989884938,0.166771633914261
162,2018,3.57521435373971,0.167794433550807
163,2018,3.56847621563378,0.168537322108436
164,2018,3.5620806590036,0.168917266403711
165,2018,3.5561428583212,0.168861027712041
166,2018,3.55076315356225,0.168319025774838
167,2018,3.54595887526492,0.167317573515125
168,2018,3.54171849623622,0.165917604491359
169,2018,3.53803046030954,0.164190342093356
170,2018,3.53488321131828,0.162214413847839
171,2018,3.53226519309581,0.160073194012885
172,2018,3.53016484947553,0.157852162781504
173,2018,3.52857062429082,0.155636147082439
174,2018,3.52747096137508,0.153506372276011
175,2018,3.52685430456169,0.151537332041546
176,2018,3.52670909768404,0.149793574038015
177,2018,3.52702378457552,0.148326591169207
178,2018,3.52778680906952,0.147172083061999
179,2018,3.52898661499943,0.146347885577393
180,2018,3.53061164619862,0.145852838472931
181,2018,3.5326503465005,0.145666769143085
182,2018,3.53509115973845,0.145751632159596
183,2018,3.53792252974586,0.146053696804382
184,2018,3.54113290035612,0.146506559206194
185,2018,3.54471071540261,0.147034701632549
186,2018,3.54864441871873,0.147557337023294
187,2018,3.55292245413786,0.147992349765245
188,2018,3.55753326549339,0.148260251090793
189,2018,3.56246529661871,0.148288187030116
190,2018,3.56770699134721,0.148014154178182
191,2018,3.57324679351227,0.147391688532293
192,2018,3.57907315138684,0.146395592685723
193,2018,3.58517523411537,0.14505915875896
194,2018,3.59154372250828,0.143504544909242
195,2018,3.59816948772157,0.141873457759922
196,2018,3.60504340091124,0.140310553979925
197,2018,3.61215633323329,0.138954980706837
198,2018,3.61949915584374,0.137931368206417
199,2018,3.62706273989858,0.137340765064679
200,2018,3.63483795655382,0.137252456812656
201,2018,3.64281567696547,0.137697847200698
202,2018,3.65098677228953,0.138667449115902
203,2018,3.659342113682,0.14011150848005
204,2018,3.66787257229889,0.141944045863145
205,2018,3.67656901929621,0.144049444123281
206,2018,3.68542232582995,0.146290382379631
207,2018,3.69442336305613,0.14851598219356
208,2018,3.70356300213074,0.150569379746436
209,2018,3.71283211420979,0.152294387404916
210,2018,3.72222166312969,0.153542097408101
211,2018,3.73172817355084,0.154223364600646
212,2018,3.74135678941082,0.154343752426541
213,2018,3.75111339609044,0.153937246119344
214,2018,3.76100387897047,0.15305531085562
215,2018,3.77103412343172,0.151763168908202
216,2018,3.78121001485497,0.150136848529586
217,2018,3.79153743862102,0.148260664701116
218,2018,3.80202228011066,0.146224851592281
219,2018,3.81267042470468,0.144123114578748
220,2018,3.82348775778387,0.14204991886763
221,2018,3.83448016472903,0.140097396155386
222,2018,3.84565353092094,0.138351841826814
223,2018,3.85701374174039,0.136889896460271
224,2018,3.86856668256819,0.135774645561908
225,2018,3.88031823878512,0.135052000640242
226,2018,3.89227429577196,0.134747799153174
227,2018,3.90444073890952,0.134866039232663
228,2018,3.91682345357859,0.135388532021302
229,2018,3.92942832515995,0.136276036771787
230,2018,3.94226123903441,0.137470705650847
231,2018,3.95532808058274,0.138899480310417
232,2018,3.96863473518575,0.140478000557073
233,2018,3.98218708822421,0.142114613953378
234,2018,3.99599099199249,0.143714262827439
235,2018,4.01004692637249,0.145195596651992
236,2018,4.02434410530969,0.146513697753791
237,2018,4.038870324168,0.147640102876968
238,2018,4.05361337831134,0.148557606270553
239,2018,4.0685610631036,0.149258480149094
240,2018,4.0837011739087,0.149742993187387
241,2018,4.09902150609054,0.15001818856957
242,2018,4.11450985501303,0.150096877325207
243,2018,4.13015401604008,0.149996802828495
244,2018,4.1459417845356,0.149739935099779
245,2018,4.1618609558635,0.149351857164624
246,2018,4.17789932538768,0.148861209396422
247,2018,4.19404468847205,0.148299161289041
248,2018,4.21028484048052,0.147698883633725
249,2018,4.226607576777,0.147094997981413
250,2018,4.2430006927254,0.146522985032194
251,2018,4.25945198368962,0.146018539671746
252,2018,4.27594924503358,0.145616868090632
253,2018,4.29248027212117,0.145351931798351
254,2018,4.30903286031631,0.145255653954069
255,2018,4.32559480498291,0.145357114310778
256,2018,4.34215390148488,0.145681768725414
257,2018,4.35869794518611,0.146250735832172
258,2018,4.37521473145053,0.147080195401992
259,2018,4.39169205564204,0.148180938994427
260,2018,4.40811771312454,0.149558103661123
261,2018,4.42447949926195,0.151211104844079
262,2018,4.44076520941817,0.153133767481562
263,2018,4.45696263895711,0.155314637522224
264,2018,4.47305958324268,0.157737442252126
265,2018,4.48904383763879,0.160381658969865
266,2018,4.50490319750934,0.163223148348766
267,2018,4.52062545821825,0.166234810884227
268,2018,4.53619841512942,0.169387230866779
269,2018,4.55160986360676,0.172649280682193
270,2018,4.56684759901417,0.175988667300012
271,2018,4.58189941671557,0.179372411298171
272,2018,4.59675311207487,0.182767255883517
273,2018,4.61139648045596,0.186140008760496
274,2018,4.62581731722277,0.189457823379943
275,2018,4.64000341773919,0.192688428295279
276,2018,4.65394257736914,0.195800314397491
277,2018,4.66762259147652,0.198762890043567
278,2018,4.68103325485827,0.201549042658422
279,2018,4.69417555054494,0.204146797578916
280,2018,4.70705435108915,0.206551181154927
281,2018,4.71967453294864,0.208759339095464
282,2018,4.73204097258117,0.210770236846665
283,2018,4.74415854644449,0.212584412152408
284,2018,4.75603213099636,0.214203767285438
285,2018,4.76766660269453,0.215631394283674
286,2018,4.77906683799675,0.216871427578956
287,2018,4.79023771336078,0.217928919310313
288,2018,4.80118410524437,0.218809733377709
289,2018,4.81191089010528,0.219520454928705
290,2018,4.82242294440125,0.220068312495873
291,2018,4.83272514459004,0.22046111043334
292,2018,4.84282236712941,0.220707169651827
293,2018,4.85271948847711,0.220815274936491
294,2018,4.86242138509088,0.220794627362682
295,2018,4.8719329334285,0.220654800511798
296,2018,4.8812590099477,0.220405699341598
297,2018,4.89040449110624,0.22005752069047
298,2018,4.89937425336188,0.219620714500212
299,2018,4.90817317317236,0.219105944932876
300,2018,4.91680612699545,0.218524050639972
301,2018,4.9252779912889,0.217886003521792
302,2018,4.93359364251045,0.2172028653957
303,2018,4.94175795711787,0.216485742079122
304,2018,4.9497758115689,0.215745734489545
305,2018,4.9576520823213,0.21499388647328
306,2018,4.96539164583283,0.214241129199255
307,2018,4.97299937856123,0.213498222095078
308,2018,4.98048015696426,0.212775690459754
309,2018,4.98783885749968,0.212083760059113
310,2018,4.99508035662523,0.211432289192629
311,2018,5.00220953079868,0.210830698908248
312,2018,5.00923125647777,0.21028790222788
313,2018,5.01615041012025,0.209812233420935
314,2018,5.02297186818389,0.209411378516593
315,2018,5.02970050712643,0.20909230836618
316,2018,5.03634120340563,0.208861215644563
317,2018,5.04289883347924,0.208723457204484
318,2018,5.04937827380502,0.208683503163196
319,2018,5.05578440084071,0.208744894003241
320,2018,5.06212209104408,0.208910206808978
321,2018,5.06839622087287,0.209181031542896
322,2018,5.07461166678484,0.209557958000066
323,2018,5.08077330523774,0.210040573778897
324,2018,5.08688601268933,0.210627473287859
325,2018,5.09295466559736,0.211316277488951
326,2018,5.09898414041958,0.212103663777151
327,2018,5.10497931361375,0.212985405127214
328,2018,5.11094506163761,0.213956417418362
329,2018,5.11688626094893,0.215010813682921
330,2018,5.12280778800546,0.216141963922107
331,2018,5.12871451926495,0.217342559091205
332,2018,5.13461133118515,0.218604677874037
333,2018,5.14050310022381,0.219919854935928
334,2018,5.1463947028387,0.221279149456202
335,2018,5.15229101548756,0.222673212885116
336,2018,5.15819691462816,0.224092355035198
337,2018,5.16411727671823,0.22552660779305
338,2018,5.17005697821553,0.226965785915627
339,2018,5.17602089557782,0.22839954454744
340,2018,5.18201390526286,0.229817433256378
341,2018,5.18804088372839,0.231208946532105
342,2018,5.19410670743217,0.232563570820162
343,2018,5.20021625283195,0.233870828276382
344,2018,5.20637439638548,0.235120317520645
345,2018,5.21258601455053,0.236301751747867
346,2018,5.21885598378484,0.237404994619726
347,2018,5.22518918054616,0.238420094415663
348,2018,5.23159048129225,0.239337316969046
349,2018,5.23806476248087,0.240147177957298
350,2018,5.24461690056976,0.240840475156263
351,2018,5.25125177201668,0.241408321312399
352,2018,5.25797425327939,0.241842178334685
353,2018,5.26478922081563,0.242133893564567
354,2018,5.27170155108316,0.242275738950198
355,2018,5.27871612053973,0.242260454033965
356,2018,5.28583780564311,0.242081293763543
357,2018,5.29307148285103,0.241732082260176
358,2018,5.30042202862126,0.241207273827889
359,2018,5.30789431941154,0.240502022668113
360,2018,5.31549323167964,0.239612262980587
361,2018,5.3232236418833,0.238534801387962
362,2018,5.33109042648028,0.237267423922655
363,2018,5.33909846192833,0.235809020163562
364,2018,5.3472526246852,0.234159727508405
365,2018,5.35554977858708,0.232323633430227
1,2019,5.34667143507382,0.244857376123544
2,2019,5.35440184527749,0.243789525616322
3,2019,5.36226862987446,0.242535666747277
4,2019,5.37027666532251,0.241094823023699
5,2019,5.37843082807939,0.239467260557525
6,2019,5.38672798198127,0.237657130496804
7,2019,5.39513294037801,0.235679799332907
8,2019,5.40360250399792,0.233553983014364
9,2019,5.41209347356927,0.231299141071017
10,2019,5.42056264982037,0.228935407287528
11,2019,5.4289668334795,0.226483516605893
12,2019,5.43726282527495,0.223964725179921
13,2019,5.44540742593501,0.221400720497975
14,2019,5.45335743618797,0.218813518525816
15,2019,5.46106965676213,0.216225344940744
16,2019,5.46850088838577,0.213658497777942
17,2019,5.47560793178719,0.211135189239801
18,2019,5.48234758769467,0.208677365077307
19,2019,5.4886766568365,0.206306500879532
20,2019,5.49455193994098,0.204043375825939
21,2019,5.4999302377364,0.201907825961165
22,2019,5.50476835095104,0.199918480798854
23,2019,5.50902308031321,0.198092488956855
24,2019,5.51265122655118,0.196445240425947
25,2019,5.51560959039325,0.19499009478658
26,2019,5.51785497256771,0.193738125991446
27,2019,5.51934417380284,0.192697895002893
28,2019,5.52003399482695,0.191875261426681
29,2019,5.51988123636832,0.191273244207378
30,2019,5.51884269915524,0.190891939446183
31,2019,5.516875183916,0.190728500597668
32,2019,5.5139354913789,0.190777182947148
33,2019,5.50998042227222,0.191029450703853
34,2019,5.50496677732425,0.191474141642351
35,2019,5.49885135726328,0.192097681336843
36,2019,5.49159096281761,0.192884336931352
37,2019,5.48314239471552,0.193816499226751
38,2019,5.47346245368531,0.194874981665901
39,2019,5.46250794045527,0.196039325465826
40,2019,5.45023565575368,0.197288101499547
41,2019,5.43660240030884,0.198599201343317
42,2019,5.42156497484904,0.199950111946033
43,2019,5.40508018010256,0.201318170442156
44,2019,5.3871048167977,0.202680797560329
45,2019,5.36759568566276,0.204015709774788
46,2019,5.34650958742601,0.205301111756043
47,2019,5.32380332281575,0.206515871795525
48,2019,5.29943369256027,0.20763968373274
49,2019,5.27335749738787,0.208653219550129
50,2019,5.24553153802683,0.209538277277856
51,2019,5.21591261520544,0.210277929228057
52,2019,5.18445752965199,0.210856675912717
53,2019,5.15112308209477,0.211260611341981
54,2019,5.11586607326208,0.211477605792388
55,2019,5.07864330388221,0.211497512609139
56,2019,5.03941379515472,0.211312706220824
57,2019,4.99820391100996,0.210927047008583
58,2019,4.95511787065274,0.21035694576784
59,2019,4.91026423014588,0.20962102057037
60,2019,4.86375154555218,0.208739259420103
61,2019,4.81568837293446,0.207732789194822
62,2019,4.76618326835552,0.2066236528119
63,2019,4.71534478787818,0.205434588105028
64,2019,4.66328148756523,0.204188802864016
65,2019,4.6101019234795,0.202909741504943
66,2019,4.5559146516838,0.201620839966252
67,2019,4.50082822824092,0.200345266718103
68,2019,4.44495120921368,0.199105649257748
69,2019,4.38839215066489,0.197923787144067
70,2019,4.33125960865735,0.196820354462738
71,2019,4.27366213925389,0.195814596529309
72,2019,4.21570829851731,0.194924027504325
73,2019,4.15750664251041,0.194164137247474
74,2019,4.099165727296,0.193548116987877
75,2019,4.0407941089369,0.193086614047813
76,2019,3.98250034349592,0.19278752577387
77,2019,3.92439298703586,0.192655841914932
78,2019,3.86658059561953,0.192693542946768
79,2019,3.80917172530975,0.192899559390473
80,2019,3.75227493216931,0.193269794220101
81,2019,3.69599877226104,0.193797207291309
82,2019,3.64045180164774,0.194471957668378
83,2019,3.58574257639222,0.19528159708537
84,2019,3.53197965255729,0.196211305790157
85,2019,3.47927158620575,0.197244160834731
86,2019,3.42772693340042,0.198361426531922
87,2019,3.37745425020411,0.199542857238042
88,2019,3.32856209267963,0.200767003707333
89,2019,3.28115901688978,0.202011515817509
90,2019,3.23535357889738,0.203253436294637
91,2019,3.19125433476523,0.204469481995039
92,2019,3.14896984055615,0.205636311191756
93,2019,3.10860865233294,0.206730777067849
94,2019,3.07027932615841,0.207730169188065
95,2019,3.03409041809537,0.208612446094212
96,2019,3.00015048420664,0.20935646337006
97,2019,2.96856808055501,0.20994220259385
98,2019,2.9394517632033,0.210351007600015
99,2019,2.91291008821433,0.210565835473299
100,2019,2.88905161165089,0.210571530765685
101,2019,2.8679848895758,0.210355132622868
102,2019,2.84981847805186,0.209906225884624
103,2019,2.83466093314189,0.209217348814434
104,2019,2.8226208109087,0.208284471914611
105,2019,2.81380666741509,0.207107564229114
106,2019,2.80832705872388,0.205691265459155
107,2019,2.80629001028139,0.204045744744082
108,2019,2.80771738868335,0.202197077250529
109,2019,2.81245038561471,0.200195985829441
110,2019,2.82030744257894,0.198097376005857
111,2019,2.83110700107951,0.195956765026821
112,2019,2.8446675026199,0.193829331073033
113,2019,2.86080738870355,0.191768864887758
114,2019,2.87934510083396,0.189826623490951
115,2019,2.90009908051457,0.188050103035954
116,2019,2.92288776924886,0.186481767356018
117,2019,2.9475296085403,0.185157788204882
118,2019,2.97384303989236,0.184106869432241
119,2019,3.0016465048085,0.183349236634882
120,2019,3.03075844479219,0.182895872885958
121,2019,3.0609973013469,0.182748068227703
122,2019,3.09218151597609,0.182897326468172
123,2019,3.12412953018324,0.183325640948901
124,2019,3.15665978547181,0.18400611692225
125,2019,3.18959072334527,0.184903888194694
126,2019,3.22274078530709,0.185977254882393
127,2019,3.25592841286073,0.187178960255706
128,2019,3.28897204750967,0.188457527705032
129,2019,3.32169013075737,0.189758591525489
130,2019,3.3539011041073,0.191026173928391
131,2019,3.38542340906292,0.192203881779611
132,2019,3.41607548712771,0.193236017138174
133,2019,3.44567577980513,0.194068614001566
134,2019,3.47404272859865,0.194650429230508
135,2019,3.50099477501174,0.19493392886136
136,2019,3.52635036054787,0.19487632300087
137,2019,3.5499279267105,0.194440714670953
138,2019,3.5715459150031,0.193597441884533
139,2019,3.59102276692914,0.192325709348484
140,2019,3.60819157747201,0.190619155221075
141,2019,3.62305578831928,0.188524301899563
142,2019,3.63572874225798,0.186122338206969
143,2019,3.64632561376011,0.183500273748992
144,2019,3.65496157729769,0.180748625127596
145,2019,3.66175180734275,0.1779593927729
146,2019,3.66681147836728,0.175223775437485
147,2019,3.67025576484331,0.172629565541095
148,2019,3.67219984124286,0.170258232245146
149,2019,3.67275888203793,0.168181780980463
150,2019,3.67204806170055,0.166459569750764
151,2019,3.67018255470272,0.165135345691719
152,2019,3.66727753551647,0.164234814867616
153,2019,3.66344817861381,0.163764050157591
154,2019,3.65880965846676,0.16370896520258
155,2019,3.65347714954732,0.164035947584418
156,2019,3.64756582632752,0.164693584395534
157,2019,3.64119086327937,0.16561527136428
158,2019,3.63446743487488,0.166722409195558
159,2019,3.62751071558607,0.167927873901852
160,2019,3.62043587988496,0.16913949460109
161,2019,3.61335810224357,0.170263359981845
162,2019,3.60639255713389,0.171206877314563
163,2019,3.59965441902796,0.171881605677321
164,2019,3.59325886239779,0.172205968566267
165,2019,3.58732106171539,0.172108020628177
166,2019,3.58194135695644,0.171539084178433
167,2019,3.5771370786591,0.170524771661645
168,2019,3.5728966996304,0.169124747738776
169,2019,3.56920866370373,0.167408922606056
170,2019,3.56606141471246,0.165454541461724
171,2019,3.56344339648999,0.163343499109562
172,2019,3.56134305286971,0.161159678146864
173,2019,3.55974882768501,0.158986184845483
174,2019,3.55864916476927,0.156902420367282
175,2019,3.55803250795588,0.15498100076319
176,2019,3.55788730107823,0.153284625074535
177,2019,3.55820198796971,0.151863076416866
178,2019,3.55896501246371,0.150750607902319
179,2019,3.56016481839361,0.149963991935581
180,2019,3.56178984959281,0.149501481295613
181,2019,3.56382854989469,0.149342841784632
182,2019,3.56626936313264,0.149450487149657
183,2019,3.56910073314005,0.149771611234633
184,2019,3.57231110375031,0.150241107038751
185,2019,3.5758889187968,0.150785013772585
186,2019,3.57982262211292,0.151324248082864
187,2019,3.58410065753205,0.151778443301445
188,2019,3.58871146888758,0.152069820259883
189,2019,3.5936435000129,0.152127124674892
190,2019,3.5988851947414,0.151889775992353
191,2019,3.60442499690646,0.151312475588006
192,2019,3.61025135478102,0.150370809486423
193,2019,3.61635343750956,0.149097442000431
194,2019,3.62272192590247,0.147611446369951
195,2019,3.62934769111575,0.146050598697428
196,2019,3.63622160430542,0.144555113257114
197,2019,3.64333453662748,0.143259409516698
198,2019,3.65067735923792,0.142283473536309
199,2019,3.65824094329277,0.141724277179196
200,2019,3.66601615994801,0.141648112002613
201,2019,3.67399388035966,0.142084891412207
202,2019,3.68216497568372,0.143025345623016
203,2019,3.69052031707619,0.144421568569027
204,2019,3.69905077569308,0.146190727335045
205,2019,3.70774722269039,0.148221164980272
206,2019,3.71660052922414,0.150379827553645
207,2019,3.72560156645031,0.152519987465198
208,2019,3.73474120552492,0.154488530921094
209,2019,3.74401031760398,0.156132475453465
210,2019,3.75339986652388,0.157305527112
211,2019,3.76290637694502,0.157919848080012
212,2019,3.77253499280501,0.157980661823655
213,2019,3.78229159948462,0.157521183267688
214,2019,3.79218208236466,0.15659189018356
215,2019,3.80221232682591,0.155256859899506
216,2019,3.81238821824916,0.153590847788938
217,2019,3.82271564201521,0.151676785048718
218,2019,3.83320048350485,0.149603429238217
219,2019,3.84384862809887,0.147462946924339
220,2019,3.85466596117806,0.145348255068958
221,2019,3.86565836812321,0.143350009061016
222,2019,3.87683173431513,0.141553210859029
223,2019,3.88819194513458,0.140033523626332
224,2019,3.89974488596238,0.138853509385628
225,2019,3.9114964421793,0.138059126849072
226,2019,3.92345249916615,0.137676898295736
227,2019,3.93561894230371,0.137712139375722
228,2019,3.94800165697278,0.13814852845938
229,2019,3.96060652855414,0.138949094460214
230,2019,3.97343944242859,0.140058480191879
231,2019,3.98650628397693,0.141406159750368
232,2019,3.99981293857993,0.142910201562118
233,2019,4.0133652916184,0.144481184460436
234,2019,4.02716919538668,0.146026044356183
235,2019,4.04122512976667,0.147464702128016
236,2019,4.05552230870388,0.148752262519741
237,2019,4.07004852756219,0.149859997717038
238,2019,4.08479158170552,0.150770349665521
239,2019,4.09973926649779,0.151475195696142
240,2019,4.11487937730288,0.151974392911731
241,2019,4.13019970948472,0.152274568044885
242,2019,4.14568805840721,0.152388112455124
243,2019,4.16133221943427,0.152332341026952
244,2019,4.17711998792979,0.152128775728131
245,2019,4.19303915925768,0.151802517719302
246,2019,4.20907752878186,0.15138167533918
247,2019,4.22522289186624,0.150896818774326
248,2019,4.24146304387471,0.15038043586487
249,2019,4.25778578017119,0.149866367607438
250,2019,4.27417889611959,0.149389206889766
251,2019,4.29063018708381,0.148983650194202
252,2019,4.30712744842776,0.148683799648358
253,2019,4.32365847551536,0.148522421795265
254,2019,4.3402110637105,0.148530179303983
255,2019,4.3567730083771,0.148734861576293
256,2019,4.37333210487906,0.149160648450069
257,2019,4.3898761485803,0.149827446387418
258,2019,4.40639293484472,0.150750337266953
259,2019,4.42287025903622,0.151939175368102
260,2019,4.43929591651872,0.153398358475981
261,2019,4.45565770265613,0.155126785447056
262,2019,4.47194341281235,0.157117997132583
263,2019,4.4881408423513,0.159360482735392
264,2019,4.50423778663687,0.161838121753045
265,2019,4.52022204103298,0.164530724187447
266,2019,4.53608140090353,0.167414629223459
267,2019,4.55180366161244,0.170463324666107
268,2019,4.56737661852361,0.173648054945758
269,2019,4.58278806700094,0.176938393009572
270,2019,4.59802580240836,0.180302759522611
271,2019,4.61307762010976,0.183708880407781
272,2019,4.62793131546905,0.187124180166062
273,2019,4.64257468385015,0.190516113329876
274,2019,4.65699552061695,0.193852439808095
275,2019,4.67118162113338,0.19710145196984
276,2019,4.68512078076333,0.200232162369405
277,2019,4.69880079487071,0.203214461340354
278,2019,4.71221145825246,0.20602165522355
279,2019,4.72535375393913,0.2086419975886
280,2019,4.73823255448333,0.211070643171581
281,2019,4.75085273634282,0.213304826134234
282,2019,4.76321917597535,0.215343568829253
283,2019,4.77533674983867,0.217187440730405
284,2019,4.78721033439054,0.218838355473303
285,2019,4.79884480608871,0.220299399667668
286,2019,4.81024504139094,0.221574688127295
287,2019,4.82141591675497,0.222669241014284
288,2019,4.83236230863856,0.223588879114584
289,2019,4.84308909349946,0.224340134064457
290,2019,4.85360114779544,0.224930170846711
291,2019,4.86390334798423,0.225366720286367
292,2019,4.8740005705236,0.225658019611699
293,2019,4.88389769187129,0.225812759421033
294,2019,4.89359958848507,0.225840035619324
295,2019,4.90311113682268,0.225749305071032
296,2019,4.91243721334188,0.225550343865605
297,2019,4.92158269450043,0.225253207216334
298,2019,4.93055245675606,0.224868190118812
299,2019,4.93935137656655,0.224405787987673
300,2019,4.94798433038964,0.223876656574775
301,2019,4.95645619468308,0.223291570553284
302,2019,4.96477184590464,0.222661380234561
303,2019,4.97293616051205,0.221996965972076
304,2019,4.98095401496309,0.221309189902146
305,2019,4.98883028571549,0.220608844777695
306,2019,4.99656984922701,0.219906599770312
307,2019,5.00417758195542,0.21921294324842
308,2019,5.01165836035845,0.218538122684949
309,2019,5.01901706089387,0.217892082004635
310,2019,5.02625856001942,0.217284396845609
311,2019,5.03338773419286,0.216724208377131
312,2019,5.04040945987195,0.216220156478629
313,2019,5.04732861351444,0.215780313236673
314,2019,5.05415007157808,0.215412117847189
315,2019,5.06087871052062,0.215122314110961
316,2019,5.06751940679982,0.214916891772403
317,2019,5.07407703687343,0.214801032967066
318,2019,5.0805564771992,0.214779065007034
319,2019,5.0869626042349,0.214854420642388
320,2019,5.09330029443826,0.215029606792432
321,2019,5.09957442426705,0.215306182546602
322,2019,5.10578987017902,0.215684747000499
323,2019,5.11195150863193,0.216164937228427
324,2019,5.11806421608352,0.216745436414216
325,2019,5.12413286899154,0.217423991881829
326,2019,5.13016234381376,0.218197442501477
327,2019,5.13615751700793,0.219061754709429
328,2019,5.1421232650318,0.220012066181882
329,2019,5.14806446434312,0.221042736053432
330,2019,5.15398599139964,0.22214740047354
331,2019,5.15989272265913,0.223319032250809
332,2019,5.16578953457933,0.224550003342444
333,2019,5.171681303618,0.22583214899966
334,2019,5.17757290623289,0.227156832471511
335,2019,5.18346921888175,0.228515009291089
336,2019,5.18937511802234,0.229897290310098
337,2019,5.19529548011241,0.231294002801749
338,2019,5.20123518160972,0.232695249109665
339,2019,5.20719909897201,0.234090962475529
340,2019,5.21319210865705,0.235470959825215
341,2019,5.21921908712257,0.236824991428476
342,2019,5.22528491082635,0.238142787468733
343,2019,5.23139445622613,0.239414101666163
344,2019,5.23755259977967,0.240628752189374
345,2019,5.24376421794472,0.241776660169523
346,2019,5.25003418717902,0.242847886197544
347,2019,5.25636738394035,0.243832665242466
348,2019,5.26276868468644,0.244721440479076
349,2019,5.26924296587505,0.245504896559221
350,2019,5.27579510396395,0.246173992905582
351,2019,5.28242997541087,0.246719997652772
352,2019,5.28915245667357,0.247134522910919
353,2019,5.29596742420981,0.247409562084527
354,2019,5.30287975447734,0.24753753004739
355,2019,5.30989432393392,0.2475113070558
356,2019,5.31701600903729,0.247324287380536
357,2019,5.32424968624522,0.246970433756725
358,2019,5.33160023201544,0.246444338893219
359,2019,5.33907252280573,0.245741295453637
360,2019,5.34667143507382,0.244857376123544
361,2019,5.35440184527749,0.243789525616322
362,2019,5.36226862987446,0.242535666747277
363,2019,5.37027666532251,0.241094823023699
364,2019,5.37843082807939,0.239467260557525
365,2019,5.38672798198127,0.237657130496804
1,2020,5.37785090585918,0.250655325558067
2,2020,5.38558131606284,0.249599026339682
3,2020,5.39344810065981,0.248360884624913
4,2020,5.40145613610787,0.246940061494246
5,2020,5.40961029886474,0.245336953623845
6,2020,5.41790745276662,0.243555772373348
7,2020,5.42631241116336,0.241611690837393
8,2020,5.43478197478327,0.239523152353661
9,2020,5.44327294435463,0.237309319579567
10,2020,5.45174212060572,0.234990000381853
11,2020,5.46014630426485,0.232585569991296
12,2020,5.4684422960603,0.230116886534957
13,2020,5.47658689672036,0.227605197099262
14,2020,5.48453690697332,0.225072031564669
15,2020,5.49224912754748,0.222539081623447
16,2020,5.49968035917112,0.220028062686658
17,2020,5.50678740257254,0.21756055684577
18,2020,5.51352705848002,0.215157835716523
19,2020,5.51985612762185,0.212840662886387
20,2020,5.52573141072633,0.210629076824075
21,2020,5.53110970852175,0.208542156476331
22,2020,5.5359478217364,0.206597773325828
23,2020,5.54020255109856,0.204812335326987
24,2020,5.54383069733653,0.203200529745149
25,2020,5.5467890611786,0.201775073335356
26,2020,5.54903444335306,0.200546479327181
27,2020,5.5505236445882,0.199522851152755
28,2020,5.55121346561231,0.198709712622475
29,2020,5.55106070715367,0.198109883238398
30,2020,5.5500221699406,0.197723405551186
31,2020,5.54805465470136,0.197547529027045
32,2020,5.54511496216425,0.197576752005868
33,2020,5.54115989305757,0.197802920279378
34,2020,5.5361462481096,0.198215377904877
35,2020,5.53003082804863,0.198801163383104
36,2020,5.52277043360296,0.199545242491507
37,2020,5.51432186550088,0.200430768007695
38,2020,5.50464192447066,0.201439356309054
39,2020,5.49368741124062,0.202551371324996
40,2020,5.48141512653903,0.203746207407523
41,2020,5.46778187109419,0.20500256419279
42,2020,5.45274444563439,0.206298708261132
43,2020,5.43625965088791,0.207612718193466
44,2020,5.41828428758306,0.208922711330834
45,2020,5.39877515644811,0.210207052077103
46,2020,5.37768905821136,0.211444542891563
47,2020,5.3549827936011,0.212614600184735
48,2020,5.33061316334563,0.213697418172294
49,2020,5.30453696817322,0.214674124393259
50,2020,5.27671100881218,0.215526931104894
51,2020,5.24709208599079,0.216239287177649
52,2020,5.21563700043734,0.216796035477359
53,2020,5.18230255288012,0.217183581082709
54,2020,5.14704554404743,0.217390076080397
55,2020,5.10982277466756,0.217405627136144
56,2020,5.07059326594007,0.217222823607495
57,2020,5.02938338179531,0.216845437417203
58,2020,4.98629734143809,0.216289450629217
59,2020,4.94144370093123,0.215573012442584
60,2020,4.89493101633753,0.21471561704575
61,2020,4.84686784371981,0.213737869759474
62,2020,4.79736273914087,0.212661261552659
63,2020,4.74652425866353,0.211507945857867
64,2020,4.69446095835059,0.210300512569737
65,2020,4.64128139426486,0.209061755114886
66,2020,4.58709412246915,0.207814427587495
67,2020,4.53200769902627,0.206580990190371
68,2020,4.47613067999903,0.20538334262683
69,2020,4.41957162145024,0.2042425466483
70,2020,4.36243907944271,0.203178540636487
71,2020,4.30484161003924,0.202209850810668
72,2020,4.24688776930266,0.201353305286392
73,2020,4.18868611329576,0.200623758627527
74,2020,4.13034519808135,0.200033835569376
75,2020,4.07197357972225,0.199593703092049
76,2020,4.01367981428127,0.199310879868146
77,2020,3.95557245782121,0.199190091232655
78,2020,3.89776006640488,0.199233176240782
79,2020,3.8403511960951,0.199439051194155
80,2020,3.78345440295466,0.199803731412686
81,2020,3.72717824304639,0.200320410253508
82,2020,3.67163127243309,0.200979591700449
83,2020,3.61692204717757,0.201769270523858
84,2020,3.56315912334264,0.202675152246247
85,2020,3.5104510569911,0.203680904071902
86,2020,3.45890640418577,0.204768427587785
87,2020,3.40863372098947,0.205918144375205
88,2020,3.35974156346498,0.207109286578159
89,2020,3.31233848767513,0.208320185806984
90,2020,3.26653304968273,0.209528555353962
91,2020,3.22243380555058,0.210711762410738
92,2020,3.1801493113415,0.211847088682309
93,2020,3.13978812311829,0.212911979401865
94,2020,3.10145879694376,0.213884282215199
95,2020,3.06526988888072,0.214742478708182
96,2020,3.03132995499199,0.215465912509652
97,2020,2.99974755134036,0.216035018949935
98,2020,2.97063123398865,0.216431562240835
99,2020,2.94408955899968,0.216638887122445
100,2020,2.92023108243624,0.216642192953043
101,2020,2.89916436036115,0.216428839354217
102,2020,2.88099794883721,0.215988693807123
103,2020,2.86584040392724,0.215314533050615
104,2020,2.85380028169405,0.214402511746339
105,2020,2.84498613820044,0.21325271358036
106,2020,2.83950652950923,0.211869801599479
107,2020,2.83746948106674,0.210263844973196
108,2020,2.8388968594687,0.208460370963318
109,2020,2.84362985640006,0.206508793890153
110,2020,2.85148691336429,0.204462505111678
111,2020,2.86228647186486,0.202375382033361
112,2020,2.87584697340525,0.200300849959136
113,2020,2.8919868594889,0.198290860791518
114,2020,2.91052457161931,0.196394790192968
115,2020,2.93127855129992,0.194658270608359
116,2020,2.95406724003421,0.193121994765818
117,2020,2.97870907932565,0.191820541010794
118,2020,3.00502251067771,0.190781285369303
119,2020,3.03282597559385,0.190023472524326
120,2020,3.06193791557754,0.189557516305496
121,2020,3.09217677213225,0.18938458855834
122,2020,3.12336098676144,0.189496534140567
123,2020,3.15530900096859,0.189876122258913
124,2020,3.18783925625716,0.190497615029606
125,2020,3.22077019413062,0.191327608137199
126,2020,3.25392025609244,0.192326080060657
127,2020,3.28710788364608,0.19344757794302
128,2020,3.32015151829502,0.194642469971174
129,2020,3.35286960154272,0.195858204364403
130,2020,3.38508057489265,0.19704053089654
131,2020,3.41660287984827,0.198134659257535
132,2020,3.44725495791306,0.199086346991086
133,2020,3.47685525059048,0.199842926645121
134,2020,3.505222199384,0.200354296551281
135,2020,3.53217424579709,0.200573912558081
136,2020,3.55752983133322,0.200459829927102
137,2020,3.58110739749585,0.199975856660169
138,2020,3.60272538578845,0.199092893092428
139,2020,3.62220223771449,0.19779054892114
140,2020,3.63937104825736,0.196062595058282
141,2020,3.65423525910463,0.193954523275085
142,2020,3.66690821304333,0.191545711459033
143,2020,3.67750508454546,0.188921187078215
144,2020,3.68614104808305,0.186169316651157
145,2020,3.6929312781281,0.183379794742143
146,2020,3.69799094915263,0.180641399566725
147,2020,3.70143523562866,0.178039466184328
148,2020,3.70337931202821,0.175653087569511
149,2020,3.70393835282328,0.173552128266142
150,2020,3.7032275324859,0.171794217070741
151,2020,3.70136202548807,0.170421958315085
152,2020,3.69845700630182,0.169460644250487
153,2020,3.69462764939916,0.168916743536095
154,2020,3.68998912925211,0.168777373564717
155,2020,3.68465662033267,0.169010846348231
156,2020,3.67874529711287,0.16956823639062
157,2020,3.67237033406472,0.170385791223335
158,2020,3.66564690566023,0.171387923085233
159,2020,3.65869018637142,0.172490499192395
160,2020,3.65161535067032,0.173604184149105
161,2020,3.64453757302892,0.174637663253235
162,2020,3.63757202791924,0.175500667457622
163,2020,3.63083388981331,0.17610681156627
164,2020,3.62443833318314,0.176376337404839
165,2020,3.61850053250074,0.176238922291389
166,2020,3.61312082774179,0.17564703839219
167,2020,3.60831654944445,0.174625558588002
168,2020,3.60407617041576,0.17323270088211
169,2020,3.60038813448908,0.171536832178038
170,2020,3.59724088549781,0.169613537200856
171,2020,3.59462286727535,0.167542909312322
172,2020,3.59252252365506,0.165406874024274
173,2020,3.59092829847036,0.163286430212406
174,2020,3.58982863555462,0.161258756159868
175,2020,3.58921197874123,0.159394200208589
176,2020,3.58906677186358,0.157753255981992
177,2020,3.58938145875506,0.156383699670821
178,2020,3.59014448324906,0.155318125007306
179,2020,3.59134428917896,0.154572131373121
180,2020,3.59296932037816,0.154143388568428
181,2020,3.59500802068004,0.154011718187577
182,2020,3.59744883391799,0.154140213522532
183,2020,3.6002802039254,0.154477297724522
184,2020,3.60349057453566,0.15495952610399
185,2020,3.60706838958215,0.155514895606456
186,2020,3.61100209289827,0.156066438594728
187,2020,3.6152801283174,0.156535939463737
188,2020,3.61989093967293,0.156847703331716
189,2020,3.62482297079825,0.156932408206491
190,2020,3.63006466552675,0.156731173413386
191,2020,3.63560446769181,0.156200072260923
192,2020,3.64143082556637,0.155315589879908
193,2020,3.64753290829491,0.154109622208126
194,2020,3.65390139668782,0.152697622824059
195,2020,3.66052716190111,0.15121281830895
196,2020,3.66740107509077,0.149790350500183
197,2020,3.67451400741283,0.148559310466178
198,2020,3.68185683002327,0.147634512660181
199,2020,3.68942041407812,0.147108439997158
200,2020,3.69719563073336,0.147044126468162
201,2020,3.70517335114501,0.147469901081002
202,2020,3.71334444646907,0.14837679390345
203,2020,3.72169978786154,0.149718999601349
204,2020,3.73023024647843,0.15141723586375
205,2020,3.73892669347575,0.153364331883766
206,2020,3.74778000000949,0.155432111831206
207,2020,3.75678103723566,0.157478657509128
208,2020,3.76592067631027,0.159355278139681
209,2020,3.77518978838933,0.160912860674556
210,2020,3.78457933730923,0.162008364986576
211,2020,3.79408584773037,0.16255564511949
212,2020,3.80371446359036,0.162559561372339
213,2020,3.81347107026997,0.162052445898981
214,2020,3.82336155315001,0.161083628129039
215,2020,3.83339179761126,0.159715833885195
216,2020,3.84356768903451,0.158022290604156
217,2020,3.85389511280056,0.156084235991499
218,2020,3.8643799542902,0.15398857957919
219,2020,3.87502809888422,0.151825510606021
220,2020,3.88584543196341,0.149685891360716
221,2020,3.89683783890856,0.147658333499402
222,2020,3.90801120510048,0.145825934645164
223,2020,3.91937141591993,0.144262756059412
224,2020,3.93092435674773,0.143030240112878
225,2020,3.94267591296465,0.142173875191984
226,2020,3.9546319699515,0.141720481283255
227,2020,3.96679841308906,0.141676478766184
228,2020,3.97918112775813,0.142027401554093
229,2020,3.99178599933949,0.142738741117506
230,2020,4.00461891321394,0.143758007766932
231,2020,4.01768575476228,0.145017729002056
232,2020,4.03099240936528,0.146439016622333
233,2020,4.04454476240375,0.14793533807102
234,2020,4.05834866617203,0.149416277886134
235,2020,4.07240460055203,0.150803572685642
236,2020,4.08670177948923,0.152052654341497
237,2020,4.10122799834754,0.153134712391173
238,2020,4.11597105249087,0.154031934622718
239,2020,4.13091873728314,0.154735835996392
240,2020,4.14605884808823,0.155245842958809
241,2020,4.16137918027007,0.155568105567291
242,2020,4.17686752919256,0.155714501730247
243,2020,4.19251169021962,0.155701795941663
244,2020,4.20829945871514,0.155550916081021
245,2020,4.22421863004304,0.155286314436938
246,2020,4.24025699956722,0.154935382244305
247,2020,4.25640236265159,0.154527890407396
248,2020,4.27264251466006,0.154095432760999
249,2020,4.28896525095654,0.153670852432728
250,2020,4.30535836690494,0.153287636916752
251,2020,4.32180965786916,0.152979273613644
252,2020,4.33830691921311,0.152778564935214
253,2020,4.35483794630071,0.15271691044542
254,2020,4.37139053449585,0.152823572376438
255,2020,4.38795247916245,0.153124949306182
256,2020,4.40451157566441,0.153643889592712
257,2020,4.42105561936565,0.154399080020977
258,2020,4.43757240563007,0.155404544935099
259,2020,4.45404972982157,0.156669286369768
260,2020,4.47047538730408,0.158197086633644
261,2020,4.48683717344149,0.159986482581739
262,2020,4.50312288359771,0.162030907262593
263,2020,4.51932031313665,0.164318981830074
264,2020,4.53541725742222,0.166834930440293
265,2020,4.55140151181833,0.169559084555239
266,2020,4.56726087168888,0.172468441055689
267,2020,4.58298313239779,0.175537240439967
268,2020,4.59855608930896,0.178737536196395
269,2020,4.61396753778629,0.182039732975976
270,2020,4.62920527319371,0.185413078285981
271,2020,4.64425709089511,0.18882609914206
272,2020,4.6591107862544,0.192246980851051
273,2020,4.6737541546355,0.195643889565099
274,2020,4.6881749914023,0.19898524342236
275,2020,4.70236109191873,0.202239939112864
276,2020,4.71630025154868,0.205377541810572
277,2020,4.72998026565606,0.208368446850276
278,2020,4.74339092903781,0.211186389428479
279,2020,4.75653322472448,0.213819820044618
280,2020,4.76941202526868,0.216263976787266
281,2020,4.78203220712817,0.218516137696851
282,2020,4.7943986467607,0.220575338529134
283,2020,4.80651622062403,0.222442138423721
284,2020,4.8183898051759,0.224118421959675
285,2020,4.83002427687407,0.225607231633666
286,2020,4.84142451217629,0.226912625701698
287,2020,4.85259538754032,0.228039557111955
288,2020,4.86354177942391,0.228993769926477
289,2020,4.87426856428482,0.229781710192893
290,2020,4.88478061858079,0.230410448696801
291,2020,4.89508281876958,0.230887613413625
292,2020,4.90518004130895,0.231221329798396
293,2020,4.91507716265664,0.231420167314294
294,2020,4.92477905927042,0.231493090816076
295,2020,4.93429060760803,0.231449415581609
296,2020,4.94361668412723,0.231298764931356
297,2020,4.95276216528578,0.231051029498691
298,2020,4.96173192754141,0.23071632731928
299,2020,4.9705308473519,0.230304964000897
300,2020,4.97916380117499,0.229827392320593
301,2020,4.98763566546844,0.229294170678542
302,2020,4.99595131668999,0.228715919920859
303,2020,5.00411563129741,0.22810327813065
304,2020,5.01213348574844,0.227466853080286
305,2020,5.02000975650084,0.22681717214058
306,2020,5.02774932001237,0.226164629555545
307,2020,5.03535705274077,0.225519431115227
308,2020,5.0428378311438,0.224891536393036
309,2020,5.05019653167922,0.224290598856197
310,2020,5.05743803080477,0.223725904305209
311,2020,5.06456720497822,0.223206308245933
312,2020,5.0715889306573,0.222740172940378
313,2020,5.07850808429979,0.22233530501253
314,2020,5.08532954236343,0.221998894596157
315,2020,5.09205818130597,0.2217374570948
316,2020,5.09869887758517,0.221556778672785
317,2020,5.10525650765878,0.22146186660408
318,2020,5.11173594798455,0.221456905568819
319,2020,5.11814207502025,0.221545220903507
320,2020,5.12447976522361,0.221729249681313
321,2020,5.13075389505241,0.222010520327546
322,2020,5.13696934096438,0.222389641269469
323,2020,5.14313097941728,0.222866298888723
324,2020,5.14924368686887,0.223439264800337
325,2020,5.1553123397769,0.224106412237279
326,2020,5.16134181459911,0.224864741086344
327,2020,5.16733698779328,0.225710410911525
328,2020,5.17330273581715,0.226638781124679
329,2020,5.17924393512847,0.227644457327449
330,2020,5.185165462185,0.228721342757385
331,2020,5.19107219344448,0.22986269372612
332,2020,5.19696900536468,0.231061177936799
333,2020,5.20286077440335,0.23230893460756
334,2020,5.20875237701824,0.233597635401868
335,2020,5.2146486896671,0.234918545267841
336,2020,5.22055458880769,0.236262582409791
337,2020,5.22647495089776,0.23762037674857
338,2020,5.23241465239507,0.238982326366125
339,2020,5.23837856975736,0.240338651567954
340,2020,5.2443715794424,0.241679446330242
341,2020,5.25039855790793,0.242994727022799
342,2020,5.25646438161171,0.244274478412288
343,2020,5.26257392701149,0.245508697051486
344,2020,5.26873207056502,0.246687432249365
345,2020,5.27494368873007,0.247800824894259
346,2020,5.28121365796437,0.248839144469621
347,2020,5.2875468547257,0.24979282466071
348,2020,5.29394815547179,0.250652498003011
349,2020,5.30042243666041,0.251409030071771
350,2020,5.3069745747493,0.252053553759068
351,2020,5.31360944619622,0.252577504233007
352,2020,5.32033192745892,0.252972655225596
353,2020,5.32714689499517,0.253231157354208
354,2020,5.3340592252627,0.253345579249216
355,2020,5.34107379471927,0.253308952340163
356,2020,5.34819547982265,0.253114820247722
357,2020,5.35542915703057,0.252757293841956
358,2020,5.3627797028008,0.252231113162068
359,2020,5.37025199359108,0.251531717552504
360,2020,5.37785090585918,0.250655325558067
361,2020,5.38558131606284,0.249599026339682
362,2020,5.39344810065981,0.248360884624913
363,2020,5.40145613610787,0.246940061494246
364,2020,5.40961029886474,0.245336953623845
365,2020,5.41790745276662,0.243555772373348
1,2021,5.40903136717309,0.256969105020357
2,2021,5.41676177737675,0.255925939266334
3,2021,5.42462856197373,0.254705280442054
4,2021,5.43263659742178,0.25330642711581
5,2021,5.44079076017865,0.251729904494567
6,2021,5.44908791408053,0.249979977706669
7,2021,5.45749287247728,0.248071609207588
8,2021,5.46596243609718,0.246022948704746
9,2021,5.47445340566854,0.243852839593548
10,2021,5.48292258191963,0.241580740296466
11,2021,5.49132676557876,0.239226641965719
12,2021,5.49962275737421,0.236810979860303
13,2021,5.50776735803427,0.234354535792007
14,2021,5.51571736828723,0.231878329167773
15,2021,5.52342958886139,0.229403494369661
16,2021,5.53086082048503,0.226951142542695
17,2021,5.53796786388645,0.224542206338253
18,2021,5.54470751979393,0.222197266815175
19,2021,5.55103658893576,0.219936362551271
20,2021,5.55691187204025,0.217778782067457
21,2021,5.56229016983566,0.215742841895479
22,2021,5.56712828305031,0.2138456539796
23,2021,5.57138301241247,0.212102887511877
24,2021,5.57501115865044,0.210528531647216
25,2021,5.57796952249251,0.209134666690732
26,2021,5.58021490466697,0.207931252146862
27,2021,5.58170410590211,0.206925940326106
28,2021,5.58239392692622,0.206123923912222
29,2021,5.58224116846759,0.205527824946556
30,2021,5.58120263125451,0.205137631106855
31,2021,5.57923511601527,0.204950683046292
32,2021,5.57629542347816,0.20496171408926
33,2021,5.57234035437148,0.205162940981522
34,2021,5.56732670942351,0.205544201911985
35,2021,5.56121128936255,0.206093135894249
36,2021,5.55395089491687,0.206795396001347
37,2021,5.54550232681479,0.207634887997181
38,2021,5.53582238578458,0.208594025631554
39,2021,5.52486787255453,0.209653994214336
40,2021,5.51259558785294,0.210795014950796
41,2021,5.4989623324081,0.211996603761363
42,2021,5.4839249069483,0.213237819771228
43,2021,5.46744011220182,0.214497500194802
44,2021,5.44946474889697,0.215754479839264
45,2021,5.42995561776202,0.216987794825453
46,2021,5.40886951952527,0.218176871323169
47,2021,5.38616325491502,0.219301701102589
48,2021,5.36179362465954,0.220343006520104
49,2021,5.33571742948713,0.221282398209469
50,2021,5.30789147012609,0.222102529272512
51,2021,5.2782725473047,0.222787250197726
52,2021,5.24681746175125,0.223321769120074
53,2021,5.21348301419404,0.223692822408495
54,2021,5.17822600536135,0.223888860960328
55,2021,5.14100323598147,0.223900258017375
56,2021,5.10177372725399,0.223719826576571
57,2021,5.06056384310922,0.223351246117615
58,2021,5.017477802752,0.222810052518336
59,2021,4.97262416224514,0.222113904782924
60,2021,4.92611147765144,0.221281779343468
61,2021,4.87804830503372,0.220333734123574
62,2021,4.82854320045479,0.219290681129995
63,2021,4.77770471997744,0.218174161946364
64,2021,4.7256414196645,0.21700612144201
65,2021,4.67246185557877,0.21580867599401
66,2021,4.61827458378306,0.214603873593161
67,2021,4.56318816034018,0.213413444394089
68,2021,4.50731114131294,0.212258541588024
69,2021,4.45075208276415,0.211159473912088
70,2021,4.39361954075662,0.210135432620765
71,2021,4.33602207135316,0.209204217262159
72,2021,4.27806823061657,0.208381966022432
73,2021,4.21986657460967,0.207682897602674
74,2021,4.16152565939526,0.207119072439408
75,2021,4.10315404103617,0.20670018144766
76,2021,4.04486027559518,0.206433370257879
77,2021,3.98675291913512,0.206323106089897
78,2021,3.92894052771879,0.206371092979092
79,2021,3.87153165740901,0.206576239135327
80,2021,3.81463486426858,0.206934677933343
81,2021,3.7583587043603,0.20743984161137
82,2021,3.702811733747,0.208082584419677
83,2021,3.64810250849148,0.208851349927423
84,2021,3.59433958465655,0.209732375637413
85,2021,3.54163151830501,0.210709927084448
86,2021,3.49008686549969,0.211766553241755
87,2021,3.43981418230338,0.21288335530098
88,2021,3.39092202477889,0.214040261638728
89,2021,3.34351894898905,0.21521630291624
90,2021,3.29771351099664,0.216389882644848
91,2021,3.2536142668645,0.217539040060552
92,2021,3.21132977265541,0.218641703679184
93,2021,3.1709685844322,0.219675935370203
94,2021,3.13263925825767,0.220620166144677
95,2021,3.09645035019463,0.221453426083284
96,2021,3.0625104163059,0.222155571940173
97,2021,3.03092801265427,0.222707516974101
98,2021,3.00181169530257,0.223091468518566
99,2021,2.97527002031359,0.223291179753651
100,2021,2.95141154375015,0.22329222313209
101,2021,2.93034482167506,0.22308229398476
102,2021,2.91217841015112,0.222651554020635
103,2021,2.89702086524116,0.221993025758012
104,2021,2.88498074300796,0.221103050359604
105,2021,2.87616659951436,0.219981822821016
106,2021,2.87068699082314,0.218634019818647
107,2021,2.86864994238065,0.217069593762167
108,2021,2.87007732078261,0.215313491911323
109,2021,2.87481031771397,0.21341376794334
110,2021,2.8826673746782,0.211422247328608
111,2021,2.89346693317878,0.209391121302741
112,2021,2.90702743471916,0.207372023735522
113,2021,2.92316732080282,0.205415038707029
114,2021,2.94170503293322,0.203567641992727
115,2021,2.96245901261383,0.201873593887272
116,2021,2.98524770134812,0.200371815893508
117,2021,3.00988954063957,0.199095298082193
118,2021,3.03620297199162,0.198070095099646
119,2021,3.06400643690776,0.19731447438013
120,2021,3.09311837689145,0.196838278060765
121,2021,3.12335723344616,0.196642549492677
122,2021,3.15454144807535,0.196719456848174
123,2021,3.1864894622825,0.19705252264932
124,2021,3.21901971757107,0.197617142894068
125,2021,3.25195065544453,0.198381357031503
126,2021,3.28510071740635,0.199306813883564
127,2021,3.31828834496,0.200349870803428
128,2021,3.35133197960893,0.201462764186519
129,2021,3.38405006285663,0.20259479762709
130,2021,3.41626103620656,0.203693507295844
131,2021,3.44778334116218,0.204705780012758
132,2021,3.47843541922697,0.205578915871962
133,2021,3.50803571190439,0.206261642719859
134,2021,3.53640266069791,0.206705103678663
135,2021,3.563354707111,0.206863851349671
136,2021,3.58871029264713,0.206696893965907
137,2021,3.61228785880976,0.206168850570076
138,2021,3.63390584710236,0.205251285390076
139,2021,3.6533826990284,0.203924307026217
140,2021,3.67055150957128,0.202181894498071
141,2021,3.68541572041855,0.200068487379047
142,2021,3.69808867435724,0.197661558240013
143,2021,3.70868554585937,0.195044035954308
144,2021,3.71732150939696,0.192302000316406
145,2021,3.72411173944201,0.189522684483934
146,2021,3.72917141046654,0.186792273460193
147,2021,3.73261569694258,0.184193457539288
148,2021,3.73455977334212,0.181802754569257
149,2021,3.73511881413719,0.179687681987377
150,2021,3.73440799379981,0.177903931681706
151,2021,3.73254248680199,0.17649276399231
152,2021,3.72963746761574,0.175478873407329
153,2021,3.72580811071308,0.174868971020795
154,2021,3.72116959056602,0.17465127008519
155,2021,3.71583708164658,0.174795958629989
156,2021,3.70992575842678,0.175256619950777
157,2021,3.70355079537863,0.175972448659522
158,2021,3.69682736697414,0.176871034447867
159,2021,3.68987064768534,0.177871462263041
160,2021,3.68279581198423,0.178887504528699
161,2021,3.67571803434283,0.179830744348372
162,2021,3.66875248923316,0.180613549728335
163,2021,3.66201435112723,0.181151901854114
164,2021,3.65561879449705,0.181368156180127
165,2021,3.64968099381465,0.181193881632552
166,2021,3.6443012890557,0.180582900637986
167,2021,3.63949701075837,0.179559321866258
168,2021,3.63525663172967,0.178179776088955
169,2021,3.63156859580299,0.176510897769467
170,2021,3.62842134681173,0.174626380481672
171,2021,3.62580332858926,0.172604251163952
172,2021,3.62370298496898,0.170524187900654
173,2021,3.62210875978427,0.168464778134088
174,2021,3.62100909686853,0.166500674259494
175,2021,3.62039244005514,0.164699672194268
176,2021,3.62024723317749,0.163119812127391
177,2021,3.62056192006897,0.16180666946288
178,2021,3.62132494456297,0.160791053030368
179,2021,3.62252475049288,0.160087340956077
180,2021,3.62414978169207,0.159692651738273
181,2021,3.62618848199395,0.159586970617592
182,2021,3.6286292952319,0.159734245303732
183,2021,3.63146066523931,0.160084357060734
184,2021,3.63467103584957,0.160575790899493
185,2021,3.63824885089606,0.161138791376968
186,2021,3.64218255421218,0.161698803269531
187,2021,3.64646058963131,0.162180051048158
188,2021,3.65107140098684,0.162509192322757
189,2021,3.65600343211216,0.162619072737135
190,2021,3.66124512684066,0.162452702190381
191,2021,3.66678492900572,0.161967659238718
192,2021,3.67261128688029,0.161141388407783
193,2021,3.67871336960882,0.160004894728723
194,2021,3.68508185800173,0.15866962827119
195,2021,3.69170762321502,0.157263845961334
196,2021,3.69858153640469,0.155917218451527
197,2021,3.70569446872674,0.154753159572431
198,2021,3.71303729133719,0.153881035078931
199,2021,3.72060087539203,0.153388644967576
200,2021,3.72837609204727,0.153335655615353
201,2021,3.73635381245892,0.153748780368704
202,2021,3.74452490778298,0.154619392450432
203,2021,3.75288024917545,0.155903906116599
204,2021,3.76141070779234,0.157526788863365
205,2021,3.77010715478966,0.159385638412172
206,2021,3.7789604613234,0.161357518053768
207,2021,3.78796149854957,0.163305745126362
208,2021,3.79710113762419,0.165086523817697
209,2021,3.80637024970324,0.166555108140735
210,2021,3.81575979862314,0.167572215697566
211,2021,3.82526630904429,0.168053717322822
212,2021,3.83489492490427,0.168004125917153
213,2021,3.84465153158388,0.167454830006113
214,2021,3.85454201446392,0.166453904065626
215,2021,3.86457225892517,0.165062573774335
216,2021,3.87474815034842,0.163352347956539
217,2021,3.88507557411447,0.161402535855991
218,2021,3.89556041560411,0.159297916730883
219,2021,3.90620856019813,0.157126370879299
220,2021,3.91702589327732,0.154976325469029
221,2021,3.92801830022248,0.152933924085728
222,2021,3.93919166641439,0.151079902826301
223,2021,3.95055187723384,0.149486249365967
224,2021,3.96210481806164,0.148212826227838
225,2021,3.97385637427857,0.147304235170098
226,2021,3.98581243126541,0.146787257159692
227,2021,3.99797887440297,0.146669194053506
228,2021,4.01036158907204,0.146937351505021
229,2021,4.0229664606534,0.147559751657387
230,2021,4.03579937452786,0.148486988202983
231,2021,4.04886621607619,0.149654985517454
232,2021,4.06217287067919,0.150988337755406
233,2021,4.07572522371766,0.152403897699874
234,2021,4.08952912748594,0.153814415479987
235,2021,4.10358506186594,0.155143895514831
236,2021,4.11788224080314,0.156348377980818
237,2021,4.13240845966145,0.157399151510308
238,2021,4.14715151380479,0.158278258434596
239,2021,4.16209919859705,0.15897690044831
240,2021,4.17723930940214,0.159494074062242
241,2021,4.19255964158398,0.159835413981603
242,2021,4.20804799050648,0.160012213658334
243,2021,4.22369215153353,0.160040589446705
244,2021,4.23947992002905,0.159940755217906
245,2021,4.25539909135695,0.159736376319477
246,2021,4.27143746088113,0.15945397455476
247,2021,4.2875828239655,0.159122359075501
248,2021,4.30382297597397,0.158772061711413
249,2021,4.32014571227045,0.158434759459011
250,2021,4.33653882821885,0.158142671829407
251,2021,4.35299011918307,0.157927926672982
252,2021,4.36948738052702,0.157821894969127
253,2021,4.38601840761462,0.157854502661686
254,2021,4.40257099580976,0.158053535404775
255,2021,4.41913294047636,0.158443959231164
256,2021,4.43569203697832,0.159047285630669
257,2021,4.45223608067956,0.159881012272331
258,2021,4.46875286694398,0.160958169800438
259,2021,4.48523019113549,0.16228700045502
260,2021,4.50165584861799,0.163870786059768
261,2021,4.5180176347554,0.165707832218341
262,2021,4.53430334491162,0.167791603905792
263,2021,4.55050077445056,0.170110996753583
264,2021,4.56659771873613,0.172650719716749
265,2021,4.58258197313224,0.175391759473371
266,2021,4.59844133300279,0.178311895161804
267,2021,4.6141635937117,0.181386233594407
268,2021,4.62973655062287,0.184587739123526
269,2021,4.64514799910021,0.187887737889045
270,2021,4.66038573450762,0.191256382277667
271,2021,4.67543755220902,0.194663067285177
272,2021,4.69029124756832,0.198076795565449
273,2021,4.70493461594941,0.201466492006554
274,2021,4.71935545271622,0.204801271642374
275,2021,4.73354155323264,0.208050666683744
276,2021,4.74748071286259,0.211184819615242
277,2021,4.76116072696997,0.214174649861894
278,2021,4.77457139035172,0.216994330490961
279,2021,4.78771368603839,0.219632484995706
280,2021,4.8005924865826,0.222084399690699
281,2021,4.81321266844208,0.224347361444453
282,2021,4.82557910807462,0.226420384902751
283,2021,4.83769668193794,0.228303985194778
284,2021,4.84957026648981,0.229999985190672
285,2021,4.86120473818798,0.231511351751048
286,2021,4.8726049734902,0.232842056227924
287,2021,4.88377584885423,0.233996955193575
288,2021,4.89472224073782,0.234981687989566
289,2021,4.90544902559873,0.235802588209445
290,2021,4.9159610798947,0.23646660666559
291,2021,4.92626328008349,0.2369812437545
292,2021,4.93636050262286,0.237354489436282
293,2021,4.94625762397056,0.237594769293266
294,2021,4.95595952058433,0.237710895338696
295,2021,4.96547106892194,0.237712020417283
296,2021,4.97479714544115,0.237607595182176
297,2021,4.98394262659969,0.237407326753812
298,2021,4.99291238885533,0.237121138270665
299,2021,5.00171130866581,0.236759128634984
300,2021,5.0103442624889,0.236331531842537
301,2021,5.01881612678235,0.235848675368042
302,2021,5.0271317780039,0.235320937160714
303,2021,5.03529609261132,0.234758700890171
304,2021,5.04331394706235,0.234172309174138
305,2021,5.05119021781475,0.233572014617768
306,2021,5.05892978132628,0.232967928600977
307,2021,5.06653751405468,0.232369967865155
308,2021,5.07401829245771,0.231787799073217
309,2021,5.08137699299313,0.231230781645285
310,2021,5.08861849211868,0.230707909303466
311,2021,5.09574766629213,0.23022775088913
312,2021,5.10276939197122,0.229798391139704
313,2021,5.1096885456137,0.229427372223497
314,2021,5.11651000367734,0.229121636924183
315,2021,5.12323864261988,0.228887474434809
316,2021,5.12987933889908,0.228730469758912
317,2021,5.13643696897269,0.228655457718432
318,2021,5.14291640929846,0.228666482531538
319,2021,5.14932253633416,0.228766763846797
320,2021,5.15566022653753,0.228958670004541
321,2021,5.16193435636632,0.22924369914545
322,2021,5.16814980227829,0.22962246860621
323,2021,5.17431144073119,0.230094712840913
324,2021,5.18042414818278,0.230659289894183
325,2021,5.18649280109081,0.231314196238491
326,2021,5.19252227591303,0.232056589584206
327,2021,5.19851744910719,0.232882819086538
328,2021,5.20448319713106,0.233788462216834
329,2021,5.21042439644238,0.234768367443054
330,2021,5.21634592349891,0.235816701779523
331,2021,5.22225265475839,0.236927002220575
332,2021,5.2281494666786,0.23809223006557
333,2021,5.23404123571726,0.239304827170858
334,2021,5.23993283833215,0.240556773223043
335,2021,5.24582915098101,0.241839643211538
336,2021,5.2517350501216,0.243144664380811
337,2021,5.25765541221167,0.244462772057459
338,2021,5.26359511370898,0.245784663868561
339,2021,5.26955903107127,0.247100851990417
340,2021,5.27555204075631,0.248401713186465
341,2021,5.28157901922184,0.249677536506695
342,2021,5.28764484292562,0.250918568626019
343,2021,5.2937543883254,0.252115056894421
344,2021,5.29991253187893,0.253257290257169
345,2021,5.30612415004398,0.254335638278966
346,2021,5.31239411927829,0.255340588572864
347,2021,5.31872731603961,0.2562627829943
348,2021,5.3251286167857,0.257093053014573
349,2021,5.33160289797432,0.257822454738455
350,2021,5.33815503606321,0.258442304079557
351,2021,5.34478990751013,0.258944212656859
352,2021,5.35151238877284,0.259320125028883
353,2021,5.35832735630908,0.259562357940648
354,2021,5.36523968657661,0.259663642325524
355,2021,5.37225425603318,0.259617168881786
356,2021,5.37937594113656,0.259416638134937
357,2021,5.38660961834448,0.259056316004348
358,2021,5.39396016411471,0.258531096019408
359,2021,5.40143245490499,0.257836569478889
360,2021,5.40903136717309,0.256969105020357
361,2021,5.41676177737675,0.255925939266334
362,2021,5.42462856197373,0.254705280442054
363,2021,5.43263659742178,0.25330642711581
364,2021,5.44079076017865,0.251729904494567
365,2021,5.44908791408053,0.249979977706669
1,2022,5.44021258324725,0.263762147789665
2,2022,5.44794299345091,0.262733362670743
3,2022,5.45580977804788,0.261531550453906
4,2022,5.46381781349594,0.260156144100096
5,2022,5.47197197625281,0.258607792268011
6,2022,5.48026913015469,0.2568908052832
7,2022,5.48867408855143,0.25501991930731
8,2022,5.49714365217134,0.253012972224876
9,2022,5.5056346217427,0.250888469083389
10,2022,5.51410379799379,0.248665499232558
11,2022,5.52250798165292,0.246363649986789
12,2022,5.53080397344837,0.244002914323855
13,2022,5.53894857410843,0.241603590253762
14,2022,5.54689858436139,0.239186169662426
15,2022,5.55461080493555,0.23677121468244
16,2022,5.56204203655919,0.234379219996264
17,2022,5.56914907996061,0.232030459961571
18,2022,5.57588873586809,0.229744820085053
19,2022,5.58221780500992,0.22754161317073
20,2022,5.5880930881144,0.22543938142794
21,2022,5.59347138590982,0.22345568691916
22,2022,5.59830949912447,0.221606893911131
23,2022,5.60256422848663,0.219907947891341
24,2022,5.6061923747246,0.218372157128536
25,2022,5.60915073856667,0.217010983576164
26,2022,5.61139612074113,0.215833850521143
27,2022,5.61288532197626,0.214847974557052
28,2022,5.61357514300038,0.21405822912962
29,2022,5.61342238454174,0.213467046028419
30,2022,5.61238384732867,0.213074359806455
31,2022,5.61041633208943,0.212877598286997
32,2022,5.60747663955232,0.212871720209662
33,2022,5.60352157044564,0.213049298861101
34,2022,5.59850792549767,0.213400648430195
35,2022,5.5923925054367,0.213913988011387
36,2022,5.58513211099103,0.21457563680181
37,2022,5.57668354288895,0.215370233190858
38,2022,5.56700360185873,0.216280970152872
39,2022,5.55604908862869,0.217289839591896
40,2022,5.5437768039271,0.218377878970685
41,2022,5.53014354848226,0.219525414572129
42,2022,5.51510612302246,0.220712296966348
43,2022,5.49862132827598,0.221918125572723
44,2022,5.48064596497112,0.223122460512721
45,2022,5.46113683383618,0.224305021171634
46,2022,5.44005073559943,0.225445871977509
47,2022,5.41734447098917,0.22652559684177
48,2022,5.3929748407337,0.227525464487568
49,2022,5.36689864556129,0.228427587534311
50,2022,5.33907268620025,0.229215078735877
51,2022,5.30945376337886,0.229872208217114
52,2022,5.27799867782541,0.230384565951172
53,2022,5.24466423026819,0.230739234099728
54,2022,5.2094072214355,0.230924974225651
55,2022,5.17218445205563,0.230932434801992
56,2022,5.13295494332814,0.230754657278352
57,2022,5.09174505918338,0.230395225958496
58,2022,5.04865901882616,0.229869220120158
59,2022,5.0038053783193,0.229193795071631
60,2022,4.9572926937256,0.228387393914445
61,2022,4.90922952110788,0.227469510313658
62,2022,4.85972441652894,0.226460459950461
63,2022,4.8088859360516,0.225381155474774
64,2022,4.75682263573866,0.224252880688645
65,2022,4.70364307165292,0.223097060647126
66,2022,4.64945579985722,0.221935025393804
67,2022,4.59436937641434,0.220787766174314
68,2022,4.5384923573871,0.219675684197977
69,2022,4.48193329883831,0.218618333329333
70,2022,4.42480075683078,0.2176341594478
71,2022,4.36720328742731,0.21674024054942
72,2022,4.30924944669073,0.21595203289075
73,2022,4.25104779068383,0.21528312948608
74,2022,4.19270687546942,0.214745037954287
75,2022,4.13433525711033,0.214346984969897
76,2022,4.07604149166934,0.214095754330295
77,2022,4.01793413520928,0.213995564876944
78,2022,3.96012174379295,0.214047993227234
79,2022,3.90271287348317,0.214251944568535
80,2022,3.84581608034274,0.214603672773577
81,2022,3.78953992043446,0.215096848990693
82,2022,3.73399294982116,0.215722675833281
83,2022,3.67928372456564,0.216470042519232
84,2022,3.62552080073071,0.217325714938594
85,2022,3.57281273437917,0.218274553750914
86,2022,3.52126808157385,0.219299753268529
87,2022,3.47099539837754,0.220383094048254
88,2022,3.42210324085305,0.221505202724607
89,2022,3.37470016506321,0.222645813576169
90,2022,3.3288947270708,0.223784027512449
91,2022,3.28479548293866,0.224898565494254
92,2022,3.24251098872957,0.225968014763281
93,2022,3.20214980050636,0.226971067586002
94,2022,3.16382047433183,0.227886753467983
95,2022,3.12763156626879,0.228694666947363
96,2022,3.09369163238006,0.229375194131563
97,2022,3.06210922872843,0.229909742118006
98,2022,3.03299291137672,0.230280976367767
99,2022,3.00645123638775,0.230473072018059
100,2022,2.98259275982431,0.230471986064169
101,2022,2.96152603774922,0.230265758349727
102,2022,2.94335962622528,0.229844850401909
103,2022,2.92820208131531,0.229202532343245
104,2022,2.91616195908212,0.228335329380542
105,2022,2.90734781558852,0.227243540639809
106,2022,2.9018682068973,0.225931844228449
107,2022,2.89983115845481,0.224410058510276
108,2022,2.90125853685677,0.222702526057386
109,2022,2.90599153378813,0.220855908949112
110,2022,2.91384859075236,0.218920440168746
111,2022,2.92464814925294,0.216946606154793
112,2022,2.93820865079332,0.214984240846152
113,2022,2.95434853687698,0.213081563435177
114,2022,2.97288624900738,0.211284164259009
115,2022,2.99364022868799,0.209633956004756
116,2022,3.01642891742228,0.208168120566949
117,2022,3.04107075671373,0.206918094004067
118,2022,3.06738418806578,0.205908641182122
119,2022,3.09518765298192,0.205157075866346
120,2022,3.12429959296561,0.204672679646671
121,2022,3.15453844952032,0.204456363541055
122,2022,3.18572266414951,0.204500600139277
123,2022,3.21767067835666,0.204789633843238
124,2022,3.25020093364523,0.205299955256316
125,2022,3.28313187151869,0.206001006508092
126,2022,3.31628193348051,0.206856070197227
127,2022,3.34946956103416,0.20782328746861
128,2022,3.38251319568309,0.208856750862623
129,2022,3.41523127893079,0.209907624058727
130,2022,3.44744225228072,0.210925251729282
131,2022,3.47896455723634,0.211858236403502
132,2022,3.50961663530113,0.212655473721121
133,2022,3.53921692797855,0.213267151472094
134,2022,3.56758387677207,0.213645730762488
135,2022,3.59453592318516,0.213746939513679
136,2022,3.61989150872129,0.213530819762381
137,2022,3.64346907488392,0.212962881663152
138,2022,3.66508706317652,0.212015429620424
139,2022,3.68456391510256,0.210669140452357
140,2022,3.70173272564543,0.208918255612317
141,2022,3.71659693649271,0.20680615014199
142,2022,3.7292698904314,0.204408328907063
143,2022,3.73986676193353,0.201805545032985
144,2022,3.74850272547112,0.199081503140501
145,2022,3.75529295551617,0.196320877957724
146,2022,3.7603526265407,0.193607158010791
147,2022,3.76379691301673,0.191020280937148
148,2022,3.76574098941628,0.188634077565397
149,2022,3.76630003021135,0.186513601997259
150,2022,3.76558920987397,0.184712487946668
151,2022,3.76372370287615,0.183270525625684
152,2022,3.7608186836899,0.182211683385977
153,2022,3.75698932678723,0.181542790569609
154,2022,3.75235080664018,0.181253046760731
155,2022,3.74701829772074,0.18131443437087
156,2022,3.74110697450094,0.181683005092887
157,2022,3.73473201145279,0.182300911794051
158,2022,3.7280085830483,0.183098989175748
159,2022,3.7210518637595,0.183999662123566
160,2022,3.71397702805839,0.184919980048653
161,2022,3.70689925041699,0.185774628074064
162,2022,3.69993370530732,0.186478836481405
163,2022,3.69319556720139,0.186951184674169
164,2022,3.68680001057121,0.18711636643297
165,2022,3.68086220988881,0.18690804682297
166,2022,3.67548250512986,0.186281549017202
167,2022,3.67067822683253,0.185260204565929
168,2022,3.66643784780383,0.183898952967245
169,2022,3.66274981187715,0.182262549596153
170,2022,3.65960256288588,0.180422616678905
171,2022,3.65698454466342,0.178454910404776
172,2022,3.65488420104314,0.176436643573541
173,2022,3.65328997585843,0.174443772870874
174,2022,3.65219031294269,0.172548217201102
175,2022,3.6515736561293,0.170815037482573
176,2022,3.65142844925165,0.169299674876842
177,2022,3.65174313614313,0.168045404420174
178,2022,3.65250616063713,0.167081201420147
179,2022,3.65370596656703,0.166420225615612
180,2022,3.65533099776623,0.166059095229672
181,2022,3.65736969806811,0.165978052344794
182,2022,3.65981051130606,0.166142027100102
183,2022,3.66264188131347,0.166502513921731
184,2022,3.66585225192373,0.16700010179801
185,2022,3.66943006697022,0.167567468536764
186,2022,3.67336377028634,0.168132660229117
187,2022,3.67764180570547,0.168622525116947
188,2022,3.682252617061,0.168966242922094
189,2022,3.68718464818632,0.169098973203384
190,2022,3.69242634291482,0.168965729669355
191,2022,3.69796614507988,0.168525666126368
192,2022,3.70379250295445,0.167757202380462
193,2022,3.70989458568298,0.166690354268246
194,2022,3.71626307407589,0.16543232746876
195,2022,3.72288883928918,0.164106170334069
196,2022,3.72976275247884,0.162835886577258
197,2022,3.7368756848009,0.161739077197675
198,2022,3.74421850741135,0.160919587358364
199,2022,3.75178209146619,0.160460514409766
200,2022,3.75955730812143,0.160418167308328
201,2022,3.76753502853308,0.160817661109084
202,2022,3.77570612385714,0.161650725093459
203,2022,3.78406146524961,0.162876007406415
204,2022,3.7925919238665,0.164421761652529
205,2022,3.80128837086382,0.166190437697691
206,2022,3.81014167739756,0.16806448775517
207,2022,3.81914271462373,0.169912686617217
208,2022,3.82828235369835,0.171596420441908
209,2022,3.8375514657774,0.172975646844442
210,2022,3.8469410146973,0.1739152067073
211,2022,3.85644752511845,0.17433324391813
212,2022,3.86607614097843,0.174233965814587
213,2022,3.87583274765804,0.173647796943539
214,2022,3.88572323053808,0.172621495470733
215,2022,3.89575347499933,0.171214688735587
216,2022,3.90592936642258,0.169497034253042
217,2022,3.91625679018863,0.167545746746927
218,2022,3.92674163167827,0.165443276470178
219,2022,3.93738977627229,0.163274964347386
220,2022,3.94820710935148,0.161126542222626
221,2022,3.95919951629664,0.15908139913539
222,2022,3.97037288248855,0.157217602555864
223,2022,3.981733093308,0.155604747284466
224,2022,3.9932860341358,0.154300796444943
225,2022,4.00503759035272,0.153349161323821
226,2022,4.01699364733957,0.152776315667632
227,2022,4.02916009047713,0.152590232769852
228,2022,4.0415428051462,0.152779860202994
229,2022,4.05414767672756,0.153315718496794
230,2022,4.06698059060202,0.154151558308275
231,2022,4.08004743215035,0.155226877125829
232,2022,4.09335408675335,0.156470015741579
233,2022,4.10690643979182,0.157801541368556
234,2022,4.1207103435601,0.159137735811713
235,2022,4.1347662779401,0.160405215103566
236,2022,4.1490634568773,0.161560869752267
237,2022,4.16358967573561,0.16257625680851
238,2022,4.17833272987895,0.16343338370855
239,2022,4.19328041467121,0.164123199121548
240,2022,4.2084205254763,0.164644287483159
241,2022,4.22374085765814,0.165001750679626
242,2022,4.23922920658064,0.165206251022636
243,2022,4.25487336760769,0.16527318613919
244,2022,4.27066113610321,0.165221966155871
245,2022,4.28658030743111,0.165075365059447
246,2022,4.30261867695529,0.164858920546327
247,2022,4.31876404003966,0.164600359674946
248,2022,4.33500419204813,0.164329031135153
249,2022,4.35132692834461,0.164075329026793
250,2022,4.36772004429301,0.163870097820624
251,2022,4.38417133525723,0.163744013734405
252,2022,4.40066859660118,0.163726944037033
253,2022,4.41719962368878,0.163847292532476
254,2022,4.43375221188392,0.164131346172251
255,2022,4.45031415655052,0.164602643678651
256,2022,4.46687325305248,0.165281391376817
257,2022,4.48341729675372,0.166183953304778
258,2022,4.49993408301814,0.167322441498556
259,2022,4.51641140720964,0.168704427958699
260,2022,4.53283706469215,0.170332792560745
261,2022,4.54919885082955,0.172205711971247
262,2022,4.56548456098578,0.174316784746618
263,2022,4.58168199052472,0.176655278611893
264,2022,4.59777893481029,0.179206478650108
265,2022,4.6137631892064,0.181952110575226
266,2022,4.62962254907695,0.184870811678215
267,2022,4.64534480978586,0.187938623189171
268,2022,4.66091776669703,0.191129481080843
269,2022,4.67632921517436,0.194415686961856
270,2022,4.69156695058178,0.197768345880843
271,2022,4.70661876828318,0.201157762926205
272,2022,4.72147246364247,0.204553794999057
273,2022,4.73611583202357,0.207926157806565
274,2022,4.75053666879037,0.211244690894454
275,2022,4.7647227693068,0.214479585465625
276,2022,4.77866192893675,0.217601580948394
277,2022,4.79234194304413,0.220582136949637
278,2022,4.80575260642588,0.223395873191961
279,2022,4.81889490211255,0.22603156983198
280,2022,4.83177370265675,0.228484536259899
281,2022,4.84439388451624,0.230752042698568
282,2022,4.85676032414877,0.23283305721733
283,2022,4.8688778980121,0.23472802571483
284,2022,4.88075148256397,0.236438684551381
285,2022,4.89238595426214,0.237967900691425
286,2022,4.90378618956436,0.23931953494632
287,2022,4.91495706492839,0.240498324553407
288,2022,4.92590345681198,0.241509781886717
289,2022,4.93663024167289,0.242360106572162
290,2022,4.94714229596886,0.243056108683398
291,2022,4.95744449615765,0.243605141032783
292,2022,4.96754171869702,0.244015038854221
293,2022,4.97743884004471,0.244294065409853
294,2022,4.98714073665849,0.244450862248503
295,2022,4.9966522849961,0.244494403007717
296,2022,5.0059783615153,0.244433949789424
297,2022,5.01512384267385,0.244279011257407
298,2022,5.02409360492948,0.24403930170775
299,2022,5.03289252473997,0.243724700455781
300,2022,5.04152547856306,0.243345210968557
301,2022,5.04999734285651,0.242910919254079
302,2022,5.05831299407806,0.242431951100254
303,2022,5.06647730868547,0.24191842784057
304,2022,5.07449516313651,0.241380420411506
305,2022,5.08237143388891,0.240827901560416
306,2022,5.09011099740044,0.240270696162555
307,2022,5.09771873012884,0.239718429712198
308,2022,5.10519950853187,0.239180475164558
309,2022,5.11255820906729,0.238665898420598
310,2022,5.11979970819284,0.238183402863305
311,2022,5.12692888236629,0.23774127346788
312,2022,5.13395060804537,0.237347321115254
313,2022,5.14086976168786,0.237008827833526
314,2022,5.1476912197515,0.23673249376991
315,2022,5.15441985869404,0.236524386751567
316,2022,5.16106055497324,0.236389895322388
317,2022,5.16761818504685,0.236333686140654
318,2022,5.17409762537262,0.236359666586988
319,2022,5.18050375240832,0.236470953362366
320,2022,5.18684144261168,0.236669847753262
321,2022,5.19311557244048,0.236957818108502
322,2022,5.19933101835245,0.237335489915254
323,2022,5.20549265680535,0.237802643686495
324,2022,5.21160536425694,0.23835822068758
325,2022,5.21767401716497,0.239000336343691
326,2022,5.22370349198718,0.239726300992024
327,2022,5.22969866518135,0.240532647480591
328,2022,5.23566441320522,0.241415164976699
329,2022,5.24160561251654,0.242368938237734
330,2022,5.24752713957307,0.243388391518521
331,2022,5.25343387083255,0.244467336244543
332,2022,5.25933068275275,0.245599021568314
333,2022,5.26522245179142,0.246776186944953
334,2022,5.27111405440631,0.247991115908896
335,2022,5.27701036705517,0.249235690302196
336,2022,5.28291626619576,0.250501444290791
337,2022,5.28883662828583,0.251779617603415
338,2022,5.29477632978314,0.253061207533209
339,2022,5.30074024714543,0.254337019350369
340,2022,5.30673325683047,0.255597714881274
341,2022,5.312760235296,0.256833859112615
342,2022,5.31882605899978,0.25803596477596
343,2022,5.32493560439956,0.2591945349575
344,2022,5.33109374795309,0.260300103858985
345,2022,5.33730536611814,0.261343275909095
346,2022,5.34357533535244,0.262314763490318
347,2022,5.34990853211377,0.263205423606002
348,2022,5.35630983285986,0.264006293866885
349,2022,5.36278411404848,0.26470862822795
350,2022,5.36933625213737,0.265303932956573
351,2022,5.37597112358429,0.265784003363801
352,2022,5.38269360484699,0.266140961884186
353,2022,5.38950857238324,0.266367298148214
354,2022,5.39642090265077,0.266455911757143
355,2022,5.40343547210734,0.266400158545435
356,2022,5.41055715721071,0.266193901203217
357,2022,5.41779083441864,0.26583156523286
358,2022,5.42514138018887,0.265308201332112
359,2022,5.43261367097915,0.264619555433669
360,2022,5.44021258324725,0.263762147789665
361,2022,5.44794299345091,0.262733362670743
362,2022,5.45580977804788,0.261531550453906
363,2022,5.46381781349594,0.260156144100096
364,2022,5.47197197625281,0.258607792268011
365,2022,5.48026913015469,0.2568908052832
1,2023,5.4713942622161,0.270998927816269
2,2023,5.47912467241976,0.269985466134082
3,2023,5.48699145701673,0.268803501610275
4,2023,5.49499949246479,0.267452596215399
5,2023,5.50315365522166,0.265933514756624
6,2023,5.51145080912354,0.264250602857657
7,2023,5.51985576752028,0.262418356701739
8,2023,5.52832533114019,0.260454287251705
9,2023,5.53681630071154,0.258376545661511
10,2023,5.54528547696264,0.256203836646981
11,2023,5.55368966062177,0.25395532859463
12,2023,5.56198565241722,0.2516505581228
13,2023,5.57013025307728,0.249309326961372
14,2023,5.57808026333024,0.246951589216802
15,2023,5.5857924839044,0.244597327361672
16,2023,5.59322371552804,0.242266415655048
17,2023,5.60033075892946,0.239978470181678
18,2023,5.60707041483694,0.237752685308514
19,2023,5.61339948397877,0.235607657101023
20,2023,5.61927476708325,0.233561195110773
21,2023,5.62465306487867,0.231630124914283
22,2023,5.62949117809332,0.22983008480622
23,2023,5.63374590745548,0.228175321062445
24,2023,5.63737405369345,0.226678487107369
25,2023,5.64033241753552,0.225350452651046
26,2023,5.64257779970998,0.224200129308211
27,2023,5.64406700094511,0.223234319289127
28,2023,5.64475682196922,0.222457593401032
29,2023,5.64460406351059,0.221872203798286
30,2023,5.64356552629751,0.221478035695558
31,2023,5.64159801105828,0.221272600687887
32,2023,5.63865831852117,0.221251072524765
33,2023,5.63470324941449,0.221406364313293
34,2023,5.62968960446652,0.221729244340094
35,2023,5.62357418440555,0.222208486154349
36,2023,5.61631378995988,0.222831047366696
37,2023,5.60786522185779,0.223582270867756
38,2023,5.59818528082758,0.224446101882669
39,2023,5.58723076759754,0.225405314432446
40,2023,5.57495848289595,0.226441741308036
41,2023,5.56132522745111,0.227536502491384
42,2023,5.54628780199131,0.228670227980557
43,2023,5.52980300724483,0.229823272096428
44,2023,5.51182764393997,0.230975917481968
45,2023,5.49231851280503,0.232108568086344
46,2023,5.47123241456828,0.233201931410521
47,2023,5.44852614995802,0.234237191155771
48,2023,5.42415651970254,0.235196172155825
49,2023,5.39808032453014,0.236061500096429
50,2023,5.3702543651691,0.236816759050974
51,2023,5.34063544234771,0.237446650311874
52,2023,5.30918035679426,0.237937156400497
53,2023,5.27584590923704,0.238275714518763
54,2023,5.24058890040435,0.238451404084347
55,2023,5.20336613102448,0.238455153383954
56,2023,5.16413662229699,0.238280233809667
57,2023,5.12292673815223,0.237930132897238
58,2023,5.07984069779501,0.237419469030813
59,2023,5.03498705728815,0.236764887216283
60,2023,4.98847437269445,0.235984289082743
61,2023,4.94041120007673,0.235096595159103
62,2023,4.89090609549779,0.234121515979845
63,2023,4.84006761502045,0.233079327268338
64,2023,4.7880043147075,0.231990645326663
65,2023,4.73482475062177,0.230876199679886
66,2023,4.68063747882607,0.229756601004392
67,2023,4.62555105538319,0.228652103427823
68,2023,4.56967403635595,0.227582361422229
69,2023,4.51311497780716,0.226566182703769
70,2023,4.45598243579963,0.225621279763108
71,2023,4.39838496639616,0.224764023821349
72,2023,4.34043112565958,0.224009206059597
73,2023,4.28222946965268,0.223369811817035
74,2023,4.22388855443827,0.222856814001682
75,2023,4.16551693607918,0.222478992129097
76,2023,4.10722317063819,0.222242783141109
77,2023,4.04911581417813,0.222152169439652
78,2023,3.9913034227618,0.222208608426107
79,2023,3.93389455245202,0.22241100633802
80,2023,3.87699775931158,0.222755737439082
81,2023,3.82072159940331,0.223236707790989
82,2023,3.76517462879001,0.223845461075244
83,2023,3.71046540353449,0.224571322388537
84,2023,3.65670247969956,0.225401574728999
85,2023,3.60399441334802,0.226321662103772
86,2023,3.55244976054269,0.227315412854295
87,2023,3.50217707734639,0.228365276902141
88,2023,3.4532849198219,0.229452571113719
89,2023,3.40588184403206,0.230557727789186
90,2023,3.36007640603965,0.231660542309134
91,2023,3.3159771619075,0.23274041713192
92,2023,3.27369266769842,0.233776600545384
93,2023,3.23333147947521,0.234748419776739
94,2023,3.19500215330068,0.235635509211958
95,2023,3.15881324523764,0.236418035549559
96,2023,3.12487331134891,0.237076922710674
97,2023,3.09329090769728,0.237594080259644
98,2023,3.06417459034557,0.237952639980076
99,2023,3.0376329153566,0.238137206129597
100,2023,3.01377443879316,0.238134125793486
101,2023,2.99270771671807,0.237931786701031
102,2023,2.97454130519413,0.237520950877698
103,2023,2.95938376028416,0.236895133582578
104,2023,2.94734363805097,0.23605103809668
105,2023,2.93852949455736,0.234989058008917
106,2023,2.93304988586615,0.233713859545197
107,2023,2.93101283742366,0.232235110502266
108,2023,2.93244021582562,0.230576531487993
109,2023,2.93717321275698,0.228783380574647
110,2023,2.94503026972121,0.226904293088944
111,2023,2.95582982822178,0.224988055045046
112,2023,2.96939032976217,0.223082716187486
113,2023,2.98553021584582,0.221234658706453
114,2023,3.00406792797623,0.219487626947801
115,2023,3.02482190765684,0.217881734803999
116,2023,3.04761059639113,0.216452478903808
117,2023,3.07225243568257,0.21522979594476
118,2023,3.09856586703463,0.21423720994759
119,2023,3.12636933195077,0.213491118254833
120,2023,3.15548127193446,0.213000262539344
121,2023,3.18572012848917,0.212765422532021
122,2023,3.21690434311836,0.212779356306125
123,2023,3.24885235732551,0.213026993548737
124,2023,3.28138261261408,0.213485869879183
125,2023,3.31431355048754,0.214126773746666
126,2023,3.34746361244936,0.214914565164996
127,2023,3.380651240003,0.215809119029808
128,2023,3.41369487465194,0.216766345393446
129,2023,3.44641295789964,0.217739244189092
130,2023,3.47862393124957,0.218678961140025
131,2023,3.51014623620519,0.219535823335813
132,2023,3.54079831426998,0.220260345707188
133,2023,3.5703986069474,0.220804212286448
134,2023,3.59876555574092,0.221121248116139
135,2023,3.62571760215401,0.221168408885211
136,2023,3.65107318769014,0.220906826158828
137,2023,3.67465075385277,0.220302957034265
138,2023,3.69626874214537,0.219329898935769
139,2023,3.71574559407141,0.217968943732436
140,2023,3.73291440461428,0.216214630754284
141,2023,3.74777861546156,0.214109265993297
142,2023,3.76045156940025,0.211726352116423
143,2023,3.77104844090238,0.209144423663928
144,2023,3.77968440443997,0.206444763338873
145,2023,3.78647463448502,0.203709440374665
146,2023,3.79153430550955,0.201019201948945
147,2023,3.79497859198558,0.198451191172526
148,2023,3.79692266838513,0.196076511553922
149,2023,3.7974817091802,0.19395771136237
150,2023,3.79677088884282,0.192146316021738
151,2023,3.79490538184499,0.190680582385694
152,2023,3.79200036265874,0.189583672993105
153,2023,3.78817100575608,0.188862440331042
154,2023,3.78353248560903,0.188506966361606
155,2023,3.77819997668959,0.188490926719225
156,2023,3.77228865346979,0.188772757601533
157,2023,3.76591369042164,0.189297517507066
158,2023,3.75919026201715,0.189999275113083
159,2023,3.75223354272835,0.190803830343776
160,2023,3.74515870702724,0.19163158907929
161,2023,3.73808092938584,0.192400455149523
162,2023,3.73111538427616,0.193028664062653
163,2023,3.72437724617023,0.193437549688624
164,2023,3.71798168954006,0.193554299992781
165,2023,3.71204388885766,0.193314817855739
166,2023,3.70666418409871,0.192676029291214
167,2023,3.70185990580137,0.191660485277682
168,2023,3.69761952677268,0.190321364324726
169,2023,3.693931490846,0.188721437779375
170,2023,3.69078424185473,0.186930126537672
171,2023,3.68816622363227,0.185020771616529
172,2023,3.68606588001199,0.183067972861595
173,2023,3.68447165482728,0.181144916766494
174,2023,3.68337199191154,0.179320668479312
175,2023,3.68275533509815,0.177657461970126
176,2023,3.6826101282205,0.176208081753791
177,2023,3.68292481511198,0.175013481123599
178,2023,3.68368783960598,0.174100814411514
179,2023,3.68488764553588,0.173482063775162
180,2023,3.68651267673508,0.17315340893563
181,2023,3.68855137703696,0.1730954245456
182,2023,3.69099219027491,0.173274107522557
183,2023,3.69382356028232,0.173642655183499
184,2023,3.69703393089258,0.174143853901444
185,2023,3.70061174593907,0.1747129105461
186,2023,3.70454544925519,0.17528056876522
187,2023,3.70882348467432,0.175776393836149
188,2023,3.71343429602985,0.17613217281931
189,2023,3.71836632715517,0.176285449888944
190,2023,3.72360802188367,0.176183291353166
191,2023,3.72914782404873,0.175786445672525
192,2023,3.7349741819233,0.175074291504386
193,2023,3.74107626465183,0.174075784284297
194,2023,3.74744475304474,0.172893769488505
195,2023,3.75407051825803,0.171646000530432
196,2023,3.76094443144769,0.170450782699502
197,2023,3.76805736376975,0.169419934402954
198,2023,3.7754001863802,0.168651862110809
199,2023,3.78296377043504,0.168225067393378
200,2023,3.79073898709028,0.168192597431552
201,2023,3.79871670750193,0.168578020688808
202,2023,3.80688780282599,0.169373414544928
203,2023,3.81524314421846,0.17053960186285
204,2023,3.82377360283535,0.172008541320162
205,2023,3.83247004983267,0.173687470510178
206,2023,3.84132335636641,0.175464216579513
207,2023,3.85032439359258,0.1772130678834
208,2023,3.85946403266719,0.178800721851279
209,2023,3.86873314474625,0.180092031934378
210,2023,3.87812269366615,0.180956198252404
211,2023,3.88762920408729,0.181313823320539
212,2023,3.89725781994728,0.181168864685734
213,2023,3.90701442662689,0.180550791774312
214,2023,3.91690490950693,0.179505020778583
215,2023,3.92693515396818,0.178089524626338
216,2023,3.93711104539143,0.176372026962116
217,2023,3.94743846915748,0.174427542579706
218,2023,3.95792331064712,0.17233606789936
219,2023,3.96857145524114,0.170180263459853
220,2023,3.97938878832033,0.168043011457364
221,2023,3.99038119526548,0.16600478097083
222,2023,4.0015545614574,0.164140795687875
223,2023,4.01291477227685,0.16251807330183
224,2023,4.02446771310465,0.161192485138102
225,2023,4.03621926932157,0.1602060543148
226,2023,4.04817532630842,0.159584751199209
227,2023,4.06034176944598,0.15933703798321
228,2023,4.07272448411505,0.159453352024272
229,2023,4.08532935569641,0.1599066091712
230,2023,4.09816226957086,0.160653679178357
231,2023,4.1112291111192,0.161637669205818
232,2023,4.1245357657222,0.162790777318556
233,2023,4.13808811876067,0.164037459836065
234,2023,4.15189202252895,0.165297751313155
235,2023,4.16594795690895,0.166501112959916
236,2023,4.18024513584615,0.167605479269415
237,2023,4.19477135470446,0.168582823145143
238,2023,4.2095144088478,0.169415221480097
239,2023,4.22446209364006,0.17009343501171
240,2023,4.23960220444515,0.1706156666491
241,2023,4.25492253662699,0.17098648641483
242,2023,4.27041088554949,0.171215901714492
243,2023,4.28605504657654,0.171318547654512
244,2023,4.30184281507206,0.171312971340224
245,2023,4.31776198639995,0.171220985118874
246,2023,4.33380035592413,0.171067065808709
247,2023,4.34994571900851,0.170877779704331
248,2023,4.36618587101698,0.170681216450794
249,2023,4.38250860731346,0.170506418748217
250,2023,4.39890172326186,0.170382799336731
251,2023,4.41535301422608,0.170339541825378
252,2023,4.43185027557003,0.170404987561972
253,2023,4.44838130265763,0.170606016623245
254,2023,4.46493389085277,0.170967436681709
255,2023,4.48149583551937,0.171511398366293
256,2023,4.49805493202133,0.172256859089925
257,2023,4.51459897572257,0.173219118534563
258,2023,4.53111576198699,0.174409447637462
259,2023,4.54759308617849,0.175834828935972
260,2023,4.56401874366099,0.177497819852234
261,2023,4.5803805297984,0.179396542689374
262,2023,4.59666623995462,0.181524796800585
263,2023,4.61286366949357,0.183872280691009
264,2023,4.62896061377914,0.186424905682219
265,2023,4.64494486817525,0.189165178849563
266,2023,4.6608042280458,0.192072631461782
267,2023,4.67652648875471,0.195124269943291
268,2023,4.69209944566588,0.198295028978306
269,2023,4.70751089414321,0.201558210162575
270,2023,4.72274862955063,0.20488589394517
271,2023,4.73780044725203,0.208249316941102
272,2023,4.75265414261132,0.211619210635157
273,2023,4.76729751099242,0.214966100801346
274,2023,4.78171834775922,0.218260569539767
275,2023,4.79590444827565,0.221473483703087
276,2023,4.8098436079056,0.224576194740158
277,2023,4.82352362201298,0.227540715752404
278,2023,4.83693428539473,0.230342121605359
279,2023,4.8500765810814,0.232969339640771
280,2023,4.8629553816256,0.235417686236012
281,2023,4.87557556348509,0.237684398250546
282,2023,4.88794200311762,0.239768380038427
283,2023,4.90005957698095,0.241669990885625
284,2023,4.91193316153281,0.243390863169564
285,2023,4.92356763323099,0.244933746522913
286,2023,4.93496786853321,0.246302373925591
287,2023,4.94613874389724,0.24750134622403
288,2023,4.95708513578083,0.24853603208004
289,2023,4.96781192064173,0.249412480785257
290,2023,4.97832397493771,0.250137345746532
291,2023,4.9886261751265,0.250717816759945
292,2023,4.99872339766587,0.251161559453893
293,2023,5.00862051901356,0.251476660502353
294,2023,5.01832241562734,0.25167157739478
295,2023,5.02783396396495,0.251755091705562
296,2023,5.03716004048415,0.251736264938937
297,2023,5.0463055216427,0.251624396140057
298,2023,5.05527528389833,0.251428980563681
299,2023,5.06407420370882,0.251159668782841
300,2023,5.07270715753191,0.250826225704295
301,2023,5.08117902182535,0.250438489038521
302,2023,5.08949467304691,0.250006326852213
303,2023,5.09765898765432,0.249539593912774
304,2023,5.10567684210536,0.249048086618802
305,2023,5.11355311285776,0.248541496399306
306,2023,5.12129267636929,0.248029361557701
307,2023,5.12890040909769,0.247521017634538
308,2023,5.13638118750072,0.247025546464477
309,2023,5.14373988803614,0.246551724206532
310,2023,5.15098138716169,0.246107968729814
311,2023,5.15811056133513,0.245702286836657
312,2023,5.16513228701422,0.245342221897441
313,2023,5.17205144065671,0.245034802552509
314,2023,5.17887289872035,0.24478649320187
315,2023,5.18560153766289,0.244603147048763
316,2023,5.19224223394209,0.244489962484696
317,2023,5.1987998640157,0.244451443598372
318,2023,5.20527930434147,0.244491365557036
319,2023,5.21168543137717,0.244612745545776
320,2023,5.21802312158053,0.244817819859298
321,2023,5.22429725140932,0.245108027624526
322,2023,5.23051269732129,0.245484001495322
323,2023,5.2366743357742,0.245945565508477
324,2023,5.24278704322579,0.246491740129686
325,2023,5.24885569613381,0.247120754356602
326,2023,5.25488517095603,0.247830064590869
327,2023,5.2608803441502,0.248616379848922
328,2023,5.26684609217407,0.249475692758429
329,2023,5.27278729148539,0.250403315688131
330,2023,5.27870881854191,0.251393921286669
331,2023,5.2846155498014,0.252441586662233
332,2023,5.2905123617216,0.253539840419446
333,2023,5.29640413076027,0.254681711781171
334,2023,5.30229573337516,0.255859781058215
335,2023,5.30819204602402,0.257066230785523
336,2023,5.31409794516461,0.258292896915313
337,2023,5.32001830725468,0.259531319541287
338,2023,5.32595800875199,0.260772792719429
339,2023,5.33192192611428,0.26200841304598
340,2023,5.33791493579932,0.263229126748735
341,2023,5.34394191426485,0.264425775140944
342,2023,5.35000773796862,0.265589138376016
343,2023,5.3561172833684,0.266709977524341
344,2023,5.36227542692194,0.267779075070372
345,2023,5.36848704508699,0.26878727399839
346,2023,5.37475701432129,0.269725515699585
347,2023,5.38109021108262,0.270584876991987
348,2023,5.38749151182871,0.271356606599505
349,2023,5.39396579301733,0.272032161488299
350,2023,5.40051793110622,0.272603243509472
351,2023,5.40715280255314,0.273061836848383
352,2023,5.41387528381584,0.273400246834575
353,2023,5.42069025135208,0.273611140724319
354,2023,5.42760258161961,0.273687591132121
355,2023,5.43461715107619,0.27362312286019
356,2023,5.44173883617956,0.273411763958029
357,2023,5.44897251338749,0.273048101939919
358,2023,5.45632305915771,0.272527346198262
359,2023,5.463795349948,0.27184539777731
360,2023,5.4713942622161,0.270998927816269
361,2023,5.47912467241976,0.269985466134082
362,2023,5.48699145701673,0.268803501610275
363,2023,5.49499949246479,0.267452596215399
364,2023,5.50315365522166,0.265933514756624
365,2023,5.51145080912354,0.264250602857657
1,2024,5.50257602505917,0.278645215766826
2,2024,5.51030643526283,0.277647750043208
3,2024,5.51817321985981,0.276486314648005
4,2024,5.52618125530786,0.275160593554945
5,2024,5.53433541806473,0.273671458933471
6,2024,5.54263257196661,0.272023281172796
7,2024,5.55103753036336,0.270230305012373
8,2024,5.55950709398326,0.268309702602183
9,2024,5.56799806355462,0.266279259263664
10,2024,5.57646723980571,0.264157283570724
11,2024,5.58487142346484,0.261962514429871
12,2024,5.59316741526029,0.25971402307005
13,2024,5.60131201592035,0.257431108029309
14,2024,5.60926202617331,0.255133181448254
15,2024,5.61697424674747,0.252839645268964
16,2024,5.62440547837111,0.250569756310536
17,2024,5.63151252177253,0.248342479663508
18,2024,5.63825217768001,0.246176330423783
19,2024,5.64458124682184,0.244089204472529
20,2024,5.65045652992633,0.242098199790196
21,2024,5.65583482772174,0.240219430644355
22,2024,5.66067294093639,0.238467837870854
23,2024,5.66492767029855,0.236856999318548
24,2024,5.66855581653652,0.235398945279553
25,2024,5.67151418037859,0.234103984302151
26,2024,5.67375956255305,0.232980545105811
27,2024,5.67524876378819,0.232035040322081
28,2024,5.6759385848123,0.231271757428456
29,2024,5.67578582635367,0.230692781513551
30,2024,5.67474728914059,0.230297953438012
31,2024,5.67277977390135,0.230084865602353
32,2024,5.66984008136424,0.230048896000255
33,2024,5.66588501225756,0.230183279646585
34,2024,5.66087136730959,0.230479214954373
35,2024,5.65475594724863,0.230926001316662
36,2024,5.64749555280295,0.23151120312616
37,2024,5.63904698470087,0.232220834802426
38,2024,5.62936704367066,0.233039561117559
39,2024,5.61841253044061,0.233950907203341
40,2024,5.60614024573902,0.234937473039774
41,2024,5.59250699029418,0.235981147899051
42,2024,5.57746956483438,0.237063321071438
43,2024,5.5609847700879,0.238165086151466
44,2024,5.54300940678305,0.239267437143408
45,2024,5.5235002756481,0.240351455597631
46,2024,5.50241417741135,0.241398488873828
47,2024,5.4797079128011,0.242390320419991
48,2024,5.45533828254562,0.243309333648888
49,2024,5.42926208737321,0.24413867159043
50,2024,5.40143612801217,0.244862395011263
51,2024,5.37181720519078,0.245465642140038
52,2024,5.34036211963733,0.245934793538439
53,2024,5.30702767208012,0.246257646034088
54,2024,5.27177066324743,0.246423599998809
55,2024,5.23454789386755,0.246423864625972
56,2024,5.19531838514007,0.24625194000014
57,2024,5.1541085009953,0.245911216308639
58,2024,5.11102246063808,0.245415851909959
59,2024,5.06616882013122,0.244781980794542
60,2024,5.01965613553752,0.244026961374688
61,2024,4.9715929629198,0.243169139039727
62,2024,4.92208785834087,0.242227617673835
63,2024,4.87124937786352,0.241222035796187
64,2024,4.81918607755058,0.240172343825464
65,2024,4.76600651346485,0.239098579847394
66,2024,4.71181924166914,0.238020642191964
67,2024,4.65673281822626,0.236958058114437
68,2024,4.60085579919902,0.23592974891676
69,2024,4.54429674065023,0.234953792923897
70,2024,4.4871641986427,0.234047188806388
71,2024,4.42956672923924,0.233225622763266
72,2024,4.37161288850265,0.232503243981513
73,2024,4.31341123249575,0.231892453495025
74,2024,4.25507031728135,0.231403712002957
75,2024,4.19669869892225,0.231045372310756
76,2024,4.13840493348126,0.2308235417847
77,2024,4.0802975770212,0.230741979551477
78,2024,4.02248518560487,0.230802032154499
79,2024,3.96507631529509,0.231002610063474
80,2024,3.90817952215466,0.231340205922307
81,2024,3.85190336224638,0.231808953835242
82,2024,3.79635639163308,0.232400727464094
83,2024,3.74164716637756,0.233105273364844
84,2024,3.68788424254263,0.23391037493243
85,2024,3.63517617619109,0.23480204161779
86,2024,3.58363152338577,0.235764717762195
87,2024,3.53335884018946,0.236781505453788
88,2024,3.48446668266498,0.237834396211152
89,2024,3.43706360687513,0.23890450697675
90,2024,3.39125816888273,0.239972316785662
91,2024,3.34715892475058,0.241017901486996
92,2024,3.30487443054149,0.242021164968719
93,2024,3.26451324231828,0.242962066416879
94,2024,3.22618391614375,0.243820844188635
95,2024,3.18999500808071,0.244578237873924
96,2024,3.15605507419198,0.245215711056946
97,2024,3.12447267054035,0.245715678173081
98,2024,3.09535635318865,0.246061739705978
99,2024,3.06881467819967,0.246238930805844
100,2024,3.04495620163623,0.246233989257501
101,2024,3.02388947956114,0.246035649606846
102,2024,3.0057230680372,0.245634971179678
103,2024,2.99056552312724,0.245025708693861
104,2024,2.97852540089404,0.244204735144241
105,2024,2.96971125740044,0.243172527556153
106,2024,2.96423164870922,0.241933726918405
107,2024,2.96219460026674,0.240497835600794
108,2024,2.96362197866869,0.238887942023029
109,2024,2.96835497560005,0.237147903574126
110,2024,2.97621203256428,0.235324770430258
111,2024,2.98701159106486,0.233465650978793
112,2024,3.00057209260524,0.231616845288103
113,2024,3.0167119786889,0.229822945087025
114,2024,3.0352496908193,0.228125906173776
115,2024,3.05600367049991,0.226564109272291
116,2024,3.07879235923421,0.225171435257757
117,2024,3.10343419852565,0.22397638929023
118,2024,3.1297476298777,0.223001314417508
119,2024,3.15755109479384,0.22226173736191
120,2024,3.18666303477753,0.22176588657534
121,2024,3.21690189133224,0.221514414992914
122,2024,3.24808610596143,0.221500347871904
123,2024,3.28003412016858,0.221709261170136
124,2024,3.31256437545715,0.222119680212878
125,2024,3.34549531333061,0.222703674217713
126,2024,3.37864537529243,0.223427611580049
127,2024,3.41183300284608,0.22425303494751
128,2024,3.44487663749501,0.225137614414474
129,2024,3.47759472074271,0.226036141194056
130,2024,3.50980569409264,0.22690153182682
131,2024,3.54132799904826,0.227685823059225
132,2024,3.57198007711305,0.228341148728659
133,2024,3.60158036979047,0.228820701375632
134,2024,3.629947318584,0.229079692322136
135,2024,3.65689936499709,0.229076334476882
136,2024,3.68225495053321,0.228772882371763
137,2024,3.70583251669584,0.22813677436241
138,2024,3.72745050498844,0.227141933113355
139,2024,3.74692735691448,0.225770292949013
140,2024,3.76409616745736,0.224016710626152
141,2024,3.77896037830463,0.221922425416318
142,2024,3.79163333224332,0.219558927193176
143,2024,3.80223020374545,0.217002518352901
144,2024,3.81086616728304,0.214332048012839
145,2024,3.81765639732809,0.211626974057378
146,2024,3.82271606835262,0.208965304635295
147,2024,3.82616035482866,0.206421398814013
148,2024,3.8281044312282,0.204063648401386
149,2024,3.82866347202327,0.201952110417817
150,2024,3.82795265168589,0.200136206970413
151,2024,3.82608714468807,0.198652647701327
152,2024,3.82318212550182,0.197523749335327
153,2024,3.81935276859916,0.196756318542864
154,2024,3.8147142484521,0.196341225181277
155,2024,3.80938173953266,0.19625372786838
156,2024,3.80347041631286,0.196454535594415
157,2024,3.79709545326471,0.19689151495899
158,2024,3.79037202486022,0.197501898843979
159,2024,3.78341530557142,0.198214829017618
160,2024,3.77634046987031,0.198954073990918
161,2024,3.76926269222891,0.199640798719884
162,2024,3.76229714711924,0.200196314803096
163,2024,3.75555900901331,0.200544798915665
164,2024,3.74916345238313,0.200616026311508
165,2024,3.74322565170073,0.200348222074273
166,2024,3.73784594694178,0.199699973489099
167,2024,3.73304166864445,0.198693055144836
168,2024,3.72880128961575,0.197378845859306
169,2024,3.72511325368907,0.195818066989515
170,2024,3.72196600469781,0.194077855318287
171,2024,3.71934798647534,0.192229047906965
172,2024,3.71724764285506,0.190343547709254
173,2024,3.71565341767035,0.188491702067434
174,2024,3.71455375475461,0.18673967670339
175,2024,3.71393709794122,0.185146861463098
176,2024,3.71379189106357,0.183763396560835
177,2024,3.71410657795505,0.182627951879825
178,2024,3.71486960244905,0.181765917655494
179,2024,3.71606940837896,0.181188164263741
180,2024,3.71769443957815,0.180890498183392
181,2024,3.71973313988003,0.180853884276625
182,2024,3.72217395311798,0.181045432863947
183,2024,3.72500532312539,0.181420080052677
184,2024,3.72821569373565,0.181922837575634
185,2024,3.73179350878214,0.182491464955536
186,2024,3.73572721209826,0.183059425195902
187,2024,3.74000524751739,0.18355902115505
188,2024,3.74461605887292,0.183924664669282
189,2024,3.74954808999824,0.18409629496671
190,2024,3.75478978472674,0.184023029365424
191,2024,3.7603295868918,0.183667192560576
192,2024,3.76615594476637,0.183009084241607
193,2024,3.7722580274949,0.182076555034992
194,2024,3.77862651588781,0.180968076789722
195,2024,3.7852522811011,0.179796141707135
196,2024,3.79212619429077,0.178673449049127
197,2024,3.79923912661282,0.177706184334894
198,2024,3.80658194922327,0.176987503176835
199,2024,3.81414553327811,0.176591502050607
200,2024,3.82192074993335,0.176568116979168
201,2024,3.829898470345,0.176939443483325
202,2024,3.83806956566906,0.177697886430199
203,2024,3.84642490706153,0.178806337866862
204,2024,3.85495536567842,0.180200303817684
205,2024,3.86365181267574,0.181791644056237
206,2024,3.87250511920948,0.183473428965596
207,2024,3.88150615643566,0.18512539084054
208,2024,3.89064579551027,0.186619541509194
209,2024,3.89991490758932,0.187825701113792
210,2024,3.90930445650922,0.188617551310995
211,2024,3.91881096693037,0.18891827193949
212,2024,3.92843958279035,0.188731630904941
213,2024,3.93819618946997,0.188086170799423
214,2024,3.94808667235,0.187025967174612
215,2024,3.95811691681125,0.185607316568597
216,2024,3.9682928082345,0.183895968189088
217,2024,3.97862023200055,0.18196468288984
218,2024,3.98910507349019,0.179890940909024
219,2024,3.99975321808421,0.177754656227809
220,2024,4.0105705511634,0.17563579458152
221,2024,4.02156295810856,0.173611838602476
222,2024,4.03273632430047,0.171755100081008
223,2024,4.04409653511992,0.170129944916894
224,2024,4.05564947594772,0.16879006451633
225,2024,4.06740103216465,0.167775985862428
226,2024,4.07935708915149,0.167113045381464
227,2024,4.09152353228905,0.166810044813704
228,2024,4.10390624695812,0.166858754673365
229,2024,4.11651111853948,0.167234339899462
230,2024,4.12934403241394,0.167896673361417
231,2024,4.14241087396227,0.168792403103825
232,2024,4.15571752856528,0.169857572642185
233,2024,4.16926988160374,0.171020573012882
234,2024,4.18307378537202,0.172205286108676
235,2024,4.19712971975202,0.173344150483669
236,2024,4.21142689868922,0.174396287238414
237,2024,4.22595311754753,0.175334205148989
238,2024,4.24069617169087,0.176140142695261
239,2024,4.25564385648313,0.17680473696737
240,2024,4.27078396728823,0.177325847664691
241,2024,4.28610429947007,0.177707528243748
242,2024,4.30159264839256,0.177959127018458
243,2024,4.31723680941961,0.178094496756493
244,2024,4.33302457791513,0.178131290120476
245,2024,4.34894374924303,0.178090318937937
246,2024,4.36498211876721,0.177994957027062
247,2024,4.38112748185158,0.177870568782719
248,2024,4.39736763386005,0.177743948784605
249,2024,4.41369037015653,0.17764276128768
250,2024,4.43008348610493,0.177594972587991
251,2024,4.44653477706915,0.177628273881095
252,2024,4.4630320384131,0.177769497210267
253,2024,4.4795630655007,0.178044032173816
254,2024,4.49611565369584,0.178475255825184
255,2024,4.51267759836244,0.17908399214862
256,2024,4.52923669486441,0.179888020081857
257,2024,4.54578073856564,0.180901649805786
258,2024,4.56229752483006,0.182135385633187
259,2024,4.57877484902157,0.183595690290341
260,2024,4.59520050650407,0.185284860015108
261,2024,4.61156229264148,0.1872010133176
262,2024,4.6278480027977,0.189338189295605
263,2024,4.64404543233664,0.191686544947527
264,2024,4.66014237662221,0.194232635746948
265,2024,4.67612663101832,0.196959760351741
266,2024,4.69198599088887,0.199848348917517
267,2024,4.70770825159778,0.202876374961872
268,2024,4.72328120850895,0.20601977273574
269,2024,4.73869265698629,0.209252845119574
270,2024,4.7539303923937,0.212548650665412
271,2024,4.7689822100951,0.215879362097713
272,2024,4.7838359054544,0.219216592021024
273,2024,4.79847927383549,0.222531684542057
274,2024,4.8129001106023,0.225795973896211
275,2024,4.82708621111872,0.228981012967187
276,2024,4.84102537074867,0.232058775861127
277,2024,4.85470538485605,0.235001839539151
278,2024,4.8681160482378,0.237785741722972
279,2024,4.88125834392447,0.240399553020528
280,2024,4.89413714446868,0.242838588311523
281,2024,4.90675732632817,0.245100041815133
282,2024,4.9191237659607,0.24718274419171
283,2024,4.93124133982402,0.249086957546447
284,2024,4.94311492437589,0.250814199237653
285,2024,4.95474939607406,0.252367090184003
286,2024,4.96614963137628,0.253749223923544
287,2024,4.97732050674031,0.254965053184461
288,2024,4.9882668986239,0.256019791176632
289,2024,4.99899368348481,0.256919325203846
290,2024,5.00950573778078,0.257670140532524
291,2024,5.01980793796957,0.258279252739418
292,2024,5.02990516050894,0.25875414700387
293,2024,5.03980228185664,0.259102723016171
294,2024,5.04950417847041,0.259333244348018
295,2024,5.05901572680802,0.259454291279529
296,2024,5.06834180332723,0.25947471620474
297,2024,5.07748728448577,0.259403600848201
298,2024,5.08645704674141,0.259250214623362
299,2024,5.09525596655189,0.259023973552259
300,2024,5.10388892037498,0.258734399248666
301,2024,5.11236078466843,0.258391077546148
302,2024,5.12067643588998,0.258003616430388
303,2024,5.1288407504974,0.257581603013883
304,2024,5.13685860494843,0.257134559371718
305,2024,5.14473487570083,0.256671897140778
306,2024,5.15247443921236,0.25620287087159
307,2024,5.16008217194076,0.25573653021196
308,2024,5.16756295034379,0.255281671093613
309,2024,5.17492165087921,0.254846786185885
310,2024,5.18216315000476,0.2544400149718
311,2024,5.18929232417821,0.254069093889084
312,2024,5.1963140498573,0.253741307058513
313,2024,5.20323320349978,0.253463438191067
314,2024,5.21005466156342,0.253241724320045
315,2024,5.21678330050596,0.253081812041086
316,2024,5.22342399678516,0.252988716959037
317,2024,5.22998162685877,0.252966787033242
318,2024,5.23646106718455,0.253019670480954
319,2024,5.24286719422024,0.253150288841773
320,2024,5.24920488442361,0.253360815725452
321,2024,5.2554790142524,0.253652661663586
322,2024,5.26169446016437,0.254026465366175
323,2024,5.26785609861727,0.254482091551796
324,2024,5.27396880606886,0.255018635380635
325,2024,5.28003745897689,0.25563443337911
326,2024,5.28606693379911,0.256327080609313
327,2024,5.29206210699328,0.257093453711823
328,2024,5.29802785501714,0.257929739341694
329,2024,5.30396905432846,0.258831467428533
330,2024,5.30989058138499,0.259793548625449
331,2024,5.31579731264447,0.260810315269613
332,2024,5.32169412456468,0.261875565159482
333,2024,5.32758589360334,0.262982607459192
334,2024,5.33347749621823,0.264124310067268
335,2024,5.33937380886709,0.265293147831661
336,2024,5.34527970800769,0.266481251052905
337,2024,5.35120007009775,0.267680453788353
338,2024,5.35713977159506,0.268882341549321
339,2024,5.36310368895735,0.270078298066369
340,2024,5.36909669864239,0.271259550882827
341,2024,5.37512367710792,0.272417215620633
342,2024,5.3811895008117,0.273542338843739
343,2024,5.38729904621148,0.274625939521348
344,2024,5.39345718976501,0.275659049165438
345,2024,5.39966880793006,0.276632750784028
346,2024,5.40593877716437,0.277538216853687
347,2024,5.41227197392569,0.278366746572527
348,2024,5.41867327467178,0.279109802709031
349,2024,5.4251475558604,0.279759048413961
350,2024,5.43169969394929,0.280306384413362
351,2024,5.43833456539621,0.280743987051908
352,2024,5.44505704665892,0.281064347709206
353,2024,5.45187201419516,0.281260314168653
354,2024,5.45878434446269,0.281325134581013
355,2024,5.46579891391926,0.281252504734673
356,2024,5.47292059902264,0.281036619423366
357,2024,5.48015427623056,0.280672228791877
358,2024,5.48750482200079,0.280154700642334
359,2024,5.49497711279107,0.279480089799794
360,2024,5.50257602505917,0.278645215766826
361,2024,5.51030643526283,0.277647750043208
362,2024,5.51817321985981,0.276486314648005
363,2024,5.52618125530786,0.275160593554945
364,2024,5.53433541806473,0.273671458933471
365,2024,5.54263257196661,0.272023281172796
