"day_of_year","year","prediction","standard_error"
1,2008,1.31368505232066,0.1197312436075
2,2008,1.3031512466749,0.119603110105875
3,2008,1.29269421604589,0.119394964993509
4,2008,1.2823166325128,0.119104440669346
5,2008,1.27202116815482,0.118729722732114
6,2008,1.26181081984198,0.118270811160596
7,2008,1.25168988360781,0.117733078583606
8,2008,1.24166298027669,0.11712354765526
9,2008,1.23173473067303,0.116449632873593
10,2008,1.22190975562121,0.115719094256349
11,2008,1.21219267594562,0.114939992057984
12,2008,1.20258811247065,0.114120641300924
13,2008,1.1931006860207,0.113269564981497
14,2008,1.18373501742015,0.112395444902942
15,2008,1.17449572749339,0.111507069194443
16,2008,1.16538743706483,0.110613275706037
17,2008,1.15641476695883,0.1097228906344
18,2008,1.14758233799981,0.108844661942164
19,2008,1.13889477101214,0.107987187389824
20,2008,1.13035668682023,0.107158837306998
21,2008,1.12197270624845,0.106367672586131
22,2008,1.11374745012121,0.105621358777789
23,2008,1.10568553926288,0.104927077585729
24,2008,1.09779159449787,0.104291437477758
25,2008,1.09007023665056,0.103720385513547
26,2008,1.08252608654535,0.10321912280683
27,2008,1.07516376500662,0.102792026249218
28,2008,1.06798789285876,0.102442579191927
29,2008,1.06100309092618,0.102173313684646
30,2008,1.05421398003325,0.101985766595749
31,2008,1.04762518100437,0.101880451490939
32,2008,1.04124131466392,0.101856847553178
33,2008,1.03506700183631,0.101913406127701
34,2008,1.02910686334592,0.102047574727964
35,2008,1.02336552001714,0.102255837603594
36,2008,1.01784759267436,0.102533771310628
37,2008,1.01255770214198,0.102876113188958
38,2008,1.00750046924438,0.103276840278432
39,2008,1.00268051480596,0.103729256011008
40,2008,0.998102459651097,0.104226082000609
41,2008,0.993770924604194,0.104759552397033
42,2008,0.989690530489638,0.105321508545588
43,2008,0.985865898131821,0.105903492063404
44,2008,0.982301648355132,0.106496834868579
45,2008,0.979002401983964,0.107092745144403
46,2008,0.975972779842706,0.107682388658791
47,2008,0.97321740275575,0.10825696526766
48,2008,0.970740891547485,0.108807780796981
49,2008,0.968547867042305,0.109326314816086
50,2008,0.966642950064598,0.109804285084982
51,2008,0.965030761438756,0.110233709686296
52,2008,0.963715921989169,0.110606968046496
53,2008,0.962703052540229,0.110916862221705
54,2008,0.961996773916326,0.111156679981923
55,2008,0.961601706941852,0.11132026138492
56,2008,0.961522472441196,0.111402070697901
57,2008,0.961763683584411,0.111397291327131
58,2008,0.962328710668289,0.111304422692852
59,2008,0.963218317687265,0.111128036836447
60,2008,0.964432940455997,0.11087401863408
61,2008,0.965973014789147,0.110548800405507
62,2008,0.967838976501373,0.110159275594132
63,2008,0.970031261407334,0.109712718361864
64,2008,0.972550305321691,0.109216707248181
65,2008,0.975396544059103,0.108679051300923
66,2008,0.97857041343423,0.108107717332792
67,2008,0.982072349261731,0.107510757201701
68,2008,0.985902787356266,0.106896234263403
69,2008,0.990062163532494,0.106272148408088
70,2008,0.994550913605074,0.105646359373571
71,2008,0.999369473388667,0.105026508327689
72,2008,1.00451827869793,0.104419938029206
73,2008,1.00999776534753,0.103833612203141
74,2008,1.01580836915212,0.103274035091325
75,2008,1.02195052592636,0.102747172446222
76,2008,1.0284246714849,0.102258375505962
77,2008,1.03523124164242,0.101812309699333
78,2008,1.04237067221357,0.101412889959689
79,2008,1.04984339901301,0.101063224557756
80,2008,1.05764985785539,0.100765569282391
81,2008,1.06579048455539,0.100521293601258
82,2008,1.07426571492765,0.100330860126284
83,2008,1.08307598478683,0.100193818308596
84,2008,1.09222172994761,0.10010881282158
85,2008,1.10170338622463,0.100073606593188
86,2008,1.11152138943256,0.100085117958324
87,2008,1.12167617538605,0.100139470956912
88,2008,1.13216817989977,0.100232057436793
89,2008,1.14299783878837,0.100357609357849
90,2008,1.15416558786652,0.100510279549993
91,2008,1.16567186294887,0.100683729156497
92,2008,1.17751709985008,0.100871220089655
93,2008,1.18970173438482,0.101065711023595
94,2008,1.20222620236773,0.101259955729818
95,2008,1.21509093961349,0.101446602902909
96,2008,1.22829638193676,0.101618297005742
97,2008,1.24184296515218,0.101767780066502
98,2008,1.25573112507442,0.101887994769474
99,2008,1.26996129751815,0.101972189587354
100,2008,1.28453391829801,0.102014027099
101,2008,1.29944942322867,0.102007697020305
102,2008,1.3147082481248,0.101948035846793
103,2008,1.33031082880104,0.101830655363763
104,2008,1.34625760107206,0.101652082620364
105,2008,1.36254900075251,0.101409914278603
106,2008,1.37918546365706,0.101102988517765
107,2008,1.39616742560037,0.100731577863559
108,2008,1.4134951906262,0.10029766971763
109,2008,1.43116115652409,0.0998088020319395
110,2008,1.44914546638959,0.0992794622492484
111,2008,1.46742720915102,0.0987250472486221
112,2008,1.48598547373669,0.0981610515264388
113,2008,1.50479934907492,0.0976027755408755
114,2008,1.52384792409402,0.0970650309082
115,2008,1.54311028772231,0.0965618440696866
116,2008,1.56256552888811,0.096106162601219
117,2008,1.58219273651973,0.0957095707396727
118,2008,1.60197099954549,0.0953820227185461
119,2008,1.6218794068937,0.0951316038786487
120,2008,1.64189704749269,0.0949643300050138
121,2008,1.66200301027076,0.094883994771097
122,2008,1.68217638415622,0.0948920735070287
123,2008,1.70239625807741,0.0949876888734406
124,2008,1.72264172096263,0.0951676407011199
125,2008,1.7428918617402,0.095426498657095
126,2008,1.76312576933844,0.0957567529794487
127,2008,1.78332253268566,0.0961490157133394
128,2008,1.80346124071017,0.0965922629979878
129,2008,1.8235209823403,0.097074108161248
130,2008,1.84348084650435,0.0975810956716433
131,2008,1.86331992213065,0.098099007234883
132,2008,1.88301729814751,0.0986131732709684
133,2008,1.90255206348325,0.099108785405201
134,2008,1.92190330706618,0.0995712082062559
135,2008,1.94105011782462,0.0999862910139101
136,2008,1.95997158468688,0.100340683192133
137,2008,1.97864679658129,0.100622158458773
138,2008,1.99705484243615,0.10081995606872
139,2008,2.01517481117978,0.100925148574928
140,2008,2.0329857917405,0.100931047665117
141,2008,2.05046694321519,0.100833773353228
142,2008,2.06760163481458,0.100639181414412
143,2008,2.08437976142589,0.100365647874302
144,2008,2.10079177928483,0.100033431467433
145,2008,2.11682814462715,0.0996631338124283
146,2008,2.13247931368855,0.0992751056764054
147,2008,2.14773574270476,0.0988888751868434
148,2008,2.16258788791151,0.0985225988979275
149,2008,2.17702620554453,0.0981925428104411
150,2008,2.19104115183953,0.0979126056502106
151,2008,2.20462318303225,0.0976939004106729
152,2008,2.21776275535841,0.0975444118537546
153,2008,2.23045032505373,0.0974687469943039
154,2008,2.24267634835393,0.0974679925240341
155,2008,2.25443128149475,0.0975396880085513
156,2008,2.26570558071191,0.0976779172447918
157,2008,2.27648970224113,0.0978735133925084
158,2008,2.28677410231814,0.0981143674606209
159,2008,2.29654923717866,0.0983858253597848
160,2008,2.30580556305842,0.098671156630444
161,2008,2.31453353619314,0.0989520783275493
162,2008,2.32272361281855,0.0992093202265153
163,2008,2.33036624917037,0.099423222089118
164,2008,2.33745190148433,0.0995743596619819
165,2008,2.34397102599615,0.0996442028691702
166,2008,2.34991407894155,0.0996158169145165
167,2008,2.35527526530299,0.0994770764276515
168,2008,2.36006976693662,0.0992325993001233
169,2008,2.36432005818249,0.0988946215742732
170,2008,2.36804862070239,0.0984775093029498
171,2008,2.3712779361581,0.0979970586016449
172,2008,2.37403048621143,0.097469859584591
173,2008,2.37632875252418,0.0969127050909507
174,2008,2.37819521675813,0.0963420356465114
175,2008,2.37965236057509,0.0957734177490188
176,2008,2.38072266563686,0.0952210578732371
177,2008,2.38142861360522,0.0946973592700076
178,2008,2.38179268614197,0.0942125323217698
179,2008,2.38183736490892,0.0937742715421533
180,2008,2.38158513156785,0.0933875129692783
181,2008,2.38105846778056,0.0930542845717922
182,2008,2.38027985520885,0.0927736594836701
183,2008,2.37927177551452,0.092541817809083
184,2008,2.37805671035936,0.0923522180362207
185,2008,2.37665714140516,0.0921958745534934
186,2008,2.37509555031373,0.0920617341552793
187,2008,2.37339441874685,0.0919371423943239
188,2008,2.37157622836633,0.0918083905731091
189,2008,2.36966346083397,0.0916613361694331
190,2008,2.36767859781155,0.0914820934021006
191,2008,2.36564412096087,0.091257796101178
192,2008,2.36358251194373,0.090977441555971
193,2008,2.36151624901078,0.0906328354725649
194,2008,2.35946441290343,0.0902240475950102
195,2008,2.3574363114074,0.0897677966506148
196,2008,2.35543950579763,0.0892855871987496
197,2008,2.35348155734905,0.0888002247899979
198,2008,2.35157002733663,0.0883347192859184
199,2008,2.34971247703529,0.0879112346828189
200,2008,2.34791646771998,0.0875500920238388
201,2008,2.34618956066565,0.0872688461408887
202,2008,2.34453931714725,0.0870814682605443
203,2008,2.3429732984397,0.0869976728778622
204,2008,2.34149906581796,0.0870224271373845
205,2008,2.34012418055698,0.0871556737145795
206,2008,2.33885620393168,0.0873922848143163
207,2008,2.33770269721703,0.0877222478383245
208,2008,2.33667122168796,0.0881310659257058
209,2008,2.33576933861942,0.0886003424093808
210,2008,2.33500460928634,0.0891085098721712
211,2008,2.33438459496368,0.0896316631037804
212,2008,2.33391685692637,0.0901444605232585
213,2008,2.33360895644937,0.0906210691029987
214,2008,2.33346845480761,0.0910361415950003
215,2008,2.33349923728595,0.0913692130975776
216,2008,2.33369048520892,0.0916163314512855
217,2008,2.33402770391093,0.0917808561165592
218,2008,2.33449639872642,0.0918694806057492
219,2008,2.33508207498983,0.0918915308208163
220,2008,2.33577023803558,0.0918583421562864
221,2008,2.33654639319811,0.0917826967611588
222,2008,2.33739604581184,0.0916783057245044
223,2008,2.33830470121121,0.0915593247953439
224,2008,2.33925786473065,0.0914398962997411
225,2008,2.34024104170458,0.0913337139872523
226,2008,2.34123973746745,0.0912536114362449
227,2008,2.34223945735367,0.0912111781474745
228,2008,2.34322570669769,0.0912164102926703
229,2008,2.34418399083394,0.0912774049841652
230,2008,2.34509981509684,0.0914001076591511
231,2008,2.34595868482082,0.0915881215985916
232,2008,2.34674610534032,0.0918425867550928
233,2008,2.34744758198977,0.0921621321594761
234,2008,2.3480486201036,0.0925429025952143
235,2008,2.34853472501623,0.0929786564680204
236,2008,2.34889140206211,0.0934609283739566
237,2008,2.34910415657567,0.0939792472332035
238,2008,2.34915849389132,0.0945213993132974
239,2008,2.34903991934351,0.0950737251385484
240,2008,2.34873393826666,0.0956214401191125
241,2008,2.34822605599522,0.0961489705478595
242,2008,2.34750177786359,0.0966402991479761
243,2008,2.34654745269706,0.0970798494086556
244,2008,2.34535923490167,0.0974587828094025
245,2008,2.34393960506466,0.0977738835187295
246,2008,2.34229114920963,0.0980237470177175
247,2008,2.34041645336016,0.098208502394956
248,2008,2.33831810353984,0.0983296232943277
249,2008,2.33599868577227,0.0983897606179243
250,2008,2.33346078608103,0.0983925937944339
251,2008,2.33070699048971,0.0983426974733755
252,2008,2.32773988502189,0.098245420661609
253,2008,2.32456205570118,0.0981067755346402
254,2008,2.32117608855116,0.0979333334052954
255,2008,2.31758456959541,0.0977321256039448
256,2008,2.31379008485753,0.0975105473142013
257,2008,2.30979522036111,0.0972762627178702
258,2008,2.30560256212974,0.0970371101373459
259,2008,2.301214696187,0.0968010062271689
260,2008,2.29663420855648,0.0965758486615159
261,2008,2.29186368526178,0.0963694171894399
262,2008,2.28690571232648,0.0961892733775767
263,2008,2.28176287577418,0.0960426598170281
264,2008,2.27643776162845,0.0959364000165258
265,2008,2.2709329559129,0.0958768006108732
266,2008,2.26525104465111,0.0958695578509223
267,2008,2.25939461386667,0.0959196705767172
268,2008,2.25336624958317,0.0960313619797737
269,2008,2.24716853782419,0.0962080124122313
270,2008,2.24080406461334,0.096452105290309
271,2008,2.23427541597419,0.0967651877726622
272,2008,2.22758517793034,0.0971478473927418
273,2008,2.22073593650537,0.0975997052249069
274,2008,2.21373027772288,0.0981194255149069
275,2008,2.20657078760645,0.098704741060048
276,2008,2.19926005217968,0.0993524930354137
277,2008,2.19180065746615,0.100058683474935
278,2008,2.18419518948945,0.100818538262366
279,2008,2.17644623427318,0.10162657828428
280,2008,2.16855637784091,0.102476696346223
281,2008,2.16052820621625,0.103362237541135
282,2008,2.15236430542278,0.104276080962715
283,2008,2.14406726148408,0.105210720945729
284,2008,2.13563966042375,0.106158346358823
285,2008,2.12708408826539,0.107110916843338
286,2008,2.11840313103257,0.108060235258608
287,2008,2.10959937474888,0.108998015940852
288,2008,2.10067540543792,0.109915948696228
289,2008,2.09163380912328,0.110805758722091
290,2008,2.08247717182854,0.111659262882521
291,2008,2.07320807957729,0.112468422957403
292,2008,2.06382911839313,0.113225396644311
293,2008,2.05434287429964,0.113922587226673
294,2008,2.04475193332041,0.11455269293861
295,2008,2.03505888147903,0.115108757165382
296,2008,2.0252663053303,0.115584265530729
297,2008,2.01537682330145,0.115975859437495
298,2008,2.00539310322201,0.116284927409371
299,2008,1.99531781717115,0.116513798822584
300,2008,1.98515363722804,0.116665322129526
301,2008,1.97490323547187,0.11674280698525
302,2008,1.96456928398181,0.116749973018825
303,2008,1.95415445483704,0.11669090406163
304,2008,1.94366142011674,0.116570006781574
305,2008,1.93309285190007,0.116391972791157
306,2008,1.92245142226624,0.116161743400578
307,2008,1.91173980329439,0.115884476277247
308,2008,1.90096066706373,0.115565513353095
309,2008,1.89011668565341,0.115210349393815
310,2008,1.87921053114263,0.114824600712609
311,2008,1.86824487561055,0.11441397357794
312,2008,1.85722239113636,0.113984231932935
313,2008,1.84614574979923,0.11354116411571
314,2008,1.83501762367833,0.113090548347142
315,2008,1.82384068485285,0.11263811683692
316,2008,1.81261760540197,0.112189518450865
317,2008,1.80135105740486,0.111750279982627
318,2008,1.79004371294069,0.111325766179798
319,2008,1.77869824408865,0.110921138786287
320,2008,1.76731732292791,0.110541314976097
321,2008,1.75590362153765,0.110190925664125
322,2008,1.74445981199704,0.109874274281834
323,2008,1.73298856638527,0.10959529669364
324,2008,1.72149255678151,0.10935752299717
325,2008,1.70997445526494,0.109164041991248
326,2008,1.69843693391474,0.109017469104258
327,2008,1.68688266481008,0.108919918548893
328,2008,1.67531432003013,0.108872980405599
329,2008,1.66373457165409,0.108877703237226
330,2008,1.65214609176112,0.108934582705253
331,2008,1.6405515524304,0.109043556499532
332,2008,1.62895362574111,0.109204005717357
333,2008,1.61735498377242,0.109414762643759
334,2008,1.60575829860352,0.109674124703765
335,2008,1.59416624231358,0.109979874189517
336,2008,1.58258148698178,0.110329303219626
337,2008,1.57100670468729,0.110719243272379
338,2008,1.55944456750929,0.11114609855312
339,2008,1.54789774752697,0.111605882411586
340,2008,1.53636891681949,0.11209425601661
341,2008,1.52486074746603,0.112606568520758
342,2008,1.51337591154578,0.113137898001534
343,2008,1.5019170811379,0.113683092543096
344,2008,1.49048692832158,0.114236810916685
345,2008,1.47908812517599,0.114793562422905
346,2008,1.46772334378032,0.11534774556897
347,2008,1.45639525621373,0.115893685364032
348,2008,1.4451065345554,0.116425669122017
349,2008,1.43385985088452,0.116937980761286
350,2008,1.42265787728025,0.117424933682275
351,2008,1.41150328582179,0.117880902387589
352,2008,1.40039874858829,0.118300353084085
353,2008,1.38934693765895,0.118677873574245
354,2008,1.37835052511294,0.119008202806291
355,2008,1.36741218302943,0.119286260510888
356,2008,1.3565345834876,0.119507177409202
357,2008,1.34572039856663,0.119666326534925
358,2008,1.3349723003457,0.119759356274133
359,2008,1.32429296090398,0.119782225794064
360,2008,1.31368505232066,0.1197312436075
361,2008,1.3031512466749,0.119603110105875
362,2008,1.29269421604589,0.119394964993509
363,2008,1.2823166325128,0.119104440669346
364,2008,1.27202116815482,0.118729722732114
365,2008,1.26181081984198,0.118270811160596
1,2009,1.30545216988404,0.115333109059025
2,2009,1.29491836423828,0.11518235149107
3,2009,1.28446133360927,0.114948447952274
4,2009,1.27408375007618,0.114628879302237
5,2009,1.2637882857182,0.114221683183982
6,2009,1.25357793740536,0.113726764607723
7,2009,1.24345700117118,0.113149600934611
8,2009,1.23343009784007,0.112497381802644
9,2009,1.22350184823641,0.111777706204459
10,2009,1.21367687318459,0.110998538750185
11,2009,1.203959793509,0.110168167057621
12,2009,1.19435523003403,0.109295158926499
13,2009,1.18486780358408,0.108388318023142
14,2009,1.17550213498353,0.107456636873192
15,2009,1.16626284505677,0.106509246044944
16,2009,1.1571545546282,0.105555358516992
17,2009,1.14818188452221,0.104604208374243
18,2009,1.13934945556319,0.103664983178499
19,2009,1.13066188857552,0.102746749624196
20,2009,1.12212380438361,0.101858372423736
21,2009,1.11373982381183,0.101008426771242
22,2009,1.10551456768458,0.100205105202058
23,2009,1.09745265682626,0.0994561201812097
24,2009,1.08955871206125,0.098768604289683
25,2009,1.08183735421394,0.0981490103940845
26,2009,1.07429320410873,0.0976030146353126
27,2009,1.06693088257,0.0971354254030101
28,2009,1.05975501042214,0.0967501016240014
29,2009,1.05277020848956,0.0964498836433678
30,2009,1.04598109759663,0.0962365396923516
31,2009,1.03939229856775,0.0961107304179259
32,2009,1.0330084322273,0.0960719932220201
33,2009,1.02683411939969,0.0961187472779155
34,2009,1.0208739809093,0.0962483191319402
35,2009,1.01513263758052,0.0964569878462264
36,2009,1.00961471023774,0.0967400477782314
37,2009,1.00432481970536,0.097091886397833
38,2009,0.99926758680776,0.0975060740642036
39,2009,0.994447632369334,0.0979754624464433
40,2009,0.989869577214475,0.0984922882708
41,2009,0.985538042167573,0.0990482792862802
42,2009,0.981457648053016,0.0996347597159278
43,2009,0.977633015695199,0.100242752950827
44,2009,0.974068765918511,0.100863079795059
45,2009,0.970769519547343,0.101486451135119
46,2009,0.967739897406085,0.102103554448959
47,2009,0.964984520319128,0.102705134061917
48,2009,0.962508009110864,0.103282065484537
49,2009,0.960314984605684,0.103825424526456
50,2009,0.958410067627977,0.104326552174551
51,2009,0.956797879002135,0.104777116461882
52,2009,0.955483039552548,0.105169172749461
53,2009,0.954470170103608,0.105495224010297
54,2009,0.953763891479705,0.10574828285956
55,2009,0.953368824505231,0.105921937230853
56,2009,0.953289590004575,0.106010421769636
57,2009,0.95353080114779,0.106008713529497
58,2009,0.954095828231668,0.105915242180708
59,2009,0.954985435250643,0.105734768865051
60,2009,0.956200058019376,0.105473415199015
61,2009,0.957740132352526,0.105137866967765
62,2009,0.959606094064751,0.1047352875167
63,2009,0.961798378970713,0.104273237351386
64,2009,0.96431742288507,0.103759597884075
65,2009,0.967163661622482,0.103202497541237
66,2009,0.970337530997609,0.102610238706576
67,2009,0.97383946682511,0.101991224230265
68,2009,0.977669904919645,0.101353882499019
69,2009,0.981829281095872,0.100706590343083
70,2009,0.986318031168453,0.100057593362324
71,2009,0.991136590952046,0.09941492358818
72,2009,0.996285396261311,0.0987863147599802
73,2009,1.00176488291091,0.0981791158764879
74,2009,1.0075754867155,0.0976002040733602
75,2009,1.01371764348973,0.0970558982553106
76,2009,1.02019178904828,0.0965518752533175
77,2009,1.0269983592058,0.0960930905538556
78,2009,1.03413778977695,0.0956837058296556
79,2009,1.04161051657639,0.0953270255637108
80,2009,1.04941697541877,0.0950254449809936
81,2009,1.05755760211876,0.0947804112774406
82,2009,1.06603283249103,0.0945923997688188
83,2009,1.07484310235021,0.0944609060937007
84,2009,1.08398884751099,0.094384455029414
85,2009,1.09347050378801,0.0943606258626245
86,2009,1.10328850699594,0.0943860936477753
87,2009,1.11344329294943,0.0944566851369956
88,2009,1.12393529746315,0.0945674477177925
89,2009,1.13476495635175,0.0947127293819003
90,2009,1.14593270542989,0.094886267587761
91,2009,1.15743898051224,0.0950812848729664
92,2009,1.16928421741346,0.0952905892108296
93,2009,1.18146885194819,0.0955066773660691
94,2009,1.19399331993111,0.0957218398611543
95,2009,1.20685805717687,0.0959282665880151
96,2009,1.22006349950014,0.0961181525620739
97,2009,1.23361008271556,0.0962838037938507
98,2009,1.2474982426378,0.0964177437306484
99,2009,1.26172841508153,0.0965128211864124
100,2009,1.27630103586139,0.0965623211270731
101,2009,1.29121654079205,0.096560080111503
102,2009,1.30647536568817,0.096500608607394
103,2009,1.32207794636442,0.0963792228099774
104,2009,1.33802471863543,0.0961921889899346
105,2009,1.35431611831589,0.0959368837787382
106,2009,1.37095258122044,0.0956119741467053
107,2009,1.38793454316375,0.0952176211037153
108,2009,1.40526230818958,0.0947557788595814
109,2009,1.42292827408747,0.0942342921063383
110,2009,1.44091258395297,0.0936684181345269
111,2009,1.4591943267144,0.0930744115868867
112,2009,1.47775259130007,0.0924686720314862
113,2009,1.49656646663829,0.091867442147888
114,2009,1.5156150416574,0.0912864982185492
115,2009,1.53487740528569,0.0907408342489793
116,2009,1.55433264645149,0.09024434410516
117,2009,1.57395985408311,0.0898095090545629
118,2009,1.59373811710887,0.0894471007350168
119,2009,1.61364652445708,0.0891659115020811
120,2009,1.63366416505607,0.088972524971683
121,2009,1.65377012783413,0.0888711391153154
122,2009,1.6739435017196,0.0888634523797649
123,2009,1.69416337564079,0.0889486201137697
124,2009,1.71440883852601,0.0891232844434652
125,2009,1.73465897930358,0.0893816761831326
126,2009,1.75489288690182,0.0897157830175917
127,2009,1.77508965024903,0.0901155746281302
128,2009,1.79522835827355,0.0905692730842869
129,2009,1.81528809990367,0.0910636558974419
130,2009,1.83524796406773,0.0915843796048456
131,2009,1.85508703969403,0.0921163134097224
132,2009,1.87478441571089,0.092643874914689
133,2009,1.89431918104663,0.093151362990967
134,2009,1.91367042462956,0.0936232860026479
135,2009,1.932817235388,0.094044686714241
136,2009,1.95173870225026,0.0944014681099484
137,2009,1.97041391414467,0.0946807269937876
138,2009,1.98882195999953,0.0948711046359482
139,2009,2.00694192874316,0.0949631659296159
140,2009,2.02475290930388,0.0949498205619534
141,2009,2.04223406077857,0.0948269208253328
142,2009,2.05936875237796,0.0946006244218791
143,2009,2.07614687898927,0.0942903798486441
144,2009,2.09255889684821,0.0939176528744219
145,2009,2.10859526219052,0.0935043105223512
146,2009,2.12424643125192,0.0930720036044578
147,2009,2.13950286026814,0.0926415648614501
148,2009,2.15435500547489,0.0922324232188037
149,2009,2.16879332310791,0.091862042114621
150,2009,2.18280826940291,0.0915453963378404
151,2009,2.19639030059563,0.0912945066499608
152,2009,2.20952987292178,0.0911180539280878
153,2009,2.2222174426171,0.0910210941125107
154,2009,2.23444346591731,0.0910048917035624
155,2009,2.24619839905813,0.0910668832959531
156,2009,2.25747269827529,0.0912007745723143
157,2009,2.26825681980451,0.0913967656040517
158,2009,2.27854121988152,0.0916418916495845
159,2009,2.28831635474204,0.091920461126274
160,2009,2.2975726806218,0.0922145698471669
161,2009,2.30630065375652,0.0925046711875021
162,2009,2.31449073038193,0.0927701853047038
163,2009,2.32213336673375,0.0929901362700567
164,2009,2.32921901904771,0.0931438132526611
165,2009,2.33573814355952,0.0932114600726484
166,2009,2.34168119650493,0.0931750060504654
167,2009,2.34704238286636,0.0930214749916035
168,2009,2.3518368845,0.0927557048326177
169,2009,2.35608717574587,0.092390633826075
170,2009,2.35981573826576,0.0919414674786652
171,2009,2.36304505372148,0.0914249508601539
172,2009,2.36579760377481,0.0908587070196672
173,2009,2.36809587008756,0.0902606191214712
174,2009,2.36996233432151,0.0896482456673468
175,2009,2.37141947813847,0.0890382647826591
176,2009,2.37248978320023,0.0884459498995577
177,2009,2.37319573116859,0.0878846849395165
178,2009,2.37355980370535,0.087365531821635
179,2009,2.37360448247229,0.0868968662863326
180,2009,2.37335224913123,0.0864840991673303
181,2009,2.37282558534394,0.0861294991103493
182,2009,2.37204697277223,0.0858321293958728
183,2009,2.3710388930779,0.0855879064391587
184,2009,2.36982382792274,0.0853897815340097
185,2009,2.36842425896854,0.0852280415174284
186,2009,2.36686266787711,0.0850907193147907
187,2009,2.36516153631023,0.0849641026393928
188,2009,2.36334334592971,0.0848333289810416
189,2009,2.36143057839735,0.0846830575434265
190,2009,2.35944571537493,0.0844982137444052
191,2009,2.35741123852425,0.0842648087929877
192,2009,2.35534962950711,0.0839708450710728
193,2009,2.35328336657416,0.0836073317353773
194,2009,2.35123153046681,0.0831741984899244
195,2009,2.34920342897078,0.0826894225447513
196,2009,2.347206623361,0.0821762153554617
197,2009,2.34524867491243,0.0816592703366711
198,2009,2.34333714490001,0.0811635851028268
199,2009,2.34147959459867,0.0807133177348888
200,2009,2.33968358528336,0.0803306838888193
201,2009,2.33795667822903,0.0800349201539202
202,2009,2.33630643471062,0.0798413545063246
203,2009,2.33474041600308,0.0797606339541956
204,2009,2.33326618338134,0.0797981599652516
205,2009,2.33189129812035,0.0799537729159394
206,2009,2.33062332149506,0.0802217087712257
207,2009,2.32946981478041,0.0805908279791045
208,2009,2.32843833925134,0.0810450931222378
209,2009,2.32753645618279,0.0815642532321142
210,2009,2.32677172684972,0.0821246824395201
211,2009,2.32615171252706,0.0827003201279169
212,2009,2.32568397448975,0.0832636680381796
213,2009,2.32537607401275,0.0837868144115748
214,2009,2.32523557237099,0.0842424733671373
215,2009,2.32526635484933,0.0846087147429169
216,2009,2.3254576027723,0.0848815080944667
217,2009,2.32579482147431,0.0850646856696814
218,2009,2.3262635162898,0.0851656250217806
219,2009,2.32684919255321,0.0851944981919305
220,2009,2.32753735559896,0.0851636108976104
221,2009,2.32831351076149,0.0850868084761747
222,2009,2.32916316337522,0.084978929667271
223,2009,2.33007181877459,0.0848552941019296
224,2009,2.33102498229402,0.0847312143477116
225,2009,2.33200815926796,0.0846215283693198
226,2009,2.33300685503083,0.0845401531113797
227,2009,2.33400657491705,0.0844996643286441
228,2009,2.33499282426107,0.0845109114336754
229,2009,2.33595110839732,0.0845826786204018
230,2009,2.33686693266021,0.0847214045114681
231,2009,2.3377258023842,0.0849309718621337
232,2009,2.3385132229037,0.085212576449939
233,2009,2.33921469955315,0.0855646804700306
234,2009,2.33981573766698,0.0859830510694958
235,2009,2.34030184257961,0.0864608797776916
236,2009,2.34065851962549,0.0869889742363173
237,2009,2.34087127413904,0.0875560104007956
238,2009,2.3409256114547,0.0881488316494235
239,2009,2.34080703690689,0.0887527811079502
240,2009,2.34050105583004,0.089352054839501
241,2009,2.33999317355859,0.0899300660568349
242,2009,2.33926889542697,0.0904698138047308
243,2009,2.33831457026043,0.0909548164430633
244,2009,2.33712635246504,0.0913757658793055
245,2009,2.33570672262804,0.0917293241502537
246,2009,2.33405826677301,0.0920140747732192
247,2009,2.33218357092354,0.0922302211131275
248,2009,2.33008522110322,0.0923793815230149
249,2009,2.32776580333565,0.0924644098105861
250,2009,2.32522790364441,0.092489237107524
251,2009,2.32247410805308,0.092458731342372
252,2009,2.31950700258527,0.0923785707503027
253,2009,2.31632917326456,0.0922551281400677
254,2009,2.31294320611454,0.092095362951306
255,2009,2.30935168715879,0.0919067184625632
256,2009,2.30555720242091,0.0916970218511659
257,2009,2.30156233792449,0.0914743851662478
258,2009,2.29736967969312,0.0912471056643056
259,2009,2.29298181375038,0.0910235643810636
260,2009,2.28840132611986,0.0908121222795365
261,2009,2.28363080282516,0.0906210138218832
262,2009,2.27867282988986,0.0904582383541227
263,2009,2.27352999333756,0.0903314502509101
264,2009,2.26820487919183,0.0902478493154623
265,2009,2.26270007347628,0.0902140734316241
266,2009,2.25701816221449,0.0902360958791067
267,2009,2.25116173143005,0.0903191300056467
268,2009,2.24513336714654,0.0904675440621881
269,2009,2.23893565538757,0.0906847889211824
270,2009,2.23257118217672,0.090973341102943
271,2009,2.22604253353757,0.0913346630412365
272,2009,2.21935229549371,0.0917691818601018
273,2009,2.21250305406875,0.0922762871623567
274,2009,2.20549739528626,0.0928543475133847
275,2009,2.19833790516983,0.0935007445137615
276,2009,2.19102716974306,0.0942119226587955
277,2009,2.18356777502953,0.0949834526366608
278,2009,2.17596230705283,0.0958101053546539
279,2009,2.16821335183656,0.0966859338182756
280,2009,2.16032349540429,0.0976043600122492
281,2009,2.15229532377963,0.0985582641208653
282,2009,2.14413142298615,0.0995400737403869
283,2009,2.13583437904746,0.100541851136651
284,2009,2.12740677798713,0.101555377045095
285,2009,2.11885120582876,0.102572229961861
286,2009,2.11017024859594,0.103583860304721
287,2009,2.10136649231226,0.104581659211652
288,2009,2.0924425230013,0.105557022081722
289,2009,2.08340092668665,0.106501407243923
290,2009,2.07424428939191,0.107406390367056
291,2009,2.06497519714067,0.108263715404036
292,2009,2.05559623595651,0.109065343006347
293,2009,2.04610999186301,0.109803497459177
294,2009,2.03651905088379,0.110470713286058
295,2009,2.02682599904241,0.111059882764207
296,2009,2.01703342289368,0.111564352405663
297,2009,2.00714394086483,0.111980746550951
298,2009,1.99716022078539,0.112310616668136
299,2009,1.98708493473452,0.112556469224668
300,2009,1.97692075479142,0.112721327848418
301,2009,1.96667035303525,0.112808675286185
302,2009,1.95633640154519,0.112822402391126
303,2009,1.94592157240042,0.112766762848048
304,2009,1.93542853768011,0.112646332503208
305,2009,1.92485996946345,0.112465972299393
306,2009,1.91421853982961,0.112230793931086
307,2009,1.90350692085777,0.111946127431861
308,2009,1.89272778462711,0.111617489990738
309,2009,1.88188380321679,0.111250555369476
310,2009,1.87097764870601,0.110851123362382
311,2009,1.86001199317393,0.110425088807592
312,2009,1.84898950869974,0.109978409727059
313,2009,1.8379128673626,0.109517074244737
314,2009,1.82678474124171,0.109047066011174
315,2009,1.81560780241623,0.108574327950011
316,2009,1.80438472296535,0.108104724238946
317,2009,1.79311817496824,0.107644000545149
318,2009,1.78181083050407,0.107197742651939
319,2009,1.77046536165203,0.106771333737958
320,2009,1.75908444049129,0.106369910698495
321,2009,1.74767073910103,0.105998320026252
322,2009,1.73622692956042,0.105661073889432
323,2009,1.72475568394865,0.105362307151477
324,2009,1.71325967434489,0.10510573616131
325,2009,1.70174157282832,0.104894620197965
326,2009,1.69020405147812,0.104731726472342
327,2009,1.67864978237345,0.104619299566517
328,2009,1.66708143759351,0.10455903612497
329,2009,1.65550168921747,0.104552065502874
330,2009,1.64391320932449,0.104598936927954
331,2009,1.63231866999377,0.104699613551597
332,2009,1.62072074330448,0.104853473561696
333,2009,1.6091221013358,0.105059318316233
334,2009,1.5975254161669,0.105315387245649
335,2009,1.58593335987696,0.105619379076328
336,2009,1.57434860454515,0.105968478758267
337,2009,1.56277382225067,0.106359389346089
338,2009,1.55121168507267,0.106788367989703
339,2009,1.53966486509034,0.107251265141738
340,2009,1.52813603438287,0.107743566082414
341,2009,1.51662786502941,0.108260433895296
342,2009,1.50514302910916,0.108796753093558
343,2009,1.49368419870128,0.109347173188866
344,2009,1.48225404588496,0.10990615160604
345,2009,1.47085524273937,0.110467995468755
346,2009,1.4594904613437,0.111026901907798
347,2009,1.44816237377711,0.111576996668241
348,2009,1.43687365211878,0.112112370910788
349,2009,1.4256269684479,0.112627116212808
350,2009,1.41442499484363,0.113115357874381
351,2009,1.40327040338517,0.113571286723857
352,2009,1.39216586615167,0.113989189696485
353,2009,1.38111405522233,0.114363479530113
354,2009,1.37011764267631,0.114688723985797
355,2009,1.3591793005928,0.114959675060811
356,2009,1.34830170105098,0.115171298719833
357,2009,1.33748751613001,0.11531880572986
358,2009,1.32673941790908,0.115397684248652
359,2009,1.31606007846736,0.115403734888423
360,2009,1.30545216988404,0.115333109059025
361,2009,1.29491836423828,0.11518235149107
362,2009,1.28446133360927,0.114948447952274
363,2009,1.27408375007618,0.114628879302237
364,2009,1.2637882857182,0.114221683183981
365,2009,1.25357793740536,0.113726764607723
1,2010,1.29575169703939,0.11334327156129
2,2010,1.28521789139364,0.113173078355931
3,2010,1.27476086076463,0.11291815113417
4,2010,1.26438327723154,0.112575880331582
5,2010,1.25408781287355,0.112144212781616
6,2010,1.24387746456071,0.111622986726958
7,2010,1.23375652832654,0.111017710491864
8,2010,1.22372962499543,0.110335636284328
9,2010,1.21380137539177,0.109584435684264
10,2010,1.20397640033995,0.108772157560978
11,2010,1.19425932066436,0.107907187214941
12,2010,1.18465475718939,0.106998205344937
13,2010,1.17516733073944,0.106054145498429
14,2010,1.16580166213889,0.105084148718887
15,2010,1.15656237221213,0.104097514171762
16,2010,1.14745408178356,0.103103644624722
17,2010,1.13848141167757,0.102111985792684
18,2010,1.12964898271855,0.101131958749071
19,2010,1.12096141573088,0.100172884865234
20,2010,1.11242333153896,0.0992439030804796
21,2010,1.10403935096719,0.0983538797303019
22,2010,1.09581409483994,0.0975113116662347
23,2010,1.08775218398162,0.0967242239720825
24,2010,1.07985823921661,0.0960000641897063
25,2010,1.0721368813693,0.0953455955708574
26,2010,1.06459273126408,0.0947667924154637
27,2010,1.05723040972535,0.0942687409792992
28,2010,1.0500545375775,0.09385554967267
29,2010,1.04306973564491,0.0935302722731035
30,2010,1.03628062475198,0.0932948476045545
31,2010,1.0296918257231,0.0931500585867466
32,2010,1.02330795938266,0.0930955127575204
33,2010,1.01713364655505,0.0931296453781746
34,2010,1.01117350806466,0.093249745133513
35,2010,1.00543216473588,0.0934520013369848
36,2010,0.999914237393101,0.0937315705501125
37,2010,0.994624346860717,0.0940826597135029
38,2010,0.989567113963117,0.0944986223271349
39,2010,0.984747159524691,0.0949720639403307
40,2010,0.980169104369833,0.0954949532130502
41,2010,0.97583756932293,0.09605873505711
42,2010,0.971757175208374,0.0966544428054718
43,2010,0.967932542850557,0.0972728069266706
44,2010,0.964368293073868,0.0979043584362561
45,2010,0.9610690467027,0.0985395258017218
46,2010,0.958039424561442,0.0991687247479994
47,2010,0.955284047474486,0.0997824409176921
48,2010,0.952807536266221,0.10037130580828
49,2010,0.950614511761041,0.100926166794014
50,2010,0.948709594783334,0.101438152348889
51,2010,0.947097406157492,0.101898733831101
52,2010,0.945782566707905,0.102299785384588
53,2010,0.944769697258965,0.10263364367728
54,2010,0.944063418635062,0.102893169346104
55,2010,0.943668351660588,0.103071812172569
56,2010,0.943589117159932,0.10316368218505
57,2010,0.943830328303147,0.103163645761903
58,2010,0.944395355387025,0.103070093706581
59,2010,0.945284962406001,0.102887882288391
60,2010,0.946499585174733,0.102623254192802
61,2010,0.948039659507883,0.102283026305466
62,2010,0.949905621220109,0.101874502867651
63,2010,0.95209790612607,0.101405395012603
64,2010,0.954616950040427,0.100883744498925
65,2010,0.957463188777839,0.100317849743067
66,2010,0.960637058152966,0.0997161925202116
67,2010,0.964138993980467,0.0990873639652887
68,2010,0.967969432075002,0.0984399887770312
69,2010,0.972128808251229,0.0977826468194369
70,2010,0.97661755832381,0.0971237916358141
71,2010,0.981436118107403,0.0964716657456825
72,2010,0.986584923416669,0.0958342129840521
73,2010,0.992064410066265,0.0952189885593832
74,2010,0.997875013870853,0.0946330679369567
75,2010,1.00401717064509,0.0940829560770648
76,2010,1.01049131620364,0.0935744989442645
77,2010,1.01729788636116,0.093112799522055
78,2010,1.02443731693231,0.092702140782485
79,2010,1.03191004373174,0.092345918140995
80,2010,1.03971650257413,0.0920465838498527
81,2010,1.04785712927412,0.0918056055380652
82,2010,1.05633235964638,0.0916234406971697
83,2010,1.06514262950557,0.0914995283640699
84,2010,1.07428837466635,0.0914322986039514
85,2010,1.08377003094337,0.0914191997008073
86,2010,1.09358803415129,0.0914567422791979
87,2010,1.10374282010479,0.0915405589666382
88,2010,1.1142348246185,0.0916654777113632
89,2010,1.12506448350711,0.0918256065311685
90,2010,1.13623223258525,0.0920144273043145
91,2010,1.1477385076676,0.0922248962241263
92,2010,1.15958374456882,0.0924495487103191
93,2010,1.17176837910355,0.0926806068760663
94,2010,1.18429284708647,0.0929100880577401
95,2010,1.19715758433223,0.0931299133899304
96,2010,1.21036302665549,0.0933320159204384
97,2010,1.22390960987092,0.0935084482828846
98,2010,1.23779776979316,0.0936514904602946
99,2010,1.25202794223688,0.0937537586711848
100,2010,1.26660056301675,0.0938083168869647
101,2010,1.28151606794741,0.0938087929480235
102,2010,1.29677489284353,0.0937495016910865
103,2010,1.31237747351977,0.0936255779382774
104,2010,1.32832424579079,0.0934331226320001
105,2010,1.34461564547125,0.0931693658253901
106,2010,1.3612521083758,0.0928328506389846
107,2010,1.37823407031911,0.0924236426328856
108,2010,1.39556183534493,0.0919436393834768
109,2010,1.41322780124282,0.0914008267511884
110,2010,1.43121211110833,0.0908108802506685
111,2010,1.44949385386975,0.0901905260373106
112,2010,1.46805211845542,0.0895566663160942
113,2010,1.48686599379365,0.0889260737847863
114,2010,1.50591456881276,0.0883150755030403
115,2010,1.52517693244105,0.0877392271884227
116,2010,1.54463217360685,0.0872129822995424
117,2010,1.56425938123847,0.086749363634343
118,2010,1.58403764426423,0.0863596482229418
119,2010,1.60394605161244,0.0860530786208375
120,2010,1.62396369221142,0.0858366148876027
121,2010,1.64406965498949,0.0857147412281746
122,2010,1.66424302887496,0.0856893393226405
123,2010,1.68446290279615,0.0857596368810204
124,2010,1.70470836568137,0.0859222353188363
125,2010,1.72495850645894,0.0861712152740158
126,2010,1.74519241405717,0.0864983137052532
127,2010,1.76538917740439,0.0868931622172928
128,2010,1.7855278854289,0.0873435735626439
129,2010,1.80558762705903,0.0878358622193456
130,2010,1.82554749122309,0.0883551855073253
131,2010,1.84538656684939,0.0888858936199196
132,2010,1.86508394286625,0.0894118798160604
133,2010,1.88461870820199,0.0899169254147184
134,2010,1.90396995178492,0.0903850377817261
135,2010,1.92311676254336,0.0908007829295186
136,2010,1.94203822940562,0.091149617512295
137,2010,1.96071344130002,0.0914182278502825
138,2010,1.97912148715488,0.0915948861925249
139,2010,1.99724145589852,0.091669836800663
140,2010,2.01505243645924,0.0916357266701019
141,2010,2.03253358793393,0.0914882213708543
142,2010,2.04966827953332,0.0912336366233441
143,2010,2.06644640614463,0.0908920548862374
144,2010,2.08285842400357,0.090485668486069
145,2010,2.09889478934588,0.0900371193174789
146,2010,2.11454595840728,0.0895688683502163
147,2010,2.12980238742349,0.0891025758788229
148,2010,2.14465453263025,0.0886584925729747
149,2010,2.15909285026326,0.0882548696872834
150,2010,2.17310779655827,0.0879074042064743
151,2010,2.18668982775099,0.0876287404255144
152,2010,2.19982940007714,0.0874280526018216
153,2010,2.21251696977246,0.0873107331424117
154,2010,2.22474299307267,0.0872782070152481
155,2010,2.23649792621349,0.0873278860517781
156,2010,2.24777222543065,0.0874532675628006
157,2010,2.25855634695987,0.0876441717561061
158,2010,2.26884074703688,0.0878871035262423
159,2010,2.2786158818974,0.0881657177637535
160,2010,2.28787220777716,0.0884613643395766
161,2010,2.29660018091188,0.0887536896142812
162,2010,2.30479025753729,0.0890212753397088
163,2010,2.31243289388911,0.0892423024019035
164,2010,2.31951854620306,0.0893952351142262
165,2010,2.32603767071488,0.0894595309371872
166,2010,2.33198072366029,0.0894163900633484
167,2010,2.33734191002172,0.089252286186699
168,2010,2.34213641165536,0.0889721787170126
169,2010,2.34638670290123,0.0885894333461694
170,2010,2.35011526542112,0.0881197740964509
171,2010,2.35334458087684,0.0875805387875363
172,2010,2.35609713093017,0.0869900019078935
173,2010,2.35839539724291,0.0863667402215285
174,2010,2.36026186147687,0.0857290289808382
175,2010,2.36171900529383,0.0850942638772987
176,2010,2.36278931035559,0.0844784109512915
177,2010,2.36349525832395,0.0838954932441574
178,2010,2.36385933086071,0.0833571284815559
179,2010,2.36390400962765,0.082872135897616
180,2010,2.36365177628658,0.0824462318527992
181,2010,2.3631251124993,0.0820818327936579
182,2010,2.36234649992759,0.0817779803689776
183,2010,2.36133842023326,0.0815303976584913
184,2010,2.36012335507809,0.081331678445796
185,2010,2.3587237861239,0.0811716045226582
186,2010,2.35716219503246,0.0810375804241604
187,2010,2.35546106346559,0.0809151718023178
188,2010,2.35364287308507,0.0807887334603608
189,2010,2.3517301055527,0.0806421160101742
190,2010,2.34974524253028,0.0804594458747117
191,2010,2.34771076567961,0.0802259813442195
192,2010,2.34564915666247,0.0799290568734624
193,2010,2.34358289372951,0.0795591430999416
194,2010,2.34153105762217,0.079116059669802
195,2010,2.33950295612614,0.0786185890200639
196,2010,2.33750615051636,0.0780910403373994
197,2010,2.33554820206779,0.0775593239073165
198,2010,2.33363667205536,0.0770497216450779
199,2010,2.33177912175403,0.0765876820479502
200,2010,2.32998311243872,0.0761966463117865
201,2010,2.32825620538439,0.0758969343030803
202,2010,2.32660596186598,0.0757047377442255
203,2010,2.32503994315844,0.0756312795227076
204,2010,2.3235657105367,0.0756821990809692
205,2010,2.32219082527571,0.0758572128130682
206,2010,2.32092284865042,0.0761500766268138
207,2010,2.31976934193577,0.0765488497052251
208,2010,2.3187378664067,0.0770364303376732
209,2010,2.31783598333815,0.0775913127889894
210,2010,2.31707125400508,0.0781885028708909
211,2010,2.31645123968242,0.0788005304798099
212,2010,2.31598350164511,0.0793985083070261
213,2010,2.31567560116811,0.0799532038934543
214,2010,2.31553509952635,0.0804361135266596
215,2010,2.31556588200469,0.0808244065423605
216,2010,2.31575712992765,0.0811140679780955
217,2010,2.31609434862967,0.0813092941409723
218,2010,2.31656304344516,0.081417950060764
219,2010,2.31714871970857,0.0814507894572666
220,2010,2.31783688275432,0.0814207722863811
221,2010,2.31861303791684,0.0813424532834344
222,2010,2.31946269053058,0.0812314199757454
223,2010,2.32037134592994,0.0811037640861225
224,2010,2.32132450944938,0.0809755758746839
225,2010,2.32230768642332,0.0808624566303647
226,2010,2.32330638218618,0.0807790500440762
227,2010,2.32430610207241,0.0807385982830996
228,2010,2.32529235141643,0.0807525328370663
229,2010,2.32625063555267,0.0808301131521052
230,2010,2.32716645981557,0.0809781272785861
231,2010,2.32802532953956,0.0812006679560506
232,2010,2.32881275005906,0.0814989947462419
233,2010,2.32951422670851,0.0818714883352837
234,2010,2.33011526482233,0.0823136976027318
235,2010,2.33060136973497,0.082818474339949
236,2010,2.33095804678085,0.0833761854598199
237,2010,2.3311708012944,0.0839749888863009
238,2010,2.33122513861006,0.0846011574704516
239,2010,2.33110656406225,0.0852394353379471
240,2010,2.3308005829854,0.0858734128223222
241,2010,2.33029270071395,0.0864859091724927
242,2010,2.32956842258233,0.0870593560645805
243,2010,2.32861409741579,0.0875767584629558
244,2010,2.3274258796204,0.0880285353702635
245,2010,2.32600624978339,0.0884112707651349
246,2010,2.32435779392836,0.0887235390453041
247,2010,2.32248309807889,0.0889655880520727
248,2010,2.32038474825858,0.0891391237085717
249,2010,2.318065330491,0.0892471223310055
250,2010,2.31552743079976,0.0892936661870065
251,2010,2.31277363520844,0.0892837980568801
252,2010,2.30980652974063,0.0892233908438137
253,2010,2.30662870041992,0.0891190286190664
254,2010,2.30324273326989,0.0889778958477804
255,2010,2.29965121431415,0.0888076719095919
256,2010,2.29585672957627,0.0886164284070514
257,2010,2.29186186507985,0.0884125271523575
258,2010,2.28766920684847,0.0882045171503517
259,2010,2.28328134090573,0.0880010293638629
260,2010,2.27870085327522,0.087810668563328
261,2010,2.27393032998052,0.0876419021264558
262,2010,2.26897235704522,0.0875029462565646
263,2010,2.26382952049291,0.0874016507100141
264,2010,2.25850440634719,0.0873453837321322
265,2010,2.25299960063164,0.0873409194550479
266,2010,2.24731768936985,0.0873943304607947
267,2010,2.2414612585854,0.0875108885085235
268,2010,2.2354328943019,0.0876949765213347
269,2010,2.22923518254293,0.0879500147958475
270,2010,2.22287070933207,0.088278404027163
271,2010,2.21634206069292,0.0886814871501149
272,2010,2.20965182264907,0.0891595312278835
273,2010,2.20280258122411,0.089711729736847
274,2010,2.19579692244161,0.0903362246819814
275,2010,2.18863743232519,0.0910301471136114
276,2010,2.18132669689842,0.0917896738791618
277,2010,2.17386730218489,0.0926100978901189
278,2010,2.16626183420819,0.0934859088477792
279,2010,2.15851287899191,0.094410881258465
280,2010,2.15062302255965,0.095378166662873
281,2010,2.14259485093499,0.0963803872701045
282,2010,2.13443095014151,0.0974097285789074
283,2010,2.12613390620282,0.0984580290376214
284,2010,2.11770630514249,0.0995168652941599
285,2010,2.10915073298412,0.100577632079487
286,2010,2.1004697757513,0.101631616223751
287,2010,2.09166601946762,0.102670064705255
288,2010,2.08274205015666,0.103684246970113
289,2010,2.07370045384201,0.104665512034019
290,2010,2.06454381654727,0.10560534109207
291,2010,2.05527472429603,0.106495396527194
292,2010,2.04589576311186,0.107327568333409
293,2010,2.03640951901837,0.108094019069156
294,2010,2.02681857803914,0.108787228540067
295,2010,2.01712552619777,0.10940003949151
296,2010,2.00733295004903,0.109925753395688
297,2010,1.99744346802019,0.110361010901078
298,2010,1.98745974794075,0.110707469745255
299,2010,1.97738446188988,0.110967745464691
300,2010,1.96722028194678,0.111144965547911
301,2010,1.95696988019061,0.111242711665481
302,2010,1.94663592870055,0.111264969078789
303,2010,1.93622109955578,0.111216081890081
304,2010,1.92572806483547,0.111100712965169
305,2010,1.91515949661881,0.110923807502452
306,2010,1.90451806698497,0.110690559341411
307,2010,1.89380644801313,0.110406379204789
308,2010,1.88302731178246,0.11007686415532
309,2010,1.87218333037215,0.109707767624226
310,2010,1.86127717586136,0.109304969438514
311,2010,1.85031152032929,0.108874445341195
312,2010,1.83928903585509,0.108422235566287
313,2010,1.82821239451796,0.10795441210218
314,2010,1.81708426839707,0.107477044355322
315,2010,1.80590732957159,0.106996163013646
316,2010,1.79468425012071,0.1065177220072
317,2010,1.78341770212359,0.106047558572684
318,2010,1.77211035765943,0.105591351548548
319,2010,1.76076488880738,0.105154578156012
320,2010,1.74938396764664,0.104742469655397
321,2010,1.73797026625638,0.104359966401591
322,2010,1.72652645671578,0.10401167295075
323,2010,1.71505521110401,0.103701813985014
324,2010,1.70355920150025,0.103434191914689
325,2010,1.69204109998368,0.103212147079881
326,2010,1.68050357863347,0.103038521498437
327,2010,1.66894930952881,0.102915627088738
328,2010,1.65738096474887,0.102845219231051
329,2010,1.64580121637282,0.102828476420212
330,2010,1.63421273647985,0.102865986608836
331,2010,1.62261819714913,0.102957740651539
332,2010,1.61102027045984,0.103103133047204
333,2010,1.59942162849116,0.103300969950822
334,2010,1.58782494332226,0.103549484202832
335,2010,1.57623288703231,0.103846356915733
336,2010,1.56464813170051,0.104188744977349
337,2010,1.55307334940602,0.104573313687099
338,2010,1.54151121222803,0.104996273642274
339,2010,1.5299643922457,0.105453420938483
340,2010,1.51843556153822,0.105940179741208
341,2010,1.50692739218477,0.106451646319958
342,2010,1.49544255626451,0.106982633706625
343,2010,1.48398372585664,0.107527716237619
344,2010,1.47255357304032,0.108081273356808
345,2010,1.46115476989473,0.108637532185236
346,2010,1.44978998849905,0.109190608496545
347,2010,1.43846190093246,0.109734545868047
348,2010,1.42717317927414,0.110263352901806
349,2010,1.41592649560326,0.110771038524866
350,2010,1.40472452199899,0.111251645481268
351,2010,1.39356993054052,0.111699282220473
352,2010,1.38246539330703,0.112108153467935
353,2010,1.37141358237769,0.112472589835523
354,2010,1.36041716983167,0.112787076894485
355,2010,1.34947882774816,0.113046284194325
356,2010,1.33860122820633,0.113245094770325
357,2010,1.32778704328537,0.113378635743687
358,2010,1.31703894506444,0.113442310684597
359,2010,1.30635960562272,0.113431834483328
360,2010,1.29575169703939,0.11334327156129
361,2010,1.28521789139364,0.113173078355931
362,2010,1.27476086076463,0.11291815113417
363,2010,1.26438327723154,0.112575880331582
364,2010,1.25408781287355,0.112144212781616
365,2010,1.24387746456071,0.111622986726958
1,2011,1.28449944127804,0.113196839650485
2,2011,1.27396563563228,0.113012063390942
3,2011,1.26350860500327,0.112742228414898
4,2011,1.25313102147019,0.112384694389908
5,2011,1.2428355571122,0.111937374988835
6,2011,1.23262520879936,0.111400076540114
7,2011,1.22250427256519,0.110778288853151
8,2011,1.21247736923407,0.110079251507412
9,2011,1.20254911963041,0.109310626733358
10,2011,1.19272414457859,0.108480457908778
11,2011,1.183007064903,0.107597129338224
12,2011,1.17340250142803,0.106669325910756
13,2011,1.16391507497808,0.105705991282735
14,2011,1.15454940637753,0.104716283282202
15,2011,1.14531011645078,0.103709525292058
16,2011,1.13620182602221,0.102695152455225
17,2011,1.12722915591622,0.101682651671478
18,2011,1.11839672695719,0.10068149453837
19,2011,1.10970915996953,0.0997010626421807
20,2011,1.10117107577761,0.0987505649407071
21,2011,1.09278709520583,0.0978389474039539
22,2011,1.08456183907859,0.0969747955889414
23,2011,1.07649992822026,0.0961662314069416
24,2011,1.06860598345525,0.0954208059679511
25,2011,1.06088462560794,0.0947453910158782
26,2011,1.05334047550273,0.0941460720434068
27,2011,1.045978153964,0.0936280466334688
28,2011,1.03880228181615,0.0931955318486927
29,2011,1.03181747988356,0.0928516845231339
30,2011,1.02502836899063,0.0925985380628566
31,2011,1.01843956996175,0.0924369588228272
32,2011,1.01205570362131,0.092366624321029
33,2011,1.00588139079369,0.0923860245359673
34,2011,0.999921252303303,0.0924924863995086
35,2011,0.994179908974523,0.0926822204498395
36,2011,0.988661981631746,0.0929503875581376
37,2011,0.983372091099362,0.0932911827826378
38,2011,0.978314858201762,0.0936979328037239
39,2011,0.973494903763336,0.0941632030874517
40,2011,0.968916848608477,0.0946789109106878
41,2011,0.964585313561575,0.0952364406258697
42,2011,0.960504919447019,0.0958267579922451
43,2011,0.956680287089202,0.0964405209871453
44,2011,0.953116037312513,0.0970681851684721
45,2011,0.949816790941345,0.0977001023288066
46,2011,0.946787168800087,0.0983266118159275
47,2011,0.944031791713131,0.0989381244626841
48,2011,0.941555280504866,0.0995251995545224
49,2011,0.939362255999686,0.100078615661649
50,2011,0.937457339021979,0.10058943648083
51,2011,0.935845150396137,0.101049073081834
52,2011,0.93453031094655,0.101449344152234
53,2011,0.93351744149761,0.101782536000036
54,2011,0.932811162873707,0.102041464224883
55,2011,0.932416095899233,0.102219539122955
56,2011,0.932336861398577,0.102310837064033
57,2011,0.932578072541792,0.10231019700534
58,2011,0.93314309962567,0.102215996438818
59,2011,0.934032706644646,0.102033100459861
60,2011,0.935247329413378,0.101767768216552
61,2011,0.936787403746528,0.101426838123187
62,2011,0.938653365458754,0.101017640537614
63,2011,0.940845650364715,0.100547916879852
64,2011,0.943364694279072,0.100025742969727
65,2011,0.946210933016484,0.0994594546507507
66,2011,0.949384802391611,0.0988575740376736
67,2011,0.952886738219112,0.0982287349907972
68,2011,0.956717176313647,0.0975816066951264
69,2011,0.960876552489874,0.0969248145188457
70,2011,0.965365302562455,0.0962668576528358
71,2011,0.970183862346048,0.0956160233962646
72,2011,0.975332667655314,0.0949802983526134
73,2011,0.98081215430491,0.0943672772290083
74,2011,0.986622758109498,0.0937840703750113
75,2011,0.992764914883737,0.0932372116327815
76,2011,0.999239060442285,0.0927325684693994
77,2011,1.0060456305998,0.0922752566898147
78,2011,1.01318506117095,0.0918695622495118
79,2011,1.02065778797039,0.0915188727668632
80,2011,1.02846424681277,0.0912256212519358
81,2011,1.03660487351277,0.0909912443102636
82,2011,1.04508010388503,0.0908161566529728
83,2011,1.05389037374422,0.0906997431734542
84,2011,1.06303611890499,0.0906403691776548
85,2011,1.07251777518201,0.0906354086352171
86,2011,1.08233577838994,0.0906812896137764
87,2011,1.09249056434343,0.0907735554290708
88,2011,1.10298256885715,0.090906939540478
89,2011,1.11381222774575,0.0910754518816724
90,2011,1.1249799768239,0.0912724741575478
91,2011,1.13648625190625,0.091490861661095
92,2011,1.14833148880746,0.0917230493511465
93,2011,1.1605161233422,0.0919611602556825
94,2011,1.17304059132512,0.0921971146912263
95,2011,1.18590532857088,0.0924227392811433
96,2011,1.19911077089414,0.0926298752821118
97,2011,1.21265735410956,0.0928104862627006
98,2011,1.2265455140318,0.0929567657029113
99,2011,1.24077568647553,0.0930612455888915
100,2011,1.25534830725539,0.0931169075603345
101,2011,1.27026381218606,0.0931172986325078
102,2011,1.28552263708218,0.0930566539670028
103,2011,1.30112521775842,0.0929300296123963
104,2011,1.31707199002944,0.0927334485826258
105,2011,1.33336338970989,0.0924640640844803
106,2011,1.34999985261445,0.0921203441308344
107,2011,1.36698181455776,0.091702282146628
108,2011,1.38430957958358,0.0912117095963888
109,2011,1.40197554548147,0.0906566165208501
110,2011,1.41995985534697,0.0900527894248875
111,2011,1.4382415981084,0.0894170853196644
112,2011,1.45679986269407,0.0887665503608426
113,2011,1.4756137380323,0.0881181151634563
114,2011,1.4946623130514,0.0874882785713384
115,2011,1.51392467667969,0.0868927806590839
116,2011,1.53337991784549,0.0863462691699746
117,2011,1.55300712547711,0.0858619670666343
118,2011,1.57278538850287,0.0854513520636078
119,2011,1.59269379585109,0.0851238615004949
120,2011,1.61271143645007,0.0848866372546209
121,2011,1.63281739922814,0.0847443252130182
122,2011,1.65299077311361,0.0846989419387596
123,2011,1.67321064703479,0.0847498176603986
124,2011,1.69345610992001,0.08489361996755
125,2011,1.71370625069758,0.085124457242218
126,2011,1.73394015829582,0.0854340556555331
127,2011,1.75413692164304,0.0858119992446541
128,2011,1.77427562966755,0.0862460197063166
129,2011,1.79433537129768,0.0867223213765105
130,2011,1.81429523546173,0.0872259273876289
131,2011,1.83413431108803,0.0877410349382099
132,2011,1.85383168710489,0.0882513705632361
133,2011,1.87336645244063,0.0887405398056954
134,2011,1.89271769602356,0.0891923693679276
135,2011,1.911864506782,0.0895912433790884
136,2011,1.93078597364427,0.0899224386952207
137,2011,1.94946118553867,0.090172467108349
138,2011,1.96786923139353,0.0903294350213871
139,2011,1.98598920013716,0.0903834336281811
140,2011,2.00380018069788,0.0903269749966758
141,2011,2.02128133217257,0.0901556170934813
142,2011,2.03841602377196,0.0898757124129676
143,2011,2.05519415038327,0.0895075897372414
144,2011,2.07160616824222,0.0890737408029242
145,2011,2.08764253358453,0.088597142472069
146,2011,2.10329370264593,0.0881006212532045
147,2011,2.11855013166214,0.0876062258143146
148,2011,2.13340227686889,0.0871346071875981
149,2011,2.14784059450191,0.0867044150751137
150,2011,2.16185554079691,0.0863317265717037
151,2011,2.17543757198963,0.0860295298557919
152,2011,2.18857714431579,0.085807288971945
153,2011,2.20126471401111,0.0856706159075827
154,2011,2.21349073731131,0.0856210723742687
155,2011,2.22524567045214,0.0856561163588225
156,2011,2.23651996966929,0.0857691986799163
157,2011,2.24730409119852,0.0859500041204281
158,2011,2.25758849127552,0.0861848220649696
159,2011,2.26736362613605,0.0864570245853757
160,2011,2.2766199520158,0.0867476266222403
161,2011,2.28534792515052,0.0870359035924329
162,2011,2.29353800177593,0.0873000460124878
163,2011,2.30118063812775,0.0875178377269569
164,2011,2.30826629044171,0.0876673530965723
165,2011,2.31478541495353,0.0877276781926068
166,2011,2.32072846789893,0.0876796711113337
167,2011,2.32608965426037,0.0875095474562063
168,2011,2.33088415589401,0.0872223058665457
169,2011,2.33513444713987,0.086831493724046
170,2011,2.33886300965977,0.0863530657914758
171,2011,2.34209232511548,0.085804630507719
172,2011,2.34484487516881,0.0852047642110718
173,2011,2.34714314148156,0.0845723675301743
174,2011,2.34900960571551,0.0839260510980564
175,2011,2.35046674953247,0.0832835453409239
176,2011,2.35153705459424,0.0826611365674967
177,2011,2.3522430025626,0.0820731385647772
178,2011,2.35260707509935,0.0815314148217262
179,2011,2.3526517538663,0.0810449706583315
180,2011,2.35239952052523,0.0806196362679592
181,2011,2.35187285673794,0.0802578605526537
182,2011,2.35109424416623,0.0799586316389438
183,2011,2.3500861644719,0.0797175336398428
184,2011,2.34887109931674,0.0795269416201893
185,2011,2.34747153036254,0.0793763491943885
186,2011,2.34590993927111,0.0792528171386519
187,2011,2.34420880770423,0.0791415279666418
188,2011,2.34239061732372,0.0790264312492209
189,2011,2.34047784979135,0.0788909676607575
190,2011,2.33849298676893,0.0787188659451935
191,2011,2.33645850991825,0.0784950155538195
192,2011,2.33439690090111,0.0782064278141307
193,2011,2.33233063796816,0.0778433145376087
194,2011,2.33027880186081,0.0774054348232388
195,2011,2.32825070036478,0.0769119242822397
196,2011,2.32625389475501,0.0763875676762779
197,2011,2.32429594630644,0.0758587927789966
198,2011,2.32238441629401,0.0753524171664934
199,2011,2.32052686599267,0.0748944157444723
200,2011,2.31873085667737,0.0745087158107422
201,2011,2.31700394962304,0.0742160499468852
202,2011,2.31535370610463,0.0740329171343373
203,2011,2.31378768739708,0.0739707149873498
204,2011,2.31231345477534,0.0740351071221211
205,2011,2.31093856951436,0.0742256776800896
206,2011,2.30967059288907,0.0745359013754712
207,2011,2.30851708617441,0.0749534270039338
208,2011,2.30748561064534,0.0754606421108511
209,2011,2.3065837275768,0.0760354633519942
210,2011,2.30581899824372,0.0766522855956727
211,2011,2.30519898392106,0.0772830242181083
212,2011,2.30473124588375,0.0778981974027527
213,2011,2.30442334540675,0.0784680148078023
214,2011,2.30428284376499,0.0789634617016388
215,2011,2.30431362624334,0.0793613437300538
216,2011,2.3045048741663,0.0796577204672056
217,2011,2.30484209286831,0.0798570144959574
218,2011,2.30531078768381,0.0799673606909964
219,2011,2.30589646394721,0.0799998160868104
220,2011,2.30658462699296,0.0799676705661533
221,2011,2.30736078215549,0.0798858302254291
222,2011,2.30821043476922,0.0797702506733685
223,2011,2.30911909016859,0.0796374032695974
224,2011,2.31007225368803,0.0795037632176973
225,2011,2.31105543066196,0.0793853143796588
226,2011,2.31205412642483,0.0792970715055743
227,2011,2.31305384631106,0.0792526259784362
228,2011,2.31404009565508,0.0792637257294473
229,2011,2.31499837979132,0.0793399031746753
230,2011,2.31591420405422,0.0794881663778471
231,2011,2.3167730737782,0.0797127678427373
232,2011,2.3175604942977,0.0800150623648343
233,2011,2.31826197094715,0.080393460576496
234,2011,2.31886300906098,0.0808434788981304
235,2011,2.31934911397362,0.0813578804766319
236,2011,2.3197057910195,0.0819268962969557
237,2011,2.31991854553305,0.0825385117667308
238,2011,2.3199728828487,0.0831788021514657
239,2011,2.31985430830089,0.0838323003617465
240,2011,2.31954832722405,0.0844823825205325
241,2011,2.3190404449526,0.0851116600140115
242,2011,2.31831616682098,0.0857023708274369
243,2011,2.31736184165444,0.0862373491700579
244,2011,2.31617362385905,0.0867068998683085
245,2011,2.31475399402204,0.0871075476839192
246,2011,2.31310553816701,0.0874378408775793
247,2011,2.31123084231754,0.0876980274866183
248,2011,2.30913249249722,0.0878898346892775
249,2011,2.30681307472965,0.088016276817148
250,2011,2.30427517503841,0.0880814873816747
251,2011,2.30152137944709,0.0880905706830034
252,2011,2.29855427397927,0.0880494688837663
253,2011,2.29537644465856,0.0879648407946817
254,2011,2.29199047750854,0.0878439490020073
255,2011,2.28839895855279,0.0876945523581523
256,2011,2.28460447381492,0.0875248012580132
257,2011,2.28060960931849,0.0873431335439396
258,2011,2.27641695108712,0.0871581693335422
259,2011,2.27202908514438,0.0869786035578713
260,2011,2.26744859751386,0.086813095539576
261,2011,2.26267807421916,0.0866701555309465
262,2011,2.25772010128386,0.0865580287596378
263,2011,2.25257726473156,0.0864845781730255
264,2011,2.24725215058584,0.0864571676960469
265,2011,2.24174734487028,0.0864825483770505
266,2011,2.23606543360849,0.0865667502400781
267,2011,2.23020900282405,0.0867149829383127
268,2011,2.22418063854055,0.0869315483679482
269,2011,2.21798292678157,0.0872197682262811
270,2011,2.21161845357072,0.0875819290773205
271,2011,2.20508980493157,0.0880192468449367
272,2011,2.19839956688772,0.0885318518369244
273,2011,2.19155032546275,0.0891187944848956
274,2011,2.18454466668026,0.08977807104916
275,2011,2.17738517656383,0.0905066676704162
276,2011,2.17007444113706,0.0913006204262693
277,2011,2.16261504642353,0.0921550885250649
278,2011,2.15500957844683,0.0930644374710233
279,2011,2.14726062323056,0.0940223289648682
280,2011,2.13937076679829,0.0950218144410423
281,2011,2.13134259517363,0.0960554294468665
282,2011,2.12317869438016,0.097115286491825
283,2011,2.11488165044146,0.0981931644859009
284,2011,2.10645404938114,0.0992805933982907
285,2011,2.09789847722277,0.100368933264192
286,2011,2.08921751998995,0.101449447120542
287,2011,2.08041376370626,0.102513367845164
288,2011,2.0714897943953,0.103551959200953
289,2011,2.06244819808066,0.104556571648275
290,2011,2.05329156078592,0.105518693691111
291,2011,2.04402246853467,0.106429999675526
292,2011,2.03464350735051,0.107282395074465
293,2011,2.02515726325702,0.10806806038309
294,2011,2.01556632227779,0.108779494825868
295,2011,2.00587327043641,0.109409561151792
296,2011,1.99608069428768,0.109951580868729
297,2011,1.98619121225883,0.110402229618543
298,2011,1.97620749217939,0.11076322077918
299,2011,1.96613220612853,0.111037221341663
300,2011,1.95596802618542,0.111227404179159
301,2011,1.94571762442925,0.111337390653628
302,2011,1.93538367293919,0.111371200388247
303,2011,1.92496884379442,0.11133320686307
304,2011,1.91447580907412,0.11122809766378
305,2011,1.90390724085746,0.111060838357932
306,2011,1.89326581122362,0.11083663909435
307,2011,1.88255419225177,0.110560923123533
308,2011,1.87177505602111,0.110239296524432
309,2011,1.86093107461079,0.109877518499771
310,2011,1.85002492010001,0.109481471672194
311,2011,1.83905926456793,0.109057131880636
312,2011,1.82803678009374,0.10861053704381
313,2011,1.81696013875661,0.108147754728974
314,2011,1.80583201263571,0.10767484814178
315,2011,1.79465507381024,0.107197840339395
316,2011,1.78343199435935,0.106722676565798
317,2011,1.77216544636224,0.106255184715693
318,2011,1.76085810189807,0.105801034051512
319,2011,1.74951263304603,0.105365692424457
320,2011,1.73813171188529,0.104954382382294
321,2011,1.72671801049503,0.104572036678703
322,2011,1.71527420095442,0.104223253825144
323,2011,1.70380295534266,0.103912254439097
324,2011,1.6923069457389,0.103642839234
325,2011,1.68078884422233,0.103418349558259
326,2011,1.66925132287212,0.103241631416074
327,2011,1.65769705376746,0.103115003885838
328,2011,1.64612870898751,0.103040232789557
329,2011,1.63454896061147,0.103018510358988
330,2011,1.6229604807185,0.103050441494662
331,2011,1.61136594138778,0.103136037029644
332,2011,1.59976801469849,0.103274714200843
333,2011,1.5881693727298,0.10346530430943
334,2011,1.5765726875609,0.10370606733181
335,2011,1.56498063127096,0.103994713037152
336,2011,1.55339587593916,0.104328427988656
337,2011,1.54182109364467,0.104703907663107
338,2011,1.53025895646667,0.105117392823294
339,2011,1.51871213648435,0.105564709223325
340,2011,1.50718330577687,0.106041309717256
341,2011,1.49567513642341,0.106542317873073
342,2011,1.48419030050316,0.107062572261037
343,2011,1.47273147009528,0.107596670680171
344,2011,1.46130131727896,0.108139013701261
345,2011,1.44990251413337,0.10868384703106
346,2011,1.4385377327377,0.109225302333269
347,2011,1.42720964517111,0.10975743627133
348,2011,1.41592092351278,0.110274267661367
349,2011,1.4046742398419,0.110769812737839
350,2011,1.39347226623764,0.111238118637794
351,2011,1.38231767477917,0.11167329530171
352,2011,1.37121313754567,0.112069546070557
353,2011,1.36016132661633,0.112421197331265
354,2011,1.34916491407032,0.112722727628593
355,2011,1.33822657198681,0.112968796723029
356,2011,1.32734897244498,0.113154275134733
357,2011,1.31653478752401,0.113274274775885
358,2011,1.30578668930308,0.113324181341415
359,2011,1.29510734986136,0.113299689204358
360,2011,1.28449944127804,0.113196839650485
361,2011,1.27396563563228,0.113012063390942
362,2011,1.26350860500327,0.112742228414898
363,2011,1.25313102147019,0.112384694389908
364,2011,1.2428355571122,0.111937374988835
365,2011,1.23262520879936,0.111400076540114
1,2012,1.27201260056492,0.11430233813019
2,2012,1.26147879491916,0.114108630328125
3,2012,1.25102176429015,0.113830389362576
4,2012,1.24064418075707,0.113464990950491
5,2012,1.23034871639908,0.113010361491357
6,2012,1.22013836808624,0.112466306122024
7,2012,1.21001743185207,0.111838269243076
8,2012,1.19999052852095,0.111133432843953
9,2012,1.19006227891729,0.110359399630712
10,2012,1.18023730386547,0.109524151278508
11,2012,1.17052022418988,0.108636007978099
12,2012,1.16091566071491,0.107703587899101
13,2012,1.15142823426496,0.106735765245595
14,2012,1.14206256566441,0.105741625631092
15,2012,1.13282327573766,0.10473041756213
16,2012,1.12371498530909,0.103711498906515
17,2012,1.1147423152031,0.102694277348102
18,2012,1.10590988624407,0.101688144009846
19,2012,1.09722231925641,0.10070239967447
20,2012,1.08868423506449,0.0997461733583829
21,2012,1.08030025449271,0.0988283334048709
22,2012,1.07207499836547,0.0979573917547234
23,2012,1.06401308750714,0.0971414026128169
24,2012,1.05611914274213,0.0963878573316356
25,2012,1.04839778489482,0.0957035779371718
26,2012,1.04085363478961,0.0950946122766962
27,2012,1.03349131325088,0.094566134210572
28,2012,1.02631544110303,0.0941223525389352
29,2012,1.01933063917044,0.0937664323933912
30,2012,1.01254152827751,0.0935004325960208
31,2012,1.00595272924863,0.0933252619816607
32,2012,0.999568862908187,0.0932406569158781
33,2012,0.993394550080575,0.0932451812749194
34,2012,0.987434411590184,0.0933362490681051
35,2012,0.981693068261404,0.093510168778142
36,2012,0.976175140918627,0.0937622074743862
37,2012,0.970885250386243,0.0940866719101882
38,2012,0.965828017488643,0.0944770032156137
39,2012,0.961008063050217,0.0949258814763854
40,2012,0.956430007895358,0.095425336450171
41,2012,0.952098472848456,0.0959668608837321
42,2012,0.9480180787339,0.0965415233084584
43,2012,0.944193446376083,0.097140077745316
44,2012,0.940629196599394,0.0977530683793286
45,2012,0.937329950228226,0.0983709279108785
46,2012,0.934300328086968,0.0989840689104936
47,2012,0.931544951000012,0.0995829680636822
48,2012,0.929068439791747,0.100158243675186
49,2012,0.926875415286567,0.100700727202551
50,2012,0.92497049830886,0.101201529911695
51,2012,0.923358309683018,0.10165210600359
52,2012,0.922043470233431,0.102044313766709
53,2012,0.921030600784491,0.102370476482099
54,2012,0.920324322160588,0.102623444964506
55,2012,0.919929255186114,0.102796663780992
56,2012,0.919850020685458,0.102884243363394
57,2012,0.920091231828673,0.10288105697261
58,2012,0.920656258912551,0.102785487595122
59,2012,0.921545865931527,0.102602345083268
60,2012,0.922760488700259,0.10233782731641
61,2012,0.924300563033409,0.101998712704329
62,2012,0.926166524745635,0.101592272198414
63,2012,0.928358809651596,0.101126187718943
64,2012,0.930877853565953,0.100608474802718
65,2012,0.933724092303365,0.100047407563364
66,2012,0.936897961678492,0.0994514443269744
67,2012,0.940399897505993,0.0988291525725827
68,2012,0.944230335600528,0.0981891320832724
69,2012,0.948389711776755,0.0975399355112401
70,2012,0.952878461849336,0.0968899858873322
71,2012,0.957697021632929,0.0962474909672319
72,2012,0.962845826942195,0.0956203547017961
73,2012,0.968325313591791,0.0950160865407843
74,2012,0.974135917396379,0.0944417097127143
75,2012,0.980278074170618,0.0939036700466676
76,2012,0.986752219729166,0.0934077472857544
77,2012,0.993558789886684,0.0929589711533536
78,2012,1.00069822045783,0.09256154463783
79,2012,1.00817094725727,0.0922187770282895
80,2012,1.01597740609965,0.0919330291406154
81,2012,1.02411803279965,0.0917056729102486
82,2012,1.03259326317191,0.0915370671032106
83,2012,1.0414035330311,0.0914265503348877
84,2012,1.05054927819187,0.0913724519286108
85,2012,1.06003093446889,0.0913721204467671
86,2012,1.06984893767682,0.0914219690455231
87,2012,1.08000372363031,0.0915175361979545
88,2012,1.09049572814403,0.0916535598483421
89,2012,1.10132538703263,0.0918240627370143
90,2012,1.11249313611078,0.0920224464873153
91,2012,1.12399941119313,0.0922415920732652
92,2012,1.13584464809434,0.0924739644721549
93,2012,1.14802928262908,0.0927117196234927
94,2012,1.160553750612,0.0929468122312369
95,2012,1.17341848785776,0.0931711034259611
96,2012,1.18662393018102,0.0933764678165969
97,2012,1.20017051339644,0.0935548999828641
98,2012,1.21405867331868,0.0936986209722474
99,2012,1.22828884576241,0.0938001858600698
100,2012,1.24286146654227,0.093852593905526
101,2012,1.25777697147294,0.0938494032936146
102,2012,1.27303579636906,0.093784852899194
103,2012,1.2886383770453,0.0936539939519966
104,2012,1.30458514931632,0.0934528349249159
105,2012,1.32087654899677,0.0931785034100277
106,2012,1.33751301190133,0.0928294291730037
107,2012,1.35449497384464,0.0924055529518421
108,2012,1.37182273887046,0.0919086369157332
109,2012,1.38948870476835,0.0913465794107093
110,2012,1.40747301463385,0.0907350571783063
111,2012,1.42575475739528,0.0900908131128525
112,2012,1.44431302198095,0.0894307789760601
113,2012,1.46312689731918,0.088771774457313
114,2012,1.48217547233828,0.0881301951663904
115,2012,1.50143783596657,0.0875216902277423
116,2012,1.52089307713237,0.0869608334717735
117,2012,1.54052028476399,0.0864607955965
118,2012,1.56029854778975,0.08603302779016
119,2012,1.58020695513797,0.0856869697587498
120,2012,1.60022459573695,0.085429796462597
121,2012,1.62033055851502,0.0852662177714057
122,2012,1.64050393240049,0.0851983435079141
123,2012,1.66072380632167,0.0852256230318361
124,2012,1.6809692692069,0.0853448639694734
125,2012,1.70121940998447,0.0855503295158435
126,2012,1.7214533175827,0.0858339086543949
127,2012,1.74165008092992,0.0861853493663104
128,2012,1.76178878895443,0.0865925419862606
129,2012,1.78184853058456,0.0870418385930906
130,2012,1.80180839474861,0.0875183947052693
131,2012,1.82164747037491,0.088006521343886
132,2012,1.84134484639177,0.0884900383429204
133,2012,1.86087961172751,0.0889526231952629
134,2012,1.88023085531044,0.0893781533362689
135,2012,1.89937766606888,0.0897510432988318
136,2012,1.91829913293115,0.0900565814616176
137,2012,1.93697434482555,0.0902812741046768
138,2012,1.95538239068041,0.0904132072172181
139,2012,1.97350235942404,0.0904424390469906
140,2012,1.99131333998476,0.0903614388104477
141,2012,2.00879449145945,0.0901657147408813
142,2012,2.02592918305884,0.0898615706410435
143,2012,2.04270730967015,0.0894693047671189
144,2012,2.0591193275291,0.0890114024762329
145,2012,2.07515569287141,0.088510859499417
146,2012,2.09080686193281,0.087990546811066
147,2012,2.10606329094902,0.0874725824936447
148,2012,2.12091543615577,0.0869777100714419
149,2012,2.13535375378879,0.0865246915516818
150,2012,2.14936870008379,0.086129731439454
151,2012,2.16295073127651,0.0858059544030403
152,2012,2.17609030360267,0.0855629630442416
153,2012,2.18877787329799,0.0854065024997862
154,2012,2.20100389659819,0.0853382549425771
155,2012,2.21275882973902,0.0853557797432555
156,2012,2.22403312895617,0.0854526051440807
157,2012,2.2348172504854,0.085618466448431
158,2012,2.2451016505624,0.085839675839816
159,2012,2.25487678542293,0.0860996016988113
160,2012,2.26413311130268,0.0863792317762776
161,2012,2.2728610844374,0.0866577951287452
162,2012,2.28105116106281,0.0869134219422215
163,2012,2.28869379741463,0.0871238274164311
164,2012,2.29577944972859,0.087267014756938
165,2012,2.30229857424041,0.0873220021594525
166,2012,2.30824162718581,0.087269588895101
167,2012,2.31360281354725,0.0870959470273318
168,2012,2.31839731518089,0.0868060547209304
169,2012,2.32264760642675,0.0864134627195729
170,2012,2.32637616894665,0.0859341485792469
171,2012,2.32960548440236,0.0853857585718886
172,2012,2.33235803445569,0.0847869174736534
173,2012,2.33465630076844,0.0841565803388458
174,2012,2.33652276500239,0.0835134133534446
175,2012,2.33797990881936,0.0828751985578481
176,2012,2.33905021388112,0.0822582648158055
177,2012,2.33975616184948,0.0816769544984114
178,2012,2.34012023438623,0.0811431413576492
179,2012,2.34016491315318,0.0806658192651243
180,2012,2.33991267981211,0.0802507832026345
181,2012,2.33938601602482,0.0799004226700736
182,2012,2.33860740345311,0.0796136435251677
183,2012,2.33759932375878,0.0793859277483469
184,2012,2.33638425860362,0.0792095328162958
185,2012,2.33498468964942,0.079073824677731
186,2012,2.33342309855799,0.0789657321872514
187,2012,2.33172196699112,0.0788703074136398
188,2012,2.3299037766106,0.0787713761412463
189,2012,2.32799100907823,0.0786522662074507
190,2012,2.32600614605581,0.0784966076721237
191,2012,2.32397166920513,0.0782892075039231
192,2012,2.32191006018799,0.0780170116699245
193,2012,2.31984379725504,0.0776701836202377
194,2012,2.31779196114769,0.0772484612505218
195,2012,2.31576385965166,0.0767709961205086
196,2012,2.31376705404189,0.0762625823727035
197,2012,2.31180910559332,0.0757496385831239
198,2012,2.30989757558089,0.0752589510158305
199,2012,2.30804002527955,0.0748164392292651
200,2012,2.30624401596425,0.074445951114895
201,2012,2.30451710890992,0.0741681179072917
202,2012,2.30286686539151,0.0739993196196067
203,2012,2.30130084668396,0.0739508235442502
204,2012,2.29982661406222,0.0740281592218534
205,2012,2.29845172880124,0.0742307809727704
206,2012,2.29718375217595,0.074552045294035
207,2012,2.29603024546129,0.0749795000743264
208,2012,2.29499876993222,0.0754954526355955
209,2012,2.29409688686368,0.0760777608633946
210,2012,2.2933321575306,0.0767007806253026
211,2012,2.29271214320794,0.0773364043964376
212,2012,2.29224440517063,0.0779551385273447
213,2012,2.29193650469363,0.0785271861449542
214,2012,2.29179600305187,0.0790235253051777
215,2012,2.29182678553022,0.0794209737903116
216,2012,2.29201803345318,0.0797156944322527
217,2012,2.29235525215519,0.0799122245915379
218,2012,2.29282394697069,0.0800188024898704
219,2012,2.29340962323409,0.0800465805906285
220,2012,2.29409778627984,0.0800089397003582
221,2012,2.29487394144237,0.0799208755131291
222,2012,2.2957235940561,0.0797984347496905
223,2012,2.29663224945547,0.0796581837989748
224,2012,2.29758541297491,0.0795166986736029
225,2012,2.29856858994884,0.0793900710425648
226,2012,2.29956728571171,0.0792934309433403
227,2012,2.30056700559794,0.0792404922135755
228,2012,2.30155325494196,0.0792431312918394
229,2012,2.3025115390782,0.0793110133049931
230,2012,2.3034273633411,0.0794512807955244
231,2012,2.30428623306508,0.0796683197176215
232,2012,2.30507365358458,0.079963614412505
233,2012,2.30577513023403,0.0803356984988252
234,2012,2.30637616834786,0.0807802026716261
235,2012,2.3068622732605,0.0812899942127795
236,2012,2.30721895030638,0.0818553975340832
237,2012,2.30743170481993,0.0824644810919411
238,2012,2.30748604213558,0.0831033940017668
239,2012,2.30736746758777,0.0837567357373939
240,2012,2.30706148651093,0.0844079441896628
241,2012,2.30655360423948,0.0850396906247579
242,2012,2.30582932610786,0.0856342741951312
243,2012,2.30487500094132,0.0861745879762703
244,2012,2.30368678314593,0.0866509233839272
245,2012,2.30226715330892,0.087059750202538
246,2012,2.30061869745389,0.087399570525499
247,2012,2.29874400160442,0.08767059455714
248,2012,2.2966456517841,0.0878745185253651
249,2012,2.29432623401653,0.0880143311821328
250,2012,2.29178833432529,0.0880941442838199
251,2012,2.28903453873397,0.0881190426328653
252,2012,2.28606743326616,0.0880949495704398
253,2012,2.28288960394544,0.088028504173573
254,2012,2.27950363679542,0.0879269467968787
255,2012,2.27591211783967,0.0877980099970289
256,2012,2.2721176331018,0.0876498122884779
257,2012,2.26812276860537,0.0874907526098594
258,2012,2.263930110374,0.0873294038428276
259,2012,2.25954224443126,0.0871744042286757
260,2012,2.25496175680074,0.0870343460781249
261,2012,2.25019123350604,0.0869176617639939
262,2012,2.24523326057074,0.0868325076127642
263,2012,2.24009042401844,0.0867866469455309
264,2012,2.23476530987272,0.0867873341260981
265,2012,2.22926050415716,0.0868412020090189
266,2012,2.22357859289537,0.0869541555928383
267,2012,2.21772216211093,0.0871312749242661
268,2012,2.21169379782743,0.0873767303268877
269,2012,2.20549608606845,0.0876937128194692
270,2012,2.1991316128576,0.0880843821433233
271,2012,2.19260296421845,0.0885498341616146
272,2012,2.1859127261746,0.089090088577668
273,2012,2.17906348474963,0.0897040970162322
274,2012,2.17205782596714,0.0903897706040715
275,2012,2.16489833585071,0.0911440253563845
276,2012,2.15758760042394,0.0919628429938028
277,2012,2.15012820571041,0.0928413443308123
278,2012,2.14252273773371,0.0937738721146286
279,2012,2.13477378251744,0.0947540801522112
280,2012,2.12688392608517,0.0957750257184258
281,2012,2.11885575446051,0.0968292625507874
282,2012,2.11069185366704,0.0979089321579888
283,2012,2.10239480972834,0.0990058516518075
284,2012,2.09396720866802,0.100111596811042
285,2012,2.08541163650965,0.101217579566451
286,2012,2.07673067927683,0.102315119532106
287,2012,2.06792692299314,0.103395509586259
288,2012,2.05900295368218,0.104450075817852
289,2012,2.04996135736754,0.105470232404671
290,2012,2.0408047200728,0.106447532182164
291,2012,2.03153562782155,0.107373713808062
292,2012,2.02215666663739,0.108240746538347
293,2012,2.0126704225439,0.109040873716819
294,2012,2.00307948156467,0.109766656155026
295,2012,1.99338642972329,0.1104110166525
296,2012,1.98359385357456,0.110967334798508
297,2012,1.97370437154571,0.11143233091845
298,2012,1.96372065146627,0.111807740938556
299,2012,1.95364536541541,0.112096246555577
300,2012,1.9434811854723,0.112301029364057
301,2012,1.93323078371613,0.112425713810286
302,2012,1.92289683222607,0.112474317209823
303,2012,1.9124820030813,0.112451205504611
304,2012,1.901988968361,0.112361053606689
305,2012,1.89142040014434,0.11220880931913
306,2012,1.8807789705105,0.111999659945573
307,2012,1.87006735153865,0.111739000801782
308,2012,1.85928821530799,0.111432404930321
309,2012,1.84844423389767,0.111085593396645
310,2012,1.83753807938689,0.110704405615483
311,2012,1.82657242385481,0.110294769223924
312,2012,1.81554993938062,0.109862669085389
313,2012,1.80447329804349,0.109414115079764
314,2012,1.79334517192259,0.108955108411915
315,2012,1.78216823309712,0.108491606255766
316,2012,1.77094515364623,0.108029484645384
317,2012,1.75967860564912,0.107574499628616
318,2012,1.74837126118495,0.107132246812165
319,2012,1.73702579233291,0.106708119547694
320,2012,1.72564487117217,0.106307266133373
321,2012,1.71423116978191,0.105934546529724
322,2012,1.70278736024131,0.105594489206648
323,2012,1.69131611462954,0.105291248843389
324,2012,1.67982010502578,0.105028565687392
325,2012,1.66830200350921,0.104809727434211
326,2012,1.656764482159,0.104637534512241
327,2012,1.64521021305434,0.104514269638031
328,2012,1.6336418682744,0.104441672447682
329,2012,1.62206211989835,0.104420919907362
330,2012,1.61047364000538,0.104452613064868
331,2012,1.59887910067466,0.104536770530777
332,2012,1.58728117398537,0.104672828881583
333,2012,1.57568253201668,0.104859649969614
334,2012,1.56408584684778,0.105095534917883
335,2012,1.55249379055784,0.105378244384822
336,2012,1.54090903522604,0.10570502451501
337,2012,1.52933425293155,0.106072637856587
338,2012,1.51777211575355,0.106477398430015
339,2012,1.50622529577123,0.106915210079036
340,2012,1.49469646506375,0.10738160722279
341,2012,1.48318829571029,0.107871797154889
342,2012,1.47170345979004,0.10838070309558
343,2012,1.46024462938216,0.108903007290113
344,2012,1.44881447656584,0.109433193552757
345,2012,1.43741567342026,0.109965588774114
346,2012,1.42605089202458,0.110494403032778
347,2012,1.41472280445799,0.111013768075312
348,2012,1.40343408279966,0.111517774046493
349,2012,1.39218739912878,0.112000504461832
350,2012,1.38098542552452,0.112456069514756
351,2012,1.36983083406605,0.112878637901105
352,2012,1.35872629683256,0.113262467424186
353,2012,1.34767448590321,0.113601934715983
354,2012,1.3366780733572,0.113891564476104
355,2012,1.32573973127369,0.11412605869223
356,2012,1.31486213173186,0.114300326366879
357,2012,1.30404794681089,0.114409514338253
358,2012,1.29329984858996,0.114449039850978
359,2012,1.28262050914825,0.1144146256089
360,2012,1.27201260056492,0.11430233813019
361,2012,1.26147879491916,0.114108630328125
362,2012,1.25102176429015,0.113830389362576
363,2012,1.24064418075707,0.113464990950491
364,2012,1.23034871639908,0.113010361491357
365,2012,1.22013836808624,0.112466306122024
1,2013,1.2585374230402,0.116123376113362
2,2013,1.24800361739445,0.115926197959847
3,2013,1.23754658676544,0.115645475726878
4,2013,1.22716900323235,0.11527863113977
5,2013,1.21687353887436,0.114823632937757
6,2013,1.20666319056152,0.114280306472439
7,2013,1.19654225432735,0.113654040355547
8,2013,1.18651535099624,0.11295193820086
9,2013,1.17658710139258,0.112181519015021
10,2013,1.16676212634075,0.111350674747657
11,2013,1.15704504666516,0.110467629114084
12,2013,1.1474404831902,0.109540896359066
13,2013,1.13795305674024,0.108579238687869
14,2013,1.12858738813969,0.107591621148445
15,2013,1.11934809821294,0.106587162817259
16,2013,1.11023980778437,0.105575083233868
17,2013,1.10126713767838,0.104564643159109
18,2013,1.09243470871935,0.103565078912058
19,2013,1.08374714173169,0.102585529783824
20,2013,1.07520905753977,0.101634958340978
21,2013,1.066825076968,0.100722063821968
22,2013,1.05859982084075,0.0998551892928826
23,2013,1.05053790998243,0.0990422237511063
24,2013,1.04264396521741,0.0982905009219196
25,2013,1.03492260737011,0.0976066970470768
26,2013,1.02737845726489,0.0969967304681286
27,2013,1.02001613572616,0.0964656662060178
28,2013,1.01284026357831,0.0960176289764837
29,2013,1.00585546164572,0.0956557281092045
30,2013,0.999066350752793,0.095381997624317
31,2013,0.992477551723912,0.0951973542534554
32,2013,0.98609368538347,0.0951015754929906
33,2013,0.979919372555858,0.0950932988933921
34,2013,0.973959234065467,0.0951700427942795
35,2013,0.968217890736687,0.0953282476992855
36,2013,0.96269996339391,0.0955633365412493
37,2013,0.957410072861526,0.0958697912997266
38,2013,0.952352839963926,0.096241242861644
39,2013,0.9475328855255,0.0966705706964167
40,2013,0.942954830370641,0.0971500088531982
41,2013,0.938623295323739,0.0976712549573469
42,2013,0.934542901209182,0.0982255792426205
43,2013,0.930718268851365,0.0988039311504679
44,2013,0.927154019074677,0.099397041600768
45,2013,0.923854772703509,0.0999955196367653
46,2013,0.920825150562251,0.100589942727786
47,2013,0.918069773475294,0.101170940545829
48,2013,0.91559326226703,0.101729272498205
49,2013,0.91340023776185,0.102255899691329
50,2013,0.911495320784143,0.102742052322958
51,2013,0.909883132158301,0.103179293760778
52,2013,0.908568292708714,0.103559582777656
53,2013,0.907555423259774,0.103875335593593
54,2013,0.906849144635871,0.104119489537769
55,2013,0.906454077661397,0.104285570306639
56,2013,0.906374843160741,0.104367764970383
57,2013,0.906616054303956,0.104361019301246
58,2013,0.907181081387834,0.104263733999479
59,2013,0.908070688406809,0.104080626579411
60,2013,0.909285311175542,0.103817787655087
61,2013,0.910825385508692,0.103481886610597
62,2013,0.912691347220917,0.103080082962079
63,2013,0.914883632126879,0.10261994405691
64,2013,0.917402676041236,0.102109366982078
65,2013,0.920248914778648,0.101556502836985
66,2013,0.923422784153775,0.100969681794093
67,2013,0.926924719981276,0.100357337636509
68,2013,0.930755158075811,0.0997279307368255
69,2013,0.934914534252038,0.0990898687364906
70,2013,0.939403284324619,0.098451424507103
71,2013,0.944221844108212,0.0978206513278152
72,2013,0.949370649417477,0.0972052955948753
73,2013,0.954850136067074,0.0966127077824894
74,2013,0.960660739871661,0.0960497527841142
75,2013,0.9668028966459,0.0955227211587073
76,2013,0.973277042204449,0.0950372431603253
77,2013,0.980083612361967,0.0945982077110557
78,2013,0.987223042933115,0.0942096886554584
79,2013,0.994695769732552,0.0938748806820544
80,2013,1.00250222857494,0.0935960471946961
81,2013,1.01064285527493,0.0933744821569994
82,2013,1.01911808564719,0.0932104875247224
83,2013,1.02792835550638,0.0931033673484945
84,2013,1.03707410066715,0.0930514390116572
85,2013,1.04655575694418,0.0930520614148713
86,2013,1.0563737601521,0.0931016792850501
87,2013,1.06652854610559,0.0931958822237365
88,2013,1.07702055061931,0.0933294766636234
89,2013,1.08785020950791,0.0934965686027274
90,2013,1.09901795858606,0.0936906548491467
91,2013,1.11052423366841,0.0939047205347373
92,2013,1.12236947056962,0.0941313408289594
93,2013,1.13455410510436,0.0943627850800245
94,2013,1.14707857308728,0.0945911219992476
95,2013,1.15994331033304,0.0948083249550603
96,2013,1.1731487526563,0.0950063769271571
97,2013,1.18669533587172,0.0951773751657724
98,2013,1.20058349579397,0.0953136360900643
99,2013,1.21481366823769,0.0954078014340191
100,2013,1.22938628901755,0.0954529471056437
101,2013,1.24430179394822,0.0954426966679473
102,2013,1.25956061884434,0.0953713417838879
103,2013,1.27516319952058,0.0952339723982418
104,2013,1.2911099717916,0.0950266198610428
105,2013,1.30740137147206,0.0947464166272716
106,2013,1.32403783437661,0.0943917765816407
107,2013,1.34101979631992,0.0939626004022256
108,2013,1.35834756134574,0.0934605809533065
109,2013,1.37601352724363,0.0928934699209731
110,2013,1.39399783710913,0.0922767048528807
111,2013,1.41227957987056,0.091626771751794
112,2013,1.43083784445623,0.090960338305666
113,2013,1.44965171979446,0.0902939581895794
114,2013,1.46870029481356,0.0896437655526622
115,2013,1.48796265844186,0.0890251603188407
116,2013,1.50741789960766,0.0884524880723269
117,2013,1.52704510723928,0.0879387214768821
118,2013,1.54682337026504,0.0874951531057773
119,2013,1.56673177761325,0.0871311118686741
120,2013,1.58674941821223,0.0868537165201869
121,2013,1.6068553809903,0.0866676796907684
122,2013,1.62702875487577,0.0865751743155253
123,2013,1.64724862879696,0.086575771301688
124,2013,1.66749409168218,0.0866664530810333
125,2013,1.68774423245975,0.0868417028749645
126,2013,1.70797814005798,0.0870936647215673
127,2013,1.7281749034052,0.0874123652353225
128,2013,1.74831361142971,0.0877859852134222
129,2013,1.76837335305984,0.0882011678597935
130,2013,1.7883332172239,0.0886433506010309
131,2013,1.8081722928502,0.0890971090236482
132,2013,1.82786966886706,0.0895465040282766
133,2013,1.8474044342028,0.0899754264797393
134,2013,1.86675567778573,0.0903679370691512
135,2013,1.88590248854416,0.0907086025187351
136,2013,1.90482395540643,0.0909828324853986
137,2013,1.92349916730083,0.0911772244939219
138,2013,1.94190721315569,0.0912799269740604
139,2013,1.96002718189933,0.0912810330506026
140,2013,1.97783816246005,0.091173020201897
141,2013,1.99531931393473,0.0909513777327923
142,2013,2.01245400553413,0.0906223099190524
143,2013,2.02923213214543,0.0902059253768556
144,2013,2.04564415000438,0.0897245272496858
145,2013,2.06168051534669,0.0892009482718644
146,2013,2.07733168440809,0.0886579192074171
147,2013,2.0925881134243,0.0881174442932116
148,2013,2.10744025863106,0.0876001830200332
149,2013,2.12187857626407,0.0871248461960241
150,2013,2.13589352255908,0.0867076221645632
151,2013,2.14947555375179,0.086361655431335
152,2013,2.16261512607795,0.0860966037948206
153,2013,2.17530269577327,0.0859183004982278
154,2013,2.18752871907348,0.0858285444873609
155,2013,2.1992836522143,0.0858250348049748
156,2013,2.21055795143146,0.0859014554741975
157,2013,2.22134207296068,0.0860477065292695
158,2013,2.23162647303769,0.0862502670065811
159,2013,2.24140160789821,0.0864926683921231
160,2013,2.25065793377797,0.086756053347887
161,2013,2.25938590691269,0.0870197948738562
162,2013,2.2675759835381,0.0872621550654611
163,2013,2.27521861988992,0.0874609694877183
164,2013,2.28230427220387,0.0875943519297804
165,2013,2.28882339671569,0.0876414240587863
166,2013,2.29476644966109,0.0875830846701286
167,2013,2.30012763602253,0.0874055803195613
168,2013,2.30492213765617,0.0871138301039564
169,2013,2.30917242890204,0.0867212828156872
170,2013,2.31290099142193,0.0862438177688934
171,2013,2.31613030687764,0.0856989850718446
172,2013,2.31888285693098,0.0851053133797616
173,2013,2.32118112324372,0.0844816596429196
174,2013,2.32304758747768,0.0838465882579192
175,2013,2.32450473129464,0.0832177746862201
176,2013,2.3255750363564,0.0826114361459384
177,2013,2.32628098432476,0.0820417990090884
178,2013,2.32664505686152,0.0815206184486929
179,2013,2.32668973562846,0.0810567699624544
180,2013,2.32643750228739,0.0806559339788954
181,2013,2.3259108385001,0.0803203934073753
182,2013,2.3251322259284,0.0800489597522607
183,2013,2.32412414623406,0.0798370368540289
184,2013,2.3229090810789,0.0796768235367377
185,2013,2.32150951212471,0.0795576488333534
186,2013,2.31994792103327,0.0794664274382611
187,2013,2.3182467894664,0.0793882197144993
188,2013,2.31642859908588,0.0793068805730982
189,2013,2.31451583155351,0.0792057848977858
190,2013,2.31253096853109,0.079068623500657
191,2013,2.31049649168041,0.0788802721639965
192,2013,2.30843488266328,0.0786277463268086
193,2013,2.30636861973032,0.078301269763409
194,2013,2.30431678362298,0.0779005752609506
195,2013,2.30228868212695,0.0774446438890679
196,2013,2.30029187651717,0.0769580254975922
197,2013,2.2983339280686,0.0764668458018907
198,2013,2.29642239805617,0.0759975570023409
199,2013,2.29456484775483,0.0755757150895818
200,2013,2.29276883843953,0.0752247912607783
201,2013,2.2910419313852,0.0749650474484648
202,2013,2.28939168786679,0.0748125248502533
203,2013,2.28782566915925,0.0747782056002893
204,2013,2.28635143653751,0.0748674079489014
205,2013,2.28497655127652,0.0750794631127164
206,2013,2.28370857465123,0.0754076989804254
207,2013,2.28255506793658,0.0758397268554592
208,2013,2.28152359240751,0.0763579989770224
209,2013,2.28062170933896,0.0769405830515566
210,2013,2.27985698000588,0.0775620896286625
211,2013,2.27923696568322,0.0781946898805945
212,2013,2.27876922764592,0.0788091733303128
213,2013,2.27846132716892,0.0793760138019995
214,2013,2.27832082552716,0.0798664336170165
215,2013,2.2783516080055,0.0802574482209731
216,2013,2.27854285592846,0.0805453337258196
217,2013,2.27888007463048,0.0807346816570321
218,2013,2.27934876944597,0.0808337454822206
219,2013,2.27993444570938,0.0808536644833321
220,2013,2.28062260875513,0.080807786518749
221,2013,2.28139876391765,0.0807110620071767
222,2013,2.28224841653138,0.0805794867563342
223,2013,2.28315707193075,0.0804295768655011
224,2013,2.28411023545019,0.0802778646825943
225,2013,2.28509341242413,0.0801404105977523
226,2013,2.28609210818699,0.0800323311546219
227,2013,2.28709182807322,0.0799673492816975
228,2013,2.28807807741724,0.0799573769787569
229,2013,2.28903636155348,0.0800121440416443
230,2013,2.28995218581638,0.0801388878929429
231,2013,2.29081105554037,0.080342118978184
232,2013,2.29159847605987,0.0806234734386964
233,2013,2.29229995270931,0.0809816601908869
234,2013,2.29290099082314,0.0814125037789942
235,2013,2.29338709573578,0.0819090783075115
236,2013,2.29374377278166,0.0824619223331695
237,2013,2.29395652729521,0.083059320588418
238,2013,2.29401086461086,0.0836876363023779
239,2013,2.29389229006305,0.0843316778024289
240,2013,2.29358630898621,0.0849750848134401
241,2013,2.29307842671476,0.085600722994277
242,2013,2.29235414858314,0.0861910792484577
243,2013,2.2913998234166,0.0867292180854504
244,2013,2.29021160562121,0.0872054654658905
245,2013,2.2887919757842,0.0876162360791803
246,2013,2.28714351992917,0.0879599734824418
247,2013,2.2852688240797,0.0882368287074343
248,2013,2.28317047425939,0.0884484387599701
249,2013,2.28085105649181,0.0885977331088917
250,2013,2.27831315680057,0.0886887637065443
251,2013,2.27555936120925,0.0887265542407989
252,2013,2.27259225574144,0.0887169646046464
253,2013,2.26941442642073,0.0886665669185763
254,2013,2.2660284592707,0.088582529819774
255,2013,2.26243694031496,0.0884725081274574
256,2013,2.25864245557708,0.088344535404962
257,2013,2.25464759108066,0.0882069173730436
258,2013,2.25045493284928,0.0880681245943984
259,2013,2.24606706690654,0.0879366833544675
260,2013,2.24148657927603,0.0878210642115397
261,2013,2.23671605598133,0.0877295682758913
262,2013,2.23175808304603,0.0876702118894483
263,2013,2.22661524649372,0.0876506109895754
264,2013,2.221290132348,0.0876778670178615
265,2013,2.21578532663245,0.0877584567335731
266,2013,2.21010341537066,0.0878981286641648
267,2013,2.20424698458621,0.0881018091264223
268,2013,2.19821862030271,0.0883735207455856
269,2013,2.19202090854374,0.0887163161670878
270,2013,2.18565643533288,0.0891322291997582
271,2013,2.17912778669373,0.0896222449789013
272,2013,2.17243754864988,0.090186289944515
273,2013,2.16558830722491,0.0908232415638008
274,2013,2.15858264844242,0.0915309568665357
275,2013,2.151423158326,0.0923063180833712
276,2013,2.14411242289922,0.0931452930450611
277,2013,2.13665302818569,0.0940430075593706
278,2013,2.129047560209,0.0949938267523176
279,2013,2.12129860499272,0.095991442337828
280,2013,2.11340874856046,0.0970289629409851
281,2013,2.10538057693579,0.0980990049068121
282,2013,2.09721667614232,0.0991937814338214
283,2013,2.08891963220363,0.100305188333776
284,2013,2.0804920311433,0.101424885195342
285,2013,2.07193645898493,0.102544371186744
286,2013,2.06325550175211,0.103655055147978
287,2013,2.05445174546842,0.104748319982877
288,2013,2.04552777615747,0.105815581660096
289,2013,2.03648617984282,0.106848343371271
290,2013,2.02732954254808,0.107838245580345
291,2013,2.01806045029683,0.108777112839499
292,2013,2.00868148911267,0.109656998355011
293,2013,1.99919524501918,0.110470227371781
294,2013,1.98960430403995,0.111209440519219
295,2013,1.97991125219857,0.111867638333788
296,2013,1.97011867604984,0.112438275669853
297,2013,1.960229194021,0.112918121917568
298,2013,1.95024547394155,0.113308920332975
299,2013,1.94017018789069,0.11361335064958
300,2013,1.93000600794759,0.113834586761858
301,2013,1.91975560619141,0.11397623997771
302,2013,1.90942165470135,0.114042309197932
303,2013,1.89900682555658,0.114037136726717
304,2013,1.88851379083628,0.113965368584807
305,2013,1.87794522261962,0.113831918338282
306,2013,1.86730379298578,0.113641933575266
307,2013,1.85659217401394,0.113400764264276
308,2013,1.84581303778327,0.113113932315489
309,2013,1.83496905637296,0.11278710174376
310,2013,1.82406290186217,0.112426048903373
311,2013,1.8130972463301,0.11203663233264
312,2013,1.8020747618559,0.111624761814672
313,2013,1.79099812051877,0.111196366331745
314,2013,1.77986999439788,0.110757360666963
315,2013,1.7686930555724,0.110313610490298
316,2013,1.75746997612151,0.109870895857606
317,2013,1.7462034281244,0.109434873151191
318,2013,1.73489608366023,0.109011035598271
319,2013,1.72355061480819,0.108604672617229
320,2013,1.71216969364745,0.108220828357946
321,2013,1.70075599225719,0.107864259917258
322,2013,1.68931218271659,0.107539395818364
323,2013,1.67784093710482,0.107250295437583
324,2013,1.66634492750106,0.107000610136482
325,2013,1.65482682598449,0.106793546905612
326,2013,1.64328930463428,0.106631835342204
327,2013,1.63173503552962,0.106517698763811
328,2013,1.62016669074968,0.106452830201076
329,2013,1.60858694237363,0.106438373915789
330,2013,1.59699846248066,0.106474912958637
331,2013,1.58540392314994,0.106562463120434
332,2013,1.57380599646065,0.106700473449794
333,2013,1.56220735449197,0.106887833319343
334,2013,1.55061066932306,0.107122885832845
335,2013,1.53901861303312,0.107403447188101
336,2013,1.52743385770132,0.10772683145508
337,2013,1.51585907540683,0.108089880103523
338,2013,1.50429693822884,0.108488995524644
339,2013,1.49275011824651,0.108920177740244
340,2013,1.48122128753903,0.109379063479396
341,2013,1.46971311818558,0.109860966825183
342,2013,1.45822828226532,0.110360920687216
343,2013,1.44676945185745,0.110873718433854
344,2013,1.43533929904113,0.111393955114627
345,2013,1.42394049589554,0.111916067811696
346,2013,1.41257571449986,0.112434374773203
347,2013,1.40124762693327,0.112943113095817
348,2013,1.38995890527495,0.113436474834566
349,2013,1.37871222160406,0.113908641522303
350,2013,1.3675102479998,0.114353817177103
351,2013,1.35635565654133,0.114766259963035
352,2013,1.34525111930784,0.115140312748363
353,2013,1.33419930837849,0.11547043287642
354,2013,1.32320289583248,0.115751221529978
355,2013,1.31226455374897,0.115977453131985
356,2013,1.30138695420714,0.116144105286692
357,2013,1.29057276928617,0.116246389828064
358,2013,1.27982467106524,0.116279785610088
359,2013,1.26914533162353,0.116240073748943
360,2013,1.2585374230402,0.116123376113362
361,2013,1.24800361739445,0.115926197959847
362,2013,1.23754658676544,0.115645475726878
363,2013,1.22716900323235,0.11527863113977
364,2013,1.21687353887436,0.114823632937757
365,2013,1.20666319056152,0.114280306472439
1,2014,1.2441227248174,0.118297253392548
2,2014,1.23358891917165,0.118101123572603
3,2014,1.22313188854264,0.11782264186207
4,2014,1.21275430500955,0.117459292107696
5,2014,1.20245884065156,0.117009101389035
6,2014,1.19224849233872,0.116471927636094
7,2014,1.18212755610455,0.115853101779836
8,2014,1.17210065277344,0.115159642145978
9,2014,1.16217240316978,0.114398975201822
10,2014,1.15234742811795,0.11357889222072
11,2014,1.14263034844236,0.112707507184332
12,2014,1.1330257849674,0.111793214644894
13,2014,1.12353835851744,0.110844646333905
14,2014,1.11417268991689,0.109870625368908
15,2014,1.10493339999014,0.108880116986944
16,2014,1.09582510956157,0.107882174833269
17,2014,1.08685243945558,0.106885881968964
18,2014,1.07802001049656,0.105900285942702
19,2014,1.06933244350889,0.104934327510274
20,2014,1.06079435931697,0.103996762887753
21,2014,1.0524103787452,0.103096079792633
22,2014,1.04418512261795,0.102240407957469
23,2014,1.03612321175963,0.101437425279081
24,2014,1.02822926699461,0.10069426127004
25,2014,1.02050790914731,0.100017399974183
26,2014,1.01296375904209,0.0994125849520765
27,2014,1.00560143750336,0.0988847292876333
28,2014,0.99842556535551,0.0984378337654782
29,2014,0.991440763422923,0.0980749163788855
30,2014,0.984651652529994,0.097797956122696
31,2014,0.978062853501113,0.0976078535978709
32,2014,0.971678987160671,0.0975044103219991
33,2014,0.965504674333059,0.0974863278460367
34,2014,0.959544535842668,0.0975512268859424
35,2014,0.953803192513888,0.0976956857662951
36,2014,0.94828526517111,0.0979152966221716
37,2014,0.942995374638727,0.0982047370883483
38,2014,0.937938141741127,0.0985578546766871
39,2014,0.933118187302701,0.0989677607351248
40,2014,0.928540132147842,0.0994269308011292
41,2014,0.924208597100939,0.0999273082914415
42,2014,0.920128202986383,0.100460408772959
43,2014,0.916303570628566,0.101017422490404
44,2014,0.912739320851878,0.101589313335268
45,2014,0.90944007448071,0.102166912980668
46,2014,0.906410452339451,0.102741009439185
47,2014,0.903655075252495,0.103302429796558
48,2014,0.901178564044231,0.103842117315273
49,2014,0.89898553953905,0.104351203480708
50,2014,0.897080622561343,0.10482107587903
51,2014,0.895468433935501,0.105243443057177
52,2014,0.894153594485915,0.105610397732114
53,2014,0.893140725036975,0.105914479902335
54,2014,0.892434446413072,0.106148741583736
55,2014,0.892039379438597,0.106306815058371
56,2014,0.891960144937942,0.106382986701474
57,2014,0.892201356081157,0.106372294490969
58,2014,0.892766383165035,0.106273163605414
59,2014,0.89365599018401,0.106090202411688
60,2014,0.894870612952743,0.10582937234553
61,2014,0.896410687285892,0.105497209583165
62,2014,0.898276648998118,0.105100735921829
63,2014,0.90046893390408,0.104647375890425
64,2014,0.902987977818437,0.104144878051682
65,2014,0.905834216555849,0.103601238733526
66,2014,0.909008085930975,0.103024626691145
67,2014,0.912510021758477,0.102423307463676
68,2014,0.916340459853011,0.101805566461
69,2014,0.920499836029239,0.101179630105528
70,2014,0.92498858610182,0.100553584667082
71,2014,0.929807145885413,0.0999352927683803
72,2014,0.934955951194678,0.0993323079017031
73,2014,0.940435437844275,0.0987517876760759
74,2014,0.946246041648862,0.0982004068945595
75,2014,0.952388198423101,0.0976842719231749
76,2014,0.95886234398165,0.0972088381317687
77,2014,0.965668914139168,0.0967788324352646
78,2014,0.972808344710316,0.0963981831138513
79,2014,0.980281071509753,0.0960699591192098
80,2014,0.988087530352138,0.0957963209650645
81,2014,0.996228157052132,0.0955784850495706
82,2014,1.00470338742439,0.0954167028732578
83,2014,1.01351365728358,0.0953102561225221
84,2014,1.02265940244435,0.095257468020668
85,2014,1.03214105872138,0.0952557307509826
86,2014,1.0419590619293,0.0953015481779473
87,2014,1.0521138478828,0.0953905925802499
88,2014,1.06260585239651,0.0955177737021914
89,2014,1.07343551128512,0.0956773181562481
90,2014,1.08460326036326,0.0958628570828849
91,2014,1.09610953544561,0.0960675199941562
92,2014,1.10795477234683,0.0962840328828302
93,2014,1.12013940688156,0.0965048189474092
94,2014,1.13266387486448,0.0967221006390721
95,2014,1.14552861211024,0.0969280021516681
96,2014,1.1587340544335,0.0971146519250438
97,2014,1.17228063764892,0.0972742851943852
98,2014,1.18616879757117,0.0973993470789932
99,2014,1.20039897001489,0.0974825971543577
100,2014,1.21497159079476,0.0975172168885958
101,2014,1.22988709572542,0.0974969217498806
102,2014,1.24514592062154,0.0974160802097834
103,2014,1.26074850129778,0.097269842283443
104,2014,1.2766952735688,0.0970542806639105
105,2014,1.29298667324926,0.0967665479217395
106,2014,1.30962313615381,0.0964050536379138
107,2014,1.32660509809712,0.0959696656867125
108,2014,1.34393286312294,0.0954620093291611
109,2014,1.36159882902083,0.0948896642533527
110,2014,1.37958313888633,0.0942677665162364
111,2014,1.39786488164776,0.0936124774231362
112,2014,1.41642314623343,0.0929401305255935
113,2014,1.43523702157166,0.0922669417672646
114,2014,1.45428559659076,0.0916087113387385
115,2014,1.47354796021906,0.0909805178561153
116,2014,1.49300320138486,0.0903964084082199
117,2014,1.51263040901648,0.0898690909625411
118,2014,1.53240867204224,0.0894096383219519
119,2014,1.55231707939045,0.0890272149533407
120,2014,1.57233471998943,0.0887288392157953
121,2014,1.5924406827675,0.0885191935038074
122,2014,1.61261405665297,0.0884004934288439
123,2014,1.63283393057416,0.0883724244307004
124,2014,1.65307939345938,0.0884321504074099
125,2014,1.67332953423695,0.0885743945500048
126,2014,1.69356344183518,0.088791588157653
127,2014,1.7137602051824,0.0890740793863578
128,2014,1.73389891320691,0.0894103911354081
129,2014,1.75395865483704,0.0897875158876583
130,2014,1.7739185190011,0.0901912353504156
131,2014,1.7937575946274,0.0906064540450456
132,2014,1.81345497064426,0.0910175382759308
133,2014,1.83298973598,0.0914086548244746
134,2014,1.85234097956293,0.0917641069293836
135,2014,1.87148779032137,0.0920686683685254
136,2014,1.89040925718363,0.0923079195838826
137,2014,1.90908446907803,0.0924685927183014
138,2014,1.92749251493289,0.0925389351651762
139,2014,1.94561248367653,0.0925091038169676
140,2014,1.96342346423725,0.0923716046828954
141,2014,1.98090461571193,0.0921219180126086
142,2014,1.99803930731133,0.0917661224093095
143,2014,2.01481743392263,0.0913240643340175
144,2014,2.03122945178158,0.0908177847387323
145,2014,2.04726581712389,0.0902698708984587
146,2014,2.06291698618529,0.0897028302476605
147,2014,2.0781734152015,0.0891384716187246
148,2014,2.09302556040826,0.0885972931058277
149,2014,2.10746387804127,0.0880978841396326
150,2014,2.12147882433628,0.0876563570870812
151,2014,2.135060855529,0.0872858299577748
152,2014,2.14820042785515,0.086995985640138
153,2014,2.16088799755047,0.0867927336544422
154,2014,2.17311402085068,0.0866779972462992
155,2014,2.1848689539915,0.0866496419478145
156,2014,2.19614325320866,0.086701552429535
157,2014,2.20692737473788,0.0868238540808337
158,2014,2.21721177481489,0.0870032660875931
159,2014,2.22698690967541,0.0872235654705547
160,2014,2.23624323555517,0.0874661377300932
161,2014,2.24497120868989,0.0877105898225973
162,2014,2.2531612853153,0.0879354048932648
163,2014,2.26080392166712,0.0881186247569381
164,2014,2.26788957398107,0.0882385546146718
165,2014,2.27440869849289,0.0882744940638314
166,2014,2.2803517514383,0.0882075085030488
167,2014,2.28571293779973,0.0880239667032646
168,2014,2.29050743943337,0.0877287059559657
169,2014,2.29475773067924,0.0873350215795684
170,2014,2.29848629319913,0.0868586375613584
171,2014,2.30171560865485,0.0863169465892358
172,2014,2.30446815870818,0.0857283169505402
173,2014,2.30676642502092,0.0851114414606697
174,2014,2.30863288925488,0.0844847162932162
175,2014,2.31009003307184,0.0838656451359227
176,2014,2.3111603381336,0.0832702715246692
177,2014,2.31186628610196,0.0827126490963027
178,2014,2.31223035863872,0.0822043652508368
179,2014,2.31227503740566,0.0817541376204208
180,2014,2.31202280406459,0.0813675041577916
181,2014,2.31149614027731,0.0810466261910015
182,2014,2.3107175277056,0.0807902194995478
183,2014,2.30970944801126,0.0805936219452516
184,2014,2.3084943828561,0.080448998524852
185,2014,2.30709481390191,0.0803456772750123
186,2014,2.30553322281047,0.0802706036229855
187,2014,2.3038320912436,0.080208897606565
188,2014,2.30201390086308,0.0801444984584004
189,2014,2.30010113333071,0.0800608843936403
190,2014,2.29811627030829,0.0799418616394107
191,2014,2.29608179345762,0.0797724251050064
192,2014,2.29402018444048,0.0795397027989468
193,2014,2.29195392150752,0.0792340114532965
194,2014,2.28990208540018,0.078855077603546
195,2014,2.28787398390415,0.0784216391770295
196,2014,2.28587717829437,0.0779579075546392
197,2014,2.2839192298458,0.0774896137334585
198,2014,2.28200769983337,0.0770427704376251
199,2014,2.28015014953204,0.0766424659176091
200,2014,2.27835414021673,0.0763116971462275
201,2014,2.2766272331624,0.0760702715616319
202,2014,2.27497698964399,0.0759338241496519
203,2014,2.27341097093645,0.0759130068541043
204,2014,2.27193673831471,0.0760129070100758
205,2014,2.27056185305372,0.0762327395704348
206,2014,2.26929387642843,0.0765658360301732
207,2014,2.26814036971378,0.0769999256389703
208,2014,2.26710889418471,0.0775176778537867
209,2014,2.26620701111616,0.0780974548880907
210,2014,2.26544228178309,0.0787142135068214
211,2014,2.26482226746042,0.0793404968381718
212,2014,2.26435452942312,0.0799474682344598
213,2014,2.26404662894612,0.0805059568943788
214,2014,2.26390612730436,0.0809875056244623
215,2014,2.2639369097827,0.0813693828666041
216,2014,2.26412815770566,0.0816479788779174
217,2014,2.26446537640768,0.0818279181358703
218,2014,2.26493407122317,0.081917439476555
219,2014,2.26551974748658,0.081927632751877
220,2014,2.26620791053233,0.0818717720003483
221,2014,2.26698406569485,0.081764718301909
222,2014,2.26783371830859,0.0816223705863128
223,2014,2.26874237370795,0.0814611480729614
224,2014,2.26969553722739,0.0812974935736095
225,2014,2.27067871420133,0.0811473924952676
226,2014,2.27167740996419,0.0810259078944957
227,2014,2.27267712985042,0.080946737094617
228,2014,2.27366337919444,0.0809217997944831
229,2014,2.27462166333068,0.0809608707978753
230,2014,2.27553748759358,0.0810712720144144
231,2014,2.27639635731757,0.0812576379020181
232,2014,2.27718377783707,0.081521765974743
233,2014,2.27788525448652,0.0818625596628299
234,2014,2.27848629260034,0.0822760652892404
235,2014,2.27897239751298,0.0827555990549725
236,2014,2.27932907455886,0.0832919546008565
237,2014,2.27954182907241,0.0838736777053441
238,2014,2.27959616638807,0.0844873924781339
239,2014,2.27947759184025,0.0851181631665524
240,2014,2.27917161076341,0.0857498772348565
241,2014,2.27866372849196,0.086365638312634
242,2014,2.27793945036034,0.0869481614481454
243,2014,2.2769851251938,0.0874807178403196
244,2014,2.27579690739841,0.0879536828403488
245,2014,2.2743772775614,0.0883634157274935
246,2014,2.27272882170637,0.0887082970611318
247,2014,2.2708541258569,0.0889884112239717
248,2014,2.26875577603659,0.0892053262477554
249,2014,2.26643635826901,0.0893619008534583
250,2014,2.26389845857777,0.0894621144379531
251,2014,2.26114466298645,0.0895109158605597
252,2014,2.25817755751864,0.0895140871412066
253,2014,2.25499972819793,0.0894781185118196
254,2014,2.2516137610479,0.0894100916292277
255,2014,2.24802224209216,0.0893175681466297
256,2014,2.24422775735428,0.0892084812493596
257,2014,2.24023289285786,0.0890910281940625
258,2014,2.23604023462648,0.0889735623556045
259,2014,2.23165236868374,0.0888644837889744
260,2014,2.22707188105323,0.0887721278554534
261,2014,2.22230135775853,0.0887046520375953
262,2014,2.21734338482323,0.0886699216610542
263,2014,2.21220054827092,0.0886753958278539
264,2014,2.2068754341252,0.0887280154106526
265,2014,2.20137062840965,0.088834095419098
266,2014,2.19568871714786,0.0889992243829393
267,2014,2.18983228636341,0.0892281735608079
268,2014,2.18380392207991,0.0895248187472242
269,2014,2.17760621032094,0.0898920771988024
270,2014,2.17124173711008,0.0903318617405933
271,2014,2.16471308847093,0.0908450534751001
272,2014,2.15802285042708,0.0914314937510708
273,2014,2.15117360900212,0.092089995223606
274,2014,2.14416795021962,0.0928183710252222
275,2014,2.1370084601032,0.0936134803400768
276,2014,2.12969772467642,0.0944712880891546
277,2014,2.1222383299629,0.095386936032287
278,2014,2.1146328619862,0.0963548223904316
279,2014,2.10688390676992,0.0973686870836436
280,2014,2.09899405033766,0.0984216998431878
281,2014,2.09096587871299,0.0995065487541516
282,2014,2.08280197791952,0.10061552717542
283,2014,2.07450493398083,0.101740617424462
284,2014,2.0660773329205,0.102873570067121
285,2014,2.05752176076213,0.10400597808715
286,2014,2.04884080352931,0.105129345605069
287,2014,2.04003704724563,0.106235151158472
288,2014,2.03111307793467,0.107314905841232
289,2014,2.02207148162002,0.108360206828464
290,2014,2.01291484432528,0.109362786993293
291,2014,2.00364575207404,0.110314561459045
292,2014,1.99426679088987,0.111207672036278
293,2014,1.98478054679638,0.112034530578697
294,2014,1.97518960581715,0.112787862365592
295,2014,1.96549655397577,0.113460750690614
296,2014,1.95570397782704,0.114046730874655
297,2014,1.9458144957982,0.114542623052803
298,2014,1.93583077571875,0.1149501738517
299,2014,1.92575548966789,0.115272056790301
300,2014,1.91559130972479,0.115511433995334
301,2014,1.90534090796861,0.115671899715044
302,2014,1.89500695647856,0.115757430618869
303,2014,1.88459212733379,0.11577234161667
304,2014,1.87409909261348,0.115721246095003
305,2014,1.86353052439682,0.115609019606811
306,2014,1.85288909476298,0.115440766168625
307,2014,1.84217747579114,0.115221786420047
308,2014,1.83139833956047,0.114957546987746
309,2014,1.82055435815016,0.114653650474003
310,2014,1.80964820363937,0.114315805561608
311,2014,1.7986825481073,0.113949796795601
312,2014,1.7876600636331,0.113561453670997
313,2014,1.77658342229597,0.113156618726711
314,2014,1.76545529617508,0.112741114421501
315,2014,1.7542783573496,0.112320708649505
316,2014,1.74305527789872,0.111901078841644
317,2014,1.7317887299016,0.11148777469505
318,2014,1.72048138543744,0.111086179674723
319,2014,1.70913591658539,0.110701471538126
320,2014,1.69775499542465,0.110338582241193
321,2014,1.68634129403439,0.110002157689429
322,2014,1.67489748449379,0.109696517895213
323,2014,1.66342623888202,0.109425618186675
324,2014,1.65193022927826,0.109193012178448
325,2014,1.64041212776169,0.109001817254782
326,2014,1.62887460641148,0.108854683325767
327,2014,1.61732033730682,0.108753765594517
328,2014,1.60575199252688,0.10870070201526
329,2014,1.59417224415083,0.108696596030273
330,2014,1.58258376425786,0.10874200505056
331,2014,1.57098922492714,0.108836934996767
332,2014,1.55939129823785,0.108980841050753
333,2014,1.54779265626917,0.109172634593734
334,2014,1.53619597110026,0.109410696133851
335,2014,1.52460391481032,0.109692893864262
336,2014,1.51301915947852,0.110016607351156
337,2014,1.50144437718403,0.11037875573662
338,2014,1.48988224000604,0.110775829758857
339,2014,1.47833542002371,0.111203926844387
340,2014,1.46680658931623,0.111658788513417
341,2014,1.45529841996278,0.112135839358367
342,2014,1.44381358404252,0.112630226902621
343,2014,1.43235475363465,0.113136861716663
344,2014,1.42092460081833,0.113650457256182
345,2014,1.40952579767274,0.114165568985479
346,2014,1.39816101627706,0.114676632454237
347,2014,1.38683292871047,0.115178000101598
348,2014,1.37554420705215,0.115663976664803
349,2014,1.36429752338126,0.116128853167676
350,2014,1.353095549777,0.11656693955527
351,2014,1.34194095831853,0.116972596124468
352,2014,1.33083642108504,0.11734026397633
353,2014,1.3197846101557,0.117664494785472
354,2014,1.30878819760968,0.117939980246316
355,2014,1.29784985552617,0.118161581617397
356,2014,1.28697225598434,0.118324359845586
357,2014,1.27615807106338,0.118423606814316
358,2014,1.26540997284245,0.118454878326583
359,2014,1.25473063340073,0.118414029507199
360,2014,1.2441227248174,0.118297253392548
361,2014,1.23358891917165,0.118101123572603
362,2014,1.22313188854264,0.11782264186207
363,2014,1.21275430500955,0.117459292107696
364,2014,1.20245884065156,0.117009101389035
365,2014,1.19224849233872,0.116471927636094
1,2015,1.22882372644404,0.120616690208688
2,2015,1.21828992079828,0.120424707593659
3,2015,1.20783289016927,0.120151619371476
4,2015,1.19745530663619,0.119794978089604
5,2015,1.1871598422782,0.11935287566551
6,2015,1.17694949396536,0.118825207984128
7,2015,1.16682855773119,0.118217249426742
8,2015,1.15680165440008,0.11753593237583
9,2015,1.14687340479641,0.116788589199704
10,2015,1.13704842974459,0.115982908014358
11,2015,1.127331350069,0.115126889648335
12,2015,1.11772678659403,0.114228804588775
13,2015,1.10823936014408,0.113297148757533
14,2015,1.09887369154353,0.112340597039063
15,2015,1.08963440161678,0.111367953566662
16,2015,1.08052611118821,0.110388097880706
17,2015,1.07155344108222,0.109409926212304
18,2015,1.06272101212319,0.108442287328136
19,2015,1.05403344513553,0.107493912605377
20,2015,1.04549536094361,0.106573340294864
21,2015,1.03711138037183,0.105688834276749
22,2015,1.02888612424459,0.104848298010268
23,2015,1.02082421338626,0.10405918481475
24,2015,1.01293026862125,0.103328406070764
25,2015,1.00520891077394,0.102662239367953
26,2015,0.997664760668729,0.102066239012293
27,2015,0.99030243913,0.101545151598726
28,2015,0.983126566982147,0.101102839514715
29,2015,0.976141765049559,0.100742215231729
30,2015,0.96935265415663,0.100465189043207
31,2015,0.962763855127749,0.100272632514937
32,2015,0.956379988787307,0.100164359343682
33,2015,0.950205675959695,0.100139124610121
34,2015,0.944245537469304,0.100194642618155
35,2015,0.938504194140524,0.100327622701141
36,2015,0.932986266797747,0.100533821616032
37,2015,0.927696376265363,0.100808110501556
38,2015,0.922639143367763,0.101144553895004
39,2015,0.917819188929338,0.101536498012553
40,2015,0.913241133774479,0.101976665407576
41,2015,0.908909598727576,0.102457253216933
42,2015,0.90482920461302,0.102970032458194
43,2015,0.901004572255203,0.103506446212166
44,2015,0.897440322478514,0.104057704972568
45,2015,0.894141076107346,0.104614877927395
46,2015,0.891111453966088,0.105168979419488
47,2015,0.888356076879132,0.105711050290604
48,2015,0.885879565670867,0.106232234226267
49,2015,0.883686541165687,0.106723849579405
50,2015,0.88178162418798,0.10717745745795
51,2015,0.880169435562138,0.107584927119941
52,2015,0.878854596112551,0.107938499937998
53,2015,0.877841726663611,0.108230853384507
54,2015,0.877135448039708,0.108455166661796
55,2015,0.876740381065234,0.10860518977043
56,2015,0.876661146564578,0.108675317984921
57,2015,0.876902357707793,0.108660689344603
58,2015,0.877467384791671,0.108559756652861
59,2015,0.878356991810647,0.108377014476136
60,2015,0.879571614579379,0.108118287967846
61,2015,0.881111688912529,0.107789971508088
62,2015,0.882977650624755,0.107398939309203
63,2015,0.885169935530716,0.106952462133354
64,2015,0.887688979445073,0.106458128181079
65,2015,0.890535218182485,0.105923766477773
66,2015,0.893709087557612,0.105357371343003
67,2015,0.897211023385113,0.104767026785013
68,2015,0.901041461479648,0.104160829928712
69,2015,0.905200837655876,0.10354681286713
70,2015,0.909689587728456,0.102932862628373
71,2015,0.914508147512049,0.102326639273911
72,2015,0.919656952821315,0.10173549248624
73,2015,0.925136439470911,0.101166377356642
74,2015,0.930947043275499,0.10062577043332
75,2015,0.937089200049738,0.100119587418345
76,2015,0.943563345608286,0.099653104186247
77,2015,0.950369915765805,0.0992308830133509
78,2015,0.957509346336952,0.0988567060314589
79,2015,0.964982073136389,0.0985335179322809
80,2015,0.972788531978775,0.0982633798373848
81,2015,0.980929158678768,0.0980474360097216
82,2015,0.989404389051029,0.0978858947261232
83,2015,0.998214658910217,0.0977780241770003
84,2015,1.00736040407099,0.0977221637419593
85,2015,1.01684206034801,0.0977157504480103
86,2015,1.02666006355594,0.0977553598934553
87,2015,1.03681484950943,0.0978367604566777
88,2015,1.04730685402315,0.0979549792397009
89,2015,1.05813651291175,0.098104377946304
90,2015,1.0693042619899,0.0982787367764103
91,2015,1.08081053707225,0.0984713444329238
92,2015,1.09265577397346,0.0986750924739967
93,2015,1.1048404085082,0.0988825724846709
94,2015,1.11736487649112,0.0990861748640938
95,2015,1.13022961373688,0.0992781884039057
96,2015,1.14343505606014,0.0994509002474142
97,2015,1.15698163927556,0.0995966962490502
98,2015,1.1708697991978,0.0997081621856376
99,2015,1.18509997164153,0.0997781866968777
100,2015,1.19967259242139,0.0998000672488755
101,2015,1.21458809735206,0.0997676208222371
102,2015,1.22984692224818,0.0996753014284983
103,2015,1.24544950292442,0.0995183269591407
104,2015,1.26139627519544,0.0992928182719159
105,2015,1.27768767487589,0.098995953815872
106,2015,1.29432413778045,0.0986261434755533
107,2015,1.31130609972376,0.0981832256460493
108,2015,1.32863386474958,0.0976687597170158
109,2015,1.34629983064747,0.09709014497681
110,2015,1.36428414051297,0.0964621934850475
111,2015,1.3825658832744,0.0958007180726616
112,2015,1.40112414786007,0.0951216944154702
113,2015,1.4199380231983,0.0944409771619746
114,2015,1.4389865982174,0.093774009297266
115,2015,1.45824896184569,0.0931355253469813
116,2015,1.47770420301149,0.0925392517452886
117,2015,1.49733141064311,0.0919976104065068
118,2015,1.51710967366887,0.0915214340193075
119,2015,1.53701808101709,0.0911197035325245
120,2015,1.55703572161607,0.0907993194132202
121,2015,1.57714168439414,0.090564918269099
122,2015,1.59731505827961,0.0904187451946184
123,2015,1.61753493220079,0.0903605897547137
124,2015,1.63778039508602,0.0903877900938798
125,2015,1.65803053586359,0.090495305662493
126,2015,1.67826444346182,0.0906758550090632
127,2015,1.69846120680904,0.0909201115317742
128,2015,1.71859991483355,0.0912169474609661
129,2015,1.73865965646368,0.0915537149349786
130,2015,1.75861952062773,0.0919165529133651
131,2015,1.77845859625403,0.0922907097366057
132,2015,1.79815597227089,0.0926608731493788
133,2015,1.81769073760663,0.0930115022512215
134,2015,1.83704198118956,0.0933271588244892
135,2015,1.856188791948,0.0935928385701876
136,2015,1.87511025881027,0.0937943057941585
137,2015,1.89378547070467,0.093918437950674
138,2015,1.91219351655953,0.0939535891588605
139,2015,1.93031348530316,0.0938899843919525
140,2015,1.94812446586388,0.0937201585348766
141,2015,1.96560561733857,0.0934395785504393
142,2015,1.98274030893796,0.0930541851304235
143,2015,1.99951843554927,0.0925835424779137
144,2015,2.01593045340822,0.0920494079828603
145,2015,2.03196681875053,0.0914741023272248
146,2015,2.04761798781193,0.0908798897370591
147,2015,2.06287441682814,0.0902883660349339
148,2015,2.07772656203489,0.0897198535921235
149,2015,2.09216487966791,0.089192810367668
150,2015,2.10617982596291,0.0887232677299511
151,2015,2.11976185715563,0.0883243178944779
152,2015,2.13290142948179,0.0880056756533939
153,2015,2.14558899917711,0.0877733397884623
154,2015,2.15781502247731,0.0876293766925658
155,2015,2.16956995561814,0.0875718424241229
156,2015,2.18084425483529,0.087594850531951
157,2015,2.19162837636452,0.0876887829514155
158,2015,2.20191277644152,0.0878406318087244
159,2015,2.21168791130205,0.0880344526870307
160,2015,2.2209442371818,0.088251905938341
161,2015,2.22967221031652,0.0884728624259104
162,2015,2.23786228694193,0.0886760534438379
163,2015,2.24550492329375,0.0888397507963448
164,2015,2.25259057560771,0.0889424712361841
165,2015,2.25910970011953,0.0889637088221019
166,2015,2.26505275306493,0.0888847086491761
167,2015,2.27041393942637,0.0886919684365418
168,2015,2.27520844106001,0.0883902304280979
169,2015,2.27945873230587,0.0879926171897464
170,2015,2.28318729482577,0.0875146791408003
171,2015,2.28641661028148,0.086973634706361
172,2015,2.28916916033481,0.0863876766021281
173,2015,2.29146742664756,0.0857753201055518
174,2015,2.29333389088151,0.0851547816670763
175,2015,2.29479103469848,0.0845433836500053
176,2015,2.29586133976024,0.0839569882917121
177,2015,2.2965672877286,0.0834094707251242
178,2015,2.29693136026535,0.0829122464869603
179,2015,2.2969760390323,0.0824738726761621
180,2015,2.29672380569123,0.0820997431869683
181,2015,2.29619714190394,0.0817918968653606
182,2015,2.29541852933223,0.0815489531061918
183,2015,2.2944104496379,0.0813661829293018
184,2015,2.29319538448274,0.0812357160247296
185,2015,2.29179581552854,0.0811468769875111
186,2015,2.29023422443711,0.0810866382999051
187,2015,2.28853309287024,0.0810401745893679
188,2015,2.28671490248972,0.080991502832736
189,2015,2.28480213495735,0.0809241965020854
190,2015,2.28281727193493,0.0808221677337261
191,2015,2.28078279508425,0.0806705197594701
192,2015,2.27872118606712,0.0804564812650097
193,2015,2.27665492313416,0.0801704492852625
194,2015,2.27460308702681,0.0798121333772452
195,2015,2.27257498553078,0.0794000252163311
196,2015,2.27057817992101,0.0789579988884103
197,2015,2.26862023147244,0.0785113955054413
198,2015,2.26670870146001,0.0780857969193095
199,2015,2.26485115115867,0.0777058357577923
200,2015,2.26305514184337,0.0773940496834488
201,2015,2.26132823478904,0.0771698081508633
202,2015,2.25967799127063,0.0770483564369453
203,2015,2.25811197256308,0.0770400309716068
204,2015,2.25663773994134,0.0771496992697429
205,2015,2.25526285468036,0.0773764661426114
206,2015,2.25399487805507,0.0777136670524444
207,2015,2.25284137134041,0.078149143720293
208,2015,2.25180989581134,0.0786657721030772
209,2015,2.2509080127428,0.0792421940428118
210,2015,2.25014328340972,0.0798536948049182
211,2015,2.24952326908706,0.0804731702451801
212,2015,2.24905553104976,0.0810721379413734
213,2015,2.24874763057275,0.0816217633429116
214,2015,2.24860712893099,0.0820938916582468
215,2015,2.24863791140934,0.0824660300018779
216,2015,2.2488291593323,0.0827346798796317
217,2015,2.24916637803431,0.0829045003698685
218,2015,2.24963507284981,0.0829837191000466
219,2015,2.25022074911321,0.082983381361894
220,2015,2.25090891215896,0.0829166934644297
221,2015,2.25168506732149,0.082798434283574
222,2015,2.25253471993522,0.0826444138841667
223,2015,2.25344337533459,0.082470963310817
224,2015,2.25439653885403,0.082294445009766
225,2015,2.25537971582796,0.0821307787655435
226,2015,2.25637841159083,0.0819949833765736
227,2015,2.25737813147706,0.0819007393052131
228,2015,2.25836438082108,0.0818599818494767
229,2015,2.25932266495732,0.0818825375431549
230,2015,2.26023848922022,0.0819758180517507
231,2015,2.2610973589442,0.0821445854731271
232,2015,2.2618847794637,0.0823908005973988
233,2015,2.26258625611315,0.0827135615737142
234,2015,2.26318729422698,0.0831091351344837
235,2015,2.26367339913962,0.0835710768322991
236,2015,2.2640300761855,0.0840904315147684
237,2015,2.26424283069905,0.084656001252782
238,2015,2.2642971680147,0.0852546656482445
239,2015,2.26417859346689,0.0858717390515218
240,2015,2.26387261239005,0.086491350579983
241,2015,2.2633647301186,0.0870968355862246
242,2015,2.26264045198698,0.0876711309127094
243,2015,2.26168612682044,0.0881977082846916
244,2015,2.26049790902505,0.0886669895119699
245,2015,2.25907827918804,0.0890752780094373
246,2015,2.25742982333301,0.0894208913686722
247,2015,2.25555512748354,0.0897038477282242
248,2015,2.25345677766322,0.0899256468810981
249,2015,2.25113735989565,0.0900890778452833
250,2015,2.24859946020441,0.0901980488133888
251,2015,2.24584566461309,0.0902574354836618
252,2015,2.24287855914528,0.0902729440062483
253,2015,2.23970072982456,0.0902509850896766
254,2015,2.23631476267454,0.090198556167244
255,2015,2.23272324371879,0.0901231289051097
256,2015,2.22892875898092,0.0900325397396858
257,2015,2.22493389448449,0.0899348815643613
258,2015,2.22074123625312,0.0898383951500249
259,2015,2.21635337031038,0.0897513593842656
260,2015,2.21177288267986,0.0896819799500687
261,2015,2.20700235938516,0.0896382766288707
262,2015,2.20204438644986,0.089627969988826
263,2015,2.19690154989756,0.0896583687815322
264,2015,2.19157643575184,0.0897362598851659
265,2015,2.18607163003628,0.0898678030589154
266,2015,2.18038971877449,0.0900584330710641
267,2015,2.17453328799005,0.0903127718934684
268,2015,2.16850492370655,0.0906345535914281
269,2015,2.16230721194757,0.0910265642693572
270,2015,2.15594273873672,0.0914905989690439
271,2015,2.14941409009757,0.092027436790065
272,2015,2.14272385205372,0.092636834761858
273,2015,2.13587461062875,0.093317540208301
274,2015,2.12886895184626,0.0940673205779764
275,2015,2.12170946172983,0.0948830090322415
276,2015,2.11439872630306,0.0957605635421742
277,2015,2.10693933158953,0.0966951368794704
278,2015,2.09933386361283,0.0976811547094562
279,2015,2.09158490839656,0.0987123990002167
280,2015,2.08369505196429,0.0997820941273269
281,2015,2.07566688033963,0.100882993344323
282,2015,2.06750297954616,0.102007463665012
283,2015,2.05920593560746,0.103147567625263
284,2015,2.05077833454714,0.104295140823721
285,2015,2.04222276238877,0.105441864554811
286,2015,2.03354180515595,0.106579333223524
287,2015,2.02473804887226,0.107699116558155
288,2015,2.0158140795613,0.108792816909935
289,2015,2.00677248324666,0.10985212214856
290,2015,1.99761584595192,0.110868854835421
291,2015,1.98834675370067,0.111835018489748
292,2015,1.97896779251651,0.112742841866437
293,2015,1.96948154842302,0.113584822247638
294,2015,1.95989060744379,0.114353768823013
295,2015,1.95019755560241,0.11504284730492
296,2015,1.94040497945368,0.115645673513058
297,2015,1.93051549742484,0.116159119209514
298,2015,1.92053177734539,0.116584936275847
299,2015,1.91045649129453,0.116925794030826
300,2015,1.90029231135142,0.117184844874529
301,2015,1.89004190959525,0.117365668044798
302,2015,1.87970795810519,0.117472220026143
303,2015,1.86929312896042,0.117508790372617
304,2015,1.85880009424012,0.117479961866759
305,2015,1.84823152602346,0.117390574073277
306,2015,1.83759009638962,0.117245689462505
307,2015,1.82687847741778,0.117050561378671
308,2015,1.81609934118711,0.11681060321534
309,2015,1.8052553597768,0.116531358238556
310,2015,1.79434920526601,0.116218469570382
311,2015,1.78338354973393,0.115877649914782
312,2015,1.77236106525974,0.115514650676751
313,2015,1.76128442392261,0.115135230196522
314,2015,1.75015629780171,0.114745120895582
315,2015,1.73897935897624,0.114349995211257
316,2015,1.72775627952535,0.113955430282679
317,2015,1.71648973152824,0.11356687144273
318,2015,1.70518238706407,0.113189594667343
319,2015,1.69383691821203,0.112828668233227
320,2015,1.68245599705129,0.11248891393495
321,2015,1.67104229566103,0.112174868308519
322,2015,1.65959848612043,0.111890744396566
323,2015,1.64812724050866,0.111640394664927
324,2015,1.6366312309049,0.111427275736556
325,2015,1.62511312938833,0.111254415641427
326,2015,1.61357560803812,0.111124384286102
327,2015,1.60202133893346,0.111039267821248
328,2015,1.59045299415352,0.111000647528371
329,2015,1.57887324577747,0.11100958375936
330,2015,1.5672847658845,0.111066605347236
331,2015,1.55569022655378,0.111171704769022
332,2015,1.54409229986449,0.11132433918887
333,2015,1.5324936578958,0.111523437349846
334,2015,1.5208969727269,0.111767412124867
335,2015,1.50930491643696,0.112054178389955
336,2015,1.49772016110516,0.112381175754005
337,2015,1.48614537881067,0.112745395574924
338,2015,1.47458324163267,0.113143411616659
339,2015,1.46303642165035,0.113571413657399
340,2015,1.45150759094287,0.114025243346236
341,2015,1.43999942158941,0.114500431621749
342,2015,1.42851458566916,0.114992237047955
343,2015,1.41705575526128,0.115495684486333
344,2015,1.40562560244496,0.1160056036019
345,2015,1.39422679929938,0.116516666791607
346,2015,1.3828620179037,0.11702342621951
347,2015,1.37153393033711,0.117520349741167
348,2015,1.36024520867879,0.118001855595938
349,2015,1.3489985250079,0.118462345837841
350,2015,1.33779655140364,0.118896238561833
351,2015,1.32664195994517,0.119297999061939
352,2015,1.31553742271168,0.119662170130915
353,2015,1.30448561178233,0.119983401778548
354,2015,1.29348919923632,0.120256480708794
355,2015,1.28255085715281,0.120476359956311
356,2015,1.27167325761098,0.120638189142585
357,2015,1.26085907269001,0.120737345873114
358,2015,1.25011097446908,0.120769468862271
359,2015,1.23943163502737,0.120730493444187
360,2015,1.22882372644404,0.120616690208688
361,2015,1.21828992079828,0.120424707593659
362,2015,1.20783289016927,0.120151619371476
363,2015,1.19745530663619,0.119794978089604
364,2015,1.1871598422782,0.11935287566551
365,2015,1.17694949396536,0.118825207984128
1,2016,1.21262516547924,0.122999383283007
2,2016,1.20209135983349,0.122813346340971
3,2016,1.19163432920448,0.122547460741815
4,2016,1.18125674567139,0.122199349960896
5,2016,1.1709612813134,0.121767172923399
6,2016,1.16075093300056,0.121250865399767
7,2016,1.15062999676639,0.120655646389782
8,2016,1.14060309343528,0.119988363045404
9,2016,1.13067484383162,0.119256254054787
10,2016,1.12084986877979,0.118466904547748
11,2016,1.11113278910421,0.117628202175002
12,2016,1.10152822562924,0.116748293195048
13,2016,1.09204079917928,0.115835537479051
14,2016,1.08267513057873,0.11489846142385
15,2016,1.07343584065198,0.113945707854934
16,2016,1.06432755022341,0.112985982114307
17,2016,1.05535488011742,0.112027993671447
18,2016,1.0465224511584,0.11108039277754
19,2016,1.03783488417073,0.110151701910338
20,2016,1.02929679997881,0.109250242032964
21,2016,1.02091281940704,0.108384054014256
22,2016,1.01268756327979,0.107560815924436
23,2016,1.00462565242147,0.106787757315175
24,2016,0.996731707656455,0.106071571996983
25,2016,0.989010349809147,0.105418331212163
26,2016,0.981466199703933,0.104833399435246
27,2016,0.974103878165204,0.104321355279326
28,2016,0.96692800601735,0.10388592011156
29,2016,0.959943204084763,0.103529896956044
30,2016,0.953154093191834,0.103255122069996
31,2016,0.946565294162953,0.103062431217822
32,2016,0.940181427822511,0.102951642152866
33,2016,0.934007114994899,0.102921554181852
34,2016,0.928046976504508,0.102969964980303
35,2016,0.922305633175728,0.103093704105911
36,2016,0.91678770583295,0.103288681980443
37,2016,0.911497815300567,0.103549952533411
38,2016,0.906440582402967,0.103871787264519
39,2016,0.901620627964541,0.104247758212487
40,2016,0.897042572809682,0.104670827222743
41,2016,0.892711037762779,0.105133438976038
42,2016,0.888630643648223,0.105627615450934
43,2016,0.884806011290406,0.10614504981294
44,2016,0.881241761513718,0.106677198115705
45,2016,0.87794251514255,0.107215367629596
46,2016,0.874912893001291,0.107750801049426
47,2016,0.872157515914335,0.108274756251729
48,2016,0.869681004706071,0.108778581656339
49,2016,0.86748798020089,0.109253787588149
50,2016,0.865583063223183,0.109692114330441
51,2016,0.863970874597341,0.110085597814108
52,2016,0.862656035147755,0.11042663410426
53,2016,0.861643165698815,0.110708044036379
54,2016,0.860936887074912,0.110923139528937
55,2016,0.860541820100437,0.111065793268887
56,2016,0.860462585599782,0.111130513640842
57,2016,0.860703796742997,0.11111254200789
58,2016,0.861268823826875,0.111010360898444
59,2016,0.86215843084585,0.110828351829534
60,2016,0.863373053614583,0.110572203170224
61,2016,0.864913127947732,0.110248165937293
62,2016,0.866779089659958,0.109862964309192
63,2016,0.86897137456592,0.109423712130791
64,2016,0.871490418480277,0.108937833567163
65,2016,0.874336657217689,0.108412986323762
66,2016,0.877510526592815,0.107856986101485
67,2016,0.881012462420317,0.10727773120639
68,2016,0.884842900514851,0.106683126492848
69,2016,0.889002276691079,0.106081006091505
70,2016,0.89349102676366,0.105479054663166
71,2016,0.898309586547253,0.104884727226892
72,2016,0.903458391856518,0.104305167931569
73,2016,0.908937878506115,0.103747128466945
74,2016,0.914748482310702,0.103216887129929
75,2016,0.920890639084941,0.102720169858041
76,2016,0.92736478464349,0.102262074794334
77,2016,0.934171354801008,0.101847002135501
78,2016,0.941310785372156,0.101478591116916
79,2016,0.948783512171593,0.101159665988341
80,2016,0.956589971013978,0.100892192721931
81,2016,0.964730597713971,0.100677247968745
82,2016,0.973205828086232,0.100515001450411
83,2016,0.98201609794542,0.100404712558626
84,2016,0.991161843106195,0.100344741465563
85,2016,1.00064349938322,0.100332574558294
86,2016,1.01046150259114,0.100364863537865
87,2016,1.02061628854464,0.100437477104871
88,2016,1.03110829305835,0.100545563818926
89,2016,1.04193795194696,0.100683624491331
90,2016,1.0531057010251,0.100845592360083
91,2016,1.06461197610745,0.101024919305245
92,2016,1.07645721300867,0.101214666482366
93,2016,1.0886418475434,0.101407597966719
94,2016,1.10116631552632,0.101596276291941
95,2016,1.11403105277208,0.101773159112307
96,2016,1.12723649509534,0.101930696598308
97,2016,1.14078307831076,0.102061429573812
98,2016,1.15467123823301,0.102158088807123
99,2016,1.16890141067673,0.102213696269921
100,2016,1.1834740314566,0.102221669573694
101,2016,1.19838953638726,0.102175931182983
102,2016,1.21364836128338,0.102071024390596
103,2016,1.22925094195962,0.101902238424736
104,2016,1.24519771423064,0.101665745442335
105,2016,1.2614891139111,0.101358752542545
106,2016,1.27812557681565,0.100979672295709
107,2016,1.29510753875896,0.100528315597425
108,2016,1.31243530378478,0.100006177478144
109,2016,1.33010126968267,0.0994204739039769
110,2016,1.34808557954817,0.0987856836401152
111,2016,1.3663673223096,0.0981172614387497
112,2016,1.38492558689527,0.0974308158246353
113,2016,1.4037394622335,0.096741831231115
114,2016,1.4227880372526,0.0960653848337432
115,2016,1.4420504008809,0.0954158586726112
116,2016,1.4615056420467,0.0948066501740416
117,2016,1.48113284967832,0.0942498866805257
118,2016,1.50091111270408,0.0937561518671711
119,2016,1.52081952005229,0.0933342337040037
120,2016,1.54083716065127,0.0929909046439117
121,2016,1.56094312342934,0.0927307447455709
122,2016,1.58111649731481,0.0925560173516419
123,2016,1.601336371236,0.0924666047595142
124,2016,1.62158183412122,0.0924600082443557
125,2016,1.64183197489879,0.0925314131797935
126,2016,1.66206588249702,0.0926738163096083
127,2016,1.68226264584424,0.0928782089320286
128,2016,1.70240135386875,0.0931338072738527
129,2016,1.72246109549888,0.0934283199218594
130,2016,1.74242095966294,0.0937482419373467
131,2016,1.76226003528924,0.0940791661338286
132,2016,1.7819574113061,0.094406103751167
133,2016,1.80149217664184,0.0947138091497596
134,2016,1.82084342022477,0.0949871059084936
135,2016,1.83999023098321,0.0952112146139813
136,2016,1.85891169784547,0.0953720855182881
137,2016,1.87758690973987,0.0954567420346936
138,2016,1.89599495559473,0.0954536437163404
139,2016,1.91411492433837,0.0953530799405595
140,2016,1.93192590489909,0.0951476080255854
141,2016,1.94940705637378,0.094832672197029
142,2016,1.96654174797317,0.0944140666873692
143,2016,1.98331987458447,0.0939110696404105
144,2016,1.99973189244342,0.0933451519578783
145,2016,2.01576825778573,0.092738366114379
146,2016,2.03141942684713,0.0921127336536692
147,2016,2.04667585586334,0.0914896407598051
148,2016,2.0615280010701,0.0908892408469176
149,2016,2.07596631870311,0.0903298709196727
150,2016,2.08998126499812,0.089827495746319
151,2016,2.10356329619084,0.0893951999045716
152,2016,2.11670286851699,0.0890427516194841
153,2016,2.12939043821231,0.0887762632033488
154,2016,2.14161646151252,0.0885979703623754
155,2016,2.15337139465334,0.0885061467525256
156,2016,2.1646456938705,0.0884951617137448
157,2016,2.17542981539972,0.088555679431378
158,2016,2.18571421547673,0.0886749885113948
159,2016,2.19548935033725,0.0888374436824592
160,2016,2.20474567621701,0.0890249971963411
161,2016,2.21347364935173,0.0892177969970261
162,2016,2.22166372597714,0.0893948317313253
163,2016,2.22930636232896,0.0895346085613939
164,2016,2.23639201464291,0.0896158576679967
165,2016,2.24291113915473,0.0896182664838934
166,2016,2.24885419210014,0.0895232564501718
167,2016,2.25421537846157,0.089317448391831
168,2016,2.25900988009521,0.0890054780204773
169,2016,2.26326017134108,0.0886002846674607
170,2016,2.26698873386097,0.088117238326031
171,2016,2.27021804931669,0.0875733798758313
172,2016,2.27297059937002,0.0869867265968572
173,2016,2.27526886568276,0.086375619503171
174,2016,2.27713532991672,0.0857581013111553
175,2016,2.27859247373368,0.0851513211774687
176,2016,2.27966277879544,0.084570969533423
177,2016,2.2803687267638,0.0840307529645047
178,2016,2.28073279930056,0.0835419245324616
179,2016,2.2807774780675,0.0831128885290115
180,2016,2.28052524472643,0.0827488997775363
181,2016,2.27999858093915,0.0824518759247091
182,2016,2.27921996836744,0.0822203367901815
183,2016,2.2782118886731,0.0820494783885918
184,2016,2.27699682351794,0.0819313817781362
185,2016,2.27559725456375,0.0818553497507704
186,2016,2.27403566347231,0.0818083588569024
187,2016,2.27233453190544,0.0817756113432903
188,2016,2.27051634152492,0.0817411717860324
189,2016,2.26860357399255,0.0816886765143509
190,2016,2.26661871097013,0.0816021099176616
191,2016,2.26458423411946,0.0814666497221849
192,2016,2.26252262510232,0.0812695925183205
193,2016,2.26045636216936,0.0810013854279403
194,2016,2.25840452606202,0.0806617060700581
195,2016,2.25637642456599,0.0802688227943945
196,2016,2.25437961895621,0.0798463087111481
197,2016,2.25242167050764,0.0794191585441429
198,2016,2.25051014049521,0.0790125726893061
199,2016,2.24865259019387,0.0786507815578322
200,2016,2.24685658087857,0.0783559182147068
201,2016,2.24512967382424,0.0781469667910906
202,2016,2.24347943030583,0.0780388296924787
203,2016,2.24191341159829,0.0780415651024237
204,2016,2.24043917897655,0.0781598452165134
205,2016,2.23906429371556,0.078392674293663
206,2016,2.23779631709027,0.0787333856908818
207,2016,2.23664281037562,0.0791699126019321
208,2016,2.23561133484655,0.079685303598309
209,2016,2.234709451778,0.0802584363278972
210,2016,2.23394472244493,0.08086487416394
211,2016,2.23332470812226,0.0814778120458642
212,2016,2.23285697008496,0.0820690678044679
213,2016,2.23254906960796,0.0826100911822862
214,2016,2.2324085679662,0.0830729815898688
215,2016,2.23243935044454,0.083435447968221
216,2016,2.2326305983675,0.0836940981291297
217,2016,2.23296781706952,0.083853634260098
218,2016,2.23343651188501,0.0839222869898371
219,2016,2.23402218814842,0.083911075703649
220,2016,2.23471035119417,0.0838331611165354
221,2016,2.23548650635669,0.0837032647177302
222,2016,2.23633615897043,0.0835371344634703
223,2016,2.23724481436979,0.0833510411552404
224,2016,2.23819797788923,0.0831612951466004
225,2016,2.23918115486317,0.0829837782881032
226,2016,2.24017985062603,0.0828334912168869
227,2016,2.24117957051226,0.082724120989454
228,2016,2.24216581985628,0.082667638288318
229,2016,2.24312410399252,0.0826739365691979
230,2016,2.24403992825542,0.0827505271202956
231,2016,2.24489879797941,0.0829023037592041
232,2016,2.24568621849891,0.0831313887060882
233,2016,2.24638769514835,0.0834370672597016
234,2016,2.24698873326218,0.0838158137914666
235,2016,2.24747483817482,0.0842614060179135
236,2016,2.2478315152207,0.084765119350249
237,2016,2.24804426973425,0.0853159890968254
238,2016,2.24809860704991,0.0859011259180864
239,2016,2.24798003250209,0.0865060694001716
240,2016,2.24767405142525,0.0871151658151134
241,2016,2.2471661691538,0.0877119587391135
242,2016,2.24644189102218,0.0882795847603081
243,2016,2.24548756585564,0.0888016965479398
244,2016,2.24429934806025,0.0892687533359883
245,2016,2.24287971822324,0.0896770016010819
246,2016,2.24123126236821,0.09002469710973
247,2016,2.23935656651874,0.0903117945244271
248,2016,2.23725821669843,0.09053972940901
249,2016,2.23493879893085,0.0907112260389115
250,2016,2.23240089923961,0.0908301270952897
251,2016,2.22964710364829,0.0909012413765992
252,2016,2.22667999818048,0.0909302058691821
253,2016,2.22350216885977,0.0909233588134219
254,2016,2.22011620170974,0.0908876207468225
255,2016,2.216524682754,0.0908303808825096
256,2016,2.21273019801612,0.0907593865858115
257,2016,2.2087353335197,0.0906826341441392
258,2016,2.20454267528832,0.0906082594899413
259,2016,2.20015480934558,0.090544428035308
260,2016,2.19557432171507,0.090499223307656
261,2016,2.19080379842037,0.0904805346299467
262,2016,2.18584582548507,0.0904959446488328
263,2016,2.18070298893276,0.0905526180540919
264,2016,2.17537787478704,0.0906571933191266
265,2016,2.16987306907149,0.0908156796867125
266,2016,2.1641911578097,0.091033361887509
267,2016,2.15833472702525,0.0913147151769994
268,2016,2.15230636274175,0.0916633331863213
269,2016,2.14610865098278,0.0920818707968867
270,2016,2.13974417777192,0.0925720037803915
271,2016,2.13321552913277,0.0931344063275968
272,2016,2.12652529108892,0.0937687468714106
273,2016,2.11967604966395,0.0944737018542993
274,2016,2.11267039088146,0.0952469863626697
275,2016,2.10551090076504,0.0960853999125973
276,2016,2.09820016533826,0.0969848851707578
277,2016,2.09074077062473,0.0979405970626518
278,2016,2.08313530264804,0.0989469795683642
279,2016,2.07538634743176,0.0999978475264888
280,2016,2.0674964909995,0.101086470936498
281,2016,2.05946831937483,0.102205659535592
282,2016,2.05130441858136,0.103347845790152
283,2016,2.04300737464267,0.104505164847078
284,2016,2.03457977358234,0.105669530403554
285,2016,2.02602420142397,0.106832705848987
286,2016,2.01734324419115,0.107986370391726
287,2016,2.00853948790746,0.109122180194849
288,2016,1.99961551859651,0.11023182480594
289,2016,1.99057392228186,0.111307079376507
290,2016,1.98141728498712,0.112339853332823
291,2016,1.97214819273588,0.113322236288837
292,2016,1.96276923155171,0.11424654209245
293,2016,1.95328298745822,0.115105351977978
294,2016,1.94369204647899,0.11589155786909
295,2016,1.93399899463761,0.116598406946575
296,2016,1.92420641848888,0.117219594763991
297,2016,1.91431693646004,0.117752045839394
298,2016,1.90433321638059,0.118197521163048
299,2016,1.89425793032973,0.118558689753685
300,2016,1.88409375038663,0.118838697985394
301,2016,1.87384334863046,0.119041113597398
302,2016,1.8635093971404,0.119169876230368
303,2016,1.85309456799563,0.119229253276912
304,2016,1.84260153327532,0.11922379999161
305,2016,1.83203296505866,0.119158322940537
306,2016,1.82139153542482,0.119037845985341
307,2016,1.81067991645298,0.118867578096401
308,2016,1.79990078022231,0.11865288237678
309,2016,1.789056798812,0.118399245757032
310,2016,1.77815064430121,0.118112248893523
311,2016,1.76718498876914,0.117797535872459
312,2016,1.75616250429494,0.117460783390925
313,2016,1.74508586295781,0.117107669156891
314,2016,1.73395773683692,0.116743839324076
315,2016,1.72278079801144,0.116374874855917
316,2016,1.71155771856056,0.116006256796115
317,2016,1.70029117056344,0.115643330511191
318,2016,1.68898382609928,0.115291269062083
319,2016,1.67763835724723,0.114955035955272
320,2016,1.66625743608649,0.11463934761634
321,2016,1.65484373469623,0.114348636016932
322,2016,1.64339992515563,0.114087011965387
323,2016,1.63192867954386,0.113858229637485
324,2016,1.6204326699401,0.113665652972056
325,2016,1.60891456842353,0.113512224582335
326,2016,1.59737704707332,0.11340043783451
327,2016,1.58582277796866,0.113332312717483
328,2016,1.57425443318872,0.113309376071814
329,2016,1.56267468481267,0.113332646662207
330,2016,1.5510862049197,0.113402625469894
331,2016,1.53949166558898,0.113519291453565
332,2016,1.52789373889969,0.113682102886722
333,2016,1.51629509693101,0.113890004232759
334,2016,1.5046984117621,0.114141438374755
335,2016,1.49310635547216,0.114434363882572
336,2016,1.48152160014036,0.114766276882327
337,2016,1.46994681784587,0.115134236998182
338,2016,1.45838468066788,0.115534896767563
339,2016,1.44683786068555,0.115964533890267
340,2016,1.43530902997807,0.116419085659523
341,2016,1.42380086062462,0.116894184937235
342,2016,1.41231602470436,0.117385197073376
343,2016,1.40085719429649,0.117887257226764
344,2016,1.38942704148017,0.118395307616745
345,2016,1.37802823833458,0.118904134317923
346,2016,1.3666634569389,0.119408403298762
347,2016,1.35533536937231,0.119902695495602
348,2016,1.34404664771399,0.120381540803371
349,2016,1.3327999640431,0.120839450950636
350,2016,1.32159799043884,0.121270951308121
351,2016,1.31044339898037,0.12167061175572
352,2016,1.29933886174688,0.122033076803329
353,2016,1.28828705081754,0.122353095226145
354,2016,1.27729063827152,0.122625549536531
355,2016,1.26635229618801,0.122845485673566
356,2016,1.25547469664618,0.123008143349921
357,2016,1.24466051172522,0.123108987555601
358,2016,1.23391241350429,0.123143741781624
359,2016,1.22323307406257,0.123108423596136
360,2016,1.21262516547924,0.122999383283007
361,2016,1.20209135983349,0.122813346340971
362,2016,1.19163432920448,0.122547460741815
363,2016,1.18125674567139,0.122199349960896
364,2016,1.1709612813134,0.121767172923399
365,2016,1.16075093300056,0.121250865399767
1,2017,1.19516805131856,0.125442158954932
2,2017,1.1846342456728,0.125263151917451
3,2017,1.17417721504379,0.125005590553769
4,2017,1.1637996315107,0.124667171136907
5,2017,1.15350416715272,0.124246121480173
6,2017,1.14329381883988,0.123742418743116
7,2017,1.1331728826057,0.123161226526671
8,2017,1.12314597927459,0.122509306298499
9,2017,1.11321772967093,0.121793802574999
10,2017,1.10339275461911,0.121022197012118
11,2017,1.09367567494352,0.120202263647042
12,2017,1.08407111146855,0.119342024179391
13,2017,1.0745836850186,0.118449702262328
14,2017,1.06521801641805,0.117533675859645
15,2017,1.05597872649129,0.116602426822648
16,2017,1.04687043606272,0.115664486958416
17,2017,1.03789776595673,0.11472838000681
18,2017,1.02906533699771,0.113802559124173
19,2017,1.02037777001004,0.112895339692219
20,2017,1.01183968581813,0.112014827533284
21,2017,1.00345570524635,0.111168842916331
22,2017,0.995230449119104,0.110364841074978
23,2017,0.987168538260779,0.109609830316819
24,2017,0.979274593495767,0.10891028916353
25,2017,0.97155323564846,0.108272084299203
26,2017,0.964009085543245,0.107700391391088
27,2017,0.956646764004516,0.107199621051964
28,2017,0.949470891856663,0.106773352307651
29,2017,0.942486089924075,0.10642427589373
30,2017,0.935696979031146,0.106154149518973
31,2017,0.929108180002265,0.105963766899277
32,2017,0.922724313661823,0.105852941899934
33,2017,0.916550000834211,0.105820508555376
34,2017,0.91058986234382,0.105864337106083
35,2017,0.904848519015041,0.105981365551291
36,2017,0.899330591672263,0.106167645614677
37,2017,0.894040701139879,0.106418401504694
38,2017,0.888983468242279,0.106728099458145
39,2017,0.884163513803854,0.107090525807607
40,2017,0.879585458648995,0.107498871217822
41,2017,0.875253923602092,0.107945818786102
42,2017,0.871173529487536,0.108423633878083
43,2017,0.867348897129719,0.108924253845933
44,2017,0.863784647353031,0.109439376120465
45,2017,0.860485400981862,0.109960543551107
46,2017,0.857455778840604,0.110479226260998
47,2017,0.854700401753648,0.110986899666836
48,2017,0.852223890545384,0.111475118669113
49,2017,0.850030866040203,0.111935588338993
50,2017,0.848125949062496,0.11236023171024
51,2017,0.846513760436654,0.112741255529913
52,2017,0.845198920987068,0.113071215035202
53,2017,0.844186051538128,0.11334307901341
54,2017,0.843479772914224,0.11355029657653
55,2017,0.84308470593975,0.113686867250403
56,2017,0.843005471439095,0.113747416149718
57,2017,0.843246682582309,0.113727290847767
58,2017,0.843811709666187,0.113625005954327
59,2017,0.844701316685163,0.113444831966378
60,2017,0.845915939453896,0.113192321379419
61,2017,0.847456013787045,0.11287358168897
62,2017,0.849321975499271,0.112495185981321
63,2017,0.851514260405233,0.112064089392412
64,2017,0.85403330431959,0.111587549692866
65,2017,0.856879543057001,0.111073050507082
66,2017,0.860053412432128,0.110528225917834
67,2017,0.863555348259629,0.109960785452096
68,2017,0.867385786354164,0.109378438694778
69,2017,0.871545162530392,0.10878881903959
70,2017,0.876033912602973,0.108199406362768
71,2017,0.880852472386566,0.107617448695388
72,2017,0.886001277695831,0.107049883269646
73,2017,0.891480764345427,0.106503257615684
74,2017,0.897291368150015,0.105983651676777
75,2017,0.903433524924254,0.105496602176464
76,2017,0.909907670482802,0.105047030694067
77,2017,0.916714240640321,0.104639177066179
78,2017,0.923853671211468,0.104276539814014
79,2017,0.931326398010905,0.103961825286009
80,2017,0.939132856853291,0.1036969070941
81,2017,0.947273483553284,0.103482797210531
82,2017,0.955748713925545,0.103319629788992
83,2017,0.964558983784733,0.103206658397247
84,2017,0.973704728945508,0.103142266923912
85,2017,0.983186385222529,0.103123993980789
86,2017,0.993004388430456,0.103148570197261
87,2017,1.00315917438395,0.103211967426414
88,2017,1.01365117889767,0.103309458580706
89,2017,1.02448083778627,0.10343568660753
90,2017,1.03564858686441,0.103584741012619
91,2017,1.04715486194676,0.103750240343359
92,2017,1.05900009884798,0.103925419148188
93,2017,1.07118473338271,0.104103218119415
94,2017,1.08370920136563,0.10427637638844
95,2017,1.09657393861139,0.104437525256073
96,2017,1.10977938093465,0.104579282989251
97,2017,1.12332596415008,0.104694350683821
98,2017,1.13721412407232,0.104775609569761
99,2017,1.15144429651605,0.10481622051279
100,2017,1.16601691729591,0.104809726841029
101,2017,1.18093242222657,0.104750161996485
102,2017,1.19619124712269,0.104632163880108
103,2017,1.21179382779893,0.104451098127537
104,2017,1.22774060006995,0.104203192920305
105,2017,1.24403199975041,0.103885688299473
106,2017,1.26066846265496,0.103497003291989
107,2017,1.27765042459827,0.103036924457143
108,2017,1.2949781896241,0.102506884857941
109,2017,1.31264415552199,0.101913914138237
110,2017,1.33062846538749,0.101272147021692
111,2017,1.34891020814892,0.100596668510795
112,2017,1.36746847273459,0.0999027081194354
113,2017,1.38628234807281,0.0992053680846208
114,2017,1.40533092309192,0.0985193476907149
115,2017,1.42459328672021,0.0978586642859752
116,2017,1.44404852788601,0.097236373897957
117,2017,1.46367573551763,0.096664296644684
118,2017,1.48345399854339,0.09615275420747
119,2017,1.5033624058916,0.0957103282502055
120,2017,1.52338004649059,0.09534364960034
121,2017,1.54348600926865,0.0950572280476527
122,2017,1.56365938315412,0.0948533316561639
123,2017,1.58387925707531,0.0947319225418593
124,2017,1.60412471996053,0.0946906533154441
125,2017,1.6243748607381,0.0947249251348932
126,2017,1.64460876833634,0.0948280049589715
127,2017,1.66480553168355,0.0949911965637458
128,2017,1.68494423970807,0.0952040575485203
129,2017,1.70500398133819,0.0954546531682886
130,2017,1.72496384550225,0.0957298374904547
131,2017,1.74480292112855,0.0960155530413788
132,2017,1.76450029714541,0.09629714162587
133,2017,1.78403506248115,0.0965596611475911
134,2017,1.80338630606408,0.0967882057948622
135,2017,1.82253311682252,0.0969682296785759
136,2017,1.84145458368478,0.0970858767669092
137,2017,1.86012979557919,0.097128322669904
138,2017,1.87853784143405,0.0970841364576698
139,2017,1.89665781017768,0.0969436732575496
140,2017,1.9144687907384,0.0966995108813547
141,2017,1.93194994221309,0.096347065080714
142,2017,1.94908463381248,0.0958919746554149
143,2017,1.96586276042379,0.0953532214727321
144,2017,1.98227477828273,0.0947519791144237
145,2017,1.99831114362504,0.0941100213490008
146,2017,2.01396231268644,0.0934491178438077
147,2017,2.02921874170266,0.0927904381735912
148,2017,2.04407088690941,0.0921539628947036
149,2017,2.05850920454243,0.091557907968131
150,2017,2.07252415083743,0.0910181758744032
151,2017,2.08610618203015,0.090547852656739
152,2017,2.0992457543563,0.0901567740074113
153,2017,2.11193332405162,0.089851184589952
154,2017,2.12415934735183,0.08963351258709
155,2017,2.13591428049265,0.089502276028574
156,2017,2.14718857970981,0.0894521294649421
157,2017,2.15797270123903,0.0894740502578673
158,2017,2.16825710131604,0.0895556547178458
159,2017,2.17803223617656,0.0896816270638541
160,2017,2.18728856205632,0.0898342398597739
161,2017,2.19601653519104,0.0899939437605392
162,2017,2.20420661181645,0.0901400070169254
163,2017,2.21184924816827,0.0902511906983928
164,2017,2.21893490048223,0.0903064532079086
165,2017,2.22545402499404,0.0902856865856127
166,2017,2.23139707793945,0.090170496703448
167,2017,2.23675826430088,0.0899476303130033
168,2017,2.24155276593452,0.089621603269692
169,2017,2.24580305718039,0.0892051546332783
170,2017,2.24953161970028,0.0887134592290377
171,2017,2.252760935156,0.0881633681516042
172,2017,2.25551348520933,0.0875727135802527
173,2017,2.25781175152208,0.0869596551315924
174,2017,2.25967821575603,0.0863420570273459
175,2017,2.26113535957299,0.0857368925549732
176,2017,2.26220566463475,0.0851596793781542
177,2017,2.26291161260311,0.0846239557583373
178,2017,2.26327568513987,0.0841408130698484
179,2017,2.26332036390681,0.0837185034518355
180,2017,2.26306813056575,0.0833621424482718
181,2017,2.26254146677846,0.0830735247246983
182,2017,2.26176285420675,0.0828510665376502
183,2017,2.26075477451242,0.0826898821985262
184,2017,2.25953970935725,0.0825819943878825
185,2017,2.25814014040306,0.0825166711477499
186,2017,2.25657854931163,0.0824808769770032
187,2017,2.25487741774475,0.0824598226390191
188,2017,2.25305922736423,0.0824375985460001
189,2017,2.25114645983186,0.0823978798883695
190,2017,2.24916159680944,0.0823246975979714
191,2017,2.24712711995877,0.0822032770874779
192,2017,2.24506551094163,0.0820209557070499
193,2017,2.24299924800868,0.081768204184202
194,2017,2.24094741190133,0.0814446529879976
195,2017,2.2389193104053,0.0810683629729473
196,2017,2.23692250479552,0.0806626331464955
197,2017,2.23496455634695,0.08025214500457
198,2017,2.23305302633453,0.0798617563415739
199,2017,2.23119547603319,0.0795153387135208
200,2017,2.22939946671788,0.0792346665938795
201,2017,2.22767255966355,0.079038384940927
202,2017,2.22602231614514,0.0789410966285298
203,2017,2.2244562974376,0.0789526190350909
204,2017,2.22298206481586,0.0790774577713745
205,2017,2.22160717955487,0.0793145344570173
206,2017,2.22033920292958,0.0796571863278039
207,2017,2.21918569621493,0.0800934321384524
208,2017,2.21815422068586,0.0806064763683545
209,2017,2.21725233761731,0.0811754068901727
210,2017,2.21648760828424,0.0817760331249518
211,2017,2.21586759396158,0.0823818130768502
212,2017,2.21539985592427,0.0829648272151661
213,2017,2.21509195544727,0.0834967724015584
214,2017,2.21495145380551,0.0839499671730665
215,2017,2.21498223628385,0.0843022945342343
216,2017,2.21517348420682,0.0845504615695914
217,2017,2.21551070290883,0.0846992166532668
218,2017,2.21597939772432,0.084756801686356
219,2017,2.21656507398773,0.0847342225743115
220,2017,2.21725323703348,0.0846446101778196
221,2017,2.21802939219601,0.084502646914863
222,2017,2.21887904480974,0.0843240388184295
223,2017,2.21978770020911,0.0841250177738832
224,2017,2.22074086372854,0.0839218637269939
225,2017,2.22172404070248,0.0837304417875654
226,2017,2.22272273646535,0.08356575423128
227,2017,2.22372245635157,0.0834415121981887
228,2017,2.22470870569559,0.0833697360586329
229,2017,2.22566698983184,0.0833603965426645
230,2017,2.22658281409473,0.0834211103803782
231,2017,2.22744168381872,0.083556904057242
232,2017,2.22822910433822,0.0837700572474157
233,2017,2.22893058098767,0.084060033740624
234,2017,2.2295316191015,0.0844235027194
235,2017,2.23001772401413,0.0848544477991333
236,2017,2.23037440106001,0.085344356129326
237,2017,2.23058715557356,0.0858824758092692
238,2017,2.23064149288922,0.0864561274119165
239,2017,2.23052291834141,0.0870510547522445
240,2017,2.23021693726456,0.0876518010983679
241,2017,2.22970905499311,0.0882420994949757
242,2017,2.22898477686149,0.0888052693199209
243,2017,2.22803045169495,0.0893251297324282
244,2017,2.22684223389956,0.0897921704371925
245,2017,2.22542260406256,0.0902025795753475
246,2017,2.22377414820753,0.0905545514214708
247,2017,2.22189945235806,0.0908479787084045
248,2017,2.21980110253774,0.0910842351639009
249,2017,2.21748168477017,0.0912659832688973
250,2017,2.21494378507892,0.0913970034630845
251,2017,2.2121899894876,0.0914820410494437
252,2017,2.20922288401979,0.0915266672366815
253,2017,2.20604505469908,0.0915371510397495
254,2017,2.20265908754906,0.0915203390956312
255,2017,2.19906756859331,0.0914835408253988
256,2017,2.19527308385543,0.0914344167774097
257,2017,2.19127821935901,0.0913808684201991
258,2017,2.18708556112764,0.0913309281190339
259,2017,2.1826976951849,0.0912926485277444
260,2017,2.17811720755438,0.0912739911534917
261,2017,2.17334668425968,0.0912827143962153
262,2017,2.16838871132438,0.0913262619084005
263,2017,2.16324587477208,0.0914116526382949
264,2017,2.15792076062635,0.0915453743778248
265,2017,2.1524159549108,0.0917332829983884
266,2017,2.14673404364901,0.0919805097870461
267,2017,2.14087761286457,0.092291379361751
268,2017,2.13484924858106,0.092669340527812
269,2017,2.12865153682209,0.0931169121353685
270,2017,2.12228706361123,0.0936356455246293
271,2017,2.11575841497209,0.0942261045361013
272,2017,2.10906817692823,0.0948878633668268
273,2017,2.10221893550327,0.0956195218305014
274,2017,2.09521327672078,0.0964187368913547
275,2017,2.08805378660435,0.0972822687453354
276,2017,2.08074305117758,0.0982060392615155
277,2017,2.07328365646405,0.0991852002987662
278,2017,2.06567818848735,0.100214209286046
279,2017,2.05792923327108,0.101286909490054
280,2017,2.05003937683881,0.102396612568622
281,2017,2.04201120521415,0.103536181290053
282,2017,2.03384730442067,0.104698110651957
283,2017,2.02555026048198,0.105874606022886
284,2017,2.01712265942165,0.107057657325661
285,2017,2.00856708726328,0.108239108658464
286,2017,1.99988613003046,0.109410723091677
287,2017,1.99108237374678,0.110564242675372
288,2017,1.98215840443582,0.111691443940725
289,2017,1.97311680812117,0.112784189379906
290,2017,1.96396017082643,0.113834475548048
291,2017,1.95469107857519,0.114834478554903
292,2017,1.94531211739103,0.115776597811149
293,2017,1.93582587329753,0.116653498973602
294,2017,1.92623493231831,0.117458157103474
295,2017,1.91654188047693,0.118183901120223
296,2017,1.9067493043282,0.118824506406816
297,2017,1.89685982229935,0.119376951512182
298,2017,1.88687610221991,0.119843009678184
299,2017,1.87680081616904,0.120225352549295
300,2017,1.86663663622594,0.120527123025236
301,2017,1.85638623446977,0.120751879565623
302,2017,1.84605228297971,0.120903546897186
303,2017,1.83563745383494,0.12098637193704
304,2017,1.82514441911463,0.121004883900485
305,2017,1.81457585089797,0.120963857694471
306,2017,1.80393442126413,0.120868279811821
307,2017,1.79322280229229,0.120723316040031
308,2017,1.78244366606162,0.1205342803855
309,2017,1.77159968465131,0.120306604692386
310,2017,1.76069353014053,0.12004580850802
311,2017,1.74972787460845,0.1197574688165
312,2017,1.73870539013426,0.119447189330999
313,2017,1.72762874879712,0.119120569105472
314,2017,1.71650062267623,0.11878317029919
315,2017,1.70532368385075,0.118440485003964
316,2017,1.69410060439987,0.118097901124272
317,2017,1.68283405640275,0.117760667384559
318,2017,1.67152671193859,0.117433857624592
319,2017,1.66018124308655,0.117122334631163
320,2017,1.64880032192581,0.116830713839959
321,2017,1.63738662053555,0.116563327321869
322,2017,1.62594281099494,0.116324188539492
323,2017,1.61447156538317,0.116116958418113
324,2017,1.60297555577941,0.115944913316794
325,2017,1.59145745426284,0.115810915505804
326,2017,1.57991993291264,0.115717386753428
327,2017,1.56836566380797,0.115666285596387
328,2017,1.55679731902803,0.115659088813373
329,2017,1.54521757065199,0.115696777541679
330,2017,1.53362909075901,0.115779828375688
331,2017,1.52203455142829,0.115908209667472
332,2017,1.510436624739,0.116081383119893
333,2017,1.49883798277032,0.116298310628102
334,2017,1.48724129760142,0.116557466193229
335,2017,1.47564924131148,0.116856852609358
336,2017,1.46406448597967,0.11719402251762
337,2017,1.45248970368519,0.117566103334387
338,2017,1.44092756650719,0.11796982549756
339,2017,1.42938074652486,0.118401553437498
340,2017,1.41785191581738,0.118857318667326
341,2017,1.40634374646393,0.119332854399732
342,2017,1.39485891054367,0.119823631131313
343,2017,1.3834000801358,0.12032489268742
344,2017,1.37196992731948,0.120831692286411
345,2017,1.36057112417389,0.121338928257985
346,2017,1.34920634277822,0.121841379131983
347,2017,1.33787825521163,0.122333737898186
348,2017,1.3265895335533,0.122810645321356
349,2017,1.31534284988242,0.123266722276841
350,2017,1.30414087627815,0.123696601149144
351,2017,1.29298628481969,0.124094956408158
352,2017,1.28188174758619,0.124456534545264
353,2017,1.27082993665685,0.124776183614569
354,2017,1.25983352411083,0.125048882684356
355,2017,1.24889518202732,0.125269771561411
356,2017,1.2380175824855,0.125434181208061
357,2017,1.22720339756453,0.125537665330251
358,2017,1.2164552993436,0.125576033676707
359,2017,1.20577595990188,0.125545387656281
360,2017,1.19516805131856,0.125442158954932
361,2017,1.1846342456728,0.125263151917451
362,2017,1.17417721504379,0.125005590553769
363,2017,1.1637996315107,0.124667171136907
364,2017,1.15350416715272,0.124246121480173
365,2017,1.14329381883988,0.123742418743116
1,2018,1.17595231233405,0.127971027091191
2,2018,1.16541850668829,0.127799808118042
3,2018,1.15496147605928,0.127551401751161
4,2018,1.1445838925262,0.127223579456103
5,2018,1.13428842816821,0.126814640344333
6,2018,1.12407807985537,0.12632460459292
7,2018,1.1139571436212,0.125758578892238
8,2018,1.10393024029008,0.125123236723552
9,2018,1.09400199068642,0.12442562614121
10,2018,1.0841770156346,0.123673123076235
11,2018,1.07445993595901,0.122873385774212
12,2018,1.06485537248404,0.122034309310363
13,2018,1.05536794603409,0.121163979211058
14,2018,1.04600227743354,0.120270623301904
15,2018,1.03676298750679,0.11936256100524
16,2018,1.02765469707822,0.118448149431424
17,2018,1.01868202697223,0.117535725755477
18,2018,1.0098495980132,0.116633545548971
19,2018,1.00116203102554,0.1157497169504
20,2018,0.992623946833619,0.114892130806605
21,2018,0.984239966261842,0.114068387200632
22,2018,0.976014710134597,0.113285719090549
23,2018,0.967952799276272,0.112550914107058
24,2018,0.960058854511261,0.111870235877856
25,2018,0.952337496663953,0.111249346541655
26,2018,0.944793346558739,0.110693232359305
27,2018,0.93743102502001,0.11020613449753
28,2018,0.930255152872156,0.109791487128114
29,2018,0.923270350939569,0.109451864933503
30,2018,0.916481240046639,0.109188941928586
31,2018,0.909892441017758,0.10900346319951
32,2018,0.903508574677316,0.108895230737776
33,2018,0.897334261849704,0.108863104037995
34,2018,0.891374123359313,0.108905015566931
35,2018,0.885632780030534,0.109018000642289
36,2018,0.880114852687756,0.109198240725948
37,2018,0.874824962155373,0.109441118677563
38,2018,0.869767729257772,0.109741284162278
39,2018,0.864947774819347,0.110092727180306
40,2018,0.860369719664488,0.110488857593504
41,2018,0.856038184617585,0.11092258855947
42,2018,0.851957790503029,0.111386421931656
43,2018,0.848133158145212,0.111872533922033
44,2018,0.844568908368524,0.112372859624884
45,2018,0.841269661997355,0.112879175340037
46,2018,0.838240039856097,0.113383177987464
47,2018,0.835484662769141,0.113876561253154
48,2018,0.833008151560877,0.114351088434361
49,2018,0.830815127055696,0.114798662251939
50,2018,0.828910210077989,0.115211392164975
51,2018,0.827298021452147,0.115581659958731
52,2018,0.82598318200256,0.115902184585116
53,2018,0.824970312553621,0.116166087421355
54,2018,0.824264033929718,0.116366959284906
55,2018,0.823868966955243,0.116498930708532
56,2018,0.823789732454588,0.11655674714642
57,2018,0.824030943597802,0.116535865221973
58,2018,0.82459597068168,0.116434833854007
59,2018,0.825485577700656,0.116257814295582
60,2018,0.826700200469389,0.116010223769227
61,2018,0.828240274802538,0.115698025736186
62,2018,0.830106236514764,0.115327640735344
63,2018,0.832298521420726,0.114905862966376
64,2018,0.834817565335083,0.114439780975368
65,2018,0.837663804072494,0.113936701041298
66,2018,0.840837673447621,0.113404072097219
67,2018,0.844339609275122,0.112849411256206
68,2018,0.848170047369657,0.112280229254185
69,2018,0.852329423545885,0.111703955373263
70,2018,0.856818173618466,0.111127861671643
71,2018,0.861636733402059,0.110558986618638
72,2018,0.866785538711324,0.110004058511482
73,2018,0.87226502536092,0.109469419326914
74,2018,0.878075629165508,0.108960949924227
75,2018,0.884217785939747,0.108483997753692
76,2018,0.890691931498296,0.10804330841966
77,2018,0.897498501655814,0.107642962585062
78,2018,0.904637932226961,0.107286319768963
79,2018,0.912110659026398,0.106975970569952
80,2018,0.919917117868784,0.106713698739647
81,2018,0.928057744568777,0.106500454333298
82,2018,0.936532974941038,0.106336338887223
83,2018,0.945343244800226,0.106220603231738
84,2018,0.954488989961001,0.106151658166278
85,2018,0.963970646238022,0.106127097827753
86,2018,0.97378864944595,0.106143735202662
87,2018,0.983943435399442,0.106197648895895
88,2018,0.994435439913159,0.106284239997727
89,2018,1.00526509880176,0.106398297702687
90,2018,1.01643284787991,0.106534072239145
91,2018,1.02793912296226,0.106685353668669
92,2018,1.03978435986347,0.106845555204213
93,2018,1.05196899439821,0.107007799865391
94,2018,1.06449346238113,0.107165009523392
95,2018,1.07735819962689,0.107309995671837
96,2018,1.09056364195015,0.107435551577985
97,2018,1.10411022516557,0.107534545807816
98,2018,1.11799838508781,0.107600017468407
99,2018,1.13222855753154,0.107625273864546
100,2018,1.1468011783114,0.107603991619861
101,2018,1.16171668324207,0.107530322664807
102,2018,1.17697550813819,0.107399006845003
103,2018,1.19257808881443,0.107205493254546
104,2018,1.20852486108545,0.106946072748998
105,2018,1.2248162607659,0.106618024436597
106,2018,1.24145272367046,0.106219779270694
107,2018,1.25843468561377,0.105751104145545
108,2018,1.27576245063959,0.105213373779254
109,2018,1.29342841653748,0.104613428548018
110,2018,1.31141272640298,0.103965046794607
111,2018,1.32969446916441,0.103282930069249
112,2018,1.34825273375008,0.102581914675004
113,2018,1.36706660908831,0.101876706049791
114,2018,1.38611518410741,0.101181610640975
115,2018,1.4053775477357,0.10051026584522
116,2018,1.4248327889015,0.0998753707267776
117,2018,1.44445999653312,0.0992884223177847
118,2018,1.46423825955888,0.0987594641803816
119,2018,1.4841466669071,0.0982968553722262
120,2018,1.50416430750608,0.0979070687970948
121,2018,1.52427027028415,0.0975945279669146
122,2018,1.54444364416962,0.0973614903539956
123,2018,1.5646635180908,0.097207983788866
124,2018,1.58490898097602,0.0971317999067318
125,2018,1.60515912175359,0.097128545731329
126,2018,1.62539302935183,0.0971917514580978
127,2018,1.64558979269905,0.097313029731896
128,2018,1.66572850072356,0.0974822795392288
129,2018,1.68578824235369,0.0976879264868469
130,2018,1.70574810651774,0.0979171908268452
131,2018,1.72558718214404,0.0981563750943483
132,2018,1.7452845581609,0.0983911645250041
133,2018,1.76481932349664,0.0986069353300004
134,2018,1.78417056707957,0.0987890682216745
135,2018,1.80331737783801,0.098923267118102
136,2018,1.82223884470028,0.09899588557034
137,2018,1.84091405659468,0.0989942660662504
138,2018,1.85932210244954,0.0989070999356002
139,2018,1.87744207119317,0.098724818111595
140,2018,1.89525305175389,0.0984400254983262
141,2018,1.91273420322858,0.0980481116080502
142,2018,1.92986889482797,0.0975545524323635
143,2018,1.94664702143928,0.0969780149257525
144,2018,1.96305903929823,0.0963393534845517
145,2018,1.97909540464054,0.0956600397164017
146,2018,1.99474657370194,0.0949615673958553
147,2018,2.01000300271815,0.0942648660009769
148,2018,2.0248551479249,0.0935897214356573
149,2018,2.03929346555792,0.0929542097360039
150,2018,2.05330841185292,0.0923741563604039
151,2018,2.06689044304564,0.0918626394032861
152,2018,2.0800300153718,0.0914295589489867
153,2018,2.09271758506712,0.0910812960361505
154,2018,2.10494360836732,0.0908204828494445
155,2018,2.11669854150814,0.0906459007921264
156,2018,2.1279728407253,0.0905525156133474
157,2018,2.13875696225452,0.090531649907699
158,2018,2.14904136233153,0.090571284541042
159,2018,2.15881649719206,0.0906564733606096
160,2018,2.16807282307181,0.090769851071589
161,2018,2.17680079620653,0.0908922130180893
162,2018,2.18499087283194,0.0910031478122711
163,2018,2.19263350918376,0.0910817088499892
164,2018,2.19971916149772,0.0911071180065615
165,2018,2.20623828600954,0.0910595034576065
166,2018,2.21218133895494,0.0909206829894464
167,2018,2.21754252531638,0.0906775476181715
168,2018,2.22233702695002,0.0903344803787244
169,2018,2.22658731819588,0.0899039954965148
170,2018,2.23031588071578,0.0894010471322086
171,2018,2.23354519617149,0.0888422708660796
172,2018,2.23629774622482,0.0882452883672143
173,2018,2.23859601253757,0.0876280532438336
174,2018,2.24046247677152,0.0870082278555196
175,2018,2.24191962058848,0.0864025879252363
176,2018,2.24298992565025,0.0858264587356025
177,2018,2.24369587361861,0.0852931930631856
178,2018,2.24405994615536,0.0848137061863602
179,2018,2.24410462492231,0.0843960866268769
180,2018,2.24385239158124,0.0840453021766248
181,2018,2.24332572779395,0.0837630189211407
182,2018,2.24254711522224,0.0835475465367378
183,2018,2.24153903552791,0.0833939167434031
184,2018,2.24032397037275,0.0832940945024558
185,2018,2.23892440141855,0.0832373146434607
186,2018,2.23736281032712,0.0832105313273691
187,2018,2.23566167876024,0.0831989650328218
188,2018,2.23384348837973,0.0831867320508125
189,2018,2.23193072084736,0.0831575447551408
190,2018,2.22994585782494,0.0830954767484602
191,2018,2.22791138097426,0.0829857946897574
192,2018,2.22584977195712,0.0828158674107616
193,2018,2.22378350902417,0.0825761769822688
194,2018,2.22173167291682,0.0822662946513036
195,2018,2.21970357142079,0.0819040697828628
196,2018,2.21770676581102,0.0815125270911377
197,2018,2.21574881736244,0.0811160381487538
198,2018,2.21383728735002,0.0807391257488554
199,2018,2.21197973704868,0.0804053149094867
200,2018,2.21018372773337,0.0801360385067033
201,2018,2.20845682067905,0.0799496234467712
202,2018,2.20680657716064,0.0798603972759425
203,2018,2.20524055845309,0.0798779624183953
204,2018,2.20376632583135,0.0800066837497901
205,2018,2.20239144057037,0.0802454244682172
206,2018,2.20112346394508,0.0805875468880578
207,2018,2.19996995723042,0.0810211725397017
208,2018,2.19893848170135,0.0815296745768116
209,2018,2.19803659863281,0.0820923594452699
210,2018,2.19727186929973,0.082685286982622
211,2018,2.19665185497707,0.083282179366875
212,2018,2.19618411693976,0.0838553784284932
213,2018,2.19587621646276,0.0843768254055751
214,2018,2.195735714821,0.0848190546552074
215,2018,2.19576649729935,0.0851601189884534
216,2018,2.19595774522231,0.0853968170746683
217,2018,2.19629496392432,0.0855339371095282
218,2018,2.19676365873982,0.0855797282738001
219,2018,2.19734933500322,0.0855451810149843
220,2018,2.19803749804897,0.0854433960173119
221,2018,2.1988136532115,0.0852890175971728
222,2018,2.19966330582523,0.08509771175057
223,2018,2.2005719612246,0.0848856738607564
224,2018,2.20152512474404,0.084669156007692
225,2018,2.20250830171797,0.0844640088293956
226,2018,2.20350699748084,0.0842852378508515
227,2018,2.20450671736707,0.0841465789021306
228,2018,2.20549296671109,0.0840601013636399
229,2018,2.20645125084733,0.08403585109066
230,2018,2.20736707511023,0.0840815465620187
231,2018,2.20822594483421,0.0842023417471933
232,2018,2.20901336535371,0.0844006672776177
233,2018,2.20971484200316,0.0846761579109707
234,2018,2.21031588011699,0.0850256694586465
235,2018,2.21080198502963,0.0854433830046793
236,2018,2.2111586620755,0.0859209891754956
237,2018,2.21137141658906,0.0864479411558744
238,2018,2.21142575390471,0.0870117626116256
239,2018,2.2113071793569,0.0875983959080407
240,2018,2.21100119828006,0.088192576945551
241,2018,2.21049331600861,0.0887782252814375
242,2018,2.20976903787699,0.0893388415545503
243,2018,2.20881471271045,0.0898584111968549
244,2018,2.20762649491506,0.090327454431031
245,2018,2.20620686507805,0.0907421008738914
246,2018,2.20455840922302,0.0911004830363607
247,2018,2.20268371337355,0.0914024312283957
248,2018,2.20058536355323,0.0916492565022536
249,2018,2.19826594578566,0.0918435582502924
250,2018,2.19572804609442,0.0919890528267279
251,2018,2.1929742505031,0.0920904195619616
252,2018,2.19000714503528,0.0921531607060509
253,2018,2.18682931571457,0.0921834721066394
254,2018,2.18344334856455,0.0921881217567451
255,2018,2.1798518296088,0.0921743337189317
256,2018,2.17605734487093,0.0921496753362392
257,2018,2.1720624803745,0.0921219460749389
258,2018,2.16786982214313,0.0920990668099023
259,2018,2.16348195620039,0.0920889688588605
260,2018,2.15890146856987,0.0920994825916122
261,2018,2.15413094527517,0.0921382259725687
262,2018,2.14917297233987,0.0922124939208198
263,2018,2.14403013578757,0.0923291498648261
264,2018,2.13870502164185,0.0924945212967865
265,2018,2.13320021592629,0.0927143014597646
266,2018,2.1275183046645,0.0929934594952978
267,2018,2.12166187388006,0.093336161413444
268,2018,2.11563350959656,0.0937457041055634
269,2018,2.10943579783758,0.0942244643027122
270,2018,2.10307132462673,0.0947738639072065
271,2018,2.09654267598758,0.0953943525267995
272,2018,2.08985243794373,0.0960854073690272
273,2018,2.08300319651876,0.0968455499647998
274,2018,2.07599753773627,0.0976723785434445
275,2018,2.06883804761984,0.0985626143280283
276,2018,2.06152731219307,0.0995121595993843
277,2018,2.05406791747954,0.100516165113052
278,2018,2.04646244950284,0.101569104351074
279,2018,2.03871349428657,0.10266485214009
280,2018,2.0308236378543,0.103796765345699
281,2018,2.02279546622964,0.104957763630007
282,2018,2.01463156543617,0.106140408600924
283,2018,2.00633452149747,0.10733698005543
284,2018,1.99790692043715,0.108539548396352
285,2018,1.98935134827878,0.109740042660874
286,2018,1.98067039104596,0.110930313923697
287,2018,1.97186663476227,0.112102194119639
288,2018,1.96294266545131,0.113247550566455
289,2018,1.95390106913667,0.114358336660321
290,2018,1.94474443184193,0.115426639368354
291,2018,1.93547533959068,0.116444724261617
292,2018,1.92609637840652,0.117405078926042
293,2018,1.91661013431303,0.11830045566582
294,2018,1.9070191933338,0.119123914481994
295,2018,1.89732614149242,0.119868867375843
296,2018,1.88753356534369,0.120529170410363
297,2018,1.87764408331484,0.121101856837024
298,2018,1.8676603632354,0.121588712854998
299,2018,1.85758507718454,0.12199241303678
300,2018,1.84742089724143,0.122316096723055
301,2018,1.83717049548526,0.122563312680942
302,2018,1.8268365439952,0.122737970037348
303,2018,1.81642171485043,0.122844294328015
304,2018,1.80592868013013,0.122886787654968
305,2018,1.79536011191347,0.122870192075608
306,2018,1.78471868227963,0.122799455459255
307,2018,1.77400706330778,0.12267969914482
308,2018,1.76322792707712,0.122516186819788
309,2018,1.7523839456668,0.122314294118855
310,2018,1.74147779115602,0.122079478513151
311,2018,1.73051213562394,0.121817249130442
312,2018,1.71948965114975,0.121533136215194
313,2018,1.70841300981262,0.121232660006635
314,2018,1.69728488369172,0.120921298884272
315,2018,1.68610794486625,0.120604456704544
316,2018,1.67488486541536,0.120287429329591
317,2018,1.66361831741825,0.119975370429204
318,2018,1.65231097295408,0.119673256718657
319,2018,1.64096550410204,0.119385852876716
320,2018,1.6295845829413,0.119117676467055
321,2018,1.61817088155104,0.118872963259718
322,2018,1.60672707201043,0.118655633413556
323,2018,1.59525582639867,0.118469259032235
324,2018,1.58375981679491,0.11831703364171
325,2018,1.57224171527834,0.118201744152937
326,2018,1.56070419392813,0.118125745867446
327,2018,1.54914992482347,0.118090941053918
328,2018,1.53758158004352,0.118098761570864
329,2018,1.52600183166748,0.118150155935303
330,2018,1.51441335177451,0.118245581142734
331,2018,1.50281881244379,0.118384999433977
332,2018,1.4912208857545,0.118567880084817
333,2018,1.47962224378581,0.118793206171042
334,2018,1.46802555861691,0.119059486140595
335,2018,1.45643350232697,0.119364769912474
336,2018,1.44484874699517,0.119706669124034
337,2018,1.43327396470068,0.120082381068913
338,2018,1.42171182752268,0.120488715810017
339,2018,1.41016500754036,0.120922125917323
340,2018,1.39863617683288,0.121378738268861
341,2018,1.38712800747942,0.121854387363915
342,2018,1.37564317155917,0.122344649627767
343,2018,1.36418434115129,0.122844878234356
344,2018,1.35275418833497,0.123350238033181
345,2018,1.34135538518938,0.123855740236261
346,2018,1.32999060379371,0.124356276596194
347,2018,1.31866251622712,0.124846652884384
348,2018,1.30737379456879,0.125321621556538
349,2018,1.29612711089791,0.125775913568698
350,2018,1.28492513729365,0.12620426937991
351,2018,1.27377054583518,0.126601469246523
352,2018,1.26266600860169,0.126962362977798
353,2018,1.25161419767234,0.127281899383466
354,2018,1.24061778512633,0.127555155701872
355,2018,1.22967944304282,0.127777367353478
356,2018,1.21880184350099,0.127943958420258
357,2018,1.20798765858002,0.128050573308447
358,2018,1.19723956035909,0.128093110111981
359,2018,1.18656022091738,0.128067756258537
360,2018,1.17595231233405,0.127971027091191
361,2018,1.16541850668829,0.127799808118042
362,2018,1.15496147605928,0.127551401751161
363,2018,1.1445838925262,0.127223579456103
364,2018,1.13428842816821,0.126814640344333
365,2018,1.12407807985537,0.12632460459292
1,2019,1.15477310595792,0.130818673181117
2,2019,1.14423930031216,0.130655865389375
3,2019,1.13378226968315,0.130417440672581
4,2019,1.12340468615006,0.130101252294609
5,2019,1.11310922179208,0.129705676856217
6,2019,1.10289887347924,0.129230780551345
7,2019,1.09277793724506,0.128681604876731
8,2019,1.08275103391395,0.128064723831696
9,2019,1.07282278431029,0.127387076968902
10,2019,1.06299780925847,0.126655921892477
11,2019,1.05328072958288,0.125878787880746
12,2019,1.04367616610791,0.125063429634529
13,2019,1.03418873965796,0.124217780242409
14,2019,1.02482307105741,0.1233499025499
15,2019,1.01558378113065,0.12246793822629
16,2019,1.00647549070209,0.12158005394734
17,2019,0.997502820596094,0.120694384259423
18,2019,0.988670391637069,0.119818970865562
19,2019,0.979982824649403,0.118961698278609
20,2019,0.971444740457487,0.11813022602168
21,2019,0.96306075988571,0.117331917817357
22,2019,0.954835503758464,0.116573768488078
23,2019,0.94677359290014,0.115862329578809
24,2019,0.938879648135128,0.115203634993784
25,2019,0.93115829028782,0.114603128192408
26,2019,0.923614140182606,0.114065592693668
27,2019,0.916251818643877,0.113595087771582
28,2019,0.909075946496023,0.113194891266757
29,2019,0.902091144563436,0.112867451376356
30,2019,0.895302033670507,0.112614349109735
31,2019,0.888713234641626,0.112436272812506
32,2019,0.882329368301184,0.112333005781058
33,2019,0.876155055473572,0.11230342753595
34,2019,0.870194916983181,0.112345528827503
35,2019,0.864453573654401,0.112456439946483
36,2019,0.858935646311624,0.112632471444077
37,2019,0.85364575577924,0.112869165961829
38,2019,0.84858852288164,0.113161359560605
39,2019,0.843768568443214,0.113503250734845
40,2019,0.839190513288355,0.113888475210868
41,2019,0.834858978241453,0.114310184651945
42,2019,0.830778584126897,0.114761127515889
43,2019,0.82695395176908,0.115233730514404
44,2019,0.823389701992391,0.115720179385798
45,2019,0.820090455621223,0.116212497991365
46,2019,0.817060833479965,0.116702625060519
47,2019,0.814305456393009,0.117182488223208
48,2019,0.811828945184744,0.117644075267653
49,2019,0.809635920679564,0.118079502838573
50,2019,0.807731003701857,0.118481083041968
51,2019,0.806118815076015,0.118841388646869
52,2019,0.804803975626428,0.119153317774987
53,2019,0.803791106177488,0.119410159150628
54,2019,0.803084827553585,0.119605659151526
55,2019,0.802689760579111,0.119734092062952
56,2019,0.802610526078455,0.119790335098604
57,2019,0.80285173722167,0.11976996376933
58,2019,0.803416764305548,0.119671565576121
59,2019,0.804306371324524,0.11949918695842
60,2019,0.805520994093256,0.119258101444243
61,2019,0.807061068426406,0.118954118394742
62,2019,0.808927030138631,0.118593494295352
63,2019,0.811119315044593,0.118182849656776
64,2019,0.81363835895895,0.117729089990773
65,2019,0.816484597696362,0.1172393295551
66,2019,0.819658467071489,0.11672081678798
67,2019,0.82316040289899,0.116180860579277
68,2019,0.826990840993525,0.115626756757131
69,2019,0.831150217169752,0.11506571440769
70,2019,0.835638967242333,0.114504781892473
71,2019,0.840457527025926,0.113950772681356
72,2019,0.845606332335191,0.113410191374679
73,2019,0.851085818984788,0.112889160538664
74,2019,0.856896422789376,0.112393349214079
75,2019,0.863038579563615,0.111927904167
76,2019,0.869512725122163,0.111497385119114
77,2019,0.876319295279681,0.11110570530977
78,2019,0.883458725850829,0.110756078790918
79,2019,0.890931452650266,0.110450975830277
80,2019,0.898737911492651,0.110192087693297
81,2019,0.906878538192645,0.109980301892553
82,2019,0.915353768564905,0.109815688742184
83,2019,0.924164038424093,0.109697499749721
84,2019,0.933309783584869,0.109624178037804
85,2019,0.94279143986189,0.10959338063766
86,2019,0.952609443069817,0.109602012159494
87,2019,0.962764229023309,0.109646269045943
88,2019,0.973256233537027,0.109721693373624
89,2019,0.984085892425629,0.10982323499959
90,2019,0.995253641503775,0.109945320762786
91,2019,1.00675991658613,0.11008192944751
92,2019,1.01860515348734,0.110226671292611
93,2019,1.03078978802207,0.110372870978049
94,2019,1.04331425600499,0.110513653227953
95,2019,1.05617899325075,0.110642030423111
96,2019,1.06938443557402,0.110750991903157
97,2019,1.08293101878944,0.110833594947838
98,2019,1.09681917871168,0.110883057748545
99,2019,1.11104935115541,0.110892855009156
100,2019,1.12562197193527,0.110856817145322
101,2019,1.14053747686593,0.110769234381983
102,2019,1.15579630176205,0.110624967379822
103,2019,1.1713988824383,0.110419566352524
104,2019,1.18734565470931,0.11014940096622
105,2019,1.20363705438977,0.109811803634776
106,2019,1.22027351729432,0.109405229126754
107,2019,1.23725547923763,0.108929433657288
108,2019,1.25458324426346,0.108385738782215
109,2019,1.27224921016135,0.107780783533835
110,2019,1.29023352002685,0.107127954050094
111,2019,1.30851526278828,0.106441528262126
112,2019,1.32707352737395,0.105735906919292
113,2019,1.34588740271217,0.105025354600081
114,2019,1.36493597773128,0.104323739674317
115,2019,1.38419834135957,0.103644273796665
116,2019,1.40365358252537,0.102999253459788
117,2019,1.42328079015699,0.102399808019598
118,2019,1.44305905318275,0.101855660281187
119,2019,1.46296746053096,0.101374907029623
120,2019,1.48298510112995,0.100963827628621
121,2019,1.50309106390801,0.10062672884589
122,2019,1.52326443779348,0.100365833316307
123,2019,1.54348431171467,0.100181217538505
124,2019,1.56372977459989,0.100070803142305
125,2019,1.58397991537746,0.100030402591108
126,2019,1.6042138229757,0.100053817793468
127,2019,1.62441058632291,0.100132987613389
128,2019,1.64454929434743,0.100258178280675
129,2019,1.66460903597755,0.100418209425154
130,2019,1.68456890014161,0.100600708001684
131,2019,1.70440797576791,0.100792382737047
132,2019,1.72410535178477,0.100979312824408
133,2019,1.74364011712051,0.101147246265613
134,2019,1.76299136070344,0.101281905343602
135,2019,1.78213817146188,0.101369299034905
136,2019,1.80105963832414,0.101396044618181
137,2019,1.81973485021855,0.101349703216741
138,2019,1.83814289607341,0.101219136491812
139,2019,1.85626286481704,0.100994894169146
140,2019,1.87407384537776,0.100669644529389
141,2019,1.89155499685245,0.100238777994833
142,2019,1.90868968845184,0.0997075975807144
143,2019,1.92546781506315,0.0990943937133351
144,2019,1.94187983292209,0.0984196280165251
145,2019,1.9579161982644,0.097704389421467
146,2019,1.9735673673258,0.0969698101127793
147,2019,1.98882379634202,0.0962364907616758
148,2019,2.00367594154877,0.0955239335747913
149,2019,2.01811425918179,0.0948499884830748
150,2019,2.03212920547679,0.09423032424448
151,2019,2.04571123666951,0.0936779417211673
152,2019,2.05885080899566,0.0932027503733168
153,2019,2.07153837869098,0.0928112303767446
154,2019,2.08376440199119,0.092506201248357
155,2019,2.09551933513201,0.0922867134135646
156,2019,2.10679363434917,0.0921480722788925
157,2019,2.11757775587839,0.0920819961004569
158,2019,2.1278621559554,0.092076900613234
159,2019,2.13763729081592,0.092118296394674
160,2019,2.14689361669568,0.0921892804030493
161,2019,2.1556215898304,0.0922711016995087
162,2019,2.16381166645581,0.0923437831287699
163,2019,2.17145430280763,0.0923867853284615
164,2019,2.17853995512159,0.0923797062144829
165,2019,2.1850590796334,0.0923030173346883
166,2019,2.19100213257881,0.0921388475798352
167,2019,2.19636331894024,0.0918743067079884
168,2019,2.20115782057388,0.0915136276897492
169,2019,2.20540811181975,0.0910690414829974
170,2019,2.20913667433964,0.0905552115560495
171,2019,2.21236598979536,0.0899884787977019
172,2019,2.21511853984869,0.0893861682696177
173,2019,2.21741680616144,0.0887659368505872
174,2019,2.21928327039539,0.0881451522366746
175,2019,2.22074041421235,0.0875403005893071
176,2019,2.22181071927411,0.0869664268413781
177,2019,2.22251666724248,0.0864366178054884
178,2019,2.22288073977923,0.0859615431767409
179,2019,2.22292541854617,0.085549072638495
180,2019,2.22267318520511,0.0852039880192727
181,2019,2.22214652141782,0.084927807545872
182,2019,2.22136790884611,0.0847187348467896
183,2019,2.22035982915178,0.0845717391123099
184,2019,2.21914476399662,0.0844787657457372
185,2019,2.21774519504242,0.0844290701827577
186,2019,2.21618360395099,0.0844096624954638
187,2019,2.21448247238411,0.0844058478166715
188,2019,2.21266428200359,0.0844018479502679
189,2019,2.21075151447123,0.0843814927332304
190,2019,2.20876665144881,0.0843289753625266
191,2019,2.20673217459813,0.0842296733409736
192,2019,2.20467056558099,0.0840710451767912
193,2019,2.20260430264804,0.0838436266117709
194,2019,2.20055246654069,0.083546929252357
195,2019,2.19852436504466,0.0831985067022199
196,2019,2.19652755943489,0.0828210002941714
197,2019,2.19456961098631,0.0824383550223508
198,2019,2.19265808097389,0.0820746403615721
199,2019,2.19080053067255,0.0817529211411223
200,2019,2.18900452135724,0.0814941863010372
201,2019,2.18727761430291,0.0813163602690839
202,2019,2.1856273707845,0.0812334347392292
203,2019,2.18406135207696,0.081254765282058
204,2019,2.18258711945522,0.081384575619622
205,2019,2.18121223419424,0.0816217021803638
206,2019,2.17994425756894,0.0819595943178406
207,2019,2.17879075085429,0.0823865647553961
208,2019,2.17775927532522,0.0828862648059592
209,2019,2.17685739225667,0.0834383438378632
210,2019,2.1760926629236,0.0840192450406215
211,2019,2.17547264860094,0.0846030905561123
212,2019,2.17500491056363,0.0851626174466959
213,2019,2.17469701008663,0.0856701396301426
214,2019,2.17455650844487,0.0860985274321533
215,2019,2.17458729092321,0.0864260936236839
216,2019,2.17477853884618,0.0866497259267888
217,2019,2.17511575754819,0.086774216383026
218,2019,2.17558445236368,0.0868077748547367
219,2019,2.17617012862709,0.0867613214251661
220,2019,2.17685829167284,0.0866478650131267
221,2019,2.17763444683537,0.086481944801398
222,2019,2.1784840994491,0.0862791153708825
223,2019,2.17939275484847,0.0860554610238999
224,2019,2.1803459183679,0.0858271295304069
225,2019,2.18132909534184,0.0856098803622381
226,2019,2.18232779110471,0.0854186472774679
227,2019,2.18332751099093,0.0852671196717306
228,2019,2.18431376033495,0.0851673511106498
229,2019,2.1852720444712,0.0851294065035776
230,2019,2.1861878687341,0.0851610610707107
231,2019,2.18704673845808,0.0852675642802264
232,2019,2.18783415897758,0.0854514801695217
233,2019,2.18853563562703,0.0857126120635062
234,2019,2.18913667374086,0.0860480150959915
235,2019,2.18962277865349,0.0864520947860493
236,2019,2.18997945569937,0.0869167849808979
237,2019,2.19019221021292,0.0874317944605368
238,2019,2.19024654752858,0.0879849089278376
239,2019,2.19012797298077,0.0885623342294113
240,2019,2.18982199190392,0.0891490674333142
241,2019,2.18931410963247,0.0897292845696627
242,2019,2.18858983150085,0.0902867370298812
243,2019,2.18763550633431,0.0908056417616286
244,2019,2.18644728853892,0.0912765846999159
245,2019,2.18502765870192,0.0916956472336595
246,2019,2.18337920284689,0.0920609018838655
247,2019,2.18150450699742,0.0923721114016761
248,2019,2.1794061571771,0.0926305131875415
249,2019,2.17708673940953,0.0928386275650703
250,2019,2.17454883971829,0.0930000864711946
251,2019,2.17179504412696,0.0931194790946579
252,2019,2.16882793865915,0.0932022111401344
253,2019,2.16565010933844,0.0932543746476003
254,2019,2.16226414218842,0.093282625615613
255,2019,2.15867262323267,0.0932940670412359
256,2019,2.15487813849479,0.0932961353884633
257,2019,2.15088327399837,0.093296488927388
258,2019,2.146690615767,0.093302896846235
259,2019,2.14230274982426,0.0933231285246422
260,2019,2.13772226219374,0.0933648428620782
261,2019,2.13295173889904,0.0934354780671903
262,2019,2.12799376596374,0.093542142812689
263,2019,2.12285092941144,0.0936915101203402
264,2019,2.11752581526571,0.0938897157313433
265,2019,2.11202100955016,0.0941422630066975
266,2019,2.10633909828837,0.0944539365603167
267,2019,2.10048266750393,0.0948287268317863
268,2019,2.09445430322043,0.0952697676443129
269,2019,2.08825659146145,0.0957792884698858
270,2019,2.0818921182506,0.0963585826575203
271,2019,2.07536346961145,0.0970079923065676
272,2019,2.06867323156759,0.0977269098322709
273,2019,2.06182399014263,0.0985137956282608
274,2019,2.05481833136014,0.0993662106336761
275,2019,2.04765884124371,0.100280862107577
276,2019,2.04034810581694,0.10125366053496
277,2019,2.03288871110341,0.102279785356561
278,2019,2.02528324312671,0.103353757132461
279,2019,2.01753428791044,0.104469513806815
280,2019,2.00964443147817,0.105620488916111
281,2019,2.00161625985351,0.106799689847896
282,2019,1.99345235906003,0.10799977457979
283,2019,1.98515531512134,0.109213125680105
284,2019,1.97672771406101,0.110431920705573
285,2019,1.96817214190264,0.11164819846837
286,2019,1.95949118466982,0.112853920949837
287,2019,1.95068742838614,0.114041030903905
288,2019,1.94176345907518,0.115201505416607
289,2019,1.93272186276053,0.116327405870394
290,2019,1.92356522546579,0.117410924907603
291,2019,1.91429613321455,0.118444431102544
292,2019,1.90491717203039,0.119420512143451
293,2019,1.8954309279369,0.120332017401503
294,2019,1.88583998695767,0.121172100831621
295,2019,1.87614693511629,0.12193426521578
296,2019,1.86635435896756,0.122612453657368
297,2019,1.85646487693871,0.123203753523667
298,2019,1.84648115685927,0.123709953655394
299,2019,1.83640587080841,0.12413372007616
300,2019,1.8262416908653,0.124478176821516
301,2019,1.81599128910913,0.124746851028945
302,2019,1.80565733761907,0.124943624153541
303,2019,1.7952425084743,0.125072688184027
304,2019,1.784749473754,0.125138505881629
305,2019,1.77418090553733,0.125145774191728
306,2019,1.76353947590349,0.125099390088467
307,2019,1.75282785693165,0.125004418208778
308,2019,1.74204872070099,0.124866059717756
309,2019,1.73120473929067,0.12468962192464
310,2019,1.72029858477989,0.124480488240664
311,2019,1.70933292924781,0.124244088138767
312,2019,1.69831044477362,0.123985866842727
313,2019,1.68723380343648,0.123711254541155
314,2019,1.67610567731559,0.123425634991152
315,2019,1.66492873849011,0.123134313447979
316,2019,1.65370565903923,0.122842483930839
317,2019,1.64243911104212,0.122555195910524
318,2019,1.63113176657795,0.122277320581026
319,2019,1.61978629772591,0.122013516952632
320,2019,1.60840537656517,0.12176819807629
321,2019,1.59699167517491,0.121545497775345
322,2019,1.5855478656343,0.121349238318025
323,2019,1.57407662002253,0.121182899509185
324,2019,1.56258061041877,0.121049589709541
325,2019,1.5510625089022,0.12095201930235
326,2019,1.539524987552,0.120892477119153
327,2019,1.52797071844733,0.120872810306668
328,2019,1.51640237366739,0.120894408066363
329,2019,1.50482262529135,0.120958189627909
330,2019,1.49323414539837,0.121064596730334
331,2019,1.48163960606765,0.121213590784047
332,2019,1.47004167937836,0.121404654777761
333,2019,1.45844303740968,0.121636799882167
334,2019,1.44684635224078,0.121908576592466
335,2019,1.43525429595084,0.122218090150194
336,2019,1.42366954061904,0.122563019895746
337,2019,1.41209475832455,0.122940642130723
338,2019,1.40053262114655,0.123347856016208
339,2019,1.38898580116422,0.123781212000937
340,2019,1.37745697045675,0.124236942262044
341,2019,1.36594880110329,0.124710992649738
342,2019,1.35446396518304,0.12519905565386
343,2019,1.34300513477516,0.12569660395216
344,2019,1.33157498195884,0.126198924154124
345,2019,1.32017617881325,0.126701150417204
346,2019,1.30881139741758,0.127198297681018
347,2019,1.29748330985099,0.127685294336894
348,2019,1.28619458819266,0.12815701422244
349,2019,1.27494790452178,0.128608307901933
350,2019,1.26374593091751,0.129034033261875
351,2019,1.25259133945905,0.129429085516385
352,2019,1.24148680222555,0.129788426778913
353,2019,1.23043499129621,0.130107115415433
354,2019,1.21943857875019,0.130380335450364
355,2019,1.20850023666668,0.130603426351008
356,2019,1.19762263712486,0.130771913570462
357,2019,1.18680845220389,0.130881540284181
358,2019,1.17606035398296,0.130928300813179
359,2019,1.16538101454124,0.130908476288741
360,2019,1.15477310595792,0.130818673181117
361,2019,1.14423930031216,0.130655865389375
362,2019,1.13378226968315,0.130417440672581
363,2019,1.12340468615006,0.130101252294609
364,2019,1.11310922179208,0.129705676856217
365,2019,1.10289887347924,0.129230780551345
1,2020,1.13155805396893,0.134204516814662
2,2020,1.12102424832317,0.134050502118707
3,2020,1.11056721769416,0.133822737158879
4,2020,1.10018963416108,0.133519165873633
5,2020,1.08989416980309,0.133138250295983
6,2020,1.07968382149025,0.13268010545638
7,2020,1.06956288525608,0.132149693269363
8,2020,1.05953598192496,0.131553468849076
9,2020,1.0496077323213,0.130898242856387
10,2020,1.03978275726948,0.130191133179595
11,2020,1.03006567759389,0.129439517739749
12,2020,1.02046111411892,0.128650987486367
13,2020,1.01097368766897,0.127833298743275
14,2020,1.00160801906842,0.12699432416353
15,2020,0.992368729141666,0.126142001662428
16,2020,0.983260438713097,0.125284280823436
17,2020,0.974287768607106,0.124429066417982
18,2020,0.965455339648081,0.12358415884948
19,2020,0.956767772660415,0.122757191526302
20,2020,0.948229688468498,0.121955565386551
21,2020,0.939845707896722,0.121186381035692
22,2020,0.931620451769476,0.12045636920908
23,2020,0.923558540911152,0.1197718205244
24,2020,0.91566459614614,0.119138515729994
25,2020,0.907943238298832,0.118561657867128
26,2020,0.900399088193618,0.118045807929439
27,2020,0.893036766654889,0.117594825702996
28,2020,0.885860894507035,0.11721181749037
29,2020,0.878876092574448,0.116899092350652
30,2020,0.872086981681519,0.116658128320416
31,2020,0.865498182652638,0.116489549821757
32,2020,0.859114316312196,0.116393117125121
33,2020,0.852940003484584,0.116367728336939
34,2020,0.846979864994193,0.11641143395168
35,2020,0.841238521665413,0.116521463575028
36,2020,0.835720594322636,0.116694264020141
37,2020,0.830430703790252,0.116925547630066
38,2020,0.825373470892652,0.117210349408431
39,2020,0.820553516454226,0.117543091361804
40,2020,0.815975461299367,0.11791765237631
41,2020,0.811643926252465,0.118327441965587
42,2020,0.807563532137909,0.11876547632731
43,2020,0.803738899780092,0.119224455316358
44,2020,0.800174650003403,0.119696839166636
45,2020,0.796875403632235,0.120174924051933
46,2020,0.793845781490977,0.120650915851933
47,2020,0.791090404404021,0.121117001767646
48,2020,0.788613893195756,0.121565419699843
49,2020,0.786420868690576,0.121988525556909
50,2020,0.784515951712869,0.122378858890655
51,2020,0.782903763087027,0.122729207469314
52,2020,0.78158892363744,0.123032671587585
53,2020,0.7805760541885,0.123282729087836
54,2020,0.779869775564597,0.123473302228973
55,2020,0.779474708590123,0.123598827695092
56,2020,0.779395474089467,0.123654331189891
57,2020,0.779636685232682,0.123635521616055
58,2020,0.78020171231656,0.123541030494416
59,2020,0.781091319335536,0.123374778514873
60,2020,0.782305942104268,0.12314188053634
61,2020,0.783846016437418,0.122847974832198
62,2020,0.785711978149644,0.122499135091004
63,2020,0.787904263055605,0.122101787876047
64,2020,0.790423306969962,0.121662634125158
65,2020,0.793269545707374,0.121188573489239
66,2020,0.796443415082501,0.120686630522712
67,2020,0.799945350910002,0.120163881954612
68,2020,0.803775789004537,0.119627384488139
69,2020,0.807935165180764,0.11908410280072
70,2020,0.812423915253345,0.118540837645988
71,2020,0.817242475036938,0.118004154191683
72,2020,0.822391280346203,0.117480310958862
73,2020,0.8278707669958,0.116975189951555
74,2020,0.833681370800388,0.116494228773225
75,2020,0.839823527574627,0.116042355706753
76,2020,0.846297673133175,0.115623928876862
77,2020,0.853104243290693,0.115242680706843
78,2020,0.860243673861841,0.114901668915613
79,2020,0.867716400661278,0.114603235269758
80,2020,0.875522859503663,0.114348973205626
81,2020,0.883663486203657,0.114139705271014
82,2020,0.892138716575918,0.113975471112314
83,2020,0.900948986435105,0.113855526463817
84,2020,0.910094731595881,0.113778353298538
85,2020,0.919576387872901,0.113741680994275
86,2020,0.929394391080829,0.113742518075608
87,2020,0.939549177034321,0.113777193832246
88,2020,0.950041181548039,0.113841408903445
89,2020,0.960870840436641,0.113930293770166
90,2020,0.972038589514787,0.114038474018601
91,2020,0.983544864597137,0.114160141233165
92,2020,0.995390101498351,0.114289128441114
93,2020,1.00757473603309,0.11441898915817
94,2020,1.02009920401601,0.114543079265256
95,2020,1.03296394126177,0.114654641170133
96,2020,1.04616938358503,0.11474688996333
97,2020,1.05971596680045,0.114813101555568
98,2020,1.07360412672269,0.114846703075673
99,2020,1.08783429916642,0.114841366107883
100,2020,1.10240691994628,0.114791103651474
101,2020,1.11732242487694,0.114690371991856
102,2020,1.13258124977307,0.114534178979559
103,2020,1.14818383044931,0.114318200520941
104,2020,1.16413060272033,0.114038907389453
105,2020,1.18042200240078,0.113693704762649
106,2020,1.19705846530533,0.113281087165352
107,2020,1.21404042724865,0.112800811730361
108,2020,1.23136819227447,0.11225415279701
109,2020,1.24903415817236,0.111647530213756
110,2020,1.26701846803786,0.110993887769144
111,2020,1.28530021079929,0.110307023600318
112,2020,1.30385847538496,0.109600843729096
113,2020,1.32267235072319,0.108889110444718
114,2020,1.34172092574229,0.108185191211141
115,2020,1.36098328937058,0.107501808701075
116,2020,1.38043853053638,0.106850794304885
117,2020,1.400065738168,0.106242849129554
118,2020,1.41984400119376,0.105687317967721
119,2020,1.43975240854198,0.10519198283439
120,2020,1.45977004914096,0.104762883293996
121,2020,1.47987601191903,0.104404170814614
122,2020,1.5000493858045,0.104118003726544
123,2020,1.52026925972568,0.103904488045744
124,2020,1.5405147226109,0.103761667555066
125,2020,1.56076486338847,0.103685564308224
126,2020,1.58099877098671,0.103670268382299
127,2020,1.60119553433393,0.103708073524992
128,2020,1.62133424235844,0.103789653571399
129,2020,1.64139398398857,0.103904273330646
130,2020,1.66135384815262,0.104040027170089
131,2020,1.68119292377892,0.104184098769115
132,2020,1.70089029979578,0.104323036413101
133,2020,1.72042506513152,0.104443039634346
134,2020,1.73977630871445,0.104530254840532
135,2020,1.75892311947289,0.104571079665744
136,2020,1.77784458633516,0.104552478022191
137,2020,1.79651979822956,0.104462310145083
138,2020,1.81492784408442,0.104289684266325
139,2020,1.83304781282805,0.104025338906494
140,2020,1.85085879338877,0.103662067123777
141,2020,1.86833994486346,0.103195309376463
142,2020,1.88547463646285,0.102630187075561
143,2020,1.90225276307416,0.101984523750307
144,2020,1.91866478093311,0.101278278840508
145,2020,1.93470114627542,0.100532037744991
146,2020,1.95035231533682,0.0997664410208291
147,2020,1.96560874435303,0.0990016242083001
148,2020,1.98046088955978,0.0982566668805937
149,2020,1.9948992071928,0.0975490558124081
150,2020,2.0089141534878,0.0968941731319165
151,2020,2.02249618468052,0.0963048254126496
152,2020,2.03563575700668,0.0957908332111045
153,2020,2.048323326702,0.0953587019249559
154,2020,2.0605493500022,0.0950113936041261
155,2020,2.07230428314303,0.0947482154381831
156,2020,2.08357858236018,0.0945648344928002
157,2020,2.09436270388941,0.0944534207604197
158,2020,2.10464710396641,0.0944029129206699
159,2020,2.11442223882694,0.0943993946316597
160,2020,2.12367856470669,0.0944265647461377
161,2020,2.13240653784141,0.094466283212111
162,2020,2.14059661446682,0.0944991757369558
163,2020,2.14823925081864,0.0945052842996802
164,2020,2.1553249031326,0.0944647567423347
165,2020,2.16184402764442,0.0943585763181139
166,2020,2.16778708058982,0.0941693406366555
167,2020,2.17314826695126,0.0938844989733779
168,2020,2.1779427685849,0.0935081164407351
169,2020,2.18219305983076,0.0930520574420284
170,2020,2.18592162235066,0.0925305900254876
171,2020,2.18915093780637,0.0919596383636862
172,2020,2.1919034878597,0.0913560954967818
173,2020,2.19420175417245,0.0907371768651279
174,2020,2.1960682184064,0.0901198060470206
175,2020,2.19752536222336,0.0895200305805322
176,2020,2.19859566728513,0.0889524720834935
177,2020,2.19930161525349,0.0884298206221057
178,2020,2.19966568779024,0.0879623878420134
179,2020,2.19971036655719,0.0875577361676226
180,2020,2.19945813321612,0.0872204019098791
181,2020,2.19893146942883,0.0869517281822858
182,2020,2.19815285685712,0.0867498192864027
183,2020,2.19714477716279,0.0866096223027495
184,2020,2.19592971200763,0.0865231349814622
185,2020,2.19453014305343,0.0864797328166665
186,2020,2.192968551962,0.0864666034956696
187,2020,2.19126742039512,0.0864692745448375
188,2020,2.18944923001461,0.0864722203401359
189,2020,2.18753646248224,0.0864595376708866
190,2020,2.18555159945982,0.0864156843492868
191,2020,2.18351712260914,0.0863262823373949
192,2020,2.181455513592,0.0861789948107333
193,2020,2.17938925065905,0.0859644995507577
194,2020,2.1773374145517,0.0856822583763375
195,2020,2.17530931305567,0.0853493787426842
196,2020,2.1733125074459,0.0849879205665209
197,2020,2.17135455899733,0.0846211886902858
198,2020,2.1694430289849,0.0842725802734204
199,2020,2.16758547868356,0.0839644865001871
200,2020,2.16578946936826,0.0837172561328867
201,2020,2.16406256231393,0.0835482438958707
202,2020,2.16241231879552,0.0834709784175957
203,2020,2.16084630008797,0.0834944902787682
204,2020,2.15937206746623,0.0836228390492205
205,2020,2.15799718220525,0.0838548688045576
206,2020,2.15672920557996,0.0841842059783538
207,2020,2.1555756988653,0.084599494579907
208,2020,2.15454422333623,0.0850848456801398
209,2020,2.15364234026769,0.0856204642984031
210,2020,2.15287761093461,0.0861834098719381
211,2020,2.15225759661195,0.0867484471250391
212,2020,2.15178985857464,0.0872889515609288
213,2020,2.15148195809764,0.0877778461514592
214,2020,2.15134145645588,0.0881885610010029
215,2020,2.15137223893423,0.0884998399102586
216,2020,2.15156348685719,0.0887086641247804
217,2020,2.1519007055592,0.088819771096428
218,2020,2.1523694003747,0.088841250775732
219,2020,2.1529550766381,0.0887838546418931
220,2020,2.15364323968385,0.0886603872774324
221,2020,2.15441939484638,0.0884851584740401
222,2020,2.15526904746011,0.0882734778549684
223,2020,2.15617770285948,0.0880411783102871
224,2020,2.15713086637892,0.0878041590193069
225,2020,2.15811404335285,0.0875779433937448
226,2020,2.15911273911572,0.0873772517993577
227,2020,2.16011245900195,0.0872155932047435
228,2020,2.16109870834597,0.0871048836708037
229,2020,2.16205699248221,0.0870551024704434
230,2020,2.16297281674511,0.0870739982458403
231,2020,2.16383168646909,0.0871668576818021
232,2020,2.16461910698859,0.0873363475844912
233,2020,2.16532058363804,0.0875824381339994
234,2020,2.16592162175187,0.0879024108147562
235,2020,2.16640772666451,0.0882909497166674
236,2020,2.16676440371039,0.0887403102403221
237,2020,2.16697715822394,0.0892405553931019
238,2020,2.16703149553959,0.0897798473276432
239,2020,2.16691292099178,0.0903447808043198
240,2020,2.16660693991494,0.0909207458508773
241,2020,2.16609905764349,0.091492308827207
242,2020,2.16537477951187,0.0920436040338447
243,2020,2.16442045434533,0.0925592032847898
244,2020,2.16323223654994,0.0930298263854185
245,2020,2.16181260671293,0.0934515287013022
246,2020,2.1601641508579,0.0938223285444028
247,2020,2.15828945500843,0.0941419136216155
248,2020,2.15619110518811,0.0944114291058809
249,2020,2.15387168742054,0.094633288334187
250,2020,2.1513337877293,0.0948110029717444
251,2020,2.14857999213798,0.0949490294200776
252,2020,2.14561288667016,0.0950526283631944
253,2020,2.14243505734945,0.0951277345741645
254,2020,2.13904909019943,0.095180834404013
255,2020,2.13545757124368,0.0952188487229581
256,2020,2.13166308650581,0.0952490194688989
257,2020,2.12766822200938,0.0952787983738125
258,2020,2.12347556377801,0.0953157368814503
259,2020,2.11908769783527,0.0953673767343695
260,2020,2.11450721020475,0.0954411411863818
261,2020,2.10973668691005,0.0955442272744267
262,2020,2.10477871397475,0.0956835000426395
263,2020,2.09963587742245,0.0958653900268412
264,2020,2.09431076327673,0.096095795652351
265,2020,2.08880595756117,0.0963799924437266
266,2020,2.08312404629938,0.0967225510666511
267,2020,2.07726761551494,0.0971272662014727
268,2020,2.07123925123144,0.097597098077304
269,2020,2.06504153947246,0.0981341281807829
270,2020,2.05867706626161,0.0987395302144189
271,2020,2.05214841762246,0.0994135568487444
272,2020,2.04545817957861,0.100155542232849
273,2020,2.03860893815364,0.100963919646745
274,2020,2.03160327937115,0.101836253143028
275,2020,2.02444378925472,0.102769281574843
276,2020,2.01713305382795,0.103758973071838
277,2020,2.00967365911442,0.104800587822044
278,2020,2.00206819113772,0.105888746948148
279,2020,1.99431923592145,0.107017505321692
280,2020,1.98642937948918,0.108180426319169
281,2020,1.97840120786452,0.109370656764764
282,2020,1.97023730707105,0.110581000598208
283,2020,1.96194026313235,0.111803990126536
284,2020,1.95351266207203,0.113031954042611
285,2020,1.94495708991366,0.11425708170282
286,2020,1.93627613268084,0.115471483438797
287,2020,1.92747237639715,0.116667246925812
288,2020,1.91854840708619,0.117836489840793
289,2020,1.90950681077155,0.118971409216623
290,2020,1.90035017347681,0.120064328039933
291,2020,1.89108108122556,0.121107739752398
292,2020,1.8817021200414,0.122094351406846
293,2020,1.87221587594791,0.123017126306018
294,2020,1.86262493496868,0.123869327020124
295,2020,1.8529318831273,0.124644559745819
296,2020,1.84313930697857,0.125336865198599
297,2020,1.83324982494972,0.125943382781299
298,2020,1.82326610487028,0.126465883959334
299,2020,1.81319081881942,0.12690700438582
300,2020,1.80302663887631,0.127269830796419
301,2020,1.79277623712014,0.12755784663239
302,2020,1.78244228563008,0.127774883603718
303,2020,1.77202745648531,0.127925078112415
304,2020,1.76153442176501,0.128012831597403
305,2020,1.75096585354835,0.128042773984883
306,2020,1.74032442391451,0.128019729534684
307,2020,1.72961280494266,0.127948684466666
308,2020,1.718833668712,0.127834755834646
309,2020,1.70798968730168,0.127683161191177
310,2020,1.6970835327909,0.127499188657045
311,2020,1.68611787725882,0.12728816707679
312,2020,1.67509539278463,0.127055436007449
313,2020,1.6640187514475,0.126806315353604
314,2020,1.6528906253266,0.126546074528535
315,2020,1.64171368650112,0.126279901089419
316,2020,1.63049060705024,0.126012868864105
317,2020,1.61922405905313,0.125749905657501
318,2020,1.60791671458896,0.125495760696077
319,2020,1.59657124573692,0.125254972037777
320,2020,1.58519032457618,0.12503183423977
321,2020,1.57377662318592,0.124830366635505
322,2020,1.56233281364531,0.124654282622756
323,2020,1.55086156803354,0.124506960403047
324,2020,1.53936555842979,0.124391415637339
325,2020,1.52784745691322,0.12431027649101
326,2020,1.51630993556301,0.124265761531199
327,2020,1.50475566645835,0.124259660910913
328,2020,1.4931873216784,0.124293321226987
329,2020,1.48160757330236,0.124367634374445
330,2020,1.47001909340939,0.124483030640461
331,2020,1.45842455407867,0.124639476190284
332,2020,1.44682662738938,0.124836474999491
333,2020,1.43522798542069,0.125073075186348
334,2020,1.42363130025179,0.125347879599876
335,2020,1.41203924396185,0.125659060428054
336,2020,1.40045448863005,0.126004377510686
337,2020,1.38887970633556,0.126381199976155
338,2020,1.37731756915756,0.126786530773043
339,2020,1.36577074917524,0.127217033637667
340,2020,1.35424191846776,0.127669062027175
341,2020,1.3427337491143,0.128138689554268
342,2020,1.33124891319405,0.1286217414821
343,2020,1.31979008278617,0.129113826874311
344,2020,1.30835992996985,0.129610371042853
345,2020,1.29696112682426,0.130106647992369
346,2020,1.28559634542859,0.130597812621788
347,2020,1.274268257862,0.131078932508968
348,2020,1.26297953620367,0.131545019170457
349,2020,1.25173285253279,0.131991058754187
350,2020,1.24053087892853,0.132412042186827
351,2020,1.22937628747006,0.132802994858991
352,2020,1.21827175023656,0.133159005990181
353,2020,1.20721993930722,0.133475257871426
354,2020,1.19622352676121,0.133747055237552
355,2020,1.1852851846777,0.133969855073675
356,2020,1.17440758513587,0.134139297212846
357,2020,1.1635934002149,0.134251236135034
358,2020,1.15284530199397,0.134301774433017
359,2020,1.14216596255225,0.13428729846965
360,2020,1.13155805396893,0.134204516814662
361,2020,1.12102424832317,0.134050502118707
362,2020,1.11056721769416,0.133822737158879
363,2020,1.10018963416108,0.133519165873633
364,2020,1.08989416980309,0.133138250295983
365,2020,1.07968382149025,0.13268010545638
1,2021,1.10645326056323,0.13856252488143
2,2021,1.09591945491747,0.13841767427112
3,2021,1.08546242428846,0.138201406482634
4,2021,1.07508484075538,0.137911769990036
5,2021,1.06478937639739,0.137547324217819
6,2021,1.05457902808455,0.137108236248756
7,2021,1.04445809185038,0.136599363288713
8,2021,1.03443118851926,0.136027007977624
9,2021,1.0245029389156,0.135397816610562
10,2021,1.01467796386378,0.134718730009566
11,2021,1.00496088418819,0.133996935534324
12,2021,0.995356320713224,0.133239819374364
13,2021,0.98586889426327,0.132454918361755
14,2021,0.97650322566272,0.131649870645079
15,2021,0.967263935735966,0.130832364676945
16,2021,0.958155645307397,0.130010086092661
17,2021,0.949182975201406,0.129190662199844
18,2021,0.940350546242381,0.128381603959951
19,2021,0.931662979254716,0.127590245523134
20,2021,0.923124895062799,0.126823681575829
21,2021,0.914740914491022,0.126088702971899
22,2021,0.906515658363777,0.125391731335918
23,2021,0.898453747505452,0.124738753541826
24,2021,0.89055980274044,0.124135257169476
25,2021,0.882838444893133,0.123586168211663
26,2021,0.875294294787918,0.123095792430644
27,2021,0.867931973249189,0.122667761831881
28,2021,0.860756101101336,0.122304987722425
29,2021,0.853771299168749,0.122009621744433
30,2021,0.84698218827582,0.121783026118759
31,2021,0.840393389246938,0.121625754103711
32,2021,0.834009522906496,0.121537541380977
33,2021,0.827835210078885,0.121517308741446
34,2021,0.821875071588493,0.121563176079857
35,2021,0.816133728259714,0.12167248734339
36,2021,0.810615800916936,0.121841845739694
37,2021,0.805325910384553,0.122067158216771
38,2021,0.800268677486952,0.12234368799797
39,2021,0.795448723048527,0.122666113801937
40,2021,0.790870667893668,0.123028594304449
41,2021,0.786539132846765,0.123424836405225
42,2021,0.782458738732209,0.123848165940775
43,2021,0.778634106374392,0.124291599622809
44,2021,0.775069856597704,0.124747917166804
45,2021,0.771770610226535,0.125209732792291
46,2021,0.768740988085277,0.125669565511342
47,2021,0.765985610998321,0.126119907862247
48,2021,0.763509099790057,0.126553292981803
49,2021,0.761316075284876,0.126962360135145
50,2021,0.759411158307169,0.127339919032435
51,2021,0.757798969681327,0.127679013455663
52,2021,0.756484130231741,0.127972984896822
53,2021,0.755471260782801,0.128215537073098
54,2021,0.754764982158898,0.128400802338731
55,2021,0.754369915184423,0.128523411160587
56,2021,0.754290680683768,0.128578565968752
57,2021,0.754531891826982,0.128562133705144
58,2021,0.75509691891086,0.128472798419162
59,2021,0.755986525929836,0.128314334039517
60,2021,0.757201148698569,0.12809166914779
61,2021,0.758741223031718,0.127810240390344
62,2021,0.760607184743944,0.127475905568372
63,2021,0.762799469649906,0.127094862006366
64,2021,0.765318513564263,0.1266735689134
65,2021,0.768164752301675,0.12621867265355
66,2021,0.771338621676801,0.125736934042501
67,2021,0.774840557504302,0.125235156988686
68,2021,0.778670995598837,0.124720118000977
69,2021,0.782830371775065,0.124198496291457
70,2021,0.787319121847646,0.123676804410714
71,2021,0.792137681631239,0.123161319561894
72,2021,0.797286486940504,0.122658015944504
73,2021,0.8027659735901,0.122172498673557
74,2021,0.808576577394688,0.121709939996732
75,2021,0.814718734168927,0.121275018683063
76,2021,0.821192879727476,0.120871863572141
77,2021,0.827999449884994,0.12050400234438
78,2021,0.835138880456141,0.120174316593225
79,2021,0.842611607255578,0.119885004244676
80,2021,0.850418066097964,0.119637550276775
81,2021,0.858558692797957,0.119432706544509
82,2021,0.867033923170218,0.119270481320861
83,2021,0.875844193029406,0.119150138933518
84,2021,0.884989938190181,0.119070209623278
85,2021,0.894471594467202,0.119028509490915
86,2021,0.904289597675129,0.119022170151257
87,2021,0.914444383628621,0.119047677492759
88,2021,0.924936388142339,0.119100918761903
89,2021,0.935766047030941,0.119177237064903
90,2021,0.946933796109088,0.119271492311021
91,2021,0.958440071191438,0.119378127614519
92,2021,0.970285308092651,0.119491240224301
93,2021,0.982469942627387,0.119604656156655
94,2021,0.994994410610305,0.119712007860002
95,2021,1.00785914785607,0.119806814432685
96,2021,1.02106459017933,0.119882564136857
97,2021,1.03461117339475,0.119932799195251
98,2021,1.04849933331699,0.119951203116267
99,2021,1.06272950576072,0.11993169106083
100,2021,1.07730212654058,0.119868504038229
101,2021,1.09221763147125,0.119756307995143
102,2021,1.10747645636737,0.119590299140559
103,2021,1.12307903704361,0.119366317127411
104,2021,1.13902580931463,0.119080967986291
105,2021,1.15531720899508,0.118731758970711
106,2021,1.17195367189964,0.118317247715118
107,2021,1.18893563384295,0.11783720830463
108,2021,1.20626339886877,0.117292874467973
109,2021,1.22392936476666,0.116690415836833
110,2021,1.24191367463216,0.116042252287595
111,2021,1.26019541739359,0.115361611253611
112,2021,1.27875368197926,0.114661808660817
113,2021,1.29756755731749,0.113956006018673
114,2021,1.31661613233659,0.113256969794787
115,2021,1.33587849596488,0.112576833711934
116,2021,1.35533373713068,0.111926866129892
117,2021,1.3749609447623,0.111317246104942
118,2021,1.39473920778806,0.110756852954391
119,2021,1.41464761513628,0.110253075075423
120,2021,1.43466525573526,0.109811644263319
121,2021,1.45477121851333,0.109436501753738
122,2021,1.4749445923988,0.109129701633687
123,2021,1.49516446631998,0.108891356144716
124,2021,1.5154099292052,0.108719625829512
125,2021,1.53566006998277,0.108610755603733
126,2021,1.55589397758101,0.10855915586969
127,2021,1.57609074092823,0.108557525945536
128,2021,1.59622944895274,0.108597015566161
129,2021,1.61628919058287,0.108667419178513
130,2021,1.63624905474692,0.108757397298912
131,2021,1.65608813037322,0.108854719347552
132,2021,1.67578550639008,0.108946523087072
133,2021,1.69532027172582,0.109019586983608
134,2021,1.71467151530875,0.10906061337227
135,2021,1.73381832606719,0.109056522134881
136,2021,1.75273979292946,0.108994756591581
137,2021,1.77141500482386,0.108863605399602
138,2021,1.78982305067872,0.108652546398109
139,2021,1.80794301942235,0.108352620511005
140,2021,1.82575399998307,0.107956845993803
141,2021,1.84323515145776,0.107460794692916
142,2021,1.86036984305715,0.106869394585015
143,2021,1.87714796966846,0.106199857985759
144,2021,1.89355998752741,0.105471467530343
145,2021,1.90959635286972,0.104704112509324
146,2021,1.92524752193112,0.103917734890648
147,2021,1.94050395094733,0.103131788216964
148,2021,1.95535609615408,0.102364708254075
149,2021,1.9697944137871,0.10163339991458
150,2021,1.9838093600821,0.100952750296057
151,2021,1.99739139127482,0.100335182177028
152,2021,2.01053096360098,0.0997902654444004
153,2021,2.0232185332963,0.0993244051505687
154,2021,2.0354445565965,0.0989406238600379
155,2021,2.04719948973733,0.0986384526002907
156,2021,2.05847378895448,0.0984139394324662
157,2021,2.06925791048371,0.0982597781414837
158,2021,2.07954231056071,0.0981655528166897
159,2021,2.08931744542124,0.0981180882264456
160,2021,2.09857377130099,0.0981018918075884
161,2021,2.10730174443571,0.0980996713959295
162,2021,2.11549182106112,0.098092913720142
163,2021,2.12313445741294,0.0980625120020937
164,2021,2.1302201097269,0.0979894363274025
165,2021,2.13673923423872,0.0978554472330772
166,2021,2.14268228718412,0.0976438606803525
167,2021,2.14804347354556,0.0973426574720932
168,2021,2.1528379751792,0.0969557110127408
169,2021,2.15708826642506,0.0964943905405718
170,2021,2.16081682894496,0.0959724034923526
171,2021,2.16404614440067,0.0954050627557375
172,2021,2.166798694454,0.0948086123150903
173,2021,2.16909696076675,0.0941995938977143
174,2021,2.1709634250007,0.0935942473557584
175,2021,2.17242056881766,0.0930079434069232
176,2021,2.17349087387943,0.0924546530737431
177,2021,2.17419682184779,0.091946463258682
178,2021,2.17456089438454,0.0914931518534306
179,2021,2.17460557315149,0.0911018380919364
180,2021,2.17435333981042,0.0907767241239379
181,2021,2.17382667602313,0.0905189418631079
182,2021,2.17304806345142,0.0903265152496498
183,2021,2.17203998375709,0.0901944427268579
184,2021,2.17082491860193,0.0901148988247447
185,2021,2.16942534964773,0.0900775482680987
186,2021,2.1678637585563,0.0900699619154266
187,2021,2.16616262698942,0.0900781217799302
188,2021,2.16434443660891,0.0900870027213773
189,2021,2.16243166907654,0.0900812210970021
190,2021,2.16044680605412,0.090045745386375
191,2021,2.15841232920344,0.089966670030228
192,2021,2.1563507201863,0.0898320608180039
193,2021,2.15428445725335,0.0896328920698734
194,2021,2.152232621146,0.0893685976742971
195,2021,2.15020451964997,0.0890555866434805
196,2021,2.1482077140402,0.0887150047759002
197,2021,2.14624976559163,0.0883691584972746
198,2021,2.1443382355792,0.0880404054419666
199,2021,2.14248068527786,0.0877501047411395
200,2021,2.14068467596256,0.0875176340264026
201,2021,2.13895776890823,0.0873594935270477
202,2021,2.13730752538982,0.0872885275784971
203,2021,2.13574150668227,0.0873132985903371
204,2021,2.13426727406053,0.0874376468498187
205,2021,2.13289238879955,0.0876604613687341
206,2021,2.13162441217426,0.0879756736111702
207,2021,2.1304709054596,0.0883724699039425
208,2021,2.12943942993053,0.0888357028295547
209,2021,2.12853754686199,0.0893464699627431
210,2021,2.12777281752891,0.0898828220333657
211,2021,2.12715280320625,0.0904205627356002
212,2021,2.12668506516894,0.0909341084215365
213,2021,2.12637716469194,0.0913973864140639
214,2021,2.12623666305018,0.0917847639514122
215,2021,2.12626744552853,0.0920757077798998
216,2021,2.12645869345149,0.0922673101841577
217,2021,2.1267959121535,0.0923641644956108
218,2021,2.127264606969,0.092374111025886
219,2021,2.1278502832324,0.0923075707562126
220,2021,2.12853844627815,0.092176956017074
221,2021,2.12931460144068,0.0919961383376791
222,2021,2.13016425405441,0.0917799572057464
223,2021,2.13107290945378,0.0915437573681158
224,2021,2.13202607297322,0.0913029463651005
225,2021,2.13300924994715,0.0910725681262336
226,2021,2.13400794571002,0.0908668925413423
227,2021,2.13500766559625,0.0906990247740205
228,2021,2.13599391494027,0.0905805414451965
229,2021,2.13695219907651,0.0905211633704525
230,2021,2.13786802333941,0.0905284759731227
231,2021,2.13872689306339,0.0906077085750065
232,2021,2.13951431358289,0.0907615823946377
233,2021,2.14021579023234,0.0909902343696795
234,2021,2.14081682834617,0.0912912201926223
235,2021,2.14130293325881,0.0916595957127345
236,2021,2.14165961030469,0.0920880717080986
237,2021,2.14187236481824,0.0925672335436612
238,2021,2.14192670213389,0.0930858148505592
239,2021,2.14180812758608,0.0936310133354596
240,2021,2.14150214650924,0.0941888371847423
241,2021,2.14099426423779,0.0947444721079605
242,2021,2.14026998610617,0.0952826615866024
243,2021,2.13931566093963,0.0957885436243028
244,2021,2.13812744314424,0.0962530907252242
245,2021,2.13670781330723,0.0966723736201138
246,2021,2.1350593574522,0.0970443694720865
247,2021,2.13318466160273,0.0973686810702642
248,2021,2.13108631178241,0.0976463323609776
249,2021,2.12876689401484,0.0978795846945266
250,2021,2.1262289943236,0.0980717710331145
251,2021,2.12347519873228,0.0982271452695177
252,2021,2.12050809326446,0.0983507438848224
253,2021,2.11733026394375,0.0984482573655602
254,2021,2.11394429679373,0.098525909066857
255,2021,2.11035277783798,0.0985903395254087
256,2021,2.10655829310011,0.098648494580771
257,2021,2.10256342860368,0.0987075160475869
258,2021,2.09837077037231,0.0987746340889211
259,2021,2.09398290442957,0.0988570608650277
260,2021,2.08940241679905,0.0989618854631889
261,2021,2.08463189350435,0.099095970539412
262,2021,2.07967392056905,0.0992658515042804
263,2021,2.07453108401675,0.0994776394420361
264,2021,2.06920596987103,0.0997369292408568
265,2021,2.06370116415547,0.100048714610401
266,2021,2.05801925289368,0.100417311750341
267,2021,2.05216282210924,0.100846293397489
268,2021,2.04613445782574,0.101338434814998
269,2021,2.03993674606676,0.10189567300178
270,2021,2.03357227285591,0.102519080011866
271,2021,2.02704362421676,0.10320885081043
272,2021,2.02035338617291,0.103964305591486
273,2021,2.01350414474794,0.104783905981406
274,2021,2.00649848596545,0.105665284090949
275,2021,1.99933899584902,0.106605282989629
276,2021,1.99202826042225,0.107600006884754
277,2021,1.98456886570872,0.10864487910698
278,2021,1.97696339773202,0.109734705937704
279,2021,1.96921444251575,0.110863744353558
280,2021,1.96132458608348,0.112025771894487
281,2021,1.95329641445882,0.113214157064087
282,2021,1.94513251366535,0.114421928921508
283,2021,1.93683546972665,0.115641844801314
284,2021,1.92840786866633,0.116866455381672
285,2021,1.91985229650796,0.118088166596242
286,2021,1.91117133927514,0.119299298139763
287,2021,1.90236758299145,0.120492138544335
288,2021,1.89344361368049,0.12165899699954
289,2021,1.88440201736585,0.122792252254828
290,2021,1.87524538007111,0.123884399079307
291,2021,1.86597628781986,0.124928092866376
292,2021,1.8565973266357,0.125916193063645
293,2021,1.84711108254221,0.126841806187729
294,2021,1.83752014156298,0.127698329254702
295,2021,1.8278270897216,0.128479494525439
296,2021,1.81803451357287,0.129179459704221
297,2021,1.80814503154402,0.129795413626467
298,2021,1.79816131146458,0.130329076322945
299,2021,1.78808602541372,0.130783015878571
300,2021,1.77792184547061,0.131160244245553
301,2021,1.76767144371444,0.131464163563577
302,2021,1.75733749222438,0.131698518173544
303,2021,1.74692266307961,0.131867351308631
304,2021,1.73642962835931,0.131974965577791
305,2021,1.72586106014265,0.132025886471547
306,2021,1.71521963050881,0.13202482822063
307,2021,1.70450801153696,0.131976661427124
308,2021,1.6937288753063,0.131886381967674
309,2021,1.68288489389598,0.131759080741379
310,2021,1.6719787393852,0.131599913903072
311,2021,1.66101308385312,0.131414073287704
312,2021,1.64999059937893,0.131206756794875
313,2021,1.6389139580418,0.130983138565404
314,2021,1.6277858319209,0.130748338844916
315,2021,1.61660889309543,0.130507393493163
316,2021,1.60538581364454,0.130265223162143
317,2021,1.59411926564743,0.130026602230488
318,2021,1.58281192118326,0.129796127645179
319,2021,1.57146645233122,0.1295781878829
320,2021,1.56008553117048,0.129376932300662
321,2021,1.54867182978022,0.129196241196441
322,2021,1.53722802023961,0.129039696943422
323,2021,1.52575677462785,0.128910556593582
324,2021,1.51426076502409,0.128811726365801
325,2021,1.50274266350752,0.128745738438604
326,2021,1.49120514215731,0.128714730456843
327,2021,1.47965087305265,0.128720428134602
328,2021,1.4680825282727,0.128764131293718
329,2021,1.45650277989666,0.128846703619706
330,2021,1.44491430000369,0.128968566346822
331,2021,1.43331976067297,0.129129696004299
332,2021,1.42172183398368,0.129329626270068
333,2021,1.41012319201499,0.129567453890495
334,2021,1.39852650684609,0.129841848538916
335,2021,1.38693445055615,0.130151066405973
336,2021,1.37534969522435,0.130492967244511
337,2021,1.36377491292986,0.130865034533945
338,2021,1.35221277575186,0.131264398385664
339,2021,1.34066595576954,0.131687860783378
340,2021,1.32913712506206,0.132131922740605
341,2021,1.3176289557086,0.132592812961284
342,2021,1.30614411978835,0.133066517607401
343,2021,1.29468528938047,0.133548810807895
344,2021,1.28325513656415,0.134035285583672
345,2021,1.27185633341856,0.134521384912144
346,2021,1.26049155202289,0.13500243270889
347,2021,1.2491634644563,0.135473664561798
348,2021,1.23787474279797,0.135930258112471
349,2021,1.22662805912709,0.136367363039204
350,2021,1.21542608552283,0.136780130654524
351,2021,1.20427149406436,0.137163743187165
352,2021,1.19316695683086,0.137513442873342
353,2021,1.18211514590152,0.137824561035114
354,2021,1.17111873335551,0.138092547374996
355,2021,1.160180391272,0.138312999766244
356,2021,1.14930279173017,0.138481694868283
357,2021,1.1384886068092,0.1385946199475
358,2021,1.12774050858827,0.138648006336095
359,2021,1.11706116914656,0.138638365016935
360,2021,1.10645326056323,0.13856252488143
361,2021,1.09591945491747,0.13841767427112
362,2021,1.08546242428846,0.138201406482634
363,2021,1.07508484075538,0.137911769990036
364,2021,1.06478937639739,0.137547324217819
365,2021,1.05457902808455,0.137108236248756
1,2022,1.07980111374972,0.144365534543865
2,2022,1.06926730810396,0.14423036644441
3,2022,1.05881027747495,0.144026700611826
4,2022,1.04843269394187,0.143752706575462
5,2022,1.03813722958388,0.143407054655471
6,2022,1.02792688127104,0.142989965720276
7,2022,1.01780594503687,0.142506157371752
8,2022,1.00777904170576,0.141961733740664
9,2022,0.997850792102094,0.141363128065822
10,2022,0.988025817050272,0.140717052870628
11,2022,0.978308737374683,0.14003045131253
12,2022,0.968704173899716,0.139310448939642
13,2022,0.959216747449762,0.138564305185684
14,2022,0.949851078849212,0.137799364036432
15,2022,0.940611788922458,0.137023003411285
16,2022,0.931503498493889,0.136242582925223
17,2022,0.922530828387898,0.13546538983117
18,2022,0.913698399428873,0.134698583091724
19,2022,0.905010832441208,0.133949135691574
20,2022,0.896472748249291,0.133223775475602
21,2022,0.888088767677514,0.132528924978364
22,2022,0.879863511550269,0.131870640892037
23,2022,0.871801600691944,0.131254553993867
24,2022,0.863907655926932,0.130685810510712
25,2022,0.856186298079625,0.130169016026713
26,2022,0.84864214797441,0.129708183129437
27,2022,0.841279826435681,0.129306684030017
28,2022,0.834103954287828,0.128967209376153
29,2022,0.82711915235524,0.128691734398642
30,2022,0.820330041462311,0.128481493392304
31,2022,0.81374124243343,0.128336963335168
32,2022,0.807357376092989,0.128257857205026
33,2022,0.801183063265377,0.128243127273715
34,2022,0.795222924774986,0.128290978363616
35,2022,0.789481581446206,0.128398890756556
36,2022,0.783963654103428,0.128563652171194
37,2022,0.778673763571045,0.128781397987701
38,2022,0.773616530673444,0.129047658711702
39,2022,0.768796576235019,0.129357413541946
40,2022,0.76421852108016,0.129705148842244
41,2022,0.759886986033257,0.130084920317086
42,2022,0.755806591918701,0.130490417747283
43,2022,0.751981959560884,0.130915031248648
44,2022,0.748417709784196,0.131351918163121
45,2022,0.745118463413028,0.131794069866639
46,2022,0.742088841271769,0.132234377970798
47,2022,0.739333464184813,0.132665699596125
48,2022,0.736856952976549,0.133080921595658
49,2022,0.734663928471368,0.133473023802595
50,2022,0.732759011493661,0.133835141561109
51,2022,0.731146822867819,0.13416062797318
52,2022,0.729831983418233,0.134443116456348
53,2022,0.728819113969293,0.134676584358576
54,2022,0.72811283534539,0.134855418519106
55,2022,0.727717768370915,0.134974483800505
56,2022,0.72763853387026,0.135029195749383
57,2022,0.727879745013475,0.13501561091249
58,2022,0.728444772097352,0.134932476216837
59,2022,0.729334379116328,0.134783390581773
60,2022,0.730549001885061,0.134573059504596
61,2022,0.73208907621821,0.134306677480947
62,2022,0.733955037930436,0.133989842734983
63,2022,0.736147322836398,0.133628477009282
64,2022,0.738666366750755,0.133228749280438
65,2022,0.741512605488167,0.132797002449739
66,2022,0.744686474863293,0.132339682241449
67,2022,0.748188410690795,0.131863267724683
68,2022,0.752018848785329,0.131374203059425
69,2022,0.756178224961557,0.130878830252519
70,2022,0.760666975034138,0.130383322894432
71,2022,0.765485534817731,0.129893621029683
72,2022,0.770634340126996,0.129415367489225
73,2022,0.776113826776593,0.128953846176774
74,2022,0.78192443058118,0.128513922946747
75,2022,0.788066587355419,0.12809998983246
76,2022,0.794540732913968,0.127715913472504
77,2022,0.801347303071486,0.127364988634433
78,2022,0.808486733642633,0.127049897743157
79,2022,0.815959460442071,0.126772677283734
80,2022,0.823765919284456,0.126534691864422
81,2022,0.831906545984449,0.126336616598874
82,2022,0.84038177635671,0.126178428302183
83,2022,0.849192046215898,0.126059405803354
84,2022,0.858337791376673,0.125978139468035
85,2022,0.867819447653694,0.125932549812984
86,2022,0.877637450861621,0.125919914891142
87,2022,0.887792236815113,0.125936905946086
88,2022,0.898284241328831,0.125979630687913
89,2022,0.909113900217433,0.126043683437842
90,2022,0.92028164929558,0.126124201331272
91,2022,0.93178792437793,0.126215925761029
92,2022,0.943633161279143,0.126313268283142
93,2022,0.955817795813879,0.12641038029342
94,2022,0.968342263796797,0.126501225909153
95,2022,0.981207001042557,0.126579657649964
96,2022,0.99441244336582,0.126639494698634
97,2022,1.00795902658124,0.126674603730032
98,2022,1.02184718650349,0.126678982518467
99,2022,1.03607735894721,0.126646846766155
100,2022,1.05064997972707,0.126572720834418
101,2022,1.06556548465774,0.126451533302026
102,2022,1.08082430955386,0.126278718519343
103,2022,1.0964268902301,0.126050325570079
104,2022,1.11237366250112,0.125763136290409
105,2022,1.12866506218157,0.125414794221155
106,2022,1.14530152508613,0.125003946570902
107,2022,1.16228348702944,0.124530401427152
108,2022,1.17961125205526,0.123995357018828
109,2022,1.19727721795315,0.123404692277856
110,2022,1.21526152781865,0.122770202283968
111,2022,1.23354327058008,0.122104432388326
112,2022,1.25210153516575,0.121419992712708
113,2022,1.27091541050398,0.120729325783102
114,2022,1.28996398552308,0.120044478344349
115,2022,1.30922634915138,0.119376878030402
116,2022,1.32868159031717,0.11873711684827
117,2022,1.3483087979488,0.118134744612199
118,2022,1.36808706097455,0.117578076457027
119,2022,1.38799546832277,0.117074019277199
120,2022,1.40801310892175,0.11662792229787
121,2022,1.42811907169982,0.116243456924774
122,2022,1.44829244558529,0.115922530514501
123,2022,1.46851231950648,0.115665237778157
124,2022,1.4887577823917,0.115469852252914
125,2022,1.50900792316927,0.115332858768649
126,2022,1.5292418307675,0.115249026255401
127,2022,1.54943859411472,0.115211518749114
128,2022,1.56957730213923,0.115212041215292
129,2022,1.58963704376936,0.115241015948295
130,2022,1.60959690793341,0.115287784897645
131,2022,1.62943598355972,0.115340833349991
132,2022,1.64913335957658,0.115388030936756
133,2022,1.66866812491231,0.115416886886939
134,2022,1.68801936849524,0.115414817724986
135,2022,1.70716617925368,0.11536942714241
136,2022,1.72608764611595,0.115268799473466
137,2022,1.74476285801035,0.115101810019393
138,2022,1.76317090386521,0.114858457348467
139,2022,1.78129087260884,0.114530224617078
140,2022,1.79910185316956,0.114110478873687
141,2022,1.81658300464425,0.113595023237466
142,2022,1.83371769624365,0.112988577635655
143,2022,1.85049582285495,0.112307566162156
144,2022,1.8669078407139,0.111570380780338
145,2022,1.88294420605621,0.110795979656996
146,2022,1.89859537511761,0.110003354822882
147,2022,1.91385180413382,0.109211015821817
148,2022,1.92870394934057,0.108436488682231
149,2022,1.94314226697359,0.107695834401729
150,2022,1.95715721326859,0.107003195631167
151,2022,1.97073924446131,0.106370383987754
152,2022,1.98387881678747,0.105806522974626
153,2022,1.99656638648279,0.105317762432735
154,2022,2.008792409783,0.104907079541311
155,2022,2.02054734292382,0.104574178603473
156,2022,2.03182164214098,0.10431549749582
157,2022,2.0426057636702,0.104124323310401
158,2022,2.05289016374721,0.103991014165742
159,2022,2.06266529860773,0.103903319262551
160,2022,2.07192162448749,0.103846785759397
161,2022,2.08064959762221,0.103805239459051
162,2022,2.08883967424761,0.103761326840058
163,2022,2.09648231059943,0.103697108561228
164,2022,2.10356796291339,0.103594698910021
165,2022,2.11008708742521,0.103436951343445
166,2022,2.11603014037061,0.103208196842319
167,2022,2.12139132673205,0.102897174770073
168,2022,2.12618582836569,0.102507538508272
169,2022,2.13043611961156,0.102050006910001
170,2022,2.13416468213145,0.101537525091284
171,2022,2.13739399758716,0.100984556496008
172,2022,2.1401465476405,0.100406431178015
173,2022,2.14244481395324,0.099818735554856
174,2022,2.1443112781872,0.0992367379852505
175,2022,2.14576842200416,0.098674849604544
176,2022,2.14683872706592,0.0981461247064767
177,2022,2.14754467503428,0.0976618091857932
178,2022,2.14790874757103,0.0972309487260018
179,2022,2.14795342633798,0.0968600701323764
180,2022,2.14770119299691,0.096552949194657
181,2022,2.14717452920962,0.0963104766514092
182,2022,2.14639591663792,0.096130630427998
183,2022,2.14538783694358,0.0960085578220289
184,2022,2.14417277178842,0.0959367664188045
185,2022,2.14277320283422,0.0959054180315567
186,2022,2.14121161174279,0.0959027166152625
187,2022,2.13951048017592,0.0959153794446932
188,2022,2.1376922897954,0.095929181148989
189,2022,2.13577952226303,0.095929562441064
190,2022,2.13379465924061,0.0959022993133561
191,2022,2.13176018238993,0.0958342336685871
192,2022,2.1296985733728,0.0957140722940425
193,2022,2.12763231043984,0.0955332715438556
194,2022,2.1255804743325,0.0952912628915347
195,2022,2.12355237283646,0.0950034539343717
196,2022,2.12155556722669,0.0946896801442327
197,2022,2.11959761877812,0.0943708270953911
198,2022,2.11768608876569,0.0940677843759938
199,2022,2.11582853846435,0.0938004649131939
200,2022,2.11403252914905,0.093586895909754
201,2022,2.11230562209472,0.0934423983581005
202,2022,2.11065537857631,0.0933788798764728
203,2022,2.10908935986876,0.0934042691081678
204,2022,2.10761512724703,0.0935221183425768
205,2022,2.10624024198604,0.093731394396871
206,2022,2.10497226536075,0.094026467187239
207,2022,2.10381875864609,0.0943972927519391
208,2022,2.10278728311702,0.0948297751712353
209,2022,2.10188540004848,0.0953062821617122
210,2022,2.1011206707154,0.0958062837610245
211,2022,2.10050065639274,0.0963070831675041
212,2022,2.10003291835544,0.096784613209405
213,2022,2.09972501787843,0.0972142801554381
214,2022,2.09958451623667,0.0975718474082915
215,2022,2.09961529871502,0.0978378649811036
216,2022,2.09980654663798,0.0980095680243834
217,2022,2.10014376533999,0.0980913057286276
218,2022,2.10061246015549,0.0980905166180512
219,2022,2.1011981364189,0.098017097139701
220,2022,2.10188629946465,0.0978828396954595
221,2022,2.10266245462717,0.0977009232872227
222,2022,2.1035121072409,0.0974854429344081
223,2022,2.10442076264027,0.0972509673490183
224,2022,2.10537392615971,0.0970121178493258
225,2022,2.10635710313364,0.0967831650436243
226,2022,2.10735579889651,0.0965776432965607
227,2022,2.10835551878274,0.0964079862367794
228,2022,2.10934176812676,0.0962851893614022
229,2022,2.110300052263,0.0962185078940961
230,2022,2.1112158765259,0.0962151992206876
231,2022,2.11207474624988,0.0962803192820322
232,2022,2.11286216676938,0.0964165811860788
233,2022,2.11356364341883,0.0966242821022567
234,2022,2.11416468153266,0.096901301477611
235,2022,2.1146507864453,0.0972431701567885
236,2022,2.11500746349118,0.0976432065608791
237,2022,2.11522021800473,0.0980927131379532
238,2022,2.11527455532038,0.0985812242071532
239,2022,2.11515598077257,0.0990967952999919
240,2022,2.11484999969573,0.0996263242134074
241,2022,2.11434211742428,0.100155895136308
242,2022,2.11361783929266,0.100671139196108
243,2022,2.11266351412612,0.10115802309039
244,2022,2.11147529633073,0.101607925573571
245,2022,2.11005566649372,0.102016993036822
246,2022,2.10840721063869,0.102383185893362
247,2022,2.10653251478922,0.102706016943931
248,2022,2.10443416496891,0.102986359067184
249,2022,2.10211474720133,0.103226271004606
250,2022,2.09957684751009,0.103428839008351
251,2022,2.09682305191877,0.103598031994086
252,2022,2.09385594645096,0.103738567877329
253,2022,2.09067811713024,0.103855788917227
254,2022,2.08729214998022,0.103955544110792
255,2022,2.08370063102448,0.104044076950628
256,2022,2.0799061462866,0.104127917165845
257,2022,2.07591128179018,0.104213775399433
258,2022,2.0717186235588,0.1043084401282
259,2022,2.06733075761606,0.104418676495526
260,2022,2.06275026998555,0.104551127092984
261,2022,2.05797974669084,0.104712215082312
262,2022,2.05302177375555,0.104908050379347
263,2022,2.04787893720324,0.105144339909549
264,2022,2.04255382305752,0.105426303172704
265,2022,2.03704901734197,0.105758594505311
266,2022,2.03136710608017,0.106145233489014
267,2022,2.02551067529573,0.106589544913387
268,2022,2.01948231101223,0.107094109559571
269,2022,2.01328459925326,0.107660726834163
270,2022,2.0069201260424,0.108290389965155
271,2022,2.00039147740325,0.108983274095846
272,2022,1.9937012393594,0.109738737206247
273,2022,1.98685199793443,0.110555333384748
274,2022,1.97984633915194,0.111430837595419
275,2022,1.97268684903552,0.112362280764022
276,2022,1.96537611360874,0.113345993758358
277,2022,1.95791671889521,0.114377658677639
278,2022,1.95031125091852,0.115452365794836
279,2022,1.94256229570224,0.116564674511149
280,2022,1.93467243926998,0.117708676772674
281,2022,1.92664426764531,0.118878061551163
282,2022,1.91848036685184,0.120066179186884
283,2022,1.91018332291314,0.121266104614671
284,2022,1.90175572185282,0.12247069872884
285,2022,1.89320014969445,0.12367266737533
286,2022,1.88451919246163,0.124864617680225
287,2022,1.87571543617794,0.126039111625668
288,2022,1.86679146686698,0.127188716963495
289,2022,1.85774987055234,0.128306055712275
290,2022,1.8485932332576,0.129383850616105
291,2022,1.83932414100635,0.130414970055756
292,2022,1.82994517982219,0.131392471998453
293,2022,1.8204589357287,0.132309647655742
294,2022,1.81086799474947,0.133160065594129
295,2022,1.80117494290809,0.133937617114933
296,2022,1.79138236675936,0.134636605541289
297,2022,1.78149288473052,0.13525426851765
298,2022,1.77150916465107,0.135792231965147
299,2022,1.76143387860021,0.136252949117885
300,2022,1.7512696986571,0.136639309081478
301,2022,1.74101929690093,0.136954584121572
302,2022,1.73068534541087,0.137202382318356
303,2022,1.7202705162661,0.137386604657145
304,2022,1.7097774815458,0.137511405742306
305,2022,1.69920891332914,0.137581157425467
306,2022,1.6885674836953,0.137600414731058
307,2022,1.67785586472346,0.137573883544577
308,2022,1.66707672849279,0.13750638960356
309,2022,1.65623274708248,0.137402848399797
310,2022,1.64532659257169,0.13726823566555
311,2022,1.63436093703961,0.137107558177771
312,2022,1.62333845256542,0.136925824673808
313,2022,1.61226181122829,0.136728016730626
314,2022,1.6011336851074,0.136519059517839
315,2022,1.58995674628192,0.136303792392979
316,2022,1.57873366683103,0.136086939365356
317,2022,1.56746711883392,0.13587307951208
318,2022,1.55615977436975,0.135666617485463
319,2022,1.54481430551771,0.135471754303939
320,2022,1.53343338435697,0.135292458667315
321,2022,1.52201968296671,0.135132439079952
322,2022,1.51057587342611,0.134995117100574
323,2022,1.49910462781434,0.134883602063068
324,2022,1.48760861821058,0.134800667627172
325,2022,1.47609051669401,0.13474873052022
326,2022,1.4645529953438,0.134729831820096
327,2022,1.45299872623914,0.134745621105128
328,2022,1.4414303814592,0.134797343759116
329,2022,1.42985063308315,0.134885831670234
330,2022,1.41826215319018,0.135011497502872
331,2022,1.40666761385946,0.13517433265408
332,2022,1.39506968717017,0.135373908933982
333,2022,1.38347104520148,0.135609383935537
334,2022,1.37187436003258,0.13587950998668
335,2022,1.36028230374264,0.136182646510299
336,2022,1.34869754841084,0.136516775557624
337,2022,1.33712276611635,0.136879520230758
338,2022,1.32556062893836,0.137268165672043
339,2022,1.31401380895603,0.13767968227279
340,2022,1.30248497824855,0.138110750741993
341,2022,1.29097680889509,0.13855778867667
342,2022,1.27949197297484,0.13901697828857
343,2022,1.26803314256696,0.139484294965846
344,2022,1.25660298975064,0.139955536381242
345,2022,1.24520418660506,0.14042635189862
346,2022,1.23383940520938,0.140892272075394
347,2022,1.22251131764279,0.141348738107903
348,2022,1.21122259598447,0.141791131118409
349,2022,1.19997591231358,0.142214801234899
350,2022,1.18877393870932,0.142615096467277
351,2022,1.17761934725085,0.142987391435026
352,2022,1.16651481001736,0.143327116051813
353,2022,1.15546299908801,0.143629784321507
354,2022,1.144466586542,0.143891023447996
355,2022,1.13352824445849,0.144106603508369
356,2022,1.12265064491666,0.144272467986006
357,2022,1.11183645999569,0.144384765507624
358,2022,1.10108836177476,0.144439883177105
359,2022,1.09040902233305,0.144434481949715
360,2022,1.07980111374972,0.144365534543865
361,2022,1.06926730810396,0.14423036644441
362,2022,1.05881027747495,0.144026700611826
363,2022,1.04843269394187,0.143752706575462
364,2022,1.03813722958388,0.143407054655471
365,2022,1.02792688127104,0.142989965720276
1,2023,1.0522604309071,0.152094519504773
2,2023,1.04172662526134,0.151969735639284
3,2023,1.03126959463233,0.151779997872208
4,2023,1.02089201109924,0.151523612491859
5,2023,1.01059654674126,0.151199372345062
6,2023,1.00038619842842,0.150807550246069
7,2023,0.990265262194245,0.150352682520402
8,2023,0.980238358863133,0.149840620803115
9,2023,0.970310109259471,0.14927752822455
10,2023,0.960485134207649,0.148669829192063
11,2023,0.950768054532059,0.148024160401426
12,2023,0.941163491057092,0.147347322417066
13,2023,0.931676064607139,0.146646231254818
14,2023,0.922310396006589,0.145927869499914
15,2023,0.913071106079835,0.145199236598557
16,2023,0.903962815651266,0.144467298075406
17,2023,0.894990145545274,0.143738933552381
18,2023,0.88615771658625,0.143020883576582
19,2023,0.877470149598584,0.142319695405435
20,2023,0.868932065406667,0.141641668043047
21,2023,0.860548084834891,0.140992796969223
22,2023,0.852322828707645,0.140378719146275
23,2023,0.844260917849321,0.139804659022194
24,2023,0.836366973084309,0.139275376364353
25,2023,0.828645615237001,0.138795116847936
26,2023,0.821101465131787,0.138367566380034
27,2023,0.813739143593058,0.137995810157326
28,2023,0.806563271445204,0.137682297427626
29,2023,0.799578469512617,0.13742881285129
30,2023,0.792789358619688,0.137236455238219
31,2023,0.786200559590807,0.137105624274483
32,2023,0.779816693250365,0.137036015656793
33,2023,0.773642380422753,0.137026624833765
34,2023,0.767682241932362,0.137075759322546
35,2023,0.761940898603582,0.1371810593415
36,2023,0.756422971260805,0.137339526287631
37,2023,0.751133080728421,0.137547558403334
38,2023,0.746075847830821,0.137800992830601
39,2023,0.741255893392395,0.138095153148755
40,2023,0.736677838237536,0.138424901437497
41,2023,0.732346303190634,0.138784693900417
42,2023,0.728265909076077,0.13916863912234
43,2023,0.72444127671826,0.139570558111382
44,2023,0.720877026941572,0.139984045386569
45,2023,0.717577780570404,0.140402530506395
46,2023,0.714548158429146,0.140819339585064
47,2023,0.711792781342189,0.141227756503989
48,2023,0.709316270133925,0.141621083690333
49,2023,0.707123245628745,0.141992702496973
50,2023,0.705218328651038,0.142336133375929
51,2023,0.703606140025196,0.142645096187828
52,2023,0.702291300575609,0.142913571132697
53,2023,0.701278431126669,0.143135860922347
54,2023,0.700572152502766,0.143306654942696
55,2023,0.700177085528291,0.143421096276771
56,2023,0.700097851027636,0.14347485257681
57,2023,0.700339062170851,0.143464203394885
58,2023,0.700904089254729,0.143387968987735
59,2023,0.701793696273704,0.143249542514616
60,2023,0.703008319042437,0.143053366243854
61,2023,0.704548393375587,0.142804348230402
62,2023,0.706414355087812,0.142507779415611
63,2023,0.708606639993774,0.142169255526766
64,2023,0.711125683908131,0.141794602808549
65,2023,0.713971922645543,0.141389806780118
66,2023,0.71714579202067,0.140960943373367
67,2023,0.720647727848171,0.140514111969948
68,2023,0.724478165942706,0.140055370016513
69,2023,0.728637542118933,0.139590669058412
70,2023,0.733126292191514,0.139125792190338
71,2023,0.737944851975107,0.138666293075572
72,2023,0.743093657284372,0.138217436830295
73,2023,0.748573143933969,0.13778414320165
74,2023,0.754383747738556,0.137370932583147
75,2023,0.760525904512795,0.136981875503467
76,2023,0.767000050071344,0.136620546289882
77,2023,0.773806620228862,0.136289981641049
78,2023,0.78094605080001,0.135992644842744
79,2023,0.788418777599447,0.135730396322766
80,2023,0.796225236441832,0.135504471168289
81,2023,0.804365863141826,0.135315464123256
82,2023,0.812841093514086,0.13516332245011
83,2023,0.821651363373274,0.135047346886437
84,2023,0.830797108534049,0.134966200761683
85,2023,0.84027876481107,0.134917927171915
86,2023,0.850096768018998,0.134899973951474
87,2023,0.86025155397249,0.134909226038947
88,2023,0.870743558486208,0.134942044719338
89,2023,0.88157321737481,0.134994313141114
90,2023,0.892740966452956,0.135061487460211
91,2023,0.904247241535306,0.135138652955145
92,2023,0.91609247843652,0.135220584487843
93,2023,0.928277112971255,0.135301810751645
94,2023,0.940801580954174,0.135376681847625
95,2023,0.953666318199934,0.135439439858412
96,2023,0.966871760523196,0.135484292240225
97,2023,0.980418343738619,0.135505488023915
98,2023,0.994306503660862,0.135497396999983
99,2023,1.00853667610459,0.135454592256834
100,2023,1.02310929688445,0.13537193664254
101,2023,1.03802480181511,0.135244673925404
102,2023,1.05328362671124,0.135068525634681
103,2023,1.06888620738748,0.134839794766935
104,2023,1.08483297965849,0.134555477741071
105,2023,1.10112437933895,0.134213386169375
106,2023,1.1177608422435,0.133812280171963
107,2023,1.13474280418681,0.133352015081277
108,2023,1.15207056921264,0.132833754374867
109,2023,1.16973653511053,0.13226304219546
110,2023,1.18772084497603,0.131650946572077
111,2023,1.20600258773746,0.13100921962276
112,2023,1.22456085232313,0.13034965205927
113,2023,1.24337472766136,0.129683853467137
114,2023,1.26242330268046,0.129023038640811
115,2023,1.28168566630875,0.128377820661418
116,2023,1.30114090747455,0.127758012441906
117,2023,1.32076811510617,0.127172439391713
118,2023,1.34054637813193,0.126628766609923
119,2023,1.36045478548014,0.126133344539267
120,2023,1.38047242607913,0.125691077247864
121,2023,1.40057838885719,0.125305317413172
122,2023,1.42075176274266,0.124977791652586
123,2023,1.44097163666385,0.124708559100405
124,2023,1.46121709954907,0.124496005130811
125,2023,1.48146724032664,0.124336870961904
126,2023,1.50170114792488,0.12422631866033
127,2023,1.52189791127209,0.124158029921434
128,2023,1.54203661929661,0.124124336041178
129,2023,1.56209636092674,0.124116375817123
130,2023,1.58205622509079,0.124124277779234
131,2023,1.60189530071709,0.124137363184511
132,2023,1.62159267673395,0.12414436660593
133,2023,1.64112744206969,0.124133671672273
134,2023,1.66047868565262,0.124093560519985
135,2023,1.67962549641106,0.124012476742767
136,2023,1.69854696327332,0.123879303012308
137,2023,1.71722217516773,0.123683656044421
138,2023,1.73563022102259,0.123416203157422
139,2023,1.75375018976622,0.123069006276266
140,2023,1.77156117032694,0.12263590083303
141,2023,1.78904232180163,0.122113016032403
142,2023,1.80617701340102,0.121504844790884
143,2023,1.82295514001233,0.120826844303879
144,2023,1.83936715787127,0.120096301747147
145,2023,1.85540352321358,0.11933101120223
146,2023,1.87105469227498,0.118548768613455
147,2023,1.8863111212912,0.117766886282632
148,2023,1.90116326649795,0.117001726756745
149,2023,1.91560158413097,0.116268259938282
150,2023,1.92961653042597,0.115579650837385
151,2023,1.94319856161869,0.114946888288611
152,2023,1.95633813394485,0.114378466853189
153,2023,1.96902570364016,0.113880134744906
154,2023,1.98125172694037,0.11345471979644
155,2023,1.99300666008119,0.113102043246842
156,2023,2.00428095929835,0.112818927719073
157,2023,2.01506508082757,0.112599301611438
158,2023,2.02534948090458,0.11243439783246
159,2023,2.0351246157651,0.112313040992513
160,2023,2.04438094164486,0.112222014387939
161,2023,2.05310891477958,0.112146496776234
162,2023,2.06129899140499,0.112070559236024
163,2023,2.06894162775681,0.111977714313787
164,2023,2.07602728007077,0.11185151299103
165,2023,2.08254640458258,0.111676189464322
166,2023,2.08848945752799,0.111437358973249
167,2023,2.09385064388942,0.111124722083123
168,2023,2.09864514552306,0.110741681402937
169,2023,2.10289543676893,0.110298155442939
170,2023,2.10662399928882,0.109806131349856
171,2023,2.10985331474454,0.109278993327813
172,2023,2.11260586479787,0.108730904779372
173,2023,2.11490413111062,0.108176232334535
174,2023,2.11677059534457,0.107629007789076
175,2023,2.11822773916153,0.107102428087587
176,2023,2.1192980442233,0.10660839732792
177,2023,2.12000399219166,0.106157118004385
178,2023,2.12036806472841,0.105756741024904
179,2023,2.12041274349536,0.105413085159569
180,2023,2.12016051015429,0.105129436341173
181,2023,2.119633846367,0.104906435643945
182,2023,2.11885523379529,0.104742062014716
183,2023,2.11784715410096,0.104631712312429
184,2023,2.1166320889458,0.104568377458246
185,2023,2.1152325199916,0.104542910093314
186,2023,2.11367092890017,0.104544376619683
187,2023,2.11196979733329,0.104560485259424
188,2023,2.11015160695277,0.104578082012671
189,2023,2.10823883942041,0.104583708127695
190,2023,2.10625397639799,0.104564215737812
191,2023,2.10421949954731,0.104507442360742
192,2023,2.10215789053017,0.104402949594817
193,2023,2.10009162759722,0.104242840122235
194,2023,2.09803979148987,0.104026562852472
195,2023,2.09601168999384,0.103768253150955
196,2023,2.09401488438407,0.103486087274491
197,2023,2.09205693593549,0.103199164543885
198,2023,2.09014540592307,0.10292654319604
199,2023,2.08828785562173,0.102686346034137
200,2023,2.08649184630642,0.102494940998983
201,2023,2.08476493925209,0.10236620983761
202,2023,2.08311469573369,0.102310923668958
203,2023,2.08154867702614,0.102336246597127
204,2023,2.0800744444044,0.102445387144075
205,2023,2.07869955914342,0.102637412289793
206,2023,2.07743158251812,0.102907231103962
207,2023,2.07627807580347,0.103245745682376
208,2023,2.0752466002744,0.103640158022334
209,2023,2.07434471720586,0.104074414187116
210,2023,2.07357998787278,0.104529762829516
211,2023,2.07295997355012,0.104985404471546
212,2023,2.07249223551281,0.10541921084198
213,2023,2.07218433503581,0.105808499528636
214,2023,2.07204383339405,0.106130857414756
215,2023,2.07207461587239,0.106368260360292
216,2023,2.07226586379536,0.106518127367259
217,2023,2.07260308249737,0.106584479298363
218,2023,2.07307177731286,0.10657421631682
219,2023,2.07365745357627,0.10649653141648
220,2023,2.07434561662202,0.106362384486583
221,2023,2.07512177178455,0.106184023520607
222,2023,2.07597142439828,0.105974541931581
223,2023,2.07688007979765,0.105747463612324
224,2023,2.07783324331708,0.105516350210372
225,2023,2.07881642029102,0.105294427951728
226,2023,2.07981511605389,0.105094234125137
227,2023,2.08081483594011,0.10492728588952
228,2023,2.08180108528413,0.104803776226752
229,2023,2.08275936942038,0.104732303453688
230,2023,2.08367519368328,0.104719641568936
231,2023,2.08453406340726,0.104770558727859
232,2023,2.08532148392676,0.104887690282867
233,2023,2.08602296057621,0.105071471170304
234,2023,2.08662399869004,0.105320130156016
235,2023,2.08711010360267,0.105629745846066
236,2023,2.08746678064855,0.105994361755649
237,2023,2.0876795351621,0.106406155435498
238,2023,2.08773387247776,0.106855654954796
239,2023,2.08761529792995,0.107331995113815
240,2023,2.0873093168531,0.107823205678008
241,2023,2.08680143458166,0.108316524651748
242,2023,2.08607715645003,0.108798731025723
243,2023,2.0851228312835,0.10925687059995
244,2023,2.0839346134881,0.109682885735141
245,2023,2.0825149836511,0.110073072103747
246,2023,2.08086652779607,0.110425411577156
247,2023,2.0789918319466,0.110739335300479
248,2023,2.07689348212628,0.111015547838036
249,2023,2.07457406435871,0.11125586635455
250,2023,2.07203616466747,0.111463073165424
251,2023,2.06928236907614,0.11164077984746
252,2023,2.06631526360833,0.111793301100423
253,2023,2.06313743428762,0.111925536646695
254,2023,2.0597514671376,0.112042859621173
255,2023,2.05615994818185,0.112151010116096
256,2023,2.05236546344397,0.112255992791588
257,2023,2.04837059894755,0.112363977732397
258,2023,2.04417794071618,0.112481204015932
259,2023,2.03979007477344,0.112613885748424
260,2023,2.03520958714292,0.112768120615769
261,2023,2.03043906384822,0.112949801273355
262,2023,2.02548109091292,0.113164530153286
263,2023,2.02033825436062,0.113417538485583
264,2023,2.01501314021489,0.113713610499327
265,2023,2.00950833449934,0.114057013879033
266,2023,2.00382642323755,0.114451437591447
267,2023,1.99796999245311,0.114899938163236
268,2023,1.99194162816961,0.115404895380135
269,2023,1.98574391641063,0.115967978198206
270,2023,1.97937944319978,0.116590121418606
271,2023,1.97285079456063,0.117271513394482
272,2023,1.96616055651678,0.118011594731551
273,2023,1.95931131509181,0.11880906763396
274,2023,1.95230565630932,0.11966191525512
275,2023,1.94514616619289,0.120567430158227
276,2023,1.93783543076612,0.121522250788002
277,2023,1.93037603605259,0.122522404713678
278,2023,1.92277056807589,0.123563357327653
279,2023,1.91502161285962,0.1246400646736
280,2023,1.90713175642735,0.125747029126304
281,2023,1.89910358480269,0.126878356744254
282,2023,1.89093968400921,0.128027815253602
283,2023,1.88264264007052,0.129188891786684
284,2023,1.87421503901019,0.130354849678224
285,2023,1.86565946685183,0.13151878380726
286,2023,1.856978509619,0.132673674154333
287,2023,1.84817475333532,0.133812437415196
288,2023,1.83925078402436,0.134927976670183
289,2023,1.83020918770972,0.136013229250186
290,2023,1.82105255041498,0.13706121306575
291,2023,1.81178345816373,0.13806507177587
292,2023,1.80240449697957,0.139018119270001
293,2023,1.79291825288608,0.139913884023005
294,2023,1.78332731190685,0.14074615396166
295,2023,1.77363426006547,0.141509022556084
296,2023,1.76384168391674,0.142196976777221
297,2023,1.75395220188789,0.142807308110803
298,2023,1.74396848180845,0.143341505787203
299,2023,1.73389319575759,0.143801859510345
300,2023,1.72372901581448,0.144191085124734
301,2023,1.71347861405831,0.144512273292742
302,2023,1.70314466256825,0.14476884311895
303,2023,1.69272983342348,0.144964499900399
304,2023,1.68223679870318,0.145103196280954
305,2023,1.67166823048651,0.145189096177526
306,2023,1.66102680085267,0.145226540926675
307,2023,1.65031518188083,0.145220017173449
308,2023,1.63953604565017,0.145174126091451
309,2023,1.62869206423985,0.145093553585457
310,2023,1.61778590972907,0.14498304118653
311,2023,1.60682025419699,0.144847357405554
312,2023,1.5957977697228,0.144691269365285
313,2023,1.58472112838567,0.144519514583989
314,2023,1.57359300226477,0.144336772835876
315,2023,1.56241606343929,0.144147638064929
316,2023,1.55119298398841,0.14395659037925
317,2023,1.5399264359913,0.143767968202146
318,2023,1.52861909152713,0.14358594070326
319,2023,1.51727362267509,0.143414480677031
320,2023,1.50589270151435,0.143257338075615
321,2023,1.49447900012409,0.143118014437713
322,2023,1.48303519058348,0.142999738482315
323,2023,1.47156394497171,0.142905443155813
324,2023,1.46006793536795,0.142837744431164
325,2023,1.44854983385138,0.142798922157914
326,2023,1.43701231250118,0.142790903251438
327,2023,1.42545804339652,0.142815247488544
328,2023,1.41388969861657,0.142873136145165
329,2023,1.40230995024053,0.142965363671075
330,2023,1.39072147034756,0.143092332547851
331,2023,1.37912693101684,0.143254051421632
332,2023,1.36752900432754,0.143450136543655
333,2023,1.35593036235886,0.143679816491761
334,2023,1.34433367718996,0.143941940087329
335,2023,1.33274162090002,0.144234987367061
336,2023,1.32115686556822,0.144557083419836
337,2023,1.30958208327373,0.144906014857356
338,2023,1.29801994609573,0.145279248654963
339,2023,1.28647312611341,0.145673953076759
340,2023,1.27494429540593,0.146087020387387
341,2023,1.26343612605247,0.146515091051448
342,2023,1.25195129013222,0.146954579130049
343,2023,1.24049245972434,0.147401698601422
344,2023,1.22906230690802,0.14785249035788
345,2023,1.21766350376243,0.148302849663113
346,2023,1.20629872236676,0.148748553890814
347,2023,1.19497063480017,0.149185290406231
348,2023,1.18368191314184,0.149608684495525
349,2023,1.17243522947096,0.15001432729246
350,2023,1.16123325586669,0.150397803697244
351,2023,1.15007866440823,0.150754720327578
352,2023,1.13897412717473,0.151080733586726
353,2023,1.12792231624539,0.151371577977593
354,2023,1.11692590369938,0.151623094835303
355,2023,1.10598756161587,0.15183126169386
356,2023,1.09510996207404,0.151992222545493
357,2023,1.08429577715307,0.152102319294603
358,2023,1.07354767893214,0.152158124752401
359,2023,1.06286833949042,0.152156477563733
360,2023,1.0522604309071,0.152094519504773
361,2023,1.04172662526134,0.151969735639284
362,2023,1.03126959463233,0.151779997872208
363,2023,1.02089201109924,0.151523612491859
364,2023,1.01059654674126,0.151199372345062
365,2023,1.00038619842842,0.150807550246069
1,2024,1.02456473332221,0.161859004674631
2,2024,1.01403092767646,0.161745028870337
3,2024,1.00357389704745,0.161570078593603
4,2024,0.993196313514359,0.161332604050802
5,2024,0.982900849156372,0.161031523670431
6,2024,0.972690500843532,0.160667154658679
7,2024,0.96256956460936,0.160243816154456
8,2024,0.952542661278248,0.159767062457674
9,2024,0.942614411674586,0.159242739492652
10,2024,0.932789436622764,0.15867693470311
11,2024,0.923072356947174,0.158075928249695
12,2024,0.913467793472207,0.157446144957938
13,2024,0.903980367022254,0.156794106553387
14,2024,0.894614698421704,0.156126383813042
15,2024,0.885375408494949,0.155449548359307
16,2024,0.876267118066381,0.154770123925186
17,2024,0.867294447960389,0.154094537027571
18,2024,0.858462019001365,0.153429067098496
19,2024,0.849774452013699,0.152779796240811
20,2024,0.841236367821782,0.152152558892353
21,2024,0.832852387250006,0.151552891798087
22,2024,0.82462713112276,0.150985984798585
23,2024,0.816565220264436,0.150456633040793
24,2024,0.808671275499424,0.14996919129785
25,2024,0.800949917652116,0.149527531143629
26,2024,0.793405767546902,0.149135001759605
27,2024,0.786043446008173,0.148794395152735
28,2024,0.778867573860319,0.148507916530732
29,2024,0.771882771927732,0.148277160514703
30,2024,0.765093661034803,0.148103093770082
31,2024,0.758504862005922,0.147986044508749
32,2024,0.75212099566548,0.14792569916408
33,2024,0.745946682837868,0.147921106373947
34,2024,0.739986544347477,0.147970688233213
35,2024,0.734245201018697,0.148072258606589
36,2024,0.72872727367592,0.148223048133909
37,2024,0.723437383143536,0.148419735421457
38,2024,0.718380150245936,0.1486584838016
39,2024,0.71356019580751,0.148934982963671
40,2024,0.708982140652651,0.149244494714233
41,2024,0.704650605605749,0.149581902115126
42,2024,0.700570211491193,0.149941761271328
43,2024,0.696745579133376,0.150318355094347
44,2024,0.693181329356687,0.150705748446226
45,2024,0.689882082985519,0.151097844168922
46,2024,0.686852460844261,0.151488439618593
47,2024,0.684097083757305,0.151871283448936
48,2024,0.68162057254904,0.152240132517528
49,2024,0.67942754804386,0.152588808920466
50,2024,0.677522631066153,0.152911257290379
51,2024,0.675910442440311,0.153201602619231
52,2024,0.674595602990724,0.153454208988997
53,2024,0.673582733541784,0.15366373970987
54,2024,0.672876454917881,0.15382521947701
55,2024,0.672481387943407,0.153934099263328
56,2024,0.672402153442751,0.153986324767417
57,2024,0.672643364585966,0.153978420043706
58,2024,0.673208391669844,0.153909284814421
59,2024,0.67409799868882,0.153782086023354
60,2024,0.675312621457552,0.153600975561584
61,2024,0.676852695790702,0.153370544725915
62,2024,0.678718657502927,0.153095744427862
63,2024,0.680910942408889,0.152781809914674
64,2024,0.683429986323246,0.152434189200706
65,2024,0.686276225060658,0.152058474545397
66,2024,0.689450094435785,0.151660336452853
67,2024,0.692952030263286,0.151245459806612
68,2024,0.696782468357821,0.150819481890698
69,2024,0.700941844534048,0.150387932183257
70,2024,0.705430594606629,0.149956173940166
71,2024,0.710249154390222,0.149529347710833
72,2024,0.715397959699487,0.149112317044116
73,2024,0.720877446349084,0.148709616745664
74,2024,0.726688050153671,0.148325404135481
75,2024,0.73283020692791,0.147963413822601
76,2024,0.739304352486459,0.147626916559135
77,2024,0.746110922643977,0.147318682755959
78,2024,0.753250353215125,0.147040951235225
79,2024,0.760723080014562,0.146795403760244
80,2024,0.768529538856947,0.146583145822088
81,2024,0.776670165556941,0.146404694077134
82,2024,0.785145395929201,0.146259970724755
83,2024,0.793955665788389,0.146148304995055
84,2024,0.803101410949164,0.146068441789372
85,2024,0.812583067226185,0.146018557388474
86,2024,0.822401070434113,0.145996282022139
87,2024,0.832555856387605,0.145998728986059
88,2024,0.843047860901322,0.146022529903687
89,2024,0.853877519789925,0.146063875666648
90,2024,0.865045268868071,0.1461185625508
91,2024,0.876551543950421,0.146182042997861
92,2024,0.888396780851634,0.146249480574753
93,2024,0.90058141538637,0.146315808673441
94,2024,0.913105883369289,0.146375792590729
95,2024,0.925970620615049,0.14642409472726
96,2024,0.939176062938311,0.146455342764417
97,2024,0.952722646153734,0.146464200813315
98,2024,0.966610806075977,0.146445443678237
99,2024,0.980840978519702,0.146394034534321
100,2024,0.995413599299565,0.146305206483208
101,2024,1.01032910423023,0.146174548617836
102,2024,1.02558792912635,0.145998097395717
103,2024,1.04119050980259,0.145772434285502
104,2024,1.05713728207361,0.145494790809897
105,2024,1.07342868175407,0.14516316225248
106,2024,1.09006514465862,0.144776431417337
107,2024,1.10704710660193,0.144334503914318
108,2024,1.12437487162775,0.143838503586494
109,2024,1.14204083752564,0.143293610325873
110,2024,1.16002514739114,0.142710105523157
111,2024,1.17830689015257,0.142098885716988
112,2024,1.19686515473824,0.141470861203763
113,2024,1.21567903007647,0.140836750520111
114,2024,1.23472760509557,0.14020688256902
115,2024,1.25398996872387,0.139591007051202
116,2024,1.27344520988967,0.138998114673335
117,2024,1.29307241752129,0.138436269308663
118,2024,1.31285068054705,0.137912454839815
119,2024,1.33275908789526,0.137432439776837
120,2024,1.35277672849424,0.137000662880834
121,2024,1.37288269127231,0.136620142914768
122,2024,1.39305606515778,0.136292415286985
123,2024,1.41327593907897,0.136017497772091
124,2024,1.43352140196419,0.135793886733992
125,2024,1.45377154274176,0.135618584403675
126,2024,1.47400545033999,0.135487156860343
127,2024,1.49420221368721,0.135393821514541
128,2024,1.51434092171172,0.135331562176972
129,2024,1.53440066334185,0.135292269284204
130,2024,1.55436052750591,0.135266902589529
131,2024,1.57419960313221,0.135245673637606
132,2024,1.59389697914907,0.135218245626156
133,2024,1.61343174448481,0.135173948798328
134,2024,1.63278298806774,0.135102010273464
135,2024,1.65192979882617,0.134991798172174
136,2024,1.67085126568844,0.134833080982608
137,2024,1.68952647758284,0.134616304308715
138,2024,1.7079345234377,0.134332888400872
139,2024,1.72605449218134,0.133975551156588
140,2024,1.74386547274206,0.133538662548126
141,2024,1.76134662421674,0.133018727749923
142,2024,1.77848131581614,0.132419995770843
143,2024,1.79525944242744,0.131756848436461
144,2024,1.81167146028639,0.131045340187695
145,2024,1.8277078256287,0.130301964718342
146,2024,1.8433589946901,0.129543181756605
147,2024,1.85861542370631,0.128784966573945
148,2024,1.87346756891307,0.128042382498839
149,2024,1.88790588654608,0.127329179832425
150,2024,1.90192083284109,0.126657427299748
151,2024,1.9155028640338,0.126037184306172
152,2024,1.92864243635996,0.125476223588518
153,2024,1.94133000605528,0.124979814184647
154,2024,1.95355602935549,0.124550573914014
155,2024,1.96531096249631,0.124188398812593
156,2024,1.97658526171347,0.12389047438987
157,2024,1.98736938324269,0.123651370495723
158,2024,1.9976537833197,0.123463218413343
159,2024,2.00742891818022,0.123315965969671
160,2024,2.01668524405998,0.123197704372933
161,2024,2.0254132171947,0.123095059441224
162,2024,2.03360329382011,0.12299364003238
163,2024,2.04124593017193,0.122878537835565
164,2024,2.04833158248588,0.122734875127502
165,2024,2.0548507069977,0.122548400430598
166,2024,2.0607937599431,0.122306135982138
167,2024,2.06615494630454,0.121998830878681
168,2024,2.07094944793818,0.12162961639062
169,2024,2.07519973918405,0.12120753046947
170,2024,2.07892830170394,0.12074349651603
171,2024,2.08215761715965,0.120249696979939
172,2024,2.08491016721299,0.119738997887373
173,2024,2.08720843352573,0.119224415145743
174,2024,2.08907489775969,0.118718620048765
175,2024,2.09053204157665,0.118233484558938
176,2024,2.09160234663841,0.117779669815836
177,2024,2.09230829460677,0.117366263657768
178,2024,2.09267236714353,0.117000474527696
179,2024,2.09271704591047,0.116687389792679
180,2024,2.0924648125694,0.116429806159592
181,2024,2.09193814878211,0.116228138558132
182,2024,2.09115953621041,0.116080411757012
183,2024,2.09015145651607,0.115982336373927
184,2024,2.08893639136091,0.115927468210888
185,2024,2.08753682240672,0.115907447397222
186,2024,2.08597523131528,0.11591231201964
187,2024,2.08427409974841,0.115930880036777
188,2024,2.08245590936789,0.115951193462495
189,2024,2.08054314183552,0.115961020068636
190,2024,2.0785582788131,0.115948410090417
191,2024,2.07652380196242,0.115902308401905
192,2024,2.07446219294529,0.115813226072339
193,2024,2.07239593001233,0.115673982384942
194,2024,2.07034409390499,0.115484049929091
195,2024,2.06831599240896,0.11525617726435
196,2024,2.06631918679918,0.115006740615844
197,2024,2.06436123835061,0.114752914613348
198,2024,2.06244970833818,0.11451179878141
199,2024,2.06059215803684,0.114299615494955
200,2024,2.05879614872154,0.114130983383562
201,2024,2.05706924166721,0.114018275896589
202,2024,2.0554189981488,0.113971078609023
203,2024,2.05385297944126,0.113995760341111
204,2024,2.05237874681952,0.114095172053096
205,2024,2.05100386155853,0.114268483908783
206,2024,2.04973588493324,0.114511165436061
207,2024,2.04858237821859,0.11481510724995
208,2024,2.04755090268952,0.115168876430313
209,2024,2.04664901962097,0.115558092424321
210,2024,2.0458842902879,0.115965907110029
211,2024,2.04526427596523,0.11637357189045
212,2024,2.04479653792793,0.116761076470942
213,2024,2.04448863745093,0.117107848055869
214,2024,2.04434813580917,0.117393505618249
215,2024,2.04437891828751,0.117601627434161
216,2024,2.04457016621047,0.11772984906918
217,2024,2.04490738491249,0.117781831251227
218,2024,2.04537607972798,0.117763873613087
219,2024,2.04596175599139,0.117684378583028
220,2024,2.04664991903714,0.11755336693623
221,2024,2.04742607419966,0.117382034868165
222,2024,2.0482757268134,0.117182344218549
223,2024,2.04918438221276,0.116966639527609
224,2024,2.0501375457322,0.116747287790782
225,2024,2.05112072270614,0.116536338977119
226,2024,2.052119418469,0.11634520748398
227,2024,2.05311913835523,0.116184376603984
228,2024,2.05410538769925,0.116063129660754
229,2024,2.05506367183549,0.115989312609084
230,2024,2.05597949609839,0.115969133491305
231,2024,2.05683836582238,0.11600700412991
232,2024,2.05762578634188,0.116105428807928
233,2024,2.05832726299132,0.11626494350219
234,2024,2.05892830110515,0.116484107618991
235,2024,2.05941440601779,0.116759548322376
236,2024,2.05977108306367,0.117086055661544
237,2024,2.05998383757722,0.117456725016739
238,2024,2.06003817489287,0.117863142083949
239,2024,2.05991960034506,0.118295604844385
240,2024,2.05961361926822,0.118743376782538
241,2024,2.05910573699677,0.119194966024995
242,2024,2.05838145886515,0.119638426010681
243,2024,2.05742713369861,0.120062010910787
244,2024,2.05623891590322,0.120458323511332
245,2024,2.05481928606621,0.120823869772448
246,2024,2.05317083021118,0.12115669401904
247,2024,2.05129613436171,0.121456168719392
248,2024,2.0491977845414,0.121722836996639
249,2024,2.04687836677382,0.121958267223423
250,2024,2.04434046708258,0.122164918530707
251,2024,2.04158667149126,0.122346015922779
252,2024,2.03861956602345,0.122505433665864
253,2024,2.03544173670274,0.122647585674996
254,2024,2.03205576955271,0.122777321739395
255,2024,2.02846425059697,0.122899828583544
256,2024,2.02466976585909,0.123020534947121
257,2024,2.02067490136267,0.123145020072297
258,2024,2.01648224313129,0.123278925203845
259,2024,2.01209437718855,0.123427867928462
260,2024,2.00751388955804,0.123597359397274
261,2024,2.00274336626334,0.123792724681704
262,2024,1.99778539332804,0.124019026699224
263,2024,1.99264255677573,0.124280994303402
264,2024,1.98731744263001,0.124582955253708
265,2024,1.98181263691446,0.124928774857294
266,2024,1.97613072565267,0.125321801101951
267,2024,1.97027429486822,0.125764817073444
268,2024,1.96424593058472,0.126260001371746
269,2024,1.95804821882575,0.126808897112759
270,2024,1.95168374561489,0.127412389932302
271,2024,1.94515509697574,0.128070695207684
272,2024,1.93846485893189,0.128783354491733
273,2024,1.93161561750692,0.129549240928901
274,2024,1.92460995872443,0.130366573206912
275,2024,1.91745046860801,0.131232937403638
276,2024,1.91013973318123,0.132145315928006
277,2024,1.9026803384677,0.133100122633784
278,2024,1.89507487049101,0.134093243110337
279,2024,1.88732591527473,0.135120079125795
280,2024,1.87943605884247,0.136175596213397
281,2024,1.8714078872178,0.137254373446102
282,2024,1.86324398642433,0.138350654531426
283,2024,1.85494694248564,0.139458399470151
284,2024,1.84651934142531,0.140571336151173
285,2024,1.83796376926694,0.141683011392976
286,2024,1.82928281203412,0.142786841083371
287,2024,1.82047905575043,0.143876159208015
288,2024,1.81155508643948,0.144944265690817
289,2024,1.80251349012483,0.145984473093174
290,2024,1.79335685283009,0.14699015233267
291,2024,1.78408776057884,0.147954777685357
292,2024,1.77470879939468,0.148871971429711
293,2024,1.76522255530119,0.149735548576146
294,2024,1.75563161432196,0.150539562205575
295,2024,1.74593856248058,0.151278350015921
296,2024,1.73614598633185,0.151946620351483
297,2024,1.72625650430301,0.152541730714765
298,2024,1.71627278422356,0.153065008774245
299,2024,1.7061974981727,0.153518549729337
300,2024,1.6960333182296,0.153904862520204
301,2024,1.68578291647342,0.154226820394391
302,2024,1.67544896498336,0.154487615934643
303,2024,1.66503413583859,0.154690719847642
304,2024,1.65454110111829,0.154839842893737
305,2024,1.64397253290163,0.154938900411676
306,2024,1.63333110326779,0.154991978960446
307,2024,1.62261948429595,0.155003304663084
308,2024,1.61184034806528,0.154977212895734
309,2024,1.60099636665497,0.154918119019852
310,2024,1.59009021214418,0.154830489907254
311,2024,1.57912455661211,0.154718816057217
312,2024,1.56810207213791,0.154587584152622
313,2024,1.55702543080078,0.154441249948575
314,2024,1.54589730467989,0.154284211432196
315,2024,1.53472036585441,0.154120782236363
316,2024,1.52349728640352,0.153955165332912
317,2024,1.51223073840641,0.153791427071739
318,2024,1.50092339394224,0.153633471670813
319,2024,1.4895779250902,0.153485016297638
320,2024,1.47819700392946,0.153349566914212
321,2024,1.4667833025392,0.153230395084233
322,2024,1.4553394929986,0.153130515962148
323,2024,1.44386824738683,0.153052667697854
324,2024,1.43237223778307,0.152999292497597
325,2024,1.4208541362665,0.152972519580441
326,2024,1.40931661491629,0.152974150260192
327,2024,1.39776234581163,0.15300564536507
328,2024,1.38619400103169,0.153068115181935
329,2024,1.37461425265564,0.153162312079432
330,2024,1.36302577276267,0.153288625925985
331,2024,1.35143123343195,0.15344708237566
332,2024,1.33983330674266,0.153637344049132
333,2024,1.32823466477398,0.153858714590122
334,2024,1.31663797960507,0.154110145531632
335,2024,1.30504592331513,0.154390245862861
336,2024,1.29346116798333,0.15469729414847
337,2024,1.28188638568884,0.155029253018434
338,2024,1.27032424851085,0.155383785819974
339,2024,1.25877742852852,0.155758275204033
340,2024,1.24724859782104,0.156149843407633
341,2024,1.23574042846759,0.156555373990453
342,2024,1.22425559254733,0.156971534788698
343,2024,1.21279676213946,0.157394801861349
344,2024,1.20136660932314,0.15782148422235
345,2024,1.18996780617755,0.15824774917636
346,2024,1.17860302478187,0.158669648104355
347,2024,1.16727493721528,0.159083142577637
348,2024,1.15598621555696,0.159484130713787
349,2024,1.14473953188607,0.159868473724879
350,2024,1.13353755828181,0.160232022646202
351,2024,1.12238296682334,0.16057064527222
352,2024,1.11127842958985,0.160880253365165
353,2024,1.1002266186605,0.161156830240193
354,2024,1.08923020611449,0.161396458869463
355,2024,1.07829186403098,0.161595350685692
356,2024,1.06741426448915,0.161749875304034
357,2024,1.05660007956818,0.161856591419498
358,2024,1.04585198134725,0.161912279176043
359,2024,1.03517264190554,0.161913974342981
360,2024,1.02456473332221,0.161859004674631
361,2024,1.01403092767646,0.161745028870337
362,2024,1.00357389704745,0.161570078593603
363,2024,0.993196313514359,0.161332604050802
364,2024,0.982900849156372,0.161031523670431
365,2024,0.972690500843532,0.160667154658679
