"day_of_year","year","prediction","standard_error"
1,2008,59.4270228615576,12.029672101103
2,2008,59.086059845625,11.9871796942624
3,2008,58.7559390740369,11.9381279246681
4,2008,58.436750534651,11.8825117025012
5,2008,58.1285842153252,11.8203717205115
6,2008,57.8315433957443,11.7518896514251
7,2008,57.5457845229026,11.6776520889137
8,2008,57.2714773356213,11.5983623394384
9,2008,57.0087915727219,11.514744787703
10,2008,56.7578969730256,11.4275415351292
11,2008,56.5189632753538,11.3375088914325
12,2008,56.2921602185278,11.2454136491334
13,2008,56.0776575413691,11.1520290776394
14,2008,55.8756249826989,11.058130582084
15,2008,55.6862322813386,10.9644909830253
16,2008,55.5096491761096,10.871875386922
17,2008,55.3460454058332,10.781035634424
18,2008,55.1955907093307,10.6927043341293
19,2008,55.0584548254236,10.6075885134726
20,2008,54.9348074929331,10.5263629453208
21,2008,54.8248184506806,10.4496632377407
22,2008,54.7286574374874,10.3780788038327
23,2008,54.646494192175,10.3121458566229
24,2008,54.5784984535646,10.2523405985246
25,2008,54.5248399604776,10.1990727933776
26,2008,54.4856884517353,10.152679919187
27,2008,54.4612136661592,10.113422099397
28,2008,54.4515853425705,10.0814779985462
29,2008,54.4569732197907,10.056941844113
30,2008,54.477547036641,10.039821701075
31,2008,54.5134765319427,10.0300390811757
32,2008,54.5649314445173,10.0274299181463
33,2008,54.6320815131862,10.0317468869572
34,2008,54.7150964767706,10.0426629936565
35,2008,54.8141460740918,10.0597763164212
36,2008,54.9294000439714,10.0826157413886
37,2008,55.0610281252305,10.1106475109595
38,2008,55.2092000566906,10.1432823887136
39,2008,55.3740855771729,10.1798832437935
40,2008,55.555854425499,10.2197728674784
41,2008,55.75467634049,10.2622418538074
42,2008,55.9707210609674,10.3065564021382
43,2008,56.2041583257525,10.3519659299623
44,2008,56.4551578736666,10.3977104167642
45,2008,56.7238894435312,10.4430274322113
46,2008,57.0105227741674,10.4871588329456
47,2008,57.3152276043968,10.5293571407026
48,2008,57.6381736730407,10.5688916398664
49,2008,57.9795307189203,10.6050542547972
50,2008,58.3394684808571,10.6371652865688
51,2008,58.7181566976723,10.6645791056162
52,2008,59.1157651081874,10.6866899118605
53,2008,59.5324634512238,10.7029376878429
54,2008,59.9684214656027,10.7128144839692
55,2008,60.4238088901454,10.715871188763
56,2008,60.8987953143848,10.71172633658
57,2008,61.3935260871162,10.7002962594076
58,2008,61.9080957243646,10.6820360900557
59,2008,62.4425923414059,10.6575149246186
60,2008,62.9971040535163,10.6273474414445
61,2008,63.5717189759717,10.5921857633102
62,2008,64.1665252240482,10.5527117470982
63,2008,64.7816109130217,10.5096295549724
64,2008,65.4170641581682,10.4636583852165
65,2008,66.0729730747638,10.4155252649606
66,2008,66.7494257780846,10.3659578315685
67,2008,67.4465103834064,10.3156770549021
68,2008,68.1643150060054,10.2653898792655
69,2008,68.9029277611575,10.215781791485
70,2008,69.6624367641388,10.1675093499273
71,2008,70.4429301302252,10.1211927375466
72,2008,71.2444959746928,10.0774084291797
73,2008,72.0672224128177,10.0366820878681
74,2008,72.9111975598757,9.99948182534437
75,2008,73.7765095311429,9.96621197630649
76,2008,74.6632464418954,9.93720754315031
77,2008,75.5714964074092,9.91272946624034
78,2008,76.5013475429602,9.89296086392223
79,2008,77.4528879638245,9.87800436639572
80,2008,78.4262057852781,9.86788063917296
81,2008,79.421389122597,9.86252815685224
82,2008,80.4385260910572,9.86180424873424
83,2008,81.4777048059348,9.86548739725545
84,2008,82.5390133825057,9.87328073133077
85,2008,83.622539936046,9.88481662235071
86,2008,84.7283725818316,9.89966226317367
87,2008,85.8565994351387,9.9173260917151
88,2008,87.0073086112432,9.93726491157513
89,2008,88.1805882254211,9.95889156265626
90,2008,89.3765263929485,9.98158300426309
91,2008,90.5952112291013,10.004688690548
92,2008,91.8367308491555,10.0275391418207
93,2008,93.1011733683873,10.0494546435039
94,2008,94.3886269020726,10.0697540357738
95,2008,95.6991795654873,10.0877635897945
96,2008,97.0329194739076,10.1028259998321
97,2008,98.3899347426094,10.1143095537022
98,2008,99.7703134868689,10.1216175765284
99,2008,101.174143821962,10.1241982745313
100,2008,102.601513863164,10.1215551365476
101,2008,104.052511725753,10.1132580812173
102,2008,105.527225525002,10.098955567186
103,2008,107.02574337619,10.0783879117221
104,2008,108.548153394591,10.0514020886608
105,2008,110.094543695481,10.0179682972443
106,2008,111.664970239398,9.97821284108184
107,2008,113.258513793917,9.93284072208459
108,2008,114.873127701059,9.88313965311674
109,2008,116.506702500618,9.83045748158323
110,2008,118.157128732389,9.77614948026468
111,2008,119.822296936168,9.7215542864965
112,2008,121.500097651748,9.66796982444526
113,2008,123.188421418926,9.61662929724585
114,2008,124.885158777495,9.56867751729068
115,2008,126.588200267251,9.52514801387882
116,2008,128.295436427987,9.48694150400695
117,2008,130.004757799501,9.45480641855235
118,2008,131.714054921585,9.42932222721753
119,2008,133.421218334035,9.41088628980835
120,2008,135.124138576645,9.39970487396174
121,2008,136.820706189211,9.39578882471001
122,2008,138.508811711528,9.39895416348059
123,2008,140.186345683389,9.40882765596985
124,2008,141.851198644591,9.42485714765835
125,2008,143.501261134928,9.44632625103269
126,2008,145.134423694194,9.47237280423077
127,2008,146.748576862184,9.50201042339777
128,2008,148.341611178694,9.53415244736792
129,2008,149.911417183519,9.56763762067011
130,2008,151.455885416452,9.60125696900565
131,2008,152.972906417289,9.63378147539876
132,2008,154.460370725825,9.66399034893125
133,2008,155.916168881854,9.69069987639191
134,2008,157.338191425172,9.71279304832747
135,2008,158.724328895572,9.72925034643032
136,2008,160.072471832851,9.73918226347906
137,2008,161.380510776803,9.74186429619646
138,2008,162.646451877112,9.73684615637292
139,2008,163.869645248427,9.72472150650009
140,2008,165.050308079567,9.70676882528194
141,2008,166.188672010589,9.68436569007201
142,2008,167.284968681549,9.65893385029518
143,2008,168.339429732502,9.63189609058101
144,2008,169.352286803503,9.60463545588309
145,2008,170.32377153461,9.57845676878797
146,2008,171.254115565878,9.55455069466405
147,2008,172.143550537362,9.53396088543894
148,2008,172.992308089119,9.51755493671369
149,2008,173.800619861204,9.50600000574985
150,2008,174.568717493673,9.49974394549349
151,2008,175.296832626583,9.49900270862662
152,2008,175.985196899988,9.5037545759012
153,2008,176.634041953945,9.513741489453
154,2008,177.243599428509,9.5284774610312
155,2008,177.814100963737,9.54726372003915
156,2008,178.345778199684,9.56921000899106
157,2008,178.838862776406,9.59326125860434
158,2008,179.293586333959,9.6182288025782
159,2008,179.710180512399,9.64282532977353
160,2008,180.088876951782,9.66570291226836
161,2008,180.429907292163,9.68549367526466
162,2008,180.733503173599,9.70085296784894
163,2008,180.999896236144,9.7105052304277
164,2008,181.229318119856,9.71329311582826
165,2008,181.422010727696,9.70825403948541
166,2008,181.578527217325,9.69535227152982
167,2008,181.69978058955,9.67558139308989
168,2008,181.786703889916,9.65013588502939
169,2008,181.840230163969,9.62030832292585
170,2008,181.861292457254,9.58743700149315
171,2008,181.850823815316,9.55285765716619
172,2008,181.809757283701,9.51785887219539
173,2008,181.739025907953,9.4836411270755
174,2008,181.639562733618,9.45127980562023
175,2008,181.512300806241,9.42169272709737
176,2008,181.358173171368,9.39561296187722
177,2008,181.178112874544,9.37356776481729
178,2008,180.973052961314,9.35586442693932
179,2008,180.743926477223,9.3425837065991
180,2008,180.491666467817,9.33358127675997
181,2008,180.21720597864,9.32849734900229
182,2008,179.921478055239,9.32677435027489
183,2008,179.605415743158,9.32768227994865
184,2008,179.269952087943,9.33035120194514
185,2008,178.916020135139,9.33381025748353
186,2008,178.544552930291,9.33703263101389
187,2008,178.156483518944,9.33898606208696
188,2008,177.752744946645,9.33868875217783
189,2008,177.334270258937,9.33527083956774
190,2008,176.901992501366,9.32804196976746
191,2008,176.456844724257,9.31656617668387
192,2008,175.999764736982,9.30107928749153
193,2008,175.531704038355,9.28307940748565
194,2008,175.053616573606,9.26434338697345
195,2008,174.566456287969,9.24663483631369
196,2008,174.071177126676,9.23160670634706
197,2008,173.568733034957,9.2207149480703
198,2008,173.060077958046,9.21514466366759
199,2008,172.546165841174,9.21575067911782
200,2008,172.027950629573,9.22301456966774
201,2008,171.506386268476,9.23701984206028
202,2008,170.982426703114,9.25744628680832
203,2008,170.457025878719,9.2835835981595
204,2008,169.931137740523,9.31436340461642
205,2008,169.405716233759,9.34840805217308
206,2008,168.881715303657,9.38409399357321
207,2008,168.360088895451,9.41962755135807
208,2008,167.841790954372,9.45313115524332
209,2008,167.327775425653,9.4827388542847
210,2008,166.818902272805,9.50678528198341
211,2008,166.314938921844,9.5248296329453
212,2008,165.814947935888,9.53740197032942
213,2008,165.317980130337,9.54532923224574
214,2008,164.823086320594,9.54964427041997
215,2008,164.329317322059,9.55151307552386
216,2008,163.835723950134,9.5521685570133
217,2008,163.34135702022,9.55284999699077
218,2008,162.845267347719,9.55474775783297
219,2008,162.346505748033,9.55895325270897
220,2008,161.844123036562,9.56641454677052
221,2008,161.337170028708,9.57789821138385
222,2008,160.824697539873,9.59395817968383
223,2008,160.305756385458,9.61491233733444
224,2008,159.779397380864,9.64082743303497
225,2008,159.244671341493,9.67151263305838
226,2008,158.700629082746,9.70652171361063
227,2008,158.146321420025,9.74516353541074
228,2008,157.58079916873,9.78652013002639
229,2008,157.003113144265,9.82947149354592
230,2008,156.412314162029,9.87272606230449
231,2008,155.807453037424,9.91485585207424
232,2008,155.187580585853,9.95433537378913
233,2008,154.551747946661,9.98958393511313
234,2008,153.899328909186,10.0192749277562
235,2008,153.230625367404,10.0429399972627
236,2008,152.546105075527,10.060438682588
237,2008,151.846235787768,10.0718081714993
238,2008,151.131485258337,10.0772401376421
239,2008,150.402321241447,10.0770600307492
240,2008,149.659211491309,10.0717084517576
241,2008,148.902623762136,10.0617242451059
242,2008,148.13302580814,10.0477289581316
243,2008,147.350885383532,10.0304123459811
244,2008,146.556670242524,10.0105186360982
245,2008,145.750848139329,9.98883330726171
246,2008,144.933886828158,9.9661701834185
247,2008,144.106254063222,9.94335869189062
248,2008,143.268417598735,9.92123118864001
249,2008,142.420845188908,9.900610309612
250,2008,141.564004587952,9.88229636563576
251,2008,140.69836355008,9.86705485707997
252,2008,139.824389829504,9.85560424078933
253,2008,138.942551180435,9.84860413238826
254,2008,138.053315357085,9.84664416799795
255,2008,137.157150113667,9.85023377689313
256,2008,136.254523204392,9.85979312723051
257,2008,135.345902383472,9.87564549839117
258,2008,134.43175540512,9.89801130496137
259,2008,133.512550023546,9.92700395014073
260,2008,132.588753992963,9.9626276236426
261,2008,131.660835067583,10.0047770859452
262,2008,130.729261001617,10.0532394032993
263,2008,129.794499549279,10.1076975228955
264,2008,128.857018464778,10.1677355113427
265,2008,127.917285502328,10.2328452272569
266,2008,126.975768416141,10.3024341637025
267,2008,126.032934960427,10.3758341799034
268,2008,125.0892528894,10.4523108435204
269,2008,124.145189957271,10.5310731227556
270,2008,123.201213918252,10.6112831983472
271,2008,122.257792526554,10.692066205381
272,2008,121.315393536391,10.7725197599448
273,2008,120.374484701973,10.8517231725918
274,2008,119.435533777513,10.9287462966288
275,2008,118.499008517222,11.0026580024911
276,2008,117.565371147867,11.0725427510192
277,2008,116.634916259156,11.1377630403356
278,2008,115.707744634739,11.1980361106903
279,2008,114.783946262473,11.2531649421968
280,2008,113.863611130216,11.3030151858025
281,2008,112.946829225826,11.3475088507358
282,2008,112.033690537161,11.3866186444991
283,2008,111.124285052079,11.4203629037262
284,2008,110.218702758436,11.4488010545358
285,2008,109.317033644091,11.4720295431241
286,2008,108.419367696903,11.4901781805312
287,2008,107.525794904727,11.5034068492664
288,2008,106.636405255423,11.5119025234524
289,2008,105.751288736847,11.5158765581196
290,2008,104.870535336858,11.5155622071092
291,2008,103.994235043314,11.5112123326636
292,2008,103.122477844071,11.5030972731526
293,2008,102.255353726989,11.4915028385173
294,2008,101.392952679924,11.4767284059198
295,2008,100.535364690735,11.4590850908127
296,2008,99.6826797472785,11.4388939712227
297,2008,98.8349878374131,11.4164843455286
298,2008,97.9923789489964,11.3921920064572
299,2008,97.1549430698861,11.3663575164633
300,2008,96.3227701879399,11.339324472149
301,2008,95.4959502910155,11.3114377479502
302,2008,94.6745733669708,11.2830417119982
303,2008,93.8587294036634,11.2544784098729
304,2008,93.0485083889512,11.2260857148989
305,2008,92.2440003106918,11.19819544669
306,2008,91.4452951567431,11.1711314627787
307,2008,90.6524829149627,11.1452077313439
308,2008,89.8656535732085,11.1207263961823
309,2008,89.0848971193381,11.0979758480932
310,2008,88.3103035412093,11.0772288196469
311,2008,87.5419628266799,11.0587405227818
312,2008,86.7799649636076,11.0427468507077
313,2008,86.0243999398501,11.0294626670721
314,2008,85.2753577432653,11.0190802061645
315,2008,84.5329283617108,11.0117676080152
316,2008,83.7972017830444,11.0076676115285
317,2008,83.0682679951239,11.0068964272551
318,2008,82.3462169858069,11.0095428090657
319,2008,81.6311387429513,11.015667340909
320,2008,80.9231232544148,11.0253019511011
321,2008,80.2222605080551,11.0384496623577
322,2008,79.52864049173,11.0550845811951
323,2008,78.8423531932973,11.075152125587
324,2008,78.1634886006146,11.0985694850665
325,2008,77.4921367015397,11.1252263029975
326,2008,76.8283874839305,11.1549855666867
327,2008,76.1723309356445,11.1876846875191
328,2008,75.5240570445397,11.2231367504919
329,2008,74.8836557984737,11.2611319104775
330,2008,74.2512171853042,11.3014389112963
331,2008,73.6268311928891,11.3438067032262
332,2008,73.010587809086,11.3879661348764
333,2008,72.4025770217527,11.4336316963364
334,2008,71.8028888187471,11.4805032920861
335,2008,71.2116131879267,11.5282680242083
336,2008,70.6288401171494,11.5766019688725
337,2008,70.0546595942729,11.6251719317353
338,2008,69.489161607155,11.6736371707308
339,2008,68.9324361436533,11.7216510776063
340,2008,68.3845731916257,11.7688628124114
341,2008,67.84566273893,11.8149188879137
342,2008,67.3157947734238,11.8594647035525
343,2008,66.7950592829648,11.9021460310088
344,2008,66.283546255411,11.9426104557799
345,2008,65.7813456786199,11.9805087812722
346,2008,65.2885475404493,12.0154964039155
347,2008,64.805241828757,12.0472346696472
348,2008,64.3315185314009,12.0753922238784
349,2008,63.8674676362384,12.0996463687557
350,2008,63.4131791311276,12.119684443229
351,2008,62.9687430039259,12.1352052431687
352,2008,62.5342492424913,12.1459205006035
353,2008,62.1097878346815,12.1515564431178
354,2008,61.6954487683543,12.1518554566212
355,2008,61.2913220313673,12.1465778771219
356,2008,60.8974976115784,12.1355039398742
357,2008,60.5140654968451,12.1184359173595
358,2008,60.1411156750254,12.0952004810659
359,2008,59.778738133977,12.0656513259775
360,2008,59.4270228615576,12.029672101103
361,2008,59.086059845625,11.9871796942624
362,2008,58.7559390740369,11.9381279246681
363,2008,58.436750534651,11.8825117025012
364,2008,58.1285842153252,11.8203717205115
365,2008,57.8315433957443,11.7518896514251
1,2009,56.2482806240734,11.9033083484391
2,2009,55.9073176081408,11.8601229746104
3,2009,55.5771968365527,11.810250614557
4,2009,55.2580082971668,11.7536830271567
5,2009,54.949841977841,11.6904577587118
6,2009,54.6528011582602,11.6207547831084
7,2009,54.3670422854184,11.5451646853294
8,2009,54.0927350981372,11.464396458032
9,2009,53.8300493352377,11.379180589057
10,2009,53.5791547355414,11.2902657924186
11,2009,53.3402210378696,11.1984155893841
12,2009,53.1134179810437,11.1044046665598
13,2009,52.898915303885,11.0090149441442
14,2009,52.6968827452148,10.9130312955186
15,2009,52.5074900438545,10.8172368697802
16,2009,52.3309069386254,10.7224079822926
17,2009,52.1673031683491,10.6293085553287
18,2009,52.0168484718466,10.5386841116788
19,2009,51.8797125879394,10.4512553486907
20,2009,51.7560652554489,10.3677113481696
21,2009,51.6460762131964,10.2887025080034
22,2009,51.5499152000033,10.2148333128545
23,2009,51.4677519546908,10.1466550918313
24,2009,51.3997562160804,10.0846589383118
25,2009,51.3460977229934,10.0292689884016
26,2009,51.3069462142512,9.98083626720745
27,2009,51.2824714286751,9.93963331389469
28,2009,51.2728431050864,9.90584978576099
29,2009,51.2782309823065,9.87958921772624
30,2009,51.2988047991568,9.86086707737798
31,2009,51.3347342944585,9.84961020903201
32,2009,51.3861892070332,9.84565770635961
33,2009,51.453339275702,9.84876319607235
34,2009,51.5363542392864,9.85859845942591
35,2009,51.6354038366077,9.87475826825528
36,2009,51.7506578064872,9.89676627158254
37,2009,51.8822858877463,9.92408174017854
38,2009,52.0304578192064,9.95610696114814
39,2009,52.1953433396888,9.99219507264821
40,2009,52.3771121880148,10.0316581390643
41,2009,52.5759341030059,10.0737752872991
42,2009,52.7919788234832,10.1178007526726
43,2009,53.0254160882683,10.1629717155404
44,2009,53.2764156361825,10.2085158445124
45,2009,53.545147206047,10.2536584968837
46,2009,53.8317805366833,10.2976295598913
47,2009,54.1364853669127,10.339669946583
48,2009,54.4594314355565,10.3790377868555
49,2009,54.8007884814361,10.4150143775115
50,2009,55.1607262433729,10.4469099752792
51,2009,55.5394144601882,10.4740695341797
52,2009,55.9370228707033,10.4958785041346
53,2009,56.3537212137396,10.5117688220561
54,2009,56.7896792281185,10.521225240623
55,2009,57.2450666526613,10.5237921542269
56,2009,57.7200530769006,10.5190824973415
57,2009,58.214783849632,10.5070105027579
58,2009,58.7293534868804,10.4880354850085
59,2009,59.2638501039218,10.4627322777039
60,2009,59.8183618160322,10.4317221196442
61,2009,60.3929767384876,10.3956644656906
62,2009,60.987782986564,10.3552492297762
63,2009,61.6028686755375,10.3111893076762
64,2009,62.238321920684,10.2642132519034
65,2009,62.8942308372797,10.2150579957363
66,2009,63.5706835406004,10.1644615486034
67,2009,64.2677681459223,10.1131556113102
68,2009,64.9855727685213,10.0618580872157
69,2009,65.7241855236734,10.0112654943945
70,2009,66.4836945266546,9.96204531370252
71,2009,67.2641878927411,9.914828337712
72,2009,68.0657537372087,9.87020111452356
73,2009,68.8884801753335,9.82869860697209
74,2009,69.7324553223915,9.79079720993783
75,2009,70.5977672936588,9.7569082844856
76,2009,71.4845042044113,9.72737237564214
77,2009,72.392754169925,9.70245427940573
78,2009,73.322605305476,9.68233911329803
79,2009,74.2741457263403,9.66712952344566
80,2009,75.2474635477939,9.65684413076561
81,2009,76.2426468851128,9.65141728117323
82,2009,77.2597838535731,9.65070012245716
83,2009,78.2989625684506,9.65446298671376
84,2009,79.3602711450215,9.66239901533066
85,2009,80.4437976985618,9.67412892660128
86,2009,81.5496303443475,9.6892067967704
87,2009,82.6778571976545,9.70712670551208
88,2009,83.8285663737591,9.72733008747968
89,2009,85.001845987937,9.74921363267801
90,2009,86.1977841554643,9.77213758922439
91,2009,87.4164689916171,9.79543434121467
92,2009,88.6579886116714,9.81841716015484
93,2009,89.9224311309032,9.84038905890591
94,2009,91.2098846645884,9.86065171056354
95,2009,92.5204373280032,9.87851442966418
96,2009,93.8541772364235,9.89330324844239
97,2009,95.2111925051253,9.90437015582408
98,2009,96.5915712493847,9.91110260106045
99,2009,97.9954015844777,9.91293339732467
100,2009,99.4227716256802,9.90935119333312
101,2009,100.873769488268,9.89991171328324
102,2009,102.348483287518,9.88424999714059
103,2009,103.847001138706,9.86209390417996
104,2009,105.369411157107,9.83327917158289
105,2009,106.915801457997,9.79776634453514
106,2009,108.486228001914,9.75567454537735
107,2009,110.079771556433,9.70771625298006
108,2009,111.694385463575,9.65520301063259
109,2009,113.327960263134,9.59950940351279
110,2009,114.978386494905,9.54201948236909
111,2009,116.643554698684,9.48410251007154
112,2009,118.321355414264,9.42708855230073
113,2009,120.009679181442,9.37224398125235
114,2009,121.706416540011,9.32074715503761
115,2009,123.409458029766,9.27366472158137
116,2009,125.116694190503,9.23192915952
117,2009,126.826015562016,9.19631829231356
118,2009,128.535312684101,9.16743757784944
119,2009,130.24247609655,9.14570597003319
120,2009,131.945396339161,9.13134606422237
121,2009,133.641963951727,9.12437907794404
122,2009,135.330069474044,9.12462499647998
123,2009,137.007603445905,9.13170795399365
124,2009,138.672456407107,9.14506665578489
125,2009,140.322518897443,9.16396940819783
126,2009,141.95568145671,9.18753313769031
127,2009,143.5698346247,9.21474566896393
128,2009,145.16286894121,9.2444905021733
129,2009,146.732674946035,9.27557337844069
130,2009,148.277143178968,9.306750039791
131,2009,149.794164179805,9.33675475750097
132,2009,151.281628488341,9.36432940348208
133,2009,152.73742664437,9.38825305601923
134,2009,154.159449187687,9.40737235084291
135,2009,155.545586658088,9.42063300219322
136,2009,156.893729595367,9.42711312089709
137,2009,158.201768539319,9.42605914408194
138,2009,159.467709639628,9.41699885265975
139,2009,160.690903010942,9.40054033820658
140,2009,161.871565842083,9.37800203742266
141,2009,163.009929773105,9.35080684914647
142,2009,164.106226444065,9.32042608557595
143,2009,165.160687495017,9.288335398631
144,2009,166.173544566019,9.25597286377716
145,2009,167.145029297126,9.22469912364541
146,2009,168.075373328394,9.19575985489987
147,2009,168.964808299878,9.17025113464859
148,2009,169.813565851635,9.14908852274624
149,2009,170.62187762372,9.13298081884957
150,2009,171.389975256189,9.12240947875958
151,2009,172.118090389098,9.11761457562934
152,2009,172.806454662504,9.11858797640884
153,2009,173.45529971646,9.12507409852949
154,2009,174.064857191025,9.13657825757966
155,2009,174.635358726253,9.15238226364185
156,2009,175.1670359622,9.17156662212637
157,2009,175.660120538922,9.1930384856654
158,2009,176.114844096475,9.21556441306913
159,2009,176.531438274915,9.2378070278931
160,2009,176.910134714298,9.25836482500222
161,2009,177.251165054679,9.27581462919767
162,2009,177.554760936114,9.28875654037555
163,2009,177.82115399866,9.29586157947858
164,2009,178.050575882372,9.29592265669992
165,2009,178.243268490211,9.28793402961958
166,2009,178.39978497984,9.27185151194197
167,2009,178.521038352066,9.24870039044122
168,2009,178.607961652432,9.21971666425691
169,2009,178.661487926485,9.18624072828927
170,2009,178.68255021977,9.14966323316595
171,2009,178.672081577832,9.11137498022481
172,2009,178.631015046216,9.07272037557312
173,2009,178.560283670469,9.03495439746906
174,2009,178.460820496134,8.99920341613699
175,2009,178.333558568757,8.96643051951657
176,2009,178.179430933884,8.9374062165948
177,2009,177.99937063706,8.91268549020096
178,2009,177.79431072383,8.89259214180943
179,2009,177.565184239739,8.87721121574612
180,2009,177.312924230333,8.86639003124367
181,2009,177.038463741156,8.85974802722966
182,2009,176.742735817755,8.85669528759941
183,2009,176.426673505674,8.85645931839235
184,2009,176.091209850459,8.85811944094558
185,2009,175.737277897655,8.86064808072519
186,2009,175.365810692807,8.86295828532235
187,2009,174.97774128146,8.8639569928626
188,2009,174.57400270916,8.8626038729049
189,2009,174.155528021453,8.85797594207827
190,2009,173.723250263882,8.84933857248149
191,2009,173.278102486773,8.83622427771586
192,2009,172.821022499498,8.81887321666074
193,2009,172.35296180087,8.79885763193055
194,2009,171.874874336122,8.77804574911425
195,2009,171.387714050485,8.758294258087
196,2009,170.892434889192,8.74134544656986
197,2009,170.389990797473,8.72873548637654
198,2009,169.881335720562,8.72171551861506
199,2009,169.36742360369,8.72118781146689
200,2009,168.849208392089,8.72765940145764
201,2009,168.327644030992,8.74121525357065
202,2009,167.80368446563,8.76151215966494
203,2009,167.278283641235,8.78779350385572
204,2009,166.752395503039,8.8189238849732
205,2009,166.226973996274,8.85344163672927
206,2009,165.702973066173,8.88962671685158
207,2009,165.181346657967,8.92558135335957
208,2009,164.663048716888,8.95932124944542
209,2009,164.149033188169,8.9888759880095
210,2009,163.64016003532,9.01248839208498
211,2009,163.13619668436,9.02970324454618
212,2009,162.636205698404,9.04109485611756
213,2009,162.139237892853,9.04754949762495
214,2009,161.64434408311,9.05017003053414
215,2009,161.150575084575,9.05019984854796
216,2009,160.65698171265,9.04895358894566
217,2009,160.162614782736,9.04775358405182
218,2009,159.666525110235,9.04787156318474
219,2009,159.167763510549,9.05047562230369
220,2009,158.665380799078,9.05658290634728
221,2009,158.158427791224,9.06701875745796
222,2009,157.645955302389,9.08238323920458
223,2009,157.127014147974,9.10302593569664
224,2009,156.60065514338,9.12902974912039
225,2009,156.065929104009,9.16020410749757
226,2009,155.521886845262,9.19608759580554
227,2009,154.96757918254,9.23595960156342
228,2009,154.402056931246,9.27886018693692
229,2009,153.82437090678,9.32361712045975
230,2009,153.233571924545,9.36887886108834
231,2009,152.62871079994,9.4131523009893
232,2009,152.008838348368,9.45484423503312
233,2009,151.373005709177,9.4923060760942
234,2009,150.720586671702,9.52415430145229
235,2009,150.05188312992,9.54989599689609
236,2009,149.367362838043,9.56938091050313
237,2009,148.667493550284,9.58264536737162
238,2009,147.952743020853,9.58988765271175
239,2009,147.223579003963,9.59144610769938
240,2009,146.480469253825,9.58777951775473
241,2009,145.723881524652,9.57944937483111
242,2009,144.954283570656,9.56710361649945
243,2009,144.172143146048,9.55146147775039
244,2009,143.37792800504,9.53329913235731
245,2009,142.572105901845,9.51343584731612
246,2009,141.755144590674,9.49272042552617
247,2009,140.927511825738,9.47201776831816
248,2009,140.089675361251,9.45219545052702
249,2009,139.242102951424,9.43411026600161
250,2009,138.385262350468,9.41859476943732
251,2009,137.519621312596,9.40644390892416
252,2009,136.64564759202,9.39840190928384
253,2009,135.763808942951,9.39514962485774
254,2009,134.874573119601,9.39729262706469
255,2009,133.978407876183,9.40535032192024
256,2009,133.075780966908,9.41974640166028
257,2009,132.167160145988,9.44080091997685
258,2009,131.253013167636,9.46872424163525
259,2009,130.333807786062,9.50361305642494
260,2009,129.410011755479,9.54544856909092
261,2009,128.482092830099,9.59409688782595
262,2009,127.550518764133,9.64931154212662
263,2009,126.615757311794,9.71073797463526
264,2009,125.678276227294,9.77791977845363
265,2009,124.738543264844,9.85030639697532
266,2009,123.797026178657,9.92726197079646
267,2009,122.854192722943,10.0080750064134
268,2009,121.910510651916,10.0919685525526
269,2009,120.966447719787,10.1781105986714
270,2009,120.022471680768,10.2656244519142
271,2009,119.07905028907,10.353598898776
272,2009,118.136651298907,10.4410980113575
273,2009,117.195742464489,10.5271705115872
274,2009,116.256791540029,10.6108586573111
275,2009,115.320266279738,10.6912066599342
276,2009,114.386628910383,10.7672774566179
277,2009,113.456174021672,10.8384246331338
278,2009,112.529002397255,10.9043702120963
279,2009,111.605204024989,10.9649241579727
280,2009,110.684868892732,11.0199602429463
281,2009,109.768086988342,11.0694094014221
282,2009,108.854948299677,11.1132538073057
283,2009,107.945542814595,11.1515215997779
284,2009,107.039960520952,11.1842821854491
285,2009,106.138291406607,11.2116420485814
286,2009,105.240625459418,11.2337410057553
287,2009,104.347052667243,11.2507488464006
288,2009,103.457663017938,11.2628623056857
289,2009,102.572546499363,11.2703023211455
290,2009,101.691793099374,11.2733115290227
291,2009,100.81549280583,11.2721519605375
292,2009,99.9437356065872,11.2671029021881
293,2009,99.0766114895048,11.2584588877296
294,2009,98.21421044244,11.2465277927306
295,2009,97.3566224532507,11.2316290056083
296,2009,96.5039375097944,11.2140916518562
297,2009,95.656245599929,11.1942528508571
298,2009,94.8136367115123,11.1724559872873
299,2009,93.9762008324019,11.149048981709
300,2009,93.1440279504557,11.1243825475775
301,2009,92.3172080535314,11.0988084245942
302,2009,91.4958311294866,11.0726775811491
303,2009,90.6799871661793,11.0463383815412
304,2009,89.8697661514671,11.0201347167343
305,2009,89.0652580732077,10.9944041006006
306,2009,88.266552919259,10.9694757368803
307,2009,87.4737406774786,10.9456685653974
308,2009,86.6869113357243,10.9232892993423
309,2009,85.906154881854,10.9026304685753
310,2009,85.1315613037252,10.8839684868105
311,2009,84.3632205891958,10.8675617630913
312,2009,83.6012227261235,10.8536488800481
313,2009,82.845657702366,10.8424468629112
314,2009,82.0966155057812,10.8341495640361
315,2009,81.3541861242266,10.8289261876946
316,2009,80.6184595455603,10.8269199790394
317,2009,79.8895257576397,10.828247099441
318,2009,79.1674747483228,10.8329957078461
319,2009,78.4523965054671,10.8412252644862
320,2009,77.7443810169306,10.85296606928
321,2009,77.0435182705709,10.8682190427772
322,2009,76.3498982542458,10.886955752664
323,2009,75.6636109558131,10.9091186838876
324,2009,74.9847463631304,10.9346217455783
325,2009,74.3133944640556,10.963351003341
326,2009,73.6496452464463,10.9951656213524
327,2009,72.9935886981604,11.029898995177
328,2009,72.3453148070555,11.067360053435
329,2009,71.7049135609895,11.1073347044785
330,2009,71.07247494782,11.1495874031014
331,2009,70.4480889554049,11.1938628120023
332,2009,69.8318455716019,11.2398875331906
333,2009,69.2238347842686,11.2873718856956
334,2009,68.6241465812629,11.3360117076968
335,2009,68.0328709504426,11.3854901634299
336,2009,67.4500978796653,11.435479537815
337,2009,66.8759173567887,11.4856430045735
338,2009,66.3104193696708,11.5356363565539
339,2009,65.7536939061692,11.5851096899606
340,2009,65.2058309541416,11.6337090371073
341,2009,64.6669205014458,11.6810779451315
342,2009,64.1370525359396,11.7268590007664
343,2009,63.6163170454806,11.7706953037489
344,2009,63.1048040179268,11.8122318937391
345,2009,62.6026034411357,11.8511171377437
346,2009,62.1098053029652,11.8870040869909
347,2009,61.6264995912729,11.9195518140329
348,2009,61.1527762939167,11.948426742577
349,2009,60.6887253987543,11.9733039842312
350,2009,60.2344368936434,11.993868698021
351,2009,59.7900007664418,12.0098174902609
352,2009,59.3555070050072,12.0208598741882
353,2009,58.9310455971974,12.0267198107534
354,2009,58.5167065308701,12.0271373541636
355,2009,58.1125797938831,12.0218704282511
356,2009,57.7187553740942,12.0106967625547
357,2009,57.335323259361,11.9934160202006
358,2009,56.9623734375413,11.9698521533202
359,2009,56.5999958964928,11.9398560258775
360,2009,56.2482806240734,11.9033083484391
361,2009,55.9073176081408,11.8601229746104
362,2009,55.5771968365527,11.810250614557
363,2009,55.2580082971668,11.7536830271567
364,2009,54.949841977841,11.6904577587118
365,2009,54.6528011582602,11.6207547831084
1,2010,53.0695102894507,11.8313474329867
2,2010,52.7285472735181,11.7876568301225
3,2010,52.39842650193,11.737181961708
4,2010,52.0792379625441,11.6799121408182
5,2010,51.7710716432182,11.6158823672356
6,2010,51.4740308236374,11.5452709646257
7,2010,51.1882719507957,11.4686707378211
8,2010,50.9139647635144,11.3867940147102
9,2010,50.651279000615,11.3003748542277
10,2010,50.4003844009187,11.2101658516907
11,2010,50.1614507032469,11.1169347936866
12,2010,49.9346476464209,11.0214610876832
13,2010,49.7201449692622,10.9245318973311
14,2010,49.518112410592,10.8269379219681
15,2010,49.3287197092317,10.7294687688185
16,2010,49.1521366040027,10.6329078794647
17,2010,48.9885328337263,10.5380269888994
18,2010,48.8380781372238,10.4455801161978
19,2010,48.7009422533167,10.3562971106232
20,2010,48.5772949208262,10.2708768054636
21,2010,48.4673058785737,10.1899798632186
22,2010,48.3711448653805,10.1142214285267
23,2010,48.2889816200681,10.0441637374465
24,2010,48.2209858814577,9.98030886092425
25,2010,48.1673273883707,9.92309178370148
26,2010,48.1281758796284,9.87287403470284
27,2010,48.1037010940523,9.82993808856602
28,2010,48.0940727704636,9.79448274859271
29,2010,48.0994606476838,9.76661969822348
30,2010,48.1200344645341,9.74637137170428
31,2010,48.1559639598358,9.7336702468669
32,2010,48.2074188724104,9.72835960714728
33,2010,48.2745689410793,9.73019576035826
34,2010,48.3575839046637,9.73885164305897
35,2010,48.4566335019849,9.75392168627931
36,2010,48.5718874718645,9.77492777487208
37,2010,48.7035155531236,9.80132610177803
38,2010,48.8516874845837,9.83251470152422
39,2010,49.016573005066,9.86784144442734
40,2010,49.1983418533921,9.90661228305761
41,2010,49.3971637683831,9.9480995633788
42,2010,49.6132084888605,9.99155024187345
43,2010,49.8466457536456,10.0361938839614
44,2010,50.0976453015597,10.0812503553504
45,2010,50.3663768714243,10.1259371542607
46,2010,50.6530102020605,10.1694763669398
47,2010,50.9577150322899,10.2111012603497
48,2010,51.2806611009338,10.2500625537626
49,2010,51.6220181468134,10.2856344351564
50,2010,51.9819559087502,10.317120409065
51,2010,52.3606441255654,10.3438590804923
52,2010,52.7582525360805,10.3652299954106
53,2010,53.1749508791169,10.3806596730645
54,2010,53.6109088934957,10.3896279796096
55,2010,54.0662963180385,10.3916750072918
56,2010,54.5412827422779,10.3864100476206
57,2010,55.0360135150093,10.373745720256
58,2010,55.5505831522577,10.3541432127166
59,2010,56.085079769299,10.3281802886109
60,2010,56.6395914814094,10.2964817764409
61,2010,57.2142064038648,10.2597113345313
62,2010,57.8090126519413,10.2185636517478
63,2010,58.4240983409148,10.1737569271169
64,2010,59.0595515860613,10.1260254965724
65,2010,59.7154605026569,10.0761125000935
66,2010,60.3919132059777,10.0247625081748
67,2010,61.0889978112995,9.97271405342474
68,2010,61.8068024338985,9.92069204145031
69,2010,62.5454151890506,9.86940004505637
70,2010,63.3049241920319,9.81951251679271
71,2010,64.0854175581183,9.77166698622724
72,2010,64.8869834025859,9.72645633877624
73,2010,65.7097098407108,9.68442130086728
74,2010,66.5536849877688,9.64604327974746
75,2010,67.4189969590361,9.61173772337294
76,2010,68.3057338697885,9.58184817463687
77,2010,69.2139838353023,9.5566411932104
78,2010,70.1438349708533,9.53630230662622
79,2010,71.0953753917176,9.52093312992923
80,2010,72.0686932131712,9.51054976123885
81,2010,73.0638765504901,9.50508252087866
82,2010,74.0810135189503,9.50437705713084
83,2010,75.1201922338279,9.50819679552795
84,2010,76.1815008103988,9.51622666446237
85,2010,77.2650273639391,9.52807799113116
86,2010,78.3708600097248,9.54329443123468
87,2010,79.4990868630318,9.56135877536335
88,2010,80.6497960391363,9.58170046560695
89,2010,81.8230756533142,9.60370365759069
90,2010,83.0190138208416,9.62671567500782
91,2010,84.2376986569944,9.65005572426786
92,2010,85.4792182770487,9.67302376423
93,2010,86.7436607962804,9.69490945815493
94,2010,88.0311143299657,9.71500117012732
95,2010,89.3416669933805,9.73259500471579
96,2010,90.6754069018007,9.74700392539066
97,2010,92.0324221705026,9.75756702348915
98,2010,93.412800914762,9.76365904498553
99,2010,94.816631249855,9.76470031700505
100,2010,96.2440012910575,9.76016725013972
101,2010,97.6949991536457,9.7496036264675
102,2010,99.1697129528954,9.73263291688665
103,2010,100.668230804083,9.70897190470256
104,2010,102.190640822484,9.67844592434706
105,2010,103.737031123374,9.64100605245656
106,2010,105.307457667291,9.59676356179723
107,2010,106.90100122181,9.54643443499169
108,2010,108.515615128952,9.49134665408432
109,2010,110.149189928511,9.43289364115985
110,2010,111.799616160282,9.37248008317344
111,2010,113.464784364061,9.31149761642375
112,2010,115.142585079642,9.25130024276125
113,2010,116.830908846819,9.193179527104
114,2010,118.527646205388,9.13833982833058
115,2010,120.230687695144,9.08787401339545
116,2010,121.937923855881,9.04274028224232
117,2010,123.647245227394,9.00374086989619
118,2010,125.356542349478,8.97150347236603
119,2010,127.063705761928,8.94646624816045
120,2010,128.766626004538,8.92886716806365
121,2010,130.463193617104,8.9187383238475
122,2010,132.151299139421,8.91590557571857
123,2010,133.828833111283,8.91999364387161
124,2010,135.493686072484,8.93043646467793
125,2010,137.143748562821,8.94649237207738
126,2010,138.776911122087,8.96726346093059
127,2010,140.391064290078,8.99171836349576
128,2010,141.984098606588,9.01871763280869
129,2010,143.553904611412,9.04704097535437
130,2010,145.098372844345,9.07541569795886
131,2010,146.615393845182,9.10254591222918
132,2010,148.102858153718,9.12714225425536
133,2010,149.558656309747,9.14795210952829
134,2010,150.980678853065,9.16379056899468
135,2010,152.366816323465,9.17357257251633
136,2010,153.714959260744,9.17634691552492
137,2010,155.022998204696,9.17133300047245
138,2010,156.288939305005,9.15803721127655
139,2010,157.51213267632,9.13707774866629
140,2010,158.69279550746,9.10980578409279
141,2010,159.831159438482,9.07768219170936
142,2010,160.927456109442,9.04222066192024
143,2010,161.981917160395,9.00494292316062
144,2010,162.994774231397,8.96733590394393
145,2010,163.966258962503,8.93081070295753
146,2010,164.896602993771,8.89666362860257
147,2010,165.786037965255,8.86603991879827
148,2010,166.634795517012,8.83990102923678
149,2010,167.443107289097,8.81899655384103
150,2010,168.211204921566,8.80384188989491
151,2010,168.939320054476,8.79470266924672
152,2010,169.627684327881,8.79158675148395
153,2010,170.276529381838,8.79424424143269
154,2010,170.886086856402,8.80217559702088
155,2010,171.45658839163,8.81464749154956
156,2010,171.988265627577,8.830715745304
157,2010,172.481350204299,8.84925439449883
158,2010,172.936073761852,8.86898985264477
159,2010,173.352667940292,8.88853915145421
160,2010,173.731364379675,8.9064514168743
161,2010,174.072394720056,8.92125201831679
162,2010,174.375990601492,8.93148919650943
163,2010,174.642383664037,8.93578339851492
164,2010,174.871805547749,8.93288000270934
165,2010,175.064498155589,8.92173152344809
166,2010,175.221014645218,8.90228390582681
167,2010,175.342268017443,8.87558994236832
168,2010,175.429191317809,8.84292278259618
169,2010,175.482717591862,8.80566643721667
170,2010,175.503779885147,8.76526004033404
171,2010,175.493311243209,8.72314605295145
172,2010,175.452244711594,8.68072186760917
173,2010,175.381513335846,8.63929475066529
174,2010,175.282050161511,8.60004049266776
175,2010,175.154788234135,8.56396649941754
176,2010,175.000660599261,8.53188031522471
177,2010,174.820600302437,8.5043646973401
178,2010,174.615540389207,8.48176033925286
179,2010,174.386413905116,8.46415717113995
180,2010,174.13415389571,8.45139487121512
181,2010,173.859693406533,8.44307284673016
182,2010,173.563965483132,8.43856954815104
183,2010,173.247903171051,8.43707062984761
184,2010,172.912439515836,8.43760522381658
185,2010,172.558507563032,8.43908949064637
186,2010,172.187040358184,8.44037667226788
187,2010,171.798970946837,8.44031308861351
188,2010,171.395232374538,8.43779986983797
189,2010,170.97675768683,8.43186065740987
190,2010,170.54447992926,8.42171599068285
191,2010,170.09933215215,8.40686594789278
192,2010,169.642252164875,8.38755360891339
193,2010,169.174191466248,8.36542348530554
194,2010,168.696104001499,8.34243359247508
195,2010,168.208943715863,8.3205326254439
196,2010,167.713664554569,8.30155168284503
197,2010,167.21122046285,8.28710711663389
198,2010,166.702565385939,8.27851640581487
199,2010,166.188653269067,8.27672970658889
200,2010,165.670438057466,8.28227991539471
201,2010,165.148873696369,8.29525365680176
202,2010,164.624914131007,8.31528465379179
203,2010,164.099513306612,8.34156964963463
204,2010,163.573625168416,8.3729057035759
205,2010,163.048203661652,8.40774656494661
206,2010,162.52420273155,8.44427517185349
207,2010,162.002576323344,8.48048924354693
208,2010,161.484278382266,8.51429744254462
209,2010,160.970262853546,8.543624580064
210,2010,160.461389700698,8.56662131189078
211,2010,159.957426349737,8.58281852557077
212,2010,159.457435363781,8.5928357940062
213,2010,158.96046755823,8.59761964181674
214,2010,158.465573748487,8.59834392146767
215,2010,157.971804749952,8.59633062200786
216,2010,157.478211378027,8.5929776235163
217,2010,156.983844448113,8.58969220132776
218,2010,156.487754775613,8.5878297114949
219,2010,155.988993175926,8.58863748234586
220,2010,155.486610464455,8.59320444386049
221,2010,154.979657456602,8.60241739800889
222,2010,154.467184967766,8.61692502846829
223,2010,153.948243813351,8.6371107432692
224,2010,153.421884808757,8.66307524030231
225,2010,152.887158769386,8.6946293147811
226,2010,152.343116510639,8.73129694937993
227,2010,151.788808847918,8.77232822019981
228,2010,151.223286596623,8.81672109717238
229,2010,150.645600572158,8.86325088620294
230,2010,150.054801589922,8.91050589819759
231,2010,149.449940465317,8.95692795337807
232,2010,148.830068013746,9.00085652683515
233,2010,148.194235374554,9.0405759545054
234,2010,147.541816337079,9.07464662630601
235,2010,146.873112795297,9.1025509724619
236,2010,146.188592503421,9.12412879380957
237,2010,145.488723215661,9.13941547595818
238,2010,144.77397268623,9.14861586160883
239,2010,144.04480866934,9.15208111084015
240,2010,143.301698919202,9.15028807234795
241,2010,142.54511119003,9.14382069239642
242,2010,141.775513236033,9.13335301359226
243,2010,140.993372811425,9.11963335401821
244,2010,140.199157670418,9.10346930410855
245,2010,139.393335567222,9.08571323178452
246,2010,138.576374256051,9.06724804513907
247,2010,137.748741491116,9.04897302637642
248,2010,136.910905026628,9.03178962076587
249,2010,136.063332616801,9.01658713949363
250,2010,135.206492015845,9.00422841392668
251,2010,134.340850977973,8.99553551809819
252,2010,133.466877257397,8.99127575199436
253,2010,132.585038608328,8.99214814511748
254,2010,131.695802784979,8.99877079179044
255,2010,130.79963754156,9.01166936081413
256,2010,129.897010632285,9.03126712749142
257,2010,128.988389811366,9.05787685282048
258,2010,128.074242833013,9.09169478281185
259,2010,127.155037451439,9.13279696364031
260,2010,126.231241420856,9.18113797210296
261,2010,125.303322495476,9.23655205447556
262,2010,124.371748429511,9.29875656047857
263,2010,123.436986977172,9.36735746267597
264,2010,122.499505892671,9.4418566736836
265,2010,121.559772930221,9.52166081989992
266,2010,120.618255844034,9.60609110375036
267,2010,119.67542238832,9.69439388615291
268,2010,118.731740317293,9.78575164389783
269,2010,117.787677385164,9.87929399789478
270,2010,116.843701346145,9.9741085619077
271,2010,115.900279954447,10.0692514216211
272,2010,114.957880964284,10.1637571155102
273,2010,114.016972129866,10.2566480480053
274,2010,113.078021205406,10.3469433191356
275,2010,112.141495945115,10.4336670017659
276,2010,111.20785857576,10.5158650138809
277,2010,110.277403687049,10.5928856131104
278,2010,109.350232062632,10.6644579147072
279,2010,108.426433690366,10.7304007424201
280,2010,107.506098558109,10.7905975177336
281,2010,106.58931665372,10.8449893175508
282,2010,105.676177965054,10.89356872238
283,2010,104.766772479972,10.9363743675583
284,2010,103.861190186329,10.9734861143893
285,2010,102.959521071985,11.0050207638081
286,2010,102.061855124796,11.0311282415134
287,2010,101.16828233262,11.0519881899511
288,2010,100.278892683316,11.0678069087503
289,2010,99.3937761647401,11.0788145910551
290,2010,98.5130227647513,11.0852628085563
291,2010,97.6367224712069,11.0874222028981
292,2010,96.7649652719645,11.0855803455235
293,2010,95.8978411548821,11.0800397319792
294,2010,95.0354401078173,11.0711158802786
295,2010,94.1778521186279,11.0591355061937
296,2010,93.3251671751717,11.0444347513747
297,2010,92.4774752653063,11.027357443066
298,2010,91.6348663768895,11.0082533669487
299,2010,90.7974304977792,10.9874765373728
300,2010,89.965257615833,10.9653834519949
301,2010,89.1384377189086,10.9423313206555
302,2010,88.3170607948639,10.9186762612555
303,2010,87.5012168315566,10.8947714584404
304,2010,86.6909958168443,10.8709652840752
305,2010,85.886487738585,10.8475993817893
306,2010,85.0877825846362,10.8250067212417
307,2010,84.2949703428559,10.8035096311575
308,2010,83.5081410011016,10.7834178235334
309,2010,82.7273845472312,10.7650264246164
310,2010,81.9527909691025,10.748614031204
311,2010,81.184450254573,10.7344408133848
312,2010,80.4224523915007,10.7227466869027
313,2010,79.6668873677432,10.7137495797704
314,2010,78.9178451711584,10.7076438184621
315,2010,78.1754157896039,10.7045986589059
316,2010,77.4396892109376,10.7047569865128
317,2010,76.710755423017,10.7082342076076
318,2010,75.9887044137,10.7151173518996
319,2010,75.2736261708444,10.7254644021239
320,2010,74.5656106823079,10.7393038628135
321,2010,73.8647479359482,10.7566345754918
322,2010,73.1711279196231,10.7774257825975
323,2010,72.4848406211904,10.8016174373703
324,2010,71.8059760285077,10.8291207519594
325,2010,71.1346241294329,10.859818971371
326,2010,70.4708749118236,10.8935683567307
327,2010,69.8148183635376,10.9301993578552
328,2010,69.1665444724328,10.9695179524228
329,2010,68.5261432263667,11.0113071271634
330,2010,67.8937046131973,11.0553284754863
331,2010,67.2693186207822,11.101323885801
332,2010,66.6530752369791,11.1490172954106
333,2010,66.0450644496458,11.1981164861674
334,2010,65.4453762466402,11.2483148999856
335,2010,64.8541006158198,11.2992934546589
336,2010,64.2713275450425,11.3507223431321
337,2010,63.697147022166,11.4022628022806
338,2010,63.1316490350481,11.4535688402651
339,2010,62.5749235715464,11.5042889145505
340,2010,62.0270606195188,11.5540675556226
341,2010,61.4881501668231,11.6025469342615
342,2010,60.9582822013169,11.6493683728793
343,2010,60.4375467108579,11.6941738038928
344,2010,59.9260336833041,11.7366071803729
345,2010,59.423833106513,11.776315846294
346,2010,58.9310349683424,11.8129518756284
347,2010,58.4477292566501,11.8461733913227
348,2010,57.974005959294,11.8756458768886
349,2010,57.5099550641315,11.901043494991
350,2010,57.0556665590207,11.9220504290715
351,2010,56.611230431819,11.9383622657502
352,2010,56.1767366703844,11.9496874375729
353,2010,55.7522752625746,11.955748747659
354,2010,55.3379361962474,11.9562850000243
355,2010,54.9338094592604,11.9510527618657
356,2010,54.5399850394714,11.9398282869551
357,2010,54.1565529247382,11.9224096325644
358,2010,53.7836031029185,11.8986190060891
359,2010,53.4212255618701,11.8683053818012
360,2010,53.0695102894507,11.8313474329867
361,2010,52.7285472735181,11.7876568301225
362,2010,52.39842650193,11.737181961708
363,2010,52.0792379625441,11.6799121408182
364,2010,51.7710716432182,11.6158823672356
365,2010,51.4740308236374,11.5452709646257
1,2011,49.8906893272655,11.8146812692318
2,2011,49.5497263113328,11.7706871082428
3,2011,49.2196055397448,11.719844366979
4,2011,48.9004170003589,11.6621407611242
5,2011,48.592250681033,11.5976095008413
6,2011,48.2952098614522,11.5264274487291
7,2011,48.0094509886105,11.4491878865442
8,2011,47.7351438013292,11.366604122719
9,2011,47.4724580384298,11.279411243586
10,2011,47.2215634387335,11.1883629697119
11,2011,46.9826297410617,11.0942283633488
12,2011,46.7558266842357,10.9977883116652
13,2011,46.541324007077,10.8998317159295
14,2011,46.3392914484068,10.8011513240282
15,2011,46.1498987470465,10.702539153327
16,2011,45.9733156418175,10.6047814636018
17,2011,45.8097118715411,10.5086532561613
18,2011,45.6592571750386,10.4149122957269
19,2011,45.5221212911314,10.3242926762422
20,2011,45.3984739586409,10.2374979802406
21,2011,45.2884849163884,10.1551941129107
22,2011,45.1923239031953,10.078001925192
23,2011,45.1101606578829,10.0064897731502
24,2011,45.0421649192725,9.94116619104964
25,2011,44.9885064261855,9.88247288013737
26,2011,44.9493549174432,9.83077823125371
27,2011,44.9248801318671,9.78637160436019
28,2011,44.9152518082784,9.74945857993429
29,2011,44.9206396854985,9.72015737499899
30,2011,44.9412135023488,9.69849658072716
31,2011,44.9771429976506,9.68441433094066
32,2011,45.0285979102252,9.67775895462539
33,2011,45.0957479788941,9.67829110507527
34,2011,45.1787629424784,9.68568729829011
35,2011,45.2778125397997,9.69954473858355
36,2011,45.3930665096792,9.71938726418647
37,2011,45.5246945909384,9.74467221303351
38,2011,45.6728665223985,9.77479799057258
39,2011,45.8377520428808,9.80911211754234
40,2011,46.0195208912069,9.84691954509704
41,2011,46.2183428061979,9.88749104526869
42,2011,46.4343875266753,9.93007151376406
43,2011,46.6678247914604,9.97388805649897
44,2011,46.9188243393745,10.0181577682159
45,2011,47.187555909239,10.0620951485666
46,2011,47.4741892398753,10.1049191362924
47,2011,47.7788940701047,10.1458597743549
48,2011,48.1018401387485,10.1841645474226
49,2011,48.4431971846282,10.2191044578837
50,2011,48.8031349465649,10.2499799278424
51,2011,49.1818231633802,10.2761266329476
52,2011,49.5794315738953,10.2969213901874
53,2011,49.9961299169317,10.3117882368009
54,2011,50.4320879313105,10.3202048520732
55,2011,50.8874753558533,10.3217094887463
56,2011,51.3624617800927,10.3159100050165
57,2011,51.8571925528241,10.3027180092815
58,2011,52.3717621900724,10.2825940996863
59,2011,52.9062588071138,10.2561159559803
60,2011,53.4607705192242,10.223908796364
61,2011,54.0353854416796,10.186637099646
62,2011,54.630191689756,10.1449967656166
63,2011,55.2452773787295,10.0997075544349
64,2011,55.8807306238761,10.0515056711042
65,2011,56.5366395404717,10.001136386356
66,2011,57.2130922437925,9.94934661119689
67,2011,57.9101768491143,9.89687736957141
68,2011,58.6279814717133,9.84445614238687
69,2011,59.3665942268654,9.79278908655195
70,2011,60.1261032298467,9.74255316432451
71,2011,60.9065965959331,9.69438825032633
72,2011,61.7081624404007,9.64888931480147
73,2011,62.5308888785255,9.60659881039844
74,2011,63.3748640255836,9.56799941397881
75,2011,64.2401759968508,9.53350729261043
76,2011,65.1269129076033,9.50346607202901
77,2011,66.035162873117,9.47814168487912
78,2011,66.9650140086681,9.45771826407579
79,2011,67.9165544295323,9.44229522365746
80,2011,68.889872250986,9.43188563655052
81,2011,69.8850555883048,9.42641597777525
82,2011,70.9021925567651,9.42572725570268
83,2011,71.9413712716427,9.42957750651125
84,2011,73.0026798482136,9.43764558167993
85,2011,74.0862064017539,9.44953611866116
86,2011,75.1920390475395,9.46478555367533
87,2011,76.3202659008466,9.4828690148497
88,2011,77.4709750769511,9.50320792465404
89,2011,78.644254691129,9.52517814270311
90,2011,79.8401928586564,9.54811849256143
91,2011,81.0588776948092,9.57133953760056
92,2011,82.3003973148634,9.59413249925836
93,2011,83.5648398340952,9.61577824417385
94,2011,84.8522933677805,9.63555630270944
95,2011,86.1628460311952,9.65275391873889
96,2011,87.4965859396155,9.66667516811367
97,2011,88.8536012083173,9.67665022022225
98,2011,90.2339799525768,9.68204485325139
99,2011,91.6378102876697,9.68227036922101
100,2011,93.0651803288723,9.67679408989752
101,2011,94.5161781914604,9.66515064966931
102,2011,95.9908919907102,9.64695433663774
103,2011,97.4894098418976,9.62191276839549
104,2011,99.0118198602986,9.58984222334342
105,2011,100.558210161189,9.55068497981951
106,2011,102.128636705106,9.50454421363645
107,2011,103.722180259625,9.45213531556517
108,2011,105.336794166767,9.39479454731714
109,2011,106.970368966326,9.33392534181746
110,2011,108.620795198097,9.27094381199276
111,2011,110.285963401876,9.20725449562261
112,2011,111.963764117456,9.14422575619666
113,2011,113.652087884634,9.08316487102765
114,2011,115.348825243203,9.0252930447587
115,2011,117.051866732958,8.97172079111819
116,2011,118.759102893695,8.92342431288427
117,2011,120.468424265208,8.88122365997722
118,2011,122.177721387293,8.84576353752343
119,2011,123.884884799743,8.81749765139732
120,2011,125.587805042353,8.79667740703911
121,2011,127.284372654919,8.78334561816789
122,2011,128.972478177236,8.7773356483552
123,2011,130.650012149097,8.77827612573383
124,2011,132.314865110299,8.78560107368202
125,2011,133.964927600635,8.79856502545548
126,2011,135.598090159902,8.81626247212361
127,2011,137.212243327892,8.83765085516517
128,2011,138.805277644402,8.86157626937292
129,2011,140.375083649227,8.8868010869387
130,2011,141.91955188216,8.91203283765524
131,2011,143.436572882997,8.93595386433291
132,2011,144.924037191533,8.95725149591054
133,2011,146.379835347562,8.97464872419715
134,2011,147.801857890879,8.9869356188451
135,2011,149.18799536128,8.99300195934095
136,2011,150.536138298559,8.99187179742063
137,2011,151.844177242511,8.98274088596283
138,2011,153.11011834282,8.96509579983501
139,2011,154.333311714135,8.9395599558371
140,2011,155.513974545275,8.90750831570246
141,2011,156.652338476297,8.87043040750687
142,2011,157.748635147257,8.82987291967282
143,2011,158.803096198209,8.78739448201818
144,2011,159.815953269211,8.74452217490084
145,2011,160.787438000318,8.70270959526493
146,2011,161.717782031586,8.66329672846752
147,2011,162.60721700307,8.62747225648136
148,2011,163.455974554827,8.59623924585751
149,2011,164.264286326912,8.57038536838333
150,2011,165.032383959381,8.55045888287041
151,2011,165.76049909229,8.53675152930101
152,2011,166.448863365696,8.52928925791838
153,2011,167.097708419652,8.52783136111859
154,2011,167.707265894217,8.53187814319053
155,2011,168.277767429445,8.54068681528733
156,2011,168.809444665392,8.55329490723916
157,2011,169.302529242114,8.5685502014531
158,2011,169.757252799667,8.58514605542746
159,2011,170.173846978107,8.60166100256213
160,2011,170.55254341749,8.61660169755921
161,2011,170.893573757871,8.62844857789905
162,2011,171.197169639307,8.63570401380185
163,2011,171.463562701852,8.63694318296801
164,2011,171.692984585564,8.63086840595264
165,2011,171.885677193404,8.61639383183973
166,2011,172.042193683033,8.59345442448446
167,2011,172.163447055258,8.56312468344461
168,2011,172.250370355624,8.5267085555104
169,2011,172.303896629677,8.4856272384173
170,2011,172.324958922962,8.44136207249588
171,2011,172.314490281024,8.3954012560868
172,2011,172.273423749408,8.34918977907848
173,2011,172.202692373661,8.30408248874263
174,2011,172.103229199326,8.26130068377546
175,2011,171.975967271949,8.22189304319676
176,2011,171.821839637076,8.18670199909933
177,2011,171.641779340252,8.15633682081088
178,2011,171.436719427022,8.13115466873918
179,2011,171.207592942931,8.11125069548034
180,2011,170.955332933525,8.09645794277546
181,2011,170.680872444348,8.08635735547751
182,2011,170.385144520947,8.08029777760799
183,2011,170.069082208866,8.07742538790478
184,2011,169.733618553651,8.07672174249784
185,2011,169.379686600847,8.07704946966627
186,2011,169.008219395999,8.07720472757037
187,2011,168.620149984652,8.07597578378159
188,2011,168.216411412352,8.07220747537916
189,2011,167.797936724645,8.06487181404916
190,2011,167.365658967074,8.05314555459677
191,2011,166.920511189965,8.03649648598982
192,2011,166.46343120269,8.0151687690297
193,2011,165.995370504062,7.99087401893988
194,2011,165.517283039314,7.96565447304315
195,2011,165.030122753677,7.94154573429776
196,2011,164.534843592384,7.92046335530398
197,2011,164.032399500665,7.90410041855397
198,2011,163.523744423754,7.8938382676138
199,2011,163.009832306882,7.89067343815438
200,2011,162.491617095281,7.89516407913962
201,2011,161.970052734184,7.90739868418263
202,2011,161.446093168822,7.92698885381763
203,2011,160.920692344427,7.95308630951902
204,2011,160.394804206231,7.98442280813958
205,2011,159.869382699466,8.01937030640431
206,2011,159.345381769365,8.05601797200747
207,2011,158.823755361159,8.09226256987023
208,2011,158.30545742008,8.12590936207762
209,2011,157.791441891361,8.154781827062
210,2011,157.282568738512,8.17694126821343
211,2011,156.778605387552,8.19190569775259
212,2011,156.278614401596,8.2003394774261
213,2011,155.781646596045,8.203248300387
214,2011,155.286752786302,8.20187564996294
215,2011,154.792983787767,8.19762076469509
216,2011,154.299390415842,8.19196367226075
217,2011,153.805023485928,8.18639591809321
218,2011,153.308933813427,8.18235633324173
219,2011,152.810172213741,8.18117187195762
220,2011,152.30778950227,8.18400414344123
221,2011,151.800836494416,8.19180270567849
222,2011,151.288364005581,8.20526643069309
223,2011,150.769422851166,8.22481425651366
224,2011,150.243063846572,8.25056640880874
225,2011,149.708337807201,8.28233673935626
226,2011,149.164295548454,8.31963626037011
227,2011,148.609987885732,8.36168734879357
228,2011,148.044465634438,8.40744755400934
229,2011,147.466779609972,8.45564155174536
230,2011,146.875980627737,8.50479960082454
231,2011,146.271119503132,8.55330089455816
232,2011,145.65124705156,8.59942043750786
233,2011,145.015414412369,8.64137875939343
234,2011,144.362995374894,8.67768295778899
235,2011,143.694291833112,8.70779125163624
236,2011,143.009771541235,8.73153337062273
237,2011,142.309902253476,8.74894346950684
238,2011,141.595151724045,8.76023247334558
239,2011,140.865987707155,8.76576369069696
240,2011,140.122877957017,8.7660311587833
241,2011,139.366290227844,8.7616401905195
242,2011,138.596692273848,8.75328962327726
243,2011,137.81455184924,8.7417553134905
244,2011,137.020336708232,8.72787447453041
245,2011,136.214514605037,8.71253051547324
246,2011,135.397553293866,8.69663810494071
247,2011,134.56992052893,8.68112825732157
248,2011,133.732084064443,8.66693331849961
249,2011,132.884511654616,8.65497181407725
250,2011,132.02767105366,8.64613321306955
251,2011,131.162030015788,8.64126275061377
252,2011,130.288056295212,8.64114653918418
253,2011,129.406217646143,8.6464972725148
254,2011,128.516981822793,8.65794088258081
255,2011,127.620816579375,8.67600454051321
256,2011,126.7181896701,8.70110639167784
257,2011,125.80956884918,8.7335473805247
258,2011,124.895421870828,8.77350545307289
259,2011,123.976216489254,8.82103232896129
260,2011,123.052420458671,8.87605291950752
261,2011,122.124501533291,8.93836734446545
262,2011,121.192927467325,9.00765538047493
263,2011,120.258166014987,9.08348307008279
264,2011,119.320684930486,9.16531114077093
265,2011,118.380951968036,9.25250483417965
266,2011,117.439434881849,9.34434472820751
267,2011,116.496601426135,9.44003814675984
268,2011,115.552919355108,9.53873078862896
269,2011,114.608856422979,9.63951826165565
270,2011,113.66488038396,9.74145727377478
271,2011,112.721458992262,9.84357630211149
272,2011,111.779060002099,9.94488562947514
273,2011,110.838151167681,10.0443867004377
274,2011,109.899200243221,10.1410808043131
275,2011,108.96267498293,10.2339771388365
276,2011,108.029037613575,10.3221096887485
277,2011,107.098582724864,10.4048251111984
278,2011,106.171411100447,10.48186162345
279,2011,105.247612728181,10.5530484095572
280,2011,104.327277595924,10.6182796618195
281,2011,103.410495691534,10.6775073930378
282,2011,102.497357002869,10.7307351005296
283,2011,101.587951517787,10.7780121814731
284,2011,100.682369224144,10.8194290058864
285,2011,99.7807001097994,10.855112561307
286,2011,98.8830341626105,10.8852225912677
287,2011,97.9894613704349,10.9099481574958
288,2011,97.1000717211305,10.9295045631159
289,2011,96.2149552025549,10.9441305808958
290,2011,95.3342018025661,10.9540859366675
291,2011,94.4579015090216,10.9596490035149
292,2011,93.5861443097793,10.9611146671797
293,2011,92.7190201926969,10.9587923274652
294,2011,91.8566191456321,10.9530040042992
295,2011,90.9990311564427,10.9440825206298
296,2011,90.1463462129865,10.9323697375566
297,2011,89.2986543031211,10.9182148201295
298,2011,88.4560454147043,10.9019725151499
299,2011,87.618609535594,10.8840014251597
300,2011,86.7864366536478,10.8646622656567
301,2011,85.9596167567234,10.8443160954883
302,2011,85.1382398326787,10.8233225133817
303,2011,84.3223958693713,10.8020378166882
304,2011,83.5121748546591,10.7808131216605
305,2011,82.7076667763997,10.7599924479307
306,2011,81.908961622451,10.7399107732675
307,2011,81.1161493806706,10.7208920681199
308,2011,80.3293200389164,10.7032473228161
309,2011,79.548563585046,10.6872725834769
310,2011,78.7739700069172,10.6732470156271
311,2011,78.0056292923878,10.6614310170016
312,2011,77.2436314293155,10.6520644030401
313,2011,76.488066405558,10.6453646899088
314,2011,75.7390242089732,10.6415255004845
315,2011,74.9965948274187,10.6407151184986
316,2011,74.2608682487524,10.6430752149215
317,2011,73.5319344608318,10.64871976866
318,2011,72.8098834515148,10.6577342007837
319,2011,72.0948052086592,10.6701747378672
320,2011,71.3867897201226,10.6860680157704
321,2011,70.6859269737629,10.7054109304342
322,2011,69.9923069574378,10.72817073725
323,2011,69.3060196590051,10.7542853954701
324,2011,68.6271550663225,10.7836641491844
325,2011,67.9558031672476,10.8161883317993
326,2011,67.2920539496383,10.8517123768984
327,2011,66.6359974013524,10.8900650149915
328,2011,65.9877235102476,10.9310506330721
329,2011,65.3473222641815,10.9744507721672
330,2011,64.714883651012,11.020025737189
331,2011,64.0904976585969,11.0675162933627
332,2011,63.4742542747939,11.1166454242374
333,2011,62.8662434874606,11.1671201276996
334,2011,62.2665552844549,11.218633228387
335,2011,61.6752796536346,11.2708651873161
336,2011,61.0925065828573,11.3234858922709
337,2011,60.5183260599808,11.3761564154276
338,2011,59.9528280728628,11.428530727702
339,2011,59.3961026093612,11.4802573623125
340,2011,58.8482396573336,11.530981022976
341,2011,58.3093292046379,11.5803441349369
342,2011,57.7794612391316,11.627988339643
343,2011,57.2587257486727,11.6735559363
344,2011,56.7472127211188,11.7166912757583
345,2011,56.2450121443277,11.7570421142285
346,2011,55.7522140061572,11.7942609361987
347,2011,55.2689082944649,11.8280062576803
348,2011,54.7951849971087,11.8579439225724
349,2011,54.3311341019463,11.8837484065555
350,2011,53.8768455968354,11.9051041445575
351,2011,53.4324094696338,11.9217068995252
352,2011,52.9979157081992,11.9332651920429
353,2011,52.5734543003894,11.9395018123288
354,2011,52.1591152340622,11.9401554383584
355,2011,51.7549884970751,11.9349823863901
356,2011,51.3611640772862,11.9237585230455
357,2011,50.977731962553,11.9062813714054
358,2011,50.6047821407333,11.8823724473675
359,2011,50.2424045996849,11.8518798668388
360,2011,49.8906893272655,11.8146812692318
361,2011,49.5497263113328,11.7706871082428
362,2011,49.2196055397448,11.719844366979
363,2011,48.9004170003589,11.6621407611242
364,2011,48.592250681033,11.5976095008413
365,2011,48.2952098614522,11.5264274487291
1,2012,46.7118351085168,11.8534397757859
2,2012,46.3708720925842,11.8093494755262
3,2012,46.0407513209961,11.758380460861
4,2012,45.7215627816102,11.7005197745448
5,2012,45.4133964622844,11.6357996820701
6,2012,45.1163556427035,11.5643958636608
7,2012,44.8305967698618,11.4869003902194
8,2012,44.5562895825805,11.4040252443915
9,2012,44.2936038196811,11.3165040460845
10,2012,44.0427092199848,11.2250889339435
11,2012,43.803775522313,11.1305473012841
12,2012,43.5769724654871,11.0336583118647
13,2012,43.3624697883283,10.9352091262736
14,2012,43.1604372296582,10.8359907767555
15,2012,42.9710445282979,10.7367936377019
16,2012,42.7944614230688,10.6384024514559
17,2012,42.6308576527924,10.5415908851055
18,2012,42.48040295629,10.4471156139484
19,2012,42.3432670723828,10.3557099514226
20,2012,42.2196197398923,10.2680770732348
21,2012,42.1096306976398,10.184882914418
22,2012,42.0134696844466,10.106748850796
23,2012,41.9313064391342,10.0342443089269
24,2012,41.8633107005238,9.96787947863444
25,2012,41.8096522074368,9.90809832694058
26,2012,41.7705006986946,9.8552721287189
27,2012,41.7460259131185,9.80969373505723
28,2012,41.7363975895298,9.77157279315532
29,2012,41.7417854667499,9.74103211058645
30,2012,41.7623592836002,9.7181053222211
31,2012,41.7982887789019,9.70273597177099
32,2012,41.8497436914766,9.69477806484062
33,2012,41.9168937601454,9.69399809071495
34,2012,41.9999087237298,9.70007845060334
35,2012,42.0989583210511,9.71262217545358
36,2012,42.2142122909306,9.7311587709317
37,2012,42.3458403721897,9.75515099386453
38,2012,42.4940123036498,9.78400234513592
39,2012,42.6588978241322,9.81706505903433
40,2012,42.8406666724582,9.85364837736378
41,2012,43.0394885874492,9.89302691620679
42,2012,43.2555333079266,9.93444896136511
43,2012,43.4889705727117,9.9771445622519
44,2012,43.7399701206259,10.020333330526
45,2012,44.0087016904904,10.0632318865872
46,2012,44.2953350211266,10.1050609322885
47,2012,44.600039851356,10.1450519605785
48,2012,44.9229859199999,10.1824536415828
49,2012,45.2643429658795,10.2165379497153
50,2012,45.6242807278163,10.246606118032
51,2012,46.0029689446316,10.2719945247791
52,2012,46.4005773551467,10.2920806336907
53,2012,46.817275698183,10.3062891248951
54,2012,47.2532337125619,10.3140983681449
55,2012,47.7086211371046,10.3150474052406
56,2012,48.183607561344,10.3087450238939
57,2012,48.6783383340754,10.2951025098776
58,2012,49.1929079713238,10.2745773691138
59,2012,49.7274045883652,10.2477441103955
60,2012,50.2819163004755,10.2152250493703
61,2012,50.856531222931,10.1776819906914
62,2012,51.4513374710074,10.1358083493847
63,2012,52.0664231599809,10.0903215523051
64,2012,52.7018764051274,10.0419555857942
65,2012,53.3577853217231,9.99145358091369
66,2012,54.0342380250438,9.93956035361505
67,2012,54.7313226303657,9.88701484448966
68,2012,55.4491272529646,9.83454243163142
69,2012,56.1877400081167,9.7828471206542
70,2012,56.947249011098,9.73260364764174
71,2012,57.7277423771845,9.68444956294128
72,2012,58.5293082216521,9.63897739496618
73,2012,59.3520346597769,9.59672702186185
74,2012,60.1960098068349,9.55817840303875
75,2012,61.0613217781022,9.52374484009552
76,2012,61.9480586888546,9.49376694558175
77,2012,62.8563086543684,9.46850749682579
78,2012,63.7861597899194,9.44814733979636
79,2012,64.7377002107837,9.43278248469811
80,2012,65.7110180322373,9.42242250176924
81,2012,66.7062013695562,9.41699028462418
82,2012,67.7233383380164,9.41632320239927
83,2012,68.762517052894,9.4201756144238
84,2012,69.8238256294649,9.42822267584785
85,2012,70.9073521830052,9.44006532307913
86,2012,72.0131848287909,9.45523629687312
87,2012,73.1414116820979,9.47320704045137
88,2012,74.2921208582025,9.49339530103346
89,2012,75.4654004723804,9.51517326557089
90,2012,76.6613386399077,9.53787607430263
91,2012,77.8800234760605,9.56081057739822
92,2012,79.1215430961148,9.58326422844133
93,2012,80.3859856153466,9.60451404177386
94,2012,81.6734391490318,9.62383557686693
95,2012,82.9839918124466,9.6405119503367
96,2012,84.3177317208668,9.6538429138427
97,2012,85.6747469895687,9.66315407321725
98,2012,87.0551257338281,9.66780636053427
99,2012,88.4589560689211,9.66720590654585
100,2012,89.8863261101236,9.66081449634192
101,2012,91.3373239727118,9.64816082665055
102,2012,92.8120377719615,9.62885281920522
103,2012,94.3105556231489,9.60259128099667
104,2012,95.8329656415499,9.5691852382112
105,2012,97.3793559424406,9.52856930422183
106,2012,98.9497824863574,9.48083875746057
107,2012,100.543326040876,9.42670440432538
108,2012,102.157939948018,9.36750229941281
109,2012,103.791514747577,9.30463661916656
110,2012,105.441940979348,9.23952513895872
111,2012,107.107109183127,9.17357514613691
112,2012,108.784909898708,9.1081589763372
113,2012,110.473233665885,9.0445891893036
114,2012,112.169971024454,8.98409360717138
115,2012,113.87301251421,8.92779064447081
116,2012,115.580248674947,8.87666554990133
117,2012,117.28957004646,8.83154833570815
118,2012,118.998867168544,8.79309427002001
119,2012,120.706030580994,8.7617678317255
120,2012,122.408950823604,8.73783096407196
121,2012,124.105518436171,8.72133631069529
122,2012,125.793623958487,8.71212588798022
123,2012,127.471157930349,8.7098353651392
124,2012,129.13601089155,8.71390382233979
125,2012,130.786073381887,8.72358857551369
126,2012,132.419235941153,8.73798442903612
127,2012,134.033389109144,8.75604657016194
128,2012,135.626423425654,8.77661626513443
129,2012,137.196229430478,8.79844855606596
130,2012,138.740697663411,8.82024127864753
131,2012,140.257718664248,8.84066490493695
132,2012,141.745182972784,8.85839294184302
133,2012,143.200981128813,8.8721328649477
134,2012,144.623003672131,8.88065782373886
135,2012,146.009141142532,8.88283960826631
136,2012,147.35728407981,8.87768361363732
137,2012,148.665323023762,8.86436677555729
138,2012,149.931264124071,8.84235868027099
139,2012,151.154457495386,8.81228286881693
140,2012,152.335120326526,8.77552788687541
141,2012,153.473484257549,8.73360104601197
142,2012,154.569780928508,8.68807082977449
143,2012,155.624241979461,8.64052151123984
144,2012,156.637099050463,8.59250931072906
145,2012,157.608583781569,8.54551988321533
146,2012,158.538927812837,8.50092736282926
147,2012,159.428362784321,8.45995559824709
148,2012,160.277120336078,8.42364255533937
149,2012,161.085432108163,8.39280910439724
150,2012,161.853529740632,8.36803351267531
151,2012,162.581644873542,8.34963290464639
152,2012,163.270009146947,8.33765272878881
153,2012,163.918854200904,8.33186490387294
154,2012,164.528411675468,8.33177485851578
155,2012,165.098913210696,8.3366371928222
156,2012,165.630590446643,8.34547925380238
157,2012,166.123675023365,8.35713159207833
158,2012,166.578398580919,8.37026410092793
159,2012,166.994992759359,8.383426648271
160,2012,167.373689198741,8.39509319049558
161,2012,167.714719539122,8.40370867779511
162,2012,168.018315420558,8.40773848822341
163,2012,168.284708483103,8.4057206260624
164,2012,168.514130366815,8.39632145963714
165,2012,168.706822974655,8.37842250910563
166,2012,168.863339464284,8.35194723804099
167,2012,168.984592836509,8.31798457314635
168,2012,169.071516136875,8.27786095341532
169,2012,169.125042410928,8.2330260562885
170,2012,169.146104704213,8.18499459944914
171,2012,169.135636062275,8.13529183624664
172,2012,169.09456953066,8.08540207823826
173,2012,169.023838154912,8.03672013445188
174,2012,168.924374980577,7.99050608127432
175,2012,168.797113053201,7.94784423305918
176,2012,168.642985418328,7.90960752850714
177,2012,168.462925121503,7.8764287389651
178,2012,168.257865208273,7.84867991071147
179,2012,168.028738724182,7.82646126548089
180,2012,167.776478714776,7.80960042419458
181,2012,167.5020182256,7.79766234235184
182,2012,167.206290302198,7.78996983063708
183,2012,166.890227990117,7.78563406977341
184,2012,166.554764334902,7.78359419543128
185,2012,166.200832382098,7.78266488462895
186,2012,165.82936517725,7.7815909447987
187,2012,165.441295765904,7.77910818288226
188,2012,165.037557193604,7.7740102799432
189,2012,164.619082505896,7.76522196425983
190,2012,164.186804748326,7.75187939867569
191,2012,163.741656971216,7.73341972421197
192,2012,163.284576983941,7.71008598439065
193,2012,162.816516285314,7.68364772133494
194,2012,162.338428820566,7.65622087089357
195,2012,161.851268534929,7.62991774510338
196,2012,161.355989373635,7.60672904056089
197,2012,160.853545281916,7.58841662800269
198,2012,160.344890205005,7.5764195181568
199,2012,159.830978088133,7.57177643712282
200,2012,159.312762876533,7.57506875100825
201,2012,158.791198515435,7.58638697163047
202,2012,158.267238950073,7.60532283656869
203,2012,157.741838125678,7.63098724724495
204,2012,157.215949987482,7.662052550625
205,2012,156.690528480718,7.69681616838587
206,2012,156.166527550616,7.73328172948574
207,2012,155.64490114241,7.76925380415685
208,2012,155.126603201332,7.80244305118833
209,2012,154.612587672612,7.83057992620622
210,2012,154.103714519764,7.85164332993987
211,2012,153.599751168803,7.86514003286299
212,2012,153.099760182847,7.87177671949459
213,2012,152.602792377296,7.87261452166691
214,2012,152.107898567553,7.86896210817788
215,2012,151.614129569018,7.86229124927641
216,2012,151.120536197093,7.85415950937961
217,2012,150.626169267179,7.84613851350937
218,2012,150.130079594679,7.83974704076525
219,2012,149.631317994992,7.83638897708315
220,2012,149.128935283521,7.83729684410462
221,2012,148.621982275668,7.84348214256292
222,2012,148.109509786832,7.85569404301396
223,2012,147.590568632417,7.87438797920189
224,2012,147.064209627823,7.89970544070226
225,2012,146.529483588452,7.93146575892444
226,2012,145.985441329705,7.96917001693961
227,2012,145.431133666984,8.01201650345351
228,2012,144.86561141569,8.05892649673166
229,2012,144.287925391224,8.1085787087628
230,2012,143.697126408988,8.1594505076793
231,2012,143.092265284383,8.20986408451292
232,2012,142.472392832812,8.2580360137216
233,2012,141.83656019362,8.30212940797368
234,2012,141.184141156145,8.34060331889708
235,2012,140.515437614363,8.37289284525534
236,2012,139.830917322487,8.39881751166099
237,2012,139.131048034727,8.41840961759232
238,2012,138.416297505296,8.43188509886445
239,2012,137.687133488406,8.43961792526979
240,2012,136.944023738268,8.44211744089501
241,2012,136.187436009096,8.44000806165559
242,2012,135.417838055099,8.43401077929531
243,2012,134.635697630491,8.42492597136838
244,2012,133.841482489484,8.41361707682318
245,2012,133.035660386288,8.40099476442925
246,2012,132.218699075117,8.38800129605124
247,2012,131.391066310182,8.37559486905164
248,2012,130.553229845694,8.36473381207638
249,2012,129.705657435867,8.35636060533272
250,2012,128.848816834911,8.35138579779732
251,2012,127.983175797039,8.3506719952196
252,2012,127.109202076463,8.35501818795028
253,2012,126.227363427394,8.36514476858881
254,2012,125.338127604045,8.38167964757524
255,2012,124.441962360626,8.40514590211861
256,2012,123.539335451352,8.43595138434589
257,2012,122.630714630432,8.47438066591938
258,2012,121.716567652079,8.52058961082029
259,2012,120.797362270505,8.57460275255554
260,2012,119.873566239922,8.6363135178731
261,2012,118.945647314542,8.70548719994042
262,2012,118.014073248577,8.78176645413511
263,2012,117.079311796238,8.86467898173994
264,2012,116.141830711738,8.95364699006845
265,2012,115.202097749288,9.04799797649485
266,2012,114.2605806631,9.14697637846002
267,2012,113.317747207387,9.24975565770417
268,2012,112.374065136359,9.35545043787336
269,2012,111.43000220423,9.46312838205905
270,2012,110.486026165211,9.57182157255373
271,2012,109.542604773514,9.68053723197622
272,2012,108.60020578335,9.7882676974286
273,2012,107.659296948932,9.89399962386822
274,2012,106.720346024472,9.99672244757888
275,2012,105.783820764181,10.0954361851785
276,2012,104.850183394826,10.1891682397571
277,2012,103.919728506115,10.2772672474149
278,2012,102.992556881698,10.3594819906534
279,2012,102.068758509432,10.4356529294563
280,2012,101.148423377175,10.5056855604516
281,2012,100.231641472786,10.5695430473837
282,2012,99.3185027841206,10.6272397541563
283,2012,98.4090972990379,10.678835568257
284,2012,97.5035150053954,10.7244309114973
285,2012,96.6018458910507,10.7641623447332
286,2012,95.7041799438618,10.7981986828618
287,2012,94.8106071516862,10.8267375455069
288,2012,93.9212175023818,10.8500022771939
289,2012,93.0361009838063,10.868239178383
290,2012,92.1553475838174,10.8817149954708
291,2012,91.279047290273,10.890714623842
292,2012,90.4072900910306,10.8955389833097
293,2012,89.5401659739482,10.8965030299362
294,2012,88.6777649268834,10.8939338723601
295,2012,87.820176937694,10.8881689644738
296,2012,86.9674919942378,10.8795543496877
297,2012,86.1198000843724,10.8684429351886
298,2012,85.2771911959557,10.8551927776092
299,2012,84.4397553168453,10.8401653644734
300,2012,83.6075824348991,10.8237238787114
301,2012,82.7807625379747,10.8062314365152
302,2012,81.95938561393,10.7880492918566
303,2012,81.1435416506227,10.7695350041475
304,2012,80.3333206359104,10.7510405687772
305,2012,79.5288125576511,10.7329105136114
306,2012,78.7301074037024,10.7154799679334
307,2012,77.937295161922,10.6990727136954
308,2012,77.1504658201677,10.6839992322515
309,2012,76.3697093662973,10.6705547628577
310,2012,75.5951157881686,10.6590173920472
311,2012,74.8267750736391,10.6496461953899
312,2012,74.0647772105668,10.6426794550117
313,2012,73.3092121868094,10.6383329774595
314,2012,72.5601699902246,10.6367985369555
315,2012,71.81774060867,10.6382424687162
316,2012,71.0820140300037,10.6428044357752
317,2012,70.3530802420831,10.6505963906429
318,2012,69.6310292327662,10.6617017502117
319,2012,68.9159509899105,10.6761747986482
320,2012,68.207935501374,10.6940403287483
321,2012,67.5070727550143,10.7152935275267
322,2012,66.8134527386892,10.7399001068633
323,2012,66.1271654402565,10.7677966750457
324,2012,65.4483008475738,10.7988913402394
325,2012,64.776948948499,10.8330645324745
326,2012,64.1131997308897,10.8701700268485
327,2012,63.4571431826038,10.9100361474306
328,2012,62.8088692914989,10.9524671289223
329,2012,62.1684680454329,10.9972446115344
330,2012,61.5360294322634,11.0441292437849
331,2012,60.9116434398483,11.0928623679806
332,2012,60.2954000560453,11.1431677639451
333,2012,59.6873892687119,11.1947534280084
334,2012,59.0877010657063,11.2473133662615
335,2012,58.4964254348859,11.3005293834861
336,2012,57.9136523641086,11.3540728518715
337,2012,57.3394718412321,11.4076064465087
338,2012,56.7739738541142,11.4607858376047
339,2012,56.2172483906126,11.5132613323022
340,2012,55.669385438585,11.5646794618374
341,2012,55.1304749858892,11.6146845124854
342,2012,54.600607020383,11.6629200012873
343,2012,54.079871529924,11.7090300999023
344,2012,53.5683585023702,11.7526610120974
345,2012,53.0661579255791,11.7934623123736
346,2012,52.5733597874085,11.8310882550605
347,2012,52.0900540757163,11.8651990649276
348,2012,51.6163307783601,11.895462221989
349,2012,51.1522798831976,11.9215537547757
350,2012,50.6979913780868,11.9431595579573
351,2012,50.2535552508852,11.9599767518678
352,2012,49.8190614894505,11.9717151032856
353,2012,49.3946000816407,11.9780985287918
354,2012,48.9802610153135,11.9788667042378
355,2012,48.5761342783265,11.9737768063704
356,2012,48.1823098585376,11.9626054155251
357,2012,47.7988777438043,11.9451506115991
358,2012,47.4259279219847,11.9212342992875
359,2012,47.0635503809362,11.8907048028771
360,2012,46.7118351085168,11.8534397757859
361,2012,46.3708720925842,11.8093494755262
362,2012,46.0407513209961,11.758380460861
363,2012,45.7215627816102,11.7005197745448
364,2012,45.4133964622844,11.6357996820701
365,2012,45.1163556427035,11.5643958636608
1,2013,43.5329910373549,11.9469916256262
2,2013,43.1920280214222,11.9030097059605
3,2013,42.8619072498342,11.8521528330851
4,2013,42.5427187104483,11.7944083008279
5,2013,42.2345523911224,11.7298082826098
6,2013,41.9375115715416,11.6585275809435
7,2013,41.6517526986999,11.5811554392006
8,2013,41.3774455114186,11.4984002975288
9,2013,41.1147597485192,11.4109919154096
10,2013,40.8638651488229,11.3196782528573
11,2013,40.6249314511511,11.2252222109899
12,2013,40.3981283943251,11.1283981592034
13,2013,40.1836257171664,11.0299881816426
14,2013,39.9815931584962,10.9307779827076
15,2013,39.7922004571359,10.831552400647
16,2013,39.6156173519069,10.7330904905017
17,2013,39.4520135816305,10.6361601533063
18,2013,39.301558885128,10.5415123079089
19,2013,39.1644230012208,10.4498746251115
20,2013,39.0407756687303,10.3619448708143
21,2013,38.9307866264778,10.2783839347048
22,2013,38.8346256132847,10.1998086525411
23,2013,38.7524623679723,10.1267845614033
24,2013,38.6844666293619,10.0598187561658
25,2013,38.6308081362749,9.99935303923761
26,2013,38.5916566275326,9.94575757160319
27,2013,38.5671818419565,9.89932523888053
28,2013,38.5575535183678,9.86026693957289
29,2013,38.5629413955879,9.82870798295434
30,2013,38.5835152124382,9.8046857513384
31,2013,38.61944470774,9.78814873741541
32,2013,38.6708996203146,9.77895701477645
33,2013,38.7380496889835,9.77688414256044
34,2013,38.8210646525678,9.78162044784453
35,2013,38.9201142498891,9.79277757647456
36,2013,39.0353682197686,9.8098941585312
37,2013,39.1669963010278,9.83244240161251
38,2013,39.3151682324879,9.8598354053838
39,2013,39.4800537529702,9.89143498482838
40,2013,39.6618226012963,9.92655979648713
41,2013,39.8606445162873,9.96449357984626
42,2013,40.0766892367647,10.0044933524085
43,2013,40.3101265015498,10.0457974290737
44,2013,40.5611260494639,10.087633171537
45,2013,40.8298576193284,10.1292244091047
46,2013,41.1164909499647,10.1697985067423
47,2013,41.4211957801941,10.2085930880181
48,2013,41.7441418488379,10.2448624491585
49,2013,42.0854988947176,10.2778837254814
50,2013,42.4454366566543,10.3069628932185
51,2013,42.8241248734696,10.3314407086864
52,2013,43.2217332839847,10.3506987036067
53,2013,43.6384316270211,10.3641653709074
54,2013,44.0743896413999,10.3713226903484
55,2013,44.5297770659427,10.3717131585344
56,2013,45.0047634901821,10.3649488856858
57,2013,45.4994942629135,10.3509415672217
58,2013,46.0140639001618,10.3301431921896
59,2013,46.5485605172032,10.3031220805135
60,2013,47.1030722293136,10.2704944088652
61,2013,47.677687151769,10.2329158573451
62,2013,48.2724933998454,10.1910736948301
63,2013,48.8875790888189,10.1456791463618
64,2013,49.5230323339655,10.0974599109525
65,2013,50.1789412505611,10.0471527232622
66,2013,50.8553939538819,9.99549587843581
67,2013,51.5524785592037,9.94322166647902
68,2013,52.2702831818027,9.89104869119679
69,2013,53.0088959369548,9.83967407887934
70,2013,53.7684049399361,9.78976561319232
71,2013,54.5488983060225,9.74195386427128
72,2013,55.3504641504901,9.69682441056547
73,2013,56.173190588615,9.65491027986936
74,2013,57.017165735673,9.61668475929561
75,2013,57.8824777069402,9.58255474065935
76,2013,58.7692146176927,9.55285477597984
77,2013,59.6774645832065,9.52784201608636
78,2013,60.6073157187575,9.50769219283381
79,2013,61.5588561396217,9.49249678226241
80,2013,62.5321739610754,9.48226145324165
81,2013,63.5273572983942,9.47690586577031
82,2013,64.5444942668545,9.47626483803407
83,2013,65.5836729817321,9.4800908549639
84,2013,66.6449815583029,9.48805784697166
85,2013,67.7285081118432,9.49976612911249
86,2013,68.8343407576289,9.51474836088705
87,2013,69.962567610936,9.53247636714096
88,2013,71.1132767870405,9.5523686519366
89,2013,72.2865564012184,9.57379843977266
90,2013,73.4824945687458,9.59610209117039
91,2013,74.7011794048986,9.6185877608724
92,2013,75.9426990249528,9.64054419480234
93,2013,77.2071415441846,9.66124959452356
94,2013,78.4945950778698,9.67998051337583
95,2013,79.8051477412846,9.69602078524424
96,2013,81.1388876497049,9.70867052392633
97,2013,82.4959029184067,9.71725526766421
98,2013,83.8762816626662,9.72113537937085
99,2013,85.2801119977591,9.71971584852513
100,2013,86.7074820389617,9.7124566759922
101,2013,88.1584799015498,9.69888405858451
102,2013,89.6331937007995,9.67860262634743
103,2013,91.1317115519869,9.65130902231033
104,2013,92.654121570388,9.61680715106574
105,2013,94.2005118712786,9.57502545712164
106,2013,95.7709384151954,9.52605191445941
107,2013,97.3644819697144,9.47058905091157
108,2013,98.979095876856,9.40996437451116
109,2013,100.612670676415,9.34557363595164
110,2013,102.263096908187,9.27882654870551
111,2013,103.928265111965,9.21112296117339
112,2013,105.606065827546,9.14382866365453
113,2013,107.294389594723,9.07825083631209
114,2013,108.991126953292,9.01561334650887
115,2013,110.694168443048,8.95703230643626
116,2013,112.401404603785,8.90349249047154
117,2013,114.110725975298,8.8558253673838
118,2013,115.820023097382,8.81468960465568
119,2013,117.527186509832,8.78055493191065
120,2013,119.230106752443,8.75369019507648
121,2013,120.926674365009,8.7341562900922
122,2013,122.614779887325,8.72180444506363
123,2013,124.292313859187,8.71628004586582
124,2013,125.957166820388,8.71703190503176
125,2013,127.607229310725,8.72332659434655
126,2013,129.240391869991,8.73426723255932
127,2013,130.854545037982,8.74881596743536
128,2013,132.447579354492,8.7658193302743
129,2013,134.017385359316,8.78403567221669
130,2013,135.561853592249,8.80216400513641
131,2013,137.078874593086,8.81887374823783
132,2013,138.566338901622,8.83283510431286
133,2013,140.022137057651,8.84275003779906
134,2013,141.444159600969,8.84738408514
135,2013,142.83029707137,8.84559948653087
136,2013,144.178440008648,8.83639038185808
137,2013,145.4864789526,8.8189210605338
138,2013,146.752420052909,8.7926481917559
139,2013,147.975613424224,8.75819058527113
140,2013,149.156276255364,8.71693958239368
141,2013,150.294640186387,8.67040854623459
142,2013,151.390936857346,8.62017540387241
143,2013,152.445397908299,8.56783737080139
144,2013,153.458254979301,8.5149670685903
145,2013,154.429739710407,8.46306979098823
146,2013,155.360083741675,8.41354211902017
147,2013,156.249518713159,8.36763250628944
148,2013,157.098276264916,8.32640481889889
149,2013,157.906588037001,8.29070608018945
150,2013,158.674685669471,8.2611397994118
151,2013,159.40280080238,8.23804622661461
152,2013,160.091165075785,8.22149066530521
153,2013,160.740010129742,8.21126060932168
154,2013,161.349567604306,8.20687199870178
155,2013,161.920069139534,8.20758438056015
156,2013,162.451746375481,8.21242429308507
157,2013,162.944830952203,8.22021583477246
158,2013,163.399554509757,8.22961718757024
159,2013,163.816148688197,8.23916185450902
160,2013,164.194845127579,8.24730354468847
161,2013,164.53587546796,8.25246396504457
162,2013,164.839471349396,8.25308322197202
163,2013,165.105864411941,8.24767305857638
164,2013,165.335286295653,8.23487372345478
165,2013,165.527978903493,8.21354236871682
166,2013,165.684495393122,8.18359131977498
167,2013,165.805748765347,8.14611552688731
168,2013,165.892672065713,8.1024539785844
169,2013,165.946198339766,8.05407409727821
170,2013,165.967260633051,8.00251277173615
171,2013,165.956791991113,7.94932095441035
172,2013,165.915725459498,7.89601110865751
173,2013,165.84499408375,7.844007372946
174,2013,165.745530909415,7.79459886646693
175,2013,165.618268982039,7.74889705414383
176,2013,165.464141347166,7.70779847093676
177,2013,165.284081050341,7.67195432646747
178,2013,165.079021137111,7.64174853327617
179,2013,164.84989465302,7.61728551172947
180,2013,164.597634643614,7.59838874236117
181,2013,164.323174154438,7.58461051953699
182,2013,164.027446231036,7.57525279511717
183,2013,163.711383918955,7.56939848623856
184,2013,163.37592026374,7.56595224870588
185,2013,163.021988310936,7.56368955215205
186,2013,162.650521106088,7.56131296409625
187,2013,162.262451694742,7.55751484908083
188,2013,161.858713122442,7.55104617791811
189,2013,161.440238434734,7.54079176278466
190,2013,161.007960677164,7.52585291688838
191,2013,160.562812900054,7.50563963851405
192,2013,160.105732912779,7.48039146340204
193,2013,159.637672214152,7.45192234034193
194,2013,159.159584749404,7.42240588725403
195,2013,158.672424463767,7.39401516364985
196,2013,158.177145302473,7.36880099925746
197,2013,157.674701210755,7.3485808429466
198,2013,157.166046133843,7.33484072605923
199,2013,156.652134016971,7.32865410469509
200,2013,156.133918805371,7.33062171809026
201,2013,155.612354444273,7.34083606780007
202,2013,155.088394878911,7.35887276649198
203,2013,154.562994054516,7.38380911143127
204,2013,154.03710591632,7.4142682374676
205,2013,153.511684409556,7.44848555711545
206,2013,152.987683479454,7.48439326033913
207,2013,152.466057071248,7.51971859611463
208,2013,151.94775913017,7.5520924633836
209,2013,151.43374360145,7.57916632441023
210,2013,150.924870448602,7.59884851317145
211,2013,150.420907097641,7.61063690809138
212,2013,149.920916111685,7.61527569229462
213,2013,149.423948306134,7.61387460042206
214,2013,148.929054496391,7.60779940349005
215,2013,148.435285497856,7.59858566712013
216,2013,147.941692125931,7.58785962792548
217,2013,147.447325196017,7.57726446607248
218,2013,146.951235523517,7.56839113844026
219,2013,146.45247392383,7.56271380104297
220,2013,145.950091212359,7.56153062076375
221,2013,145.443138204506,7.56591137646596
222,2013,144.93066571567,7.57665360090289
223,2013,144.411724561255,7.59424905982964
224,2013,143.885365556661,7.61886208604524
225,2013,143.35063951729,7.65032072155138
226,2013,142.806597258543,7.68812086427406
227,2013,142.252289595822,7.73144280032491
228,2013,141.686767344528,7.77917877268508
229,2013,141.109081320062,7.82996971449805
230,2013,140.518282337826,7.88224903462245
231,2013,139.913421213221,7.93429140234939
232,2013,139.29354876165,7.98426480440898
233,2013,138.657716122458,8.03028496455162
234,2013,138.005297084983,8.07077094483565
235,2013,137.336593543201,8.10513654336037
236,2013,136.652073251325,8.13319089402214
237,2013,135.952203963565,8.15496337422757
238,2013,135.237453434134,8.17067310497474
239,2013,134.508289417244,8.18070222125949
240,2013,133.765179667106,8.18557226889115
241,2013,133.008591937934,8.18592309334782
242,2013,132.238993983937,8.182493625309
243,2013,131.456853559329,8.17610402353135
244,2013,130.662638418322,8.16763870247483
245,2013,129.856816315126,8.15802984708892
246,2013,129.039855003955,8.14824110010594
247,2013,128.21222223902,8.13925119850532
248,2013,127.374385774532,8.13203743562448
249,2013,126.526813364705,8.12755893258387
250,2013,125.669972763749,8.12673981423922
251,2013,124.804331725877,8.13045249546622
252,2013,123.930358005301,8.1395013856842
253,2013,123.048519356232,8.1546074039475
254,2013,122.159283532883,8.17639375396356
255,2013,121.263118289465,8.20537342938292
256,2013,120.36049138019,8.2419388988249
257,2013,119.45187055927,8.28635435594453
258,2013,118.537723580917,8.33875081637694
259,2013,117.618518199343,8.39912420995608
260,2013,116.69472216876,8.46733646682781
261,2013,115.76680324338,8.54311944587344
262,2013,114.835229177415,8.62608141890656
263,2013,113.900467725076,8.7157157174144
264,2013,112.962986640576,8.81141107870711
265,2013,112.023253678126,8.9124631984068
266,2013,111.081736591938,9.01808700431546
267,2013,110.138903136225,9.12742920684335
268,2013,109.195221065197,9.239580744847
269,2013,108.251158133068,9.35358882355598
270,2013,107.307182094049,9.46846832446297
271,2013,106.363760702352,9.58321244836177
272,2013,105.421361712188,9.69680252694017
273,2013,104.48045287777,9.80821700237844
274,2013,103.54150195331,9.91643962706756
275,2013,102.604976693019,10.0204669771223
276,2013,101.671339323664,10.1193251294648
277,2013,100.740884434953,10.2123678439379
278,2013,99.8137128105361,10.299355192992
279,2013,98.8899144382702,10.3801390910772
280,2013,97.9695793060135,10.4546361649511
281,2013,97.0527974016238,10.5228202731873
282,2013,96.1396587129586,10.5847159653161
283,2013,95.2302532278759,10.6403927588262
284,2013,94.3246709342334,10.6899601235241
285,2013,93.4230018198888,10.7335630741997
286,2013,92.5253358726998,10.771378283542
287,2013,91.6317630805243,10.8036106374403
288,2013,90.7423734312198,10.8304901640297
289,2013,89.8572569126443,10.8522692760671
290,2013,88.9765035126555,10.8692202734738
291,2013,88.100203219111,10.8816330592488
292,2013,87.2284460198687,10.8898130275295
293,2013,86.3613219027863,10.8940790874742
294,2013,85.4989208557215,10.8947617909688
295,2013,84.6413328665321,10.8922015360376
296,2013,83.7886479230758,10.8867468213582
297,2013,82.9409560132104,10.8787525305479
298,2013,82.0983471247937,10.8685782279893
299,2013,81.2609112456834,10.8565864509672
300,2013,80.4287383637372,10.8431409858696
301,2013,79.6019184668128,10.8286051192105
302,2013,78.7805415427681,10.8133398572944
303,2013,77.9646975794607,10.7977021114916
304,2013,77.1544765647485,10.782042849319
305,2013,76.3499684864891,10.7667052148161
306,2013,75.5512633325404,10.7520226250247
307,2013,74.75845109076,10.7383168526695
308,2013,73.9716217490058,10.7258961083111
309,2013,73.1908652951354,10.7150531382196
310,2013,72.4162717170066,10.7060633568709
311,2013,71.6479310024772,10.6991830352071
312,2013,70.8859331394049,10.694647567489
313,2013,70.1303681156474,10.6926698406175
314,2013,69.3813259190626,10.6934387301049
315,2013,68.6388965375081,10.697117746385
316,2013,67.9031699588417,10.7038438538223
317,2013,67.1742361709211,10.7137264826293
318,2013,66.4521851616042,10.7268467509702
319,2013,65.7371069187486,10.7432569109141
320,2013,65.029091430212,10.7629800277323
321,2013,64.3282286838523,10.7860098974723
322,2013,63.6346086675273,10.8123112029742
323,2013,62.9483213690945,10.8418199037222
324,2013,62.2694567764119,10.8744438503403
325,2013,61.598104877337,10.9100636103364
326,2013,60.9343556597277,10.9485334880248
327,2013,60.2782991114418,10.9896827185539
328,2013,59.630025220337,11.0333168137091
329,2013,58.9896239742709,11.0792190357025
330,2013,58.3571853611015,11.1271519745114
331,2013,57.7327993686864,11.1768592044374
332,2013,57.1165559848833,11.2280669963808
333,2013,56.50854519755,11.2804860637549
334,2013,55.9088569945444,11.3338133219038
335,2013,55.317581363724,11.3877336432185
336,2013,54.7348082929467,11.4419215927491
337,2013,54.1606277700702,11.4960431318857
338,2013,53.5951297829522,11.5497572805201
339,2013,53.0384043194506,11.6027177309249
340,2013,52.490541367423,11.6545744093315
341,2013,51.9516309147273,11.7049749837995
342,2013,51.421762949221,11.7535663194233
343,2013,50.9010274587621,11.7999958841934
344,2013,50.3895144312082,11.8439131109283
345,2013,49.8873138544171,11.8849707226222
346,2013,49.3945157162466,11.922826030342
347,2013,48.9112100045543,11.9571422144841
348,2013,48.4374867071981,11.9875896018006
349,2013,47.9734358120357,12.0138469521781
350,2013,47.5191473069248,12.0356027707402
351,2013,47.0747111797232,12.0525566624955
352,2013,46.6402174182886,12.0644207485349
353,2013,46.2157560104788,12.0709211647274
354,2013,45.8014169441516,12.0717996660519
355,2013,45.3972902071646,12.0668153621801
356,2013,45.0034657873756,12.0557466127536
357,2013,44.6200336726424,12.0383931140408
358,2013,44.2470838508227,12.0145782123711
359,2013,43.8847063097743,11.9841514839711
360,2013,43.5329910373549,11.9469916256262
361,2013,43.1920280214222,11.9030097059605
362,2013,42.8619072498342,11.8521528330851
363,2013,42.5427187104483,11.7944083008279
364,2013,42.2345523911224,11.7298082826098
365,2013,41.9375115715416,11.6585275809435
1,2014,40.3541657611802,12.0939908073384
2,2014,40.0132027452475,12.0503106831555
3,2014,39.6830819736595,11.9997915480112
4,2014,39.3638934342736,11.9424217969582
5,2014,39.0557271149477,11.8782342939058
6,2014,38.7586862953669,11.807403231549
7,2014,38.4729274225252,11.7305134908549
8,2014,38.1986202352439,11.6482678759116
9,2014,37.9359344723444,11.5613900323632
10,2014,37.6850398726481,11.4706213060616
11,2014,37.4461061749764,11.3767174674942
12,2014,37.2193031181504,11.2804452320675
13,2014,37.0048004409917,11.1825785119927
14,2014,36.8027678823215,11.083894342697
15,2014,36.6133751809612,10.9851684360141
16,2014,36.4367920757322,10.88717032446
17,2014,36.2731883054558,10.7906580761588
18,2014,36.1227336089533,10.6963725787598
19,2014,35.9855977250461,10.6050314130417
20,2014,35.8619503925556,10.5173223625383
21,2014,35.7519613503031,10.4338966337376
22,2014,35.65580033711,10.3553618909999
23,2014,35.5736370917976,10.2822752396336
24,2014,35.5056413531872,10.2151363174335
25,2014,35.4519828601002,10.1543806770185
26,2014,35.4128313513579,10.1003736560054
27,2014,35.3883565657818,10.053404937151
28,2014,35.3787282421931,10.0136839943448
29,2014,35.3841161194132,9.98133660186284
30,2014,35.4046899362635,9.95640255381697
31,2014,35.4406194315653,9.93883469970542
32,2014,35.4920743441399,9.928499352981
33,2014,35.5592244128088,9.9251780761636
34,2014,35.6422393763931,9.92857079231366
35,2014,35.7412889737144,9.93830012282377
36,2014,35.8565429435939,9.95391680920743
37,2014,35.9881710248531,9.97490604475798
38,2014,36.1363429563131,10.0006945223664
39,2014,36.3012284767955,10.0306579979387
40,2014,36.4829973251215,10.0641291740817
41,2014,36.6818192401126,10.1004057244311
42,2014,36.89786396059,10.1387583029254
43,2014,37.131301225375,10.1784384119569
44,2014,37.3823007732892,10.2186860361287
45,2014,37.6510323431537,10.2587369820803
46,2014,37.93766567379,10.2978298977107
47,2014,38.2423705040194,10.3352129748451
48,2014,38.5653165726632,10.3701503672189
49,2014,38.9066736185428,10.4019283803031
50,2014,39.2666113804796,10.4298615111076
51,2014,39.6452995972949,10.4532984350776
52,2014,40.04290800781,10.471628054158
53,2014,40.4596063508463,10.4842857357499
54,2014,40.8955643652252,10.4907598873503
55,2014,41.350951789768,10.4905990268035
56,2014,41.8259382140074,10.4834208802172
57,2014,42.3206689867388,10.4691382781225
58,2014,42.8352386239871,10.4481954556532
59,2014,43.3697352410285,10.4211517298913
60,2014,43.9242469531389,10.3886141001931
61,2014,44.4988618755943,10.3512288676639
62,2014,45.0936681236707,10.3096736911835
63,2014,45.7087538126442,10.2646499281584
64,2014,46.3442070577908,10.2168751327231
65,2014,47.0001159743864,10.1670756088128
66,2014,47.6765686777072,10.1159789409801
67,2014,48.373653283029,10.064306452459
68,2014,49.091457905628,10.0127655680254
69,2014,49.8300706607801,9.9620420885842
70,2014,50.5895796637614,9.91279241469121
71,2014,51.3700730298478,9.86563578655236
72,2014,52.1716388743154,9.8211466372054
73,2014,52.9943653124402,9.77984718198487
74,2014,53.8383404594983,9.74220038918758
75,2014,54.7036524307655,9.70860349220227
76,2014,55.590389341518,9.67938221051203
77,2014,56.4986393070317,9.65478584459395
78,2014,57.4284904425828,9.6349833971378
79,2014,58.380030863447,9.6200608503284
80,2014,59.3533486849007,9.61001969725607
81,2014,60.3485320222195,9.60477678681326
82,2014,61.3656689906798,9.60416549843799
83,2014,62.4048477055574,9.60793821899224
84,2014,63.4661562821282,9.61577005227644
85,2014,64.5496828356685,9.62726365530695
86,2014,65.6555154814542,9.64195506708952
87,2014,66.7837423347613,9.65932037696841
88,2014,67.9344515108658,9.67878307155464
89,2014,69.1077311250437,9.69972190165586
90,2014,70.3036692925711,9.72147912267811
91,2014,71.5223541287238,9.74336898219638
92,2014,72.7638737487781,9.76468635502341
93,2014,74.0283162680099,9.7847154572864
94,2014,75.3157698016951,9.80273860503148
95,2014,76.6263224651099,9.81804501828785
96,2014,77.9600623735302,9.82993970729964
97,2014,79.317077642232,9.83775251315332
98,2014,80.6974563864915,9.84084741006873
99,2014,82.1012867215844,9.83863221128605
100,2014,83.528656762787,9.83056885509672
101,2014,84.9796546253751,9.81618448254412
102,2014,86.4543684246248,9.79508355397474
103,2014,87.9528862758122,9.76696128792928
104,2014,89.4752962942133,9.73161874214137
105,2014,91.0216865951039,9.68897989084661
106,2014,92.5921131390207,9.6391262690732
107,2014,94.1856566935397,9.58274886888606
108,2014,95.8002706006813,9.52115889820376
109,2014,97.4338454002404,9.4557351207489
110,2014,99.0842716320118,9.38787007589001
111,2014,100.74943983579,9.31894658557301
112,2014,102.427240551371,9.25031394822521
113,2014,104.115564318548,9.18326382120986
114,2014,105.812301677118,9.11900598736259
115,2014,107.515343166873,9.05864439522009
116,2014,109.22257932761,9.00315404335553
117,2014,110.931900699123,8.95335942922258
118,2014,112.641197821207,8.9099153826859
119,2014,114.348361233657,8.87329113616268
120,2014,116.051281476268,8.84375843484533
121,2014,117.747849088834,8.8213843590766
122,2014,119.43595461115,8.80602932569737
123,2014,121.113488583012,8.79735047709546
124,2014,122.778341544214,8.79481038607137
125,2014,124.42840403455,8.79769073622967
126,2014,126.061566593816,8.80511041449273
127,2014,127.675719761807,8.81604730034599
128,2014,129.268754078317,8.8293629703328
129,2014,130.838560083141,8.84382955867206
130,2014,132.383028316074,8.85815811747783
131,2014,133.900049316911,8.87102798734428
132,2014,135.387513625447,8.88111690224861
133,2014,136.843311781477,8.88713179372184
134,2014,138.265334324794,8.88784051342145
135,2014,139.651471795195,8.88210495080515
136,2014,140.999614732474,8.86891627838259
137,2014,142.307653676425,8.84743330890374
138,2014,143.573594776734,8.81710491871068
139,2014,144.796788148049,8.77854096071671
140,2014,145.97745097919,8.73312498187123
141,2014,147.115814910212,8.68236464042009
142,2014,148.212111581171,8.627834683237
143,2014,149.266572632124,8.57113202397119
144,2014,150.279429703126,8.51383211888889
145,2014,151.250914434233,8.45744637146615
146,2014,152.181258465501,8.40338073871661
147,2014,153.070693436985,8.35289613541027
148,2014,153.919450988741,8.30707160447107
149,2014,154.727762760827,8.26677150264209
150,2014,155.495860393296,8.23261809888802
151,2014,156.223975526205,8.20497096714719
152,2014,156.91233979961,8.18391436297891
153,2014,157.561184853567,8.16925342099244
154,2014,158.170742328132,8.16051954163977
155,2014,158.741243863359,8.15698482038894
156,2014,159.272921099307,8.15768488869761
157,2014,159.766005676029,8.16144915881759
158,2014,160.220729233582,8.16693724824655
159,2014,160.637323412022,8.17268033171133
160,2014,161.016019851405,8.17712632729786
161,2014,161.357050191786,8.17868814445073
162,2014,161.660646073221,8.17579466824284
163,2014,161.927039135767,8.16694468782656
164,2014,162.156461019479,8.15076456455118
165,2014,162.349153627318,8.1260976484642
166,2014,162.505670116947,8.09284654553793
167,2014,162.626923489172,8.05210327280725
168,2014,162.713846789539,8.00520838646499
169,2014,162.767373063592,7.9536348802385
170,2014,162.788435356877,7.89892879170295
171,2014,162.777966714939,7.84265325999155
172,2014,162.736900183323,7.78633529207025
173,2014,162.666168807575,7.73141508975683
174,2014,162.566705633241,7.67919836660219
175,2014,162.439443705864,7.63081260179655
176,2014,162.285316070991,7.58716858612719
177,2014,162.105255774167,7.54892885891503
178,2014,161.900195860937,7.51648467151966
179,2014,161.671069376846,7.48994292436529
180,2014,161.418809367439,7.46912412914282
181,2014,161.144348878263,7.4535719045767
182,2014,160.848620954862,7.4425739140591
183,2014,160.532558642781,7.4351936027182
184,2014,160.197094987566,7.4303116889939
185,2014,159.843163034761,7.42667618305399
186,2014,159.471695829913,7.42295977366509
187,2014,159.083626418567,7.4178237383595
188,2014,158.679887846267,7.4099880483108
189,2014,158.261413158559,7.39830799773214
190,2014,157.829135400989,7.38185841448686
191,2014,157.383987623879,7.3600276650675
192,2014,156.926907636605,7.33304943575849
193,2014,156.458846937977,7.30276455872528
194,2014,155.980759473229,7.27138311521306
195,2014,155.493599187592,7.24111738126407
196,2014,154.998320026298,7.21405769018623
197,2014,154.49587593458,7.19205856572575
198,2014,153.987220857669,7.17663785246287
199,2014,153.473308740797,7.16889284129368
200,2014,152.955093529196,7.16943781724652
201,2014,152.433529168099,7.17836691637982
202,2014,151.909569602736,7.19524474476733
203,2014,151.384168778341,7.2191251880298
204,2014,150.858280640146,7.24859669083588
205,2014,150.332859133381,7.28185051317263
206,2014,149.80885820328,7.31676746577153
207,2014,149.287231795074,7.35101857681689
208,2014,148.768933853995,7.3821760114482
209,2014,148.254918325275,7.40783215959871
210,2014,147.746045172427,7.42584172254094
211,2014,147.242081821467,7.43569682478642
212,2014,146.74209083551,7.43817193018545
213,2014,146.24512302996,7.43441538286091
214,2014,145.750229220216,7.42583823893168
215,2014,145.256460221681,7.41402693648697
216,2014,144.762866849756,7.40066300617511
217,2014,144.268499919843,7.387447964494
218,2014,143.772410247342,7.3760324772165
219,2014,143.273648647656,7.36794981252439
220,2014,142.771265936185,7.36455444806195
221,2014,142.264312928331,7.36696736641965
222,2014,141.751840439496,7.37602998015902
223,2014,141.23289928508,7.39226869983809
224,2014,140.706540280487,7.41587187002496
225,2014,140.171814241115,7.44668018517425
226,2014,139.627771982368,7.48419086121275
227,2014,139.073464319647,7.52757492955736
228,2014,138.507942068353,7.57570620226193
229,2014,137.930256043887,7.62719986992219
230,2014,137.339457061651,7.68045842327225
231,2014,136.734595937047,7.73372265412305
232,2014,136.114723485475,7.78512585200942
233,2014,135.478890846283,7.83275018388981
234,2014,134.826471808808,7.87498567687773
235,2014,134.157768267027,7.91122742246043
236,2014,133.47324797515,7.94127392081847
237,2014,132.77337868739,7.9651500725974
238,2014,132.058628157959,7.98307553325456
239,2014,131.329464141069,7.99543701233033
240,2014,130.586354390932,8.00276383704664
241,2014,129.829766661759,8.00570610934697
242,2014,129.060168707763,8.00501482760217
243,2014,128.278028283155,8.00152340501746
244,2014,127.483813142147,7.99613008937955
245,2014,126.677991038952,7.98978087048958
246,2014,125.86102972778,7.98345255202204
247,2014,125.033396962845,7.97813576397642
248,2014,124.195560498358,7.97481780022335
249,2014,123.34798808853,7.97446528131711
250,2014,122.491147487575,7.97800676201467
251,2014,121.625506449703,7.98631551957491
252,2014,120.751532729126,8.00019286434035
253,2014,119.869694080057,8.0203523981916
254,2014,118.980458256708,8.04740569887282
255,2014,118.08429301329,8.0818499201862
256,2014,117.181666104015,8.12405776446155
257,2014,116.273045283095,8.17427020447953
258,2014,115.358898304742,8.23259221306183
259,2014,114.439692923169,8.29899161134957
260,2014,113.515896892586,8.37330098698579
261,2014,112.587977967206,8.45522247829799
262,2014,111.65640390124,8.54433508634198
263,2014,110.721642448901,8.64010407591106
264,2014,109.784161364401,8.74189196665235
265,2014,108.844428401951,8.84897059776727
266,2014,107.902911315763,8.96053377066912
267,2014,106.96007786005,9.0757100258442
268,2014,106.016395789023,9.19357518337469
269,2014,105.072332856894,9.31316436117078
270,2014,104.128356817874,9.43348327203557
271,2014,103.184935426177,9.55351868328686
272,2014,102.242536436013,9.6722479961062
273,2014,101.301627601595,9.78864796360348
274,2014,100.362676677135,9.90170261616505
275,2014,99.4261514168445,10.0104105007761
276,2014,98.4925140474896,10.1138011964467
277,2014,97.5620591587786,10.2112360853194
278,2014,96.6348875343614,10.3024864351091
279,2014,95.7110891620955,10.3874150134888
280,2014,94.7907540298388,10.4659486785102
281,2014,93.8739721254491,10.5380708591802
282,2014,92.9608334367839,10.6038149969047
283,2014,92.0514279517012,10.6632588193945
284,2014,91.1458456580587,10.7165193315888
285,2014,90.2441765437141,10.7637484208992
286,2014,89.3465105965251,10.8051289860845
287,2014,88.4529378043495,10.8408715100192
288,2014,87.5635481550451,10.8712110064366
289,2014,86.6784316364696,10.8964042793956
290,2014,85.7976782364807,10.9167274418189
291,2014,84.9213779429363,10.932473646079
292,2014,84.049620743694,10.9439509853873
293,2014,83.1824966266116,10.9514805298021
294,2014,82.3200955795468,10.9553944651256
295,2014,81.4625075903574,10.9560343069412
296,2014,80.6098226469011,10.9537491656444
297,2014,79.7621307370357,10.9488940416533
298,2014,78.919521848619,10.9418281331321
299,2014,78.0820859695087,10.9329131415985
300,2014,77.2499130875625,10.9225115637808
301,2014,76.4230931906381,10.9109849610885
302,2014,75.6017162665934,10.8986922010979
303,2014,74.785872303286,10.8859876685515
304,2014,73.9756512885738,10.8732194465191
305,2014,73.1711432103144,10.8607274715594
306,2014,72.3724380563657,10.848841669911
307,2014,71.5796258145853,10.8378800848695
308,2014,70.7927964728311,10.8281470085073
309,2014,70.0120400189607,10.819931133666
310,2014,69.2374464408319,10.8135037446047
311,2014,68.4691057263025,10.8091169667076
312,2014,67.7071078632302,10.8070020971501
313,2014,66.9515428394727,10.8073680392795
314,2014,66.2025006428879,10.8103998636301
315,2014,65.4600712613334,10.8162575178892
316,2014,64.724344682667,10.825074706746
317,2014,63.9954108947464,10.8369579604124
318,2014,63.2733598854295,10.8519859077354
319,2014,62.5582816425739,10.8702087663373
320,2014,61.8502661540373,10.8916480582342
321,2014,61.1494034076776,10.9162965550568
322,2014,60.4557833913525,10.9441184524998
323,2014,59.7694960929198,10.9750497691479
324,2014,59.0906315002372,11.0089989605429
325,2014,58.4192796011623,11.0458477354392
326,2014,57.755530383553,11.0854520577927
327,2014,57.0994738352671,11.1276433152507
328,2014,56.4511999441623,11.172229632837
329,2014,55.8107986980962,11.2189973092043
330,2014,55.1783600849267,11.2677123522455
331,2014,54.5539740925116,11.318122090994
332,2014,53.9377307087086,11.369956841535
333,2014,53.3297199213753,11.4229316060125
334,2014,52.7300317183696,11.4767477856479
335,2014,52.1387560875493,11.5310948908891
336,2014,51.555983016772,11.5856522342627
337,2014,50.9818024938955,11.6400905941232
338,2014,50.4163045067775,11.6940738401735
339,2014,49.8595790432759,11.7472605143097
340,2014,49.3117160912483,11.799305362944
341,2014,48.7728056385526,11.8498608194505
342,2014,48.2429376730463,11.8985784377171
343,2014,47.7222021825873,11.9451102799727
344,2014,47.2106891550335,11.9891102640745
345,2014,46.7084885782424,12.0302354773129
346,2014,46.2156904400719,12.0681474655327
347,2014,45.7323847283796,12.1025135080045
348,2014,45.2586614310234,12.1330078900579
349,2014,44.794610535861,12.1593131870332
350,2014,44.3403220307501,12.1811215746776
351,2014,43.8958859035485,12.1981361827448
352,2014,43.4613921421139,12.2100725103084
353,2014,43.0369307343041,12.2166599232226
354,2014,42.6225916679769,12.2176432563055
355,2014,42.2184649309898,12.2127845452467
356,2014,41.8246405112009,12.2018649160037
357,2014,41.4412083964677,12.1846866625983
358,2014,41.068258574648,12.1610755478278
359,2014,40.7058810335996,12.1308833654897
360,2014,40.3541657611802,12.0939908073384
361,2014,40.0132027452475,12.0503106831555
362,2014,39.6830819736595,11.9997915480112
363,2014,39.3638934342736,11.9424217969582
364,2014,39.0557271149477,11.8782342939058
365,2014,38.7586862953669,11.807403231549
1,2015,37.1753240830665,12.2924737140314
2,2015,36.8343610671339,12.2492708731121
3,2015,36.5042402955458,12.199294236503
4,2015,36.1850517561599,12.1425340184639
5,2015,35.876885436834,12.0790244242649
6,2015,35.5798446172532,12.0089392186557
7,2015,35.2940857444115,11.9328574779568
8,2015,35.0197785571302,11.8514744289503
9,2015,34.7570927942308,11.7655055251749
10,2015,34.5061981945345,11.6756832659196
11,2015,34.2672644968627,11.5827538888812
12,2015,34.0404614400367,11.4874738702379
13,2015,33.825958762878,11.3906061718445
14,2015,33.6239262042078,11.2929161826458
15,2015,33.4345335028475,11.1951673108079
16,2015,33.2579503976185,11.0981161949749
17,2015,33.0943466273421,11.0025075178945
18,2015,32.9438919308396,10.9090684236476
19,2015,32.8067560469324,10.8185025608842
20,2015,32.6831087144419,10.7314837984855
21,2015,32.5731196721894,10.6486496862451
22,2015,32.4769586589963,10.5705947603798
23,2015,32.3947954136839,10.4978638203709
24,2015,32.3267996750735,10.4309453279099
25,2015,32.2731411819865,10.3702650983904
26,2015,32.2339896732442,10.3161804682738
27,2015,32.2095148876681,10.2689751257357
28,2015,32.1998865640794,10.2288547858034
29,2015,32.2052744412996,10.1959438739527
30,2015,32.2258482581498,10.1702833541094
31,2015,32.2617777534516,10.1518297994739
32,2015,32.3132326660262,10.1404557598986
33,2015,32.3803827346951,10.1359514308275
34,2015,32.4633976982794,10.1380275796961
35,2015,32.5624472956007,10.1463196398857
36,2015,32.6777012654802,10.1603928431892
37,2015,32.8093293467394,10.1797482318942
38,2015,32.9575012781995,10.2038293726818
39,2015,33.1223867986818,10.2320295871285
40,2015,33.3041556470079,10.2636995172143
41,2015,33.5029775619989,10.2981548575587
42,2015,33.7190222824763,10.3346841071824
43,2015,33.9524595472614,10.3725562202185
44,2015,34.2034590951755,10.4110280649022
45,2015,34.4721906650401,10.4493516313252
46,2015,34.7588239956763,10.4867809591646
47,2015,35.0635288259057,10.5225787856612
48,2015,35.3864748945496,10.5560229407722
49,2015,35.7278319404292,10.5864125403225
50,2015,36.0877697023659,10.6130740491734
51,2015,36.4664579191812,10.6353673052241
52,2015,36.8640663296963,10.6526916119743
53,2015,37.2807646727327,10.6644920230041
54,2015,37.7167226871115,10.6702659567089
55,2015,38.1721101116543,10.6695702945326
56,2015,38.6470965358937,10.6620304552489
57,2015,39.1418273086251,10.6475610746011
58,2015,39.6563969458734,10.6265966714687
59,2015,40.1908935629148,10.5996850612343
60,2015,40.7454052750252,10.5674213457219
61,2015,41.3200201974806,10.5304395186302
62,2015,41.9148264455571,10.4894045039382
63,2015,42.5299121345305,10.4450044822622
64,2015,43.1653653796771,10.3979433840269
65,2015,43.8212742962727,10.3489334524322
66,2015,44.4977269995935,10.2986878040218
67,2015,45.1948116049153,10.2479129405632
68,2015,45.9126162275143,10.1973011930591
69,2015,46.6512289826664,10.1475231069155
70,2015,47.4107379856477,10.099219806108
71,2015,48.1912313517341,10.0529954028041
72,2015,48.9927971962017,10.0094095461247
73,2015,49.8155236343266,9.9689702280861
74,2015,50.6594987813846,9.93212698458645
75,2015,51.5248107526518,9.89926464287439
76,2015,52.4115476634043,9.87069777274312
77,2015,53.3197976289181,9.84666599557477
78,2015,54.2496487644691,9.82733029278515
79,2015,55.2011891853334,9.81277043340274
80,2015,56.174507006787,9.80298361051752
81,2015,57.1696903441058,9.79788434001992
82,2015,58.1868273125661,9.79730563495048
83,2015,59.2260060274437,9.80100142784453
84,2015,60.2873146040146,9.80865017474443
85,2015,61.3708411575549,9.81985954090354
86,2015,62.4766738033406,9.83417204194934
87,2015,63.6049006566476,9.85107149700817
88,2015,64.7556098327522,9.86999014278967
89,2015,65.9288894469301,9.89031625982884
90,2015,67.1248276144574,9.91140217322213
91,2015,68.3435124506102,9.93257250897767
92,2015,69.5850320706645,9.95313261193127
93,2015,70.8494745898963,9.97237706038208
94,2015,72.1369281235815,9.98959824460535
95,2015,73.4474807869963,10.0040950098963
96,2015,74.7812206954166,10.0151813988201
97,2015,76.1382359641184,10.0221955613
98,2015,77.5186147083778,10.0245089348369
99,2015,78.9224450434708,10.0215358305851
100,2015,80.3498150846733,10.0127435944898
101,2015,81.8008129472615,9.9976635465616
102,2015,83.2755267465112,9.97590293589465
103,2015,84.7740445976986,9.94715818416005
104,2015,86.2964546160996,9.91122972535326
105,2015,87.8428449169903,9.86803878281093
106,2015,89.4132714609071,9.81766143757419
107,2015,91.0068150154261,9.76077440033258
108,2015,92.6214289225677,9.6986657537013
109,2015,94.2550037221268,9.63268972736332
110,2015,95.9054299538982,9.56421365020692
111,2015,97.5705981576768,9.49459485624008
112,2015,99.2483988732574,9.42515736264034
113,2015,100.936722640435,9.35716832182989
114,2015,102.633459999004,9.29181443226725
115,2015,104.336501488759,9.23017867458376
116,2015,106.043737649496,9.17321790850887
117,2015,107.75305902101,9.12174200580891
118,2015,109.462356143094,9.07639528769038
119,2015,111.169519555544,9.03764106572132
120,2015,112.872439798154,9.00575004228871
121,2015,114.56900741072,8.98079320733411
122,2015,116.257112933037,8.96263968057018
123,2015,117.934646904898,8.95095971128328
124,2015,119.5994998661,8.94523278839273
125,2015,121.249562356437,8.94476056315223
126,2015,122.882724915703,8.94868407616337
127,2015,124.496878083693,8.95600463352482
128,2015,126.089912400203,8.96560760858491
129,2015,127.659718405028,8.97628845958012
130,2015,129.204186637961,8.98678034322619
131,2015,130.721207638798,8.99578285684612
132,2015,132.208671947334,9.00199164026207
133,2015,133.664470103363,9.00412879699901
134,2015,135.08649264668,9.00097433871411
135,2015,136.472630117081,8.99139910773123
136,2015,137.82077305436,8.97439988486163
137,2015,139.128811998312,8.94913764089331
138,2015,140.394753098621,8.91505922940977
139,2015,141.617946469935,8.87276220773448
140,2015,142.798609301076,8.82361265625645
141,2015,143.936973232098,8.7691015649157
142,2015,145.033269903058,8.71078850985264
143,2015,146.08773095401,8.65025729905778
144,2015,147.100588025012,8.58907287394095
145,2015,148.072072756119,8.52873918722569
146,2015,149.002416787387,8.47065820621156
147,2015,149.891851758871,8.41609060454529
148,2015,150.740609310628,8.36611907437594
149,2015,151.548921082713,8.32161547510058
150,2015,152.317018715182,8.28321319419919
151,2015,153.045133848091,8.25128609724044
152,2015,153.733498121497,8.22593527366558
153,2015,154.382343175453,8.20698445439428
154,2015,154.991900650018,8.19398452741515
155,2015,155.562402185246,8.18622707305539
156,2015,156.094079421193,8.18276635866406
157,2015,156.587163997915,8.18244884721
158,2015,157.041887555468,8.18394904278016
159,2015,157.458481733908,8.18581044870975
160,2015,157.837178173291,8.18649055332442
161,2015,158.178208513672,8.18440906310154
162,2015,158.481804395107,8.17799903889734
163,2015,158.748197457653,8.16576111995913
164,2015,158.977619341365,8.1463216098374
165,2015,159.170311949204,8.11852224657352
166,2015,159.326828438834,8.08225835340156
167,2015,159.448081811059,8.03861017916976
168,2015,159.535005111425,7.98890861623382
169,2015,159.588531385478,7.93461947099298
170,2015,159.609593678763,7.87728399387172
171,2015,159.599125036825,7.81846277333011
172,2015,159.558058505209,7.75968225004598
173,2015,159.487327129462,7.70238370111901
174,2015,159.387863955127,7.64787512487097
175,2015,159.26060202775,7.59728698285886
176,2015,159.106474392877,7.55153317429672
177,2015,158.926414096053,7.51127887323259
178,2015,158.721354182823,7.47691690463544
179,2015,158.492227698732,7.44855415139718
180,2015,158.239967689326,7.42600908703877
181,2015,157.965507200149,7.40882097701076
182,2015,157.669779276748,7.39627067745294
183,2015,157.353716964667,7.38741239313754
184,2015,157.018253309452,7.38111533849579
185,2015,156.664321356648,7.37611405192065
186,2015,156.2928541518,7.37106617848353
187,2015,155.904784740453,7.3646168526162
188,2015,155.501046168153,7.35546933924702
189,2015,155.082571480446,7.34246226670629
190,2015,154.650293722875,7.32465453267939
191,2015,154.205145945766,7.3014201491714
192,2015,153.748065958491,7.27298491093514
193,2015,153.280005259863,7.2411961739841
194,2015,152.801917795115,7.20827542672371
195,2015,152.314757509478,7.17644841215014
196,2015,151.819478348185,7.14781997576361
197,2015,151.317034256466,7.12425900402346
198,2015,150.808379179555,7.10729622718161
199,2015,150.294467062683,7.09803898283545
200,2015,149.776251851082,7.09710750204988
201,2015,149.254687489985,7.10459674818897
202,2015,148.730727924623,7.12006638032746
203,2015,148.205327100228,7.14255933494176
204,2015,147.679438962032,7.17064730207646
205,2015,147.154017455267,7.20249953570812
206,2015,146.630016525166,7.23597039189152
207,2015,146.10839011696,7.26870092822919
208,2015,145.590092175881,7.29823079018048
209,2015,145.076076647162,7.32211825243797
210,2015,144.567203494313,7.33818578408388
211,2015,144.063240143353,7.34592368363019
212,2015,143.563249157397,7.34612752419932
213,2015,143.066281351846,7.33997165027804
214,2015,142.571387542103,7.3288974310373
215,2015,142.077618543568,7.31452563317106
216,2015,141.584025171643,7.29857569873544
217,2015,141.089658241729,7.28278998449904
218,2015,140.593568569228,7.26886199622411
219,2015,140.094806969542,7.2583686247561
220,2015,139.592424258071,7.25270728492392
221,2015,139.085471250217,7.25303958075219
222,2015,138.572998761382,7.26024357299504
223,2015,138.054057606967,7.27487682635015
224,2015,137.527698602373,7.29715212835443
225,2015,136.992972563002,7.32692713225416
226,2015,136.448930304255,7.363708287402
227,2015,135.894622641533,7.40666844350531
228,2015,135.329100390239,7.45467662839674
229,2015,134.751414365773,7.50633785721189
230,2015,134.160615383538,7.56004052912592
231,2015,133.555754258933,7.61400902805486
232,2015,132.935881807361,7.66635952295994
233,2015,132.30004916817,7.71515786658045
234,2015,131.647630130695,7.7587785907755
235,2015,130.978926588913,7.7966014540156
236,2015,130.294406297036,7.82841409345556
237,2015,129.594537009277,7.85423497037823
238,2015,128.879786479846,7.87428089010525
239,2015,128.150622462956,7.88893855780835
240,2015,127.407512712818,7.89873947318266
241,2015,126.650924983645,7.90433747477466
242,2015,125.881327029649,7.90648828798016
243,2015,125.099186605041,7.90603049456524
244,2015,124.304971464033,7.90386741848368
245,2015,123.499149360838,7.90094950970604
246,2015,122.682188049667,7.89825690403739
247,2015,121.854555284731,7.89678194250573
248,2015,121.016718820244,7.89751154829553
249,2015,120.169146410417,7.90140948022162
250,2015,119.312305809461,7.90939860493505
251,2015,118.446664771589,7.92234344842032
252,2015,117.572691051013,7.94103339162339
253,2015,116.690852401944,7.96616695467466
254,2015,115.801616578594,7.99833765880346
255,2015,114.905451335176,8.03802195650926
256,2015,114.002824425901,8.0855696748041
257,2015,113.094203604981,8.14119732489929
258,2015,112.180056626629,8.20498450222964
259,2015,111.260851245055,8.27687344629423
260,2015,110.337055214472,8.356671667152
261,2015,109.409136289092,8.44405739220399
262,2015,108.477562223126,8.53858745888609
263,2015,107.542800770788,8.63970718757547
264,2015,106.605319686287,8.74676172018728
265,2015,105.665586723837,8.85900830352252
266,2015,104.72406963765,8.9756290273201
267,2015,103.781236181936,9.09574358663886
268,2015,102.837554110909,9.21842171655486
269,2015,101.89349117878,9.34269503425214
270,2015,100.949515139761,9.46756811086172
271,2015,100.006093748063,9.592028676446
272,2015,99.0636947578997,9.71505693225445
273,2015,98.1227859234819,9.8356340028783
274,2015,97.1838349990216,9.95274960704947
275,2015,96.2473097387308,10.0654090606675
276,2015,95.313672369376,10.1726496182086
277,2015,94.383217480665,10.2738420528827
278,2015,93.4560458562477,10.3687679764814
279,2015,92.5322474839819,10.4572997181799
280,2015,91.6119123517252,10.5393728458577
281,2015,90.6951304473354,10.6149786756482
282,2015,89.7819917586703,10.6841577471665
283,2015,88.8725862735876,10.7469941327812
284,2015,87.9670039799451,10.8036104633119
285,2015,87.0653348656004,10.854163566066
286,2015,86.1676689184115,10.8988406236962
287,2015,85.2740961262359,10.9378557737329
288,2015,84.3847064769315,10.9714470787549
289,2015,83.499589958356,10.9998738060555
290,2015,82.6188365583671,11.0234139634165
291,2015,81.7425362648227,11.0423620443559
292,2015,80.8707790655803,11.0570269420827
293,2015,80.0036549484979,11.0677299965289
294,2015,79.1412539014331,11.0748031433399
295,2015,78.2836659122438,11.0785871377311
296,2015,77.4309809687875,11.0794298297589
297,2015,76.5832890589221,11.07768447091
298,2015,75.7406801705054,11.0737080350744
299,2015,74.903244291395,11.0678595400028
300,2015,74.0710714094488,11.0604983583269
301,2015,73.2442515125245,11.0519825101754
302,2015,72.4228745884797,11.0426669324
303,2015,71.6070306251724,11.0329017224261
304,2015,70.7968096104602,11.0230303577815
305,2015,69.9923015322008,11.0133878953961
306,2015,69.1935963782521,11.0042991577836
307,2015,68.4007841364717,10.9960769161443
308,2015,67.6139547947174,10.9890200832073
309,2015,66.833198340847,10.983411931169
310,2015,66.0586047627183,10.979518352302
311,2015,65.2902640481889,10.9775861815965
312,2015,64.5282661851165,10.9778416020772
313,2015,63.7727011613591,10.9804886541215
314,2015,63.0236589647743,10.9857078701254
315,2015,62.2812295832197,10.9936550551838
316,2015,61.5455030045534,11.0044602330547
317,2015,60.8165692166328,11.0182267745813
318,2015,60.0945182073159,11.035030723008
319,2015,59.3794399644602,11.0549203273353
320,2015,58.6714244759237,11.0779157911246
321,2015,57.970561729564,11.104009240142
322,2015,57.2769417132389,11.1331649080657
323,2015,56.5906544148061,11.165319535357
324,2015,55.9117898221235,11.2003829724541
325,2015,55.2404379230486,11.2382389748648
326,2015,54.5766887054394,11.2787461746158
327,2015,53.9206321571534,11.3217392099836
328,2015,53.2723582660486,11.3670299935432
329,2015,52.6319570199825,11.4144090973592
330,2015,51.9995184068131,11.4636472336281
331,2015,51.375132414398,11.5144968092016
332,2015,50.7588890305949,11.5666935331582
333,2015,50.1508782432616,11.6199580578385
334,2015,49.551190040256,11.6739976354485
335,2015,48.9599144094356,11.7285077743663
336,2015,48.3771413386583,11.7831738815576
337,2015,47.8029608157818,11.8376728799341
338,2015,47.2374628286639,11.891674791985
339,2015,46.6807373651622,11.944844283513
340,2015,46.1328744131346,11.9968421637459
341,2015,45.5939639604389,12.047326840443
342,2015,45.0640959949327,12.095955730835
343,2015,44.5433605044737,12.1423866313139
344,2015,44.0318474769199,12.1862790507302
345,2015,43.5296469001288,12.2272955139581
346,2015,43.0368487619582,12.2651028440817
347,2015,42.5535430502659,12.2993734331553
348,2015,42.0798197529097,12.3297865130376
349,2015,41.6157688577473,12.3560294393215
350,2015,41.1614803526364,12.3777990029304
351,2015,40.7170442254348,12.3948027855575
352,2015,40.2825504640002,12.4067605768507
353,2015,39.8580890561904,12.4134058731235
354,2015,39.4437499898632,12.4144874794663
355,2015,39.0396232528762,12.4097712394853
356,2015,38.6457988330872,12.3990419195622
357,2015,38.262366718354,12.382105277561
358,2015,37.8894168965343,12.3587903493467
359,2015,37.5270393554859,12.3289519903807
360,2015,37.1753240830665,12.2924737140314
361,2015,36.8343610671339,12.2492708731121
362,2015,36.5042402955458,12.199294236503
363,2015,36.1850517561599,12.1425340184639
364,2015,35.876885436834,12.0790244242649
365,2015,35.5798446172532,12.0089392186557
1,2016,33.996420476555,12.539973736758
2,2016,33.6554574606223,12.4974009136388
3,2016,33.3253366890343,12.4481450185881
4,2016,33.0061481496484,12.3921986349192
5,2016,32.6979818303225,12.3295977909977
6,2016,32.4009410107417,12.2605158915644
7,2016,32.1151821379,12.1855248732316
8,2016,31.8408749506187,12.1053106238546
9,2016,31.5781891877193,12.0205785324649
10,2016,31.327294588023,11.9320502577336
11,2016,31.0883608903512,11.8404603794727
12,2016,30.8615578335252,11.746552871215
13,2016,30.6470551563665,11.6510773381873
14,2016,30.4450225976963,11.5547849726197
15,2016,30.255629896336,11.4584241878022
16,2016,30.079046791107,11.3627359040412
17,2016,29.9154430208306,11.2684484740063
18,2016,29.7649883243281,11.176272252063
19,2016,29.6278524404209,11.0868938320024
20,2016,29.5042051079304,11.0009699997709
21,2016,29.3942160656779,10.9191214716844
22,2016,29.2980550524848,10.8419265131528
23,2016,29.2158918071724,10.7699145567264
24,2016,29.147896068562,10.7035599596201
25,2016,29.094237575475,10.6432760578763
26,2016,29.0550860667327,10.5894096851115
27,2016,29.0306112811566,10.54223632666
28,2016,29.0209829575679,10.5019560736382
29,2016,29.026370834788,10.4686905254363
30,2016,29.0469446516383,10.442480763652
31,2016,29.0828741469401,10.423286486693
32,2016,29.1343290595147,10.410986354218
33,2016,29.2014791281836,10.4053795469875
34,2016,29.2844940917679,10.4061885037049
35,2016,29.3835436890892,10.4130627552499
36,2016,29.4987976589687,10.4255837412663
37,2016,29.6304257402279,10.443270466692
38,2016,29.778597671688,10.4655858380014
39,2016,29.9434831921703,10.4919435112585
40,2016,30.1252520404964,10.5217150862394
41,2016,30.3240739554874,10.5542374918108
42,2016,30.5401186759648,10.5888204258495
43,2016,30.7735559407499,10.6247537363558
44,2016,31.024555488664,10.6613146570957
45,2016,31.2932870585285,10.6977748393001
46,2016,31.5799203891648,10.733407149126
47,2016,31.8846252193942,10.7674922276021
48,2016,32.207571288038,10.7993248348889
49,2016,32.5489283339177,10.8282200235066
50,2016,32.9088660958544,10.853519205685
51,2016,33.2875543126697,10.8745961983734
52,2016,33.6851627231848,10.8908633461152
53,2016,34.1018610662212,10.9017778374313
54,2016,34.5378190806,10.9068483450974
55,2016,34.9932065051428,10.9056421352115
56,2016,35.4681929293822,10.8977940905626
57,2016,35.9629237021136,10.8832212281972
58,2016,36.4774933393619,10.8623467206688
59,2016,37.0119899564033,10.8357047757481
60,2016,37.5665016685137,10.8038762827054
61,2016,38.1411165909691,10.7674804218936
62,2016,38.7359228390455,10.7271667024416
63,2016,39.351008528019,10.6836072914319
64,2016,39.9864617731656,10.6374895209639
65,2016,40.6423706897612,10.5895084828268
66,2016,41.318823393082,10.5403596444833
67,2016,42.0159079984038,10.49073144497
68,2016,42.7337126210028,10.4412978552074
69,2016,43.4723253761549,10.3927109138964
70,2016,44.2318343791362,10.345593277179
71,2016,45.0123277452226,10.3005308467446
72,2016,45.8138935896902,10.2580655659823
73,2016,46.636620027815,10.2186884957453
74,2016,47.4805951748731,10.1828332988305
75,2016,48.3459071461403,10.1508702738786
76,2016,49.2326440568928,10.1231010837688
77,2016,50.1408940224065,10.099754319777
78,2016,51.0707451579576,10.0809820303906
79,2016,52.0222855788218,10.0668573230308
80,2016,52.9956034002755,10.0573731190349
81,2016,53.9907867375943,10.0524421088258
82,2016,55.0079237060546,10.0518979175342
83,2016,56.0471024209322,10.0554974540758
84,2016,57.1084109975031,10.0629243815368
85,2016,58.1919375510434,10.0737936162075
86,2016,59.297770196829,10.087656738778
87,2016,60.4259970501361,10.104008185503
88,2016,61.5767062262406,10.1222920802494
89,2016,62.7499858404185,10.1419095702322
90,2016,63.9459240079459,10.1622265382854
91,2016,65.1646088440987,10.1825815815699
92,2016,66.4061284641529,10.2022941693199
93,2016,67.6705709833847,10.2206729190721
94,2016,68.95802451707,10.2370239604307
95,2016,70.2685771804847,10.2506593866117
96,2016,71.602317088905,10.2609058258923
97,2016,72.9593323576069,10.2671131971165
98,2016,74.3397111018663,10.2686637453229
99,2016,75.7435414369592,10.26498148539
100,2016,77.1709114781618,10.2555422135437
101,2016,78.6219093407499,10.2398842788993
102,2016,80.0966231399997,10.2176203401101
103,2016,81.5951409911871,10.1884503655398
104,2016,83.1175510095881,10.1521761684863
105,2016,84.6639413104788,10.1087178001882
106,2016,86.2343678543956,10.0581468481815
107,2016,87.8279114089145,10.0011235291019
108,2016,89.4425253160561,9.93890712112202
109,2016,91.0761001156152,9.87282104942497
110,2016,92.7265263473867,9.80420077468631
111,2016,94.3916945511652,9.73437115418221
112,2016,96.0694952667458,9.66462368347251
113,2016,97.7578190339233,9.59619362445199
114,2016,99.4545563924924,9.53023719521764
115,2016,101.157597882248,9.46780916453781
116,2016,102.864834042985,9.40984134770562
117,2016,104.574155414498,9.35712262712851
118,2016,106.283452536582,9.31028120481658
119,2016,107.990615949032,9.26976982105696
120,2016,109.693536191643,9.23585463455627
121,2016,111.390103804209,9.20860835209195
122,2016,113.078209326525,9.18790802729818
123,2016,114.755743298387,9.17343773499653
124,2016,116.420596259588,9.16469609330029
125,2016,118.070658749925,9.16100837829867
126,2016,119.703821309191,9.16154278254626
127,2016,121.317974477182,9.16533023092551
128,2016,122.911008793692,9.17128709962572
129,2016,124.480814798516,9.17824019045188
130,2016,126.025283031449,9.18495338915848
131,2016,127.542304032286,9.19015557225064
132,2016,129.029768340822,9.19256950758112
133,2016,130.485566496851,9.19094170566711
134,2016,131.907589040169,9.18407340862812
135,2016,133.29372651057,9.17085314312085
136,2016,134.641869447849,9.15029150730058
137,2016,135.9499083918,9.12155910679544
138,2016,137.215849492109,9.08410665690814
139,2016,138.439042863424,9.03851704483604
140,2016,139.619705694565,8.98613065618749
141,2016,140.758069625587,8.92841228537102
142,2016,141.854366296546,8.86689573778955
143,2016,142.908827347499,8.80314022210608
144,2016,143.921684418501,8.73868800509628
145,2016,144.893169149608,8.67502305316735
146,2016,145.823513180875,8.61353079192494
147,2016,146.71294815236,8.5554595102929
148,2016,147.561705704116,8.50188428988886
149,2016,148.370017476201,8.45367461711776
150,2016,149.138115108671,8.41146699639823
151,2016,149.86623024158,8.37564389656188
152,2016,150.554594514985,8.34632021369545
153,2016,151.203439568942,8.32333813159021
154,2016,151.812997043506,8.30627084153918
155,2016,152.383498578734,8.29443510562365
156,2016,152.915175814681,8.2869121839279
157,2016,153.408260391404,8.28257626737998
158,2016,153.862983948957,8.2801293205835
159,2016,154.279578127397,8.2781411756222
160,2016,154.658274566779,8.27509383437867
161,2016,154.999304907161,8.26942921681593
162,2016,155.302900788596,8.25960000515375
163,2016,155.569293851142,8.24412374364529
164,2016,155.798715734853,8.22164092875758
165,2016,155.991408342693,8.19100443393827
166,2016,156.147924832322,8.15210546733184
167,2016,156.269178204547,8.10600442779015
168,2016,156.356101504914,8.05401188478179
169,2016,156.409627778967,7.99757407222573
170,2016,156.430690072251,7.9382136868832
171,2016,156.420221430314,7.87747399489985
172,2016,156.379154898698,7.81686553060354
173,2016,156.30842352295,7.75781525013486
174,2016,156.208960348615,7.7016185707484
175,2016,156.081698421239,7.64939524301868
176,2016,155.927570786366,7.60205041540978
177,2016,155.747510489542,7.56024250338084
178,2016,155.542450576311,7.52435952286984
179,2016,155.313324092221,7.49450536977516
180,2016,155.061064082814,7.47049713877029
181,2016,154.786603593638,7.45187403301138
182,2016,154.490875670237,7.43791781139614
183,2016,154.174813358156,7.42768415902616
184,2016,153.83934970294,7.42004395059385
185,2016,153.485417750136,7.41373318016453
186,2016,153.113950545288,7.40741038960574
187,2016,152.725881133942,7.39972073605301
188,2016,152.322142561642,7.38936635708143
189,2016,151.903667873934,7.37518335961522
190,2016,151.471390116364,7.35622650153988
191,2016,151.026242339254,7.33186381649295
192,2016,150.569162351979,7.30231164091755
193,2016,150.101101653352,7.26940252671842
194,2016,149.623014188604,7.23534280476291
195,2016,149.135853902967,7.20234414872079
196,2016,148.640574741673,7.17249895983094
197,2016,148.138130649955,7.147665768348
198,2016,147.629475573043,7.12936738180463
199,2016,147.115563456172,7.11870582385498
200,2016,146.597348244571,7.1162985805249
201,2016,146.075783883473,7.12224016218173
202,2016,145.551824318111,7.13609156470681
203,2016,145.026423493716,7.15689816977154
204,2016,144.50053535552,7.18323443251837
205,2016,143.975113848756,7.21327187883356
206,2016,143.451112918655,7.24486588170662
207,2016,142.929486510449,7.27565660689543
208,2016,142.41118856937,7.30318038593788
209,2016,141.89717304065,7.32498939655503
210,2016,141.388299887802,7.33889815612008
211,2016,140.884336536841,7.34439972785125
212,2016,140.384345550885,7.34230057488654
213,2016,139.887377745335,7.33378695431413
214,2016,139.392483935591,7.32031370051257
215,2016,138.898714937056,7.30351710157418
216,2016,138.405121565131,7.28513450121006
217,2016,137.910754635218,7.2669286610715
218,2016,137.414664962717,7.25061589545455
219,2016,136.91590336303,7.23779797263943
220,2016,136.41352065156,7.22989868928786
221,2016,135.906567643706,7.22810677239599
222,2016,135.394095154871,7.23332724469699
223,2016,134.875154000455,7.24614351668701
224,2016,134.348794995861,7.26679219917838
225,2016,133.81406895649,7.29515199145432
226,2016,133.270026697743,7.33074709520152
227,2016,132.715719035022,7.3727645966755
228,2016,132.150196783728,7.42008433464771
229,2016,131.572510759262,7.47131909226202
230,2016,130.981711777026,7.52486261969603
231,2016,130.376850652422,7.57894303798189
232,2016,129.75697820085,7.63167955028028
233,2016,129.121145561658,7.68114129313666
234,2016,128.468726524183,7.72570265260542
235,2016,127.800022982402,7.76473215816683
236,2016,127.115502690525,7.79800653010734
237,2016,126.415633402765,7.82553565593399
238,2016,125.700882873334,7.84752966744034
239,2016,124.971718856444,7.8643700446712
240,2016,124.228609106307,7.87658405794462
241,2016,123.472021377134,7.88482186265473
242,2016,122.702423423137,7.88983560337205
243,2016,121.920282998529,7.89245994820475
244,2016,121.126067857522,7.89359355334831
245,2016,120.320245754326,7.89418104765688
246,2016,119.503284443155,7.89519522672279
247,2016,118.67565167822,7.89761925484144
248,2016,117.837815213733,7.9024287902195
249,2016,116.990242803905,7.91057407106539
250,2016,116.133402202949,7.92296212273025
251,2016,115.267761165078,7.94043936137727
252,2016,114.393787444501,7.96377496829601
253,2016,113.511948795432,7.9936454805795
254,2016,112.622712972083,8.03062107876844
255,2016,111.726547728665,8.07515404317088
256,2016,110.82392081939,8.12756979523303
257,2016,109.91529999847,8.18806084155583
258,2016,109.001153020117,8.256683804798
259,2016,108.081947638543,8.33335957158639
260,2016,107.15815160796,8.41787642939772
261,2016,106.23023268258,8.50989591916002
262,2016,105.298658616615,8.60896101258543
263,2016,104.363897164276,8.71450614296906
264,2016,103.426416079776,8.82586857970961
265,2016,102.486683117326,8.94230063886967
266,2016,101.545166031138,9.06298225888549
267,2016,100.602332575425,9.18703353331674
268,2016,99.6586505043975,9.31352687142071
269,2016,98.7145875722683,9.44149854289433
270,2016,97.7706115332491,9.56995944744872
271,2016,96.8271901415518,9.69790502719384
272,2016,95.8847911513882,9.82432430659015
273,2016,94.9438823169703,9.9482080994702
274,2016,94.0049313925101,10.0685564654488
275,2016,93.0684061322193,10.1843855301539
276,2016,92.1347687628644,10.2947436528913
277,2016,91.2043138741535,10.3990120920525
278,2016,90.2771422497362,10.496981390336
279,2016,89.3533438774703,10.5885316607962
280,2016,88.4330087452136,10.6736052391874
281,2016,87.5162268408239,10.7521992826684
282,2016,86.6030881521588,10.8243593233821
283,2016,85.6936826670761,10.8901736454996
284,2016,84.7881003734335,10.9497683687037
285,2016,83.8864312590889,11.0033031348361
286,2016,82.9887653119,11.05096730711
287,2016,82.0951925197244,11.0929766027094
288,2016,81.20580287042,11.129570089719
289,2016,80.3206863518444,11.1610074882076
290,2016,79.4399329518556,11.1875667230328
291,2016,78.5636326583111,11.209541682661
292,2016,77.6918754590688,11.2272401441568
293,2016,76.8247513419864,11.2409818296107
294,2016,75.9623502949216,11.2510965637819
295,2016,75.1047623057322,11.2579225067477
296,2016,74.2520773622759,11.2618044389821
297,2016,73.4043854524105,11.2630920796293
298,2016,72.5617765639938,11.2621384218769
299,2016,71.7243406848835,11.2592980723349
300,2016,70.8921678029373,11.2549255842507
301,2016,70.0653479060129,11.2493737772823
302,2016,69.2439709819682,11.2429920394262
303,2016,68.4281270186608,11.2361246095868
304,2016,67.6179060039486,11.2291088421542
305,2016,66.8133979256893,11.2222734578247
306,2016,66.0146927717405,11.2159367877066
307,2016,65.2218805299601,11.2104050204578
308,2016,64.4350511882059,11.2059704647339
309,2016,63.6542947343355,11.2029098415143
310,2016,62.8797011562067,11.2014826228389
311,2016,62.1113604416773,11.2019294350408
312,2016,61.349362578605,11.2044705456362
313,2016,60.5937975548475,11.2093044535435
314,2016,59.8447553582627,11.2166066022171
315,2016,59.1023259767082,11.2265282345463
316,2016,58.3665993980418,11.2391954069988
317,2016,57.6376656101213,11.2547081784877
318,2016,56.9156146008043,11.2731399868763
319,2016,56.2005363579487,11.2945372229817
320,2016,55.4925208694121,11.3189190085089
321,2016,54.7916581230524,11.3462771806642
322,2016,54.0980381067274,11.3765764824117
323,2016,53.4117508082946,11.4097549535856
324,2016,52.732886215612,11.4457245145092
325,2016,52.0615343165371,11.4843717305251
326,2016,51.3977850989278,11.5255587430238
327,2016,50.7417285506419,11.5691243502639
328,2016,50.0934546595371,11.6148852195633
329,2016,49.453053413471,11.6626372113362
330,2016,48.8206148003015,11.7121567949663
331,2016,48.1962288078864,11.7632025366073
332,2016,47.5799854240834,11.8155166396409
333,2016,46.9719746367501,11.8688265196482
334,2016,46.3722864337444,11.922846397263
335,2016,45.7810108029241,11.9772788941129
336,2016,45.1982377321468,12.0318166191166
337,2016,44.6240572092703,12.086143734624
338,2016,44.0585592221523,12.1399374941768
339,2016,43.5018337586507,12.1928697459728
340,2016,42.9539708066231,12.244608398388
341,2016,42.4150603539274,12.2948188460995
342,2016,41.8851923884211,12.3431653574437
343,2016,41.3644568979622,12.3893124256128
344,2016,40.8529438704083,12.4329260881441
345,2016,40.3507432936172,12.473675220896
346,2016,39.8579451554467,12.5112328143377
347,2016,39.3746394437544,12.5452772415461
348,2016,38.9009161463982,12.575493528815
349,2016,38.4368652512358,12.6015746412794
350,2016,37.9825767461249,12.6232227974789
351,2016,37.5381406189233,12.6401508283648
352,2016,37.1036468574887,12.6520835979391
353,2016,36.6791854496789,12.6587595045492
354,2016,36.2648463833517,12.6599320838852
355,2016,35.8607196463647,12.6553717369941
356,2016,35.4668952265757,12.6448676091783
357,2016,35.0834631118425,12.6282296485274
358,2016,34.7105132900228,12.6052908760892
359,2016,34.3481357489744,12.5759099033466
360,2016,33.996420476555,12.539973736758
361,2016,33.6554574606223,12.4974009136388
362,2016,33.3253366890343,12.4481450185881
363,2016,33.0061481496484,12.3921986349192
364,2016,32.6979818303225,12.3295977909977
365,2016,32.4009410107417,12.2605158915644
1,2017,30.8173988100716,12.833654723624
2,2017,30.476435794139,12.7918392353871
3,2017,30.1463150225509,12.7434526620394
4,2017,29.827126483165,12.6884903254737
5,2017,29.5189601638392,12.6269903780186
6,2017,29.2219193442583,12.5591258130171
7,2017,28.9361604714166,12.4854602173548
8,2017,28.6618532841353,12.4066685826099
9,2017,28.3991675212359,12.3234445928372
10,2017,28.1482729215396,12.2364973380144
11,2017,27.9093392238678,12.1465479213181
12,2017,27.6825361670419,12.0543259029682
13,2017,27.4680334898831,11.9605655299513
14,2017,27.266000931213,11.8660017087646
15,2017,27.0766082298527,11.7713656878106
16,2017,26.9000251246236,11.6773804275732
17,2017,26.7364213543472,11.5847556504663
18,2017,26.5859666578447,11.4941825783538
19,2017,26.4488307739376,11.4063283840948
20,2017,26.3251834414471,11.3218304037088
21,2017,26.2151943991946,11.2412901772251
22,2017,26.1190333860014,11.1652674080363
23,2017,26.036870140689,11.0942739513573
24,2017,25.9688744020786,11.0287679607288
25,2017,25.9152159089916,10.9691483357912
26,2017,25.8760644002494,10.9157496231965
27,2017,25.8515896146733,10.8688375241507
28,2017,25.8419612910846,10.8286051556877
29,2017,25.8473491683047,10.7951701979577
30,2017,25.867922985155,10.7685730368562
31,2017,25.9038524804567,10.7487759812664
32,2017,25.9553073930313,10.7356635987962
33,2017,26.0224574617002,10.7290441754794
34,2017,26.1054724252846,10.7286522661578
35,2017,26.2045220226059,10.7341522658777
36,2017,26.3197759924854,10.7451429011248
37,2017,26.4514040737445,10.7611625150827
38,2017,26.5995760052046,10.7816950046699
39,2017,26.764461525687,10.8061762594485
40,2017,26.946230374013,10.8340009534401
41,2017,27.145052289004,10.864529549603
42,2017,27.3610970094814,10.8970953919296
43,2017,27.5945342742665,10.9310117802392
44,2017,27.8455338221806,10.965578946121
45,2017,28.1142653920452,11.0000908735478
46,2017,28.4008987226814,11.033841933108
47,2017,28.7056035529108,11.0661333235197
48,2017,29.0285496215547,11.0962793373982
49,2017,29.3699066674343,11.1236134897334
50,2017,29.7298444293711,11.147494567092
51,2017,30.1085326461864,11.1673126733046
52,2017,30.5061410567015,11.1824953636174
53,2017,30.9228393997378,11.1925139743553
54,2017,31.3587974141167,11.1968902694799
55,2017,31.8141848386594,11.1952035394003
56,2017,32.2891712628988,11.1870995448052
57,2017,32.7839020356302,11.1724981422842
58,2017,33.2984716728786,11.1518098863189
59,2017,33.83296828992,11.1255537045589
60,2017,34.3874800020303,11.0942944127479
61,2017,34.9620949244858,11.0586343507904
62,2017,35.5569011725622,11.0192054409991
63,2017,36.1719868615357,10.9766615414136
64,2017,36.8074401066822,10.931670989075
65,2017,37.4633490232779,10.8849092504684
66,2017,38.1398017265986,10.8370516192647
67,2017,38.8368863319205,10.7887659251712
68,2017,39.5546909545194,10.7407052421127
69,2017,40.2933037096715,10.6935006088848
70,2017,41.0528127126528,10.6477538003432
71,2017,41.8333060787392,10.6040302113629
72,2017,42.6348719232069,10.5628519382014
73,2017,43.4575983613317,10.5246911613244
74,2017,44.3015735083897,10.4899639489082
75,2017,45.166885479657,10.4590246098396
76,2017,46.0536223904094,10.4321607280231
77,2017,46.9618723559232,10.4095890054251
78,2017,47.8917234914742,10.3914520293041
79,2017,48.8432639123385,10.3778160598254
80,2017,49.8165817337921,10.3686699087228
81,2017,50.811765071111,10.3639249493984
82,2017,51.8289020395712,10.3634162658832
83,2017,52.8680807544488,10.3669049147202
84,2017,53.9293893310197,10.3740812424461
85,2017,55.01291588456,10.3845691741197
86,2017,56.1187485303457,10.3979313670621
87,2017,57.2469753836527,10.4136751098856
88,2017,58.3976845597573,10.4312588406145
89,2017,59.5709641739352,10.4500991592597
90,2017,60.7669023414625,10.469578219065
91,2017,61.9855871776153,10.4890513958634
92,2017,63.2271067976696,10.5078551553832
93,2017,64.4915493169014,10.5253150626516
94,2017,65.7790028505866,10.5407539046484
95,2017,67.0895555140014,10.5534999260169
96,2017,68.4232954224216,10.5628952071497
97,2017,69.7803106911235,10.5683042438051
98,2017,71.1606894353829,10.5691228173172
99,2017,72.5645197704759,10.5647872744145
100,2017,73.9918898116784,10.5547843657767
101,2017,75.4428876742666,10.5386618229174
102,2017,76.9176014735163,10.5160398838725
103,2017,78.4161193247037,10.4866240093157
104,2017,79.9385293431047,10.4502190614049
105,2017,81.4849196439954,10.4067452462756
106,2017,83.0553461879122,10.3562704901607
107,2017,84.6488897424312,10.2994368210055
108,2017,86.2635036495728,10.2374702705816
109,2017,87.8970784491319,10.1716585780977
110,2017,89.5475046809033,10.1033001873569
111,2017,91.2126728846819,10.0336821130771
112,2017,92.8904736002625,9.96405780938571
113,2017,94.5787973674399,9.89562505219452
114,2017,96.275534726009,9.8295040025419
115,2017,97.9785762157646,9.7667157694589
116,2017,99.6858123765015,9.70816192869871
117,2017,101.395133748015,9.6546055655638
118,2017,103.104430870099,9.60665448301124
119,2017,104.811594282549,9.56474723854698
120,2017,106.514514525159,9.5291426374176
121,2017,108.211082137725,9.49991321383616
122,2017,109.899187660042,9.47694308275502
123,2017,111.576721631903,9.459930356185
124,2017,113.241574593105,9.44839411073039
125,2017,114.891637083442,9.44168569071538
126,2017,116.524799642708,9.43900395751612
127,2017,118.138952810698,9.43941396998455
128,2017,119.731987127208,9.44186851594792
129,2017,121.301793132033,9.44523191556232
130,2017,122.846261364966,9.44830558116764
131,2017,124.363282365803,9.44985493686281
132,2017,125.850746674339,9.4486374626827
133,2017,127.306544830368,9.44343182073116
134,2017,128.728567373686,9.43306823306104
135,2017,130.114704844086,9.41646050531795
136,2017,131.462847781365,9.39264032087807
137,2017,132.770886725317,9.36079466408102
138,2017,134.036827825626,9.32038358293623
139,2017,135.260021196941,9.27197380457961
140,2017,136.440684028081,9.21687350672003
141,2017,137.579047959103,9.15651357721111
142,2017,138.675344630063,9.09239333143053
143,2017,139.729805681016,9.02603779873462
144,2017,140.742662752017,8.95895631615553
145,2017,141.714147483124,8.89260216967329
146,2017,142.644491514392,8.8283334036204
147,2017,143.533926485876,8.76737528757717
148,2017,144.382684037633,8.71078526117184
149,2017,145.190995809718,8.65942143735843
150,2017,145.959093442187,8.61391589919916
151,2017,146.687208575097,8.57465404510541
152,2017,147.375572848502,8.54176110856041
153,2017,148.024417902459,8.51509670763316
154,2017,148.633975377023,8.49425789837703
155,2017,149.204476912251,8.47859076698755
156,2017,149.736154148198,8.46721016344602
157,2017,150.22923872492,8.45902681975931
158,2017,150.683962282473,8.45278086240305
159,2017,151.100556460913,8.44708065407491
160,2017,151.479252900296,8.44044599343193
161,2017,151.820283240677,8.43135495113082
162,2017,152.123879122113,8.41829400015682
163,2017,152.390272184658,8.39981157647504
164,2017,152.61969406837,8.37457575239603
165,2017,152.81238667621,8.3414626280398
166,2017,152.968903165839,8.30036273194009
167,2017,153.090156538064,8.2523097463538
168,2017,153.17707983843,8.1985845211257
169,2017,153.230606112483,8.14060257404389
170,2017,153.251668405768,8.07985548912533
171,2017,153.24119976383,8.01785559813921
172,2017,153.200133232215,7.9560832835545
173,2017,153.129401856467,7.89593679211561
174,2017,153.029938682132,7.83868498942631
175,2017,152.902676754755,7.78542397653345
176,2017,152.748549119882,7.73703887953589
177,2017,152.568488823058,7.694172360559
178,2017,152.363428909828,7.65720144068641
179,2017,152.134302425737,7.62622405376369
180,2017,151.882042416331,7.6010563799373
181,2017,151.607581927154,7.58124149291842
182,2017,151.311854003753,7.56606928030325
183,2017,150.995791691672,7.55460706249248
184,2017,150.660328036457,7.54573993830385
185,2017,150.306396083653,7.53821969527625
186,2017,149.934928878805,7.53072117450404
187,2017,149.546859467458,7.52190526975088
188,2017,149.143120895159,7.51048823282055
189,2017,148.724646207451,7.49531759461748
190,2017,148.29236844988,7.47545572416424
191,2017,147.847220672771,7.45027319551468
192,2017,147.390140685496,7.41997584450618
193,2017,146.922079986869,7.38636125600197
194,2017,146.44399252212,7.3515952821939
195,2017,145.956832236483,7.31784915197295
196,2017,145.46155307519,7.28717688030523
197,2017,144.959108983471,7.26140272730257
198,2017,144.45045390656,7.24202131061844
199,2017,143.936541789688,7.23011422170849
200,2017,143.418326578087,7.22628744768313
201,2017,142.89676221699,7.23063342549178
202,2017,142.372802651628,7.24272021540472
203,2017,141.847401827233,7.26160835327171
204,2017,141.321513689037,7.28589386486817
205,2017,140.796092182273,7.31377418262304
206,2017,140.272091252171,7.34313268302855
207,2017,139.750464843965,7.37163745961824
208,2017,139.232166902886,7.3968507485376
209,2017,138.718151374167,7.41634695983493
210,2017,138.209278221318,7.42795752015266
211,2017,137.705314870358,7.43118321620681
212,2017,137.205323884402,7.42683128322893
213,2017,136.708356078851,7.41608580425676
214,2017,136.213462269108,7.40039807132162
215,2017,135.719693270573,7.38140071425076
216,2017,135.226099898648,7.36082834654103
217,2017,134.731732968734,7.34044280944001
218,2017,134.235643296233,7.32196204195527
219,2017,133.736881696547,7.30699256245623
220,2017,133.234498985076,7.29696644385665
221,2017,132.727545977222,7.29308440734049
222,2017,132.215073488387,7.29626714793065
223,2017,131.696132333972,7.30711715074832
224,2017,131.169773329378,7.32589301376588
225,2017,130.635047290007,7.35249768240523
226,2017,130.09100503126,7.3864811200492
227,2017,129.536697368539,7.42705694364173
228,2017,128.971175117244,7.47313162749008
229,2017,128.393489092779,7.52334418437686
230,2017,127.802690110543,7.57611387773606
231,2017,127.197828985938,7.62969353409548
232,2017,126.577956534366,7.68222637447435
233,2017,125.942123895175,7.73180516063545
234,2017,125.2897048577,7.77682012755326
235,2017,124.621001315918,7.81663328085941
236,2017,123.936481024041,7.85101075521193
237,2017,123.236611736282,7.87995190898912
238,2017,122.521861206851,7.90365639641525
239,2017,121.792697189961,7.92249515433211
240,2017,121.049587439823,7.93698464820855
241,2017,120.29299971065,7.94776371917457
242,2017,119.523401756654,7.95557241161865
243,2017,118.741261332046,7.9612322232271
244,2017,117.947046191038,7.96562729761191
245,2017,117.141224087843,7.96968616969513
246,2017,116.324262776672,7.9743637739521
247,2017,115.496630011737,7.98062353427635
248,2017,114.658793547249,7.98941946980914
249,2017,113.811221137422,8.0016783702209
250,2017,112.954380536466,8.01828221121722
251,2017,112.088739498594,8.04005108893784
252,2017,111.214765778018,8.06772704131948
253,2017,110.332927128949,8.10195918582342
254,2017,109.443691305599,8.14329062769471
255,2017,108.547526062181,8.19214757546776
256,2017,107.644899152906,8.24883103949958
257,2017,106.736278331987,8.3135113889567
258,2017,105.822131353634,8.3862259122619
259,2017,104.90292597206,8.46687937908163
260,2017,103.979129941477,8.55524745426722
261,2017,103.051211016097,8.65098268123931
262,2017,102.119636950132,8.75362264695326
263,2017,101.184875497793,8.8625998711989
264,2017,100.247394413292,8.97725293272544
265,2017,99.3076614508424,9.09683835167061
266,2017,98.3661443646548,9.22054278615984
267,2017,97.4233109089414,9.34749516242682
268,2017,96.4796288379141,9.47677843324822
269,2017,95.535565905785,9.60744074028436
270,2017,94.5915898667658,9.73850583496723
271,2017,93.6481684750684,9.86898268474961
272,2017,92.7057694849048,9.9978742537428
273,2017,91.764860650487,10.1241854977652
274,2017,90.8259097260267,10.2469306537775
275,2017,89.8893844657359,10.3651399337676
276,2017,88.955747096381,10.4778755230404
277,2017,88.0252922076701,10.5845297428032
278,2017,87.0981205832528,10.684900363242
279,2017,86.174322210987,10.778873284993
280,2017,85.2539870787303,10.8663955024592
281,2017,84.3372051743405,10.9474678425603
282,2017,83.4240664856754,11.0221386338096
283,2017,82.5146610005927,11.0904981776815
284,2017,81.6090787069502,11.1526739083433
285,2017,80.7074095926055,11.2088261402566
286,2017,79.8097436454166,11.2591443155259
287,2017,78.916170853241,11.303843673999
288,2017,78.0267812039366,11.3431622789969
289,2017,77.1416646853611,11.3773583402121
290,2017,76.2609112853722,11.4067077828795
291,2017,75.3846109918278,11.431502018908
292,2017,74.5128537925854,11.4520458814011
293,2017,73.645729675503,11.4686556890225
294,2017,72.7833286284382,11.4816574110937
295,2017,71.9257406392489,11.4913849082697
296,2017,71.0730556957926,11.498178227214
297,2017,70.2253637859272,11.5023819309912
298,2017,69.3827548975105,11.5043434499737
299,2017,68.5453190184001,11.5044114410019
300,2017,67.7131461364539,11.5029341453789
301,2017,66.8863262395296,11.5002577390749
302,2017,66.0649493154848,11.4967246712712
303,2017,65.2491053521775,11.4926719901157
304,2017,64.4388843374653,11.4884296572701
305,2017,63.6343762592059,11.4843188554974
306,2017,62.8356711052572,11.4806502961241
307,2017,62.0428588634768,11.4777225356731
308,2017,61.2560295217225,11.4758203132467
309,2017,60.4752730678521,11.4752129222691
310,2017,59.7006794897234,11.4761526319187
311,2017,58.932338775194,11.4788731749092
312,2017,58.1703409121216,11.483588319158
313,2017,57.4147758883642,11.4904905412542
314,2017,56.6657336917794,11.4997498194559
315,2017,55.9233043102248,11.5115125632001
316,2017,55.1875777315585,11.5259006947856
317,2017,54.4586439436379,11.5430108970205
318,2017,53.736592934321,11.5629140382626
319,2017,53.0215146914653,11.5856547834969
320,2017,52.3134992029288,11.6112513969867
321,2017,51.6126364565691,11.6396957387171
322,2017,50.919016440244,11.6709534534476
323,2017,50.2327291418113,11.704964347832
324,2017,49.5538645491286,11.7416429478718
325,2017,48.8825126500538,11.7808792260657
326,2017,48.2187634324445,11.8225394850907
327,2017,47.5627068841586,11.8664673827884
328,2017,46.9144329930537,11.9124850816792
329,2017,46.2740317469877,11.9603945052183
330,2017,45.6415931338182,12.0099786825435
331,2017,45.0172071414031,12.0610031635239
332,2017,44.4009637576001,12.1132174864652
333,2017,43.7929529702667,12.166356681799
334,2017,43.1932647672611,12.2201427964225
335,2017,42.6019891364407,12.2742864249857
336,2017,42.0192160656634,12.3284882362681
337,2017,41.4450355427869,12.382440484788
338,2017,40.879537555669,12.4358284998621
339,2017,40.3228120921674,12.4883321464451
340,2017,39.7749491401398,12.5396272541632
341,2017,39.236038687444,12.589387012988
342,2017,38.7061707219378,12.6372833359515
343,2017,38.1854352314788,12.682988191157
344,2017,37.673922203925,12.7261749071022
345,2017,37.1717216271339,12.7665194569931
346,2017,36.6789234889633,12.8037017293091
347,2017,36.1956177772711,12.8374067933974
348,2017,35.7218944799149,12.8673261703529
349,2017,35.2578435847524,12.8931591209063
350,2017,34.8035550796416,12.9146139635338
351,2017,34.3591189524399,12.9314094375443
352,2017,33.9246251910053,12.9432761275458
353,2017,33.5001637831955,12.9499579674614
354,2017,33.0858247168683,12.9512138442205
355,2017,32.6816979798813,12.9468193234134
356,2017,32.2878735600924,12.9365685216186
357,2017,31.9044414453591,12.9202761528329
358,2017,31.5314916235395,12.8977797794745
359,2017,31.169114082491,12.868942301835
360,2017,30.8173988100716,12.833654723624
361,2017,30.476435794139,12.7918392353871
362,2017,30.1463150225509,12.7434526620394
363,2017,29.827126483165,12.6884903254737
364,2017,29.5189601638392,12.6269903780186
365,2017,29.2219193442583,12.5591258130171
1,2018,27.6382067223644,13.1704417350958
2,2018,27.2972437064318,13.1294847364337
3,2018,26.9671229348437,13.0820855235569
4,2018,26.6479343954578,13.0282423541376
5,2018,26.339768076132,12.9679956343745
6,2018,26.0427272565511,12.9015177884679
7,2018,25.7569683837094,12.8293629870256
8,2018,25.4826611964282,12.7521939919164
9,2018,25.2199754335287,12.6706913929241
10,2018,24.9690808338324,12.585550267453
11,2018,24.7301471361606,12.4974767461127
12,2018,24.5033440793347,12.4071844318147
13,2018,24.2888414021759,12.3153906268361
14,2018,24.0868088435058,12.2228123302577
15,2018,23.8974161421455,12.1301619776136
16,2018,23.7208330369164,12.0381429057619
17,2018,23.55722926664,11.9474445390682
18,2018,23.4067745701376,11.8587373080313
19,2018,23.2696386862304,11.7726673282987
20,2018,23.1459913537399,11.6898508862698
21,2018,23.0360023114874,11.610868796543
22,2018,22.9398412982943,11.5362607154615
23,2018,22.8576780529818,11.4665195128736
24,2018,22.7896823143714,11.4020858196683
25,2018,22.7360238212844,11.3433428803444
26,2018,22.6968723125422,11.2906118465091
27,2018,22.6723975269661,11.2441476476891
28,2018,22.6627692033774,11.2041355693984
29,2018,22.6681570805975,11.1706886547824
30,2018,22.6887308974478,11.1438460256446
31,2018,22.7246603927495,11.1235721921927
32,2018,22.7761153053242,11.1097573899051
33,2018,22.843265373993,11.1022189484874
34,2018,22.9262803375774,11.1007036641699
35,2018,23.0253299348987,11.104891114885
36,2018,23.1405839047782,11.1143978302352
37,2018,23.2722119860373,11.1287822063216
38,2018,23.4203839174974,11.1475500406037
39,2018,23.5852694379798,11.1701605545442
40,2018,23.7670382863058,11.1960327717782
41,2018,23.9658602012968,11.2245521263367
42,2018,24.1819049217742,11.2550771880043
43,2018,24.4153421865593,11.2869464089561
44,2018,24.6663417344735,11.3194848159962
45,2018,24.935073304338,11.3520105947123
46,2018,25.2217066349743,11.3838415344834
47,2018,25.5264114652036,11.4143013255994
48,2018,25.8493575338475,11.442725721103
49,2018,26.1907145797271,11.4684685959275
50,2018,26.5506523416639,11.4909079543283
51,2018,26.9293405584792,11.5094519535121
52,2018,27.3269489689943,11.5235450269479
53,2018,27.7436473120306,11.5326742053744
54,2018,28.1796053264095,11.5363757472931
55,2018,28.6349927509522,11.5342422040489
56,2018,29.1099791751916,11.5259312556706
57,2018,29.604709947923,11.51136593044
58,2018,30.1192795851714,11.4909432491173
59,2018,30.6537762022128,11.465165625555
60,2018,31.2082879143231,11.4345804069408
61,2018,31.7829028367786,11.3997715612476
62,2018,32.377709084855,11.3613517800851
63,2018,32.9927947738285,11.3199548800043
64,2018,33.628248018975,11.2762284061144
65,2018,34.2841569355707,11.2308263630408
66,2018,34.9606096388914,11.184402019936
67,2018,35.6576942442133,11.1376007585198
68,2018,36.3754988668122,11.0910529558909
69,2018,37.1141116219644,11.0453669168378
70,2018,37.8736206249456,11.0011218930985
71,2018,38.6541139910321,10.9588612487519
72,2018,39.4556798354997,10.9190858507669
73,2018,40.2784062736245,10.8822477806326
74,2018,41.1223814206825,10.8487444758307
75,2018,41.9876933919498,10.8189134176451
76,2018,42.8744303027022,10.7930274835557
77,2018,43.782680268216,10.7712910776864
78,2018,44.712531403767,10.7538371413442
79,2018,45.6640718246313,10.7407251279819
80,2018,46.6373896460849,10.7319400038343
81,2018,47.6325729834038,10.7273923084276
82,2018,48.649709951864,10.7269192798982
83,2018,49.6888886667416,10.7302870205762
84,2018,50.7501972433125,10.7371936506306
85,2018,51.8337237968528,10.7472733735746
86,2018,52.9395564426385,10.7601013586534
87,2018,54.0677832959456,10.7751993326371
88,2018,55.2184924720501,10.7920417678857
89,2018,56.391772086228,10.8100625547786
90,2018,57.5877102537553,10.8286620542948
91,2018,58.8063950899081,10.8472144399213
92,2018,60.0479147099624,10.8650752561753
93,2018,61.3123572291942,10.8815891427747
94,2018,62.5998107628794,10.8960976978411
95,2018,63.9103634262942,10.9079474795648
96,2018,65.2441033347145,10.9164981727873
97,2018,66.6011186034163,10.9211309744753
98,2018,67.9814973476757,10.921257279802
99,2018,69.3853276827687,10.9163277784415
100,2018,70.8126977239712,10.9058420987687
101,2018,72.2636955865594,10.8893591660229
102,2018,73.7384093858091,10.8665084691449
103,2018,75.2369272369965,10.8370024596829
104,2018,76.7593372553975,10.8006503341369
105,2018,78.3057275562882,10.7573734768541
106,2018,79.876154100205,10.7072368041699
107,2018,81.469697654724,10.6508629428449
108,2018,83.0843115618656,10.5894414573522
109,2018,84.7178863614247,10.5242208920085
110,2018,86.3683125931961,10.4564590154555
111,2018,88.0334807969747,10.3874012359832
112,2018,89.7112815125553,10.3182591446667
113,2018,91.3996052797327,10.2501892045058
114,2018,93.0963426383018,10.1842717445046
115,2018,94.7993841280574,10.1214905529603
116,2018,96.5066202887943,10.0627134856268
117,2018,98.2159416603074,10.0086746014691
118,2018,99.9252387823915,9.95995840057232
119,2018,101.632402194841,9.91698675590341
120,2018,103.335322437452,9.88000909701211
121,2018,105.031890050018,9.84909631864581
122,2018,106.719995572335,9.82413875634484
123,2018,108.397529544196,9.80484840652106
124,2018,110.062382505398,9.79076538765939
125,2018,111.712444995734,9.78126846228847
126,2018,113.345607555001,9.7755892862369
127,2018,114.959760722991,9.77282993927101
128,2018,116.552795039501,9.77198323094764
129,2018,118.122601044325,9.77195527237294
130,2018,119.667069277259,9.77158985722325
131,2018,121.184090278096,9.76969429757803
132,2018,122.671554586632,9.76506650255204
133,2018,124.127352742661,9.75652326020382
134,2018,125.549375285978,9.7429298764036
135,2018,126.935512756379,9.72323153088384
136,2018,128.283655693658,9.69648692537572
137,2018,129.59169463761,9.66190501781828
138,2018,130.857635737919,9.6189598375297
139,2018,132.080829109233,9.56820117508784
140,2018,133.261491940374,9.51090023692327
141,2018,134.399855871396,9.44844822397882
142,2018,135.496152542356,9.38230331988464
143,2018,136.550613593308,9.31394899188972
144,2018,137.56347066431,9.24485366911106
145,2018,138.534955395417,9.1764315638473
146,2018,139.465299426685,9.11000475140237
147,2018,140.354734398169,9.04676696178588
148,2018,141.203491949926,8.98774983904972
149,2018,142.011803722011,8.93379266150567
150,2018,142.77990135448,8.88551665809981
151,2018,143.508016487389,8.84330507760497
152,2018,144.196380760794,8.8072900554388
153,2018,144.845225814751,8.77734708374254
154,2018,145.454783289316,8.75309755079373
155,2018,146.025284824544,8.73391942147454
156,2018,146.556962060491,8.71896573850549
157,2018,147.050046637213,8.70719029285829
158,2018,147.504770194766,8.69737959021167
159,2018,147.921364373206,8.68819016024752
160,2018,148.300060812589,8.67819032814369
161,2018,148.64109115297,8.665905785072
162,2018,148.944687034405,8.64986863575537
163,2018,149.211080096951,8.6286700387816
164,2018,149.440501980663,8.60101706191554
165,2018,149.633194588502,8.5658194086582
166,2018,149.789711078131,8.52297014095321
167,2018,149.910964450357,8.47347081551361
168,2018,149.997887750723,8.41856488338078
169,2018,150.051414024776,8.35962787341639
170,2018,150.072476318061,8.29810970099266
171,2018,150.062007676123,8.23548026049698
172,2018,150.020941144507,8.17317771306976
173,2018,149.95020976876,8.11255939501059
174,2018,149.850746594425,8.05485577494467
175,2018,149.723484667048,8.00112834018355
176,2018,149.569357032175,7.9522326484741
177,2018,149.389296735351,7.9087879934981
178,2018,149.184236822121,7.87115516393672
179,2018,148.95511033803,7.83942361133393
180,2018,148.702850328624,7.81340899718264
181,2018,148.428389839447,7.79266161427335
182,2018,148.132661916046,7.77648564884205
183,2018,147.816599603965,7.76396875956259
184,2018,147.48113594875,7.75402108342208
185,2018,147.127203995946,7.74542260180595
186,2018,146.755736791098,7.73687784512956
187,2018,146.367667379751,7.72707717900522
188,2018,145.963928807451,7.71476436799908
189,2018,145.545454119744,7.69881070306744
190,2018,145.113176362173,7.67829664143386
191,2018,144.668028585064,7.65260299620786
192,2018,144.210948597789,7.62192452339755
193,2018,143.742887899161,7.58800668327789
194,2018,143.264800434413,7.55295320093559
195,2018,142.777640148776,7.51887228459782
196,2018,142.282360987483,7.48775733934509
197,2018,141.779916895764,7.46137783670261
198,2018,141.271261818853,7.44118275362348
199,2018,140.757349701981,7.42822013027778
200,2018,140.23913449038,7.42307670226702
201,2018,139.717570129283,7.42584112762166
202,2018,139.193610563921,7.43609311110914
203,2018,138.668209739526,7.45291897694852
204,2018,138.14232160133,7.47495234808762
205,2018,137.616900094565,7.50043698791475
206,2018,137.092899164464,7.52730790186564
207,2018,136.571272756258,7.5532866702959
208,2018,136.052974815179,7.5759876925798
209,2018,135.53895928646,7.59303342355763
210,2018,135.030086133611,7.60229518634173
211,2018,134.526122782651,7.60328638199275
212,2018,134.026131796695,7.59680605456654
213,2018,133.529163991144,7.58402343988428
214,2018,133.034270181401,7.56637081337845
215,2018,132.540501182866,7.54545952063805
216,2018,132.046907810941,7.52300230043762
217,2018,131.552540881027,7.5007400878352
218,2018,131.056451208526,7.48037237581123
219,2018,130.55768960884,7.46349111900116
220,2018,130.055306897369,7.45151901324114
221,2018,129.548353889515,7.44565369378971
222,2018,129.03588140068,7.44681986816788
223,2018,128.516940246265,7.45563155307464
224,2018,127.990581241671,7.47236637352489
225,2018,127.4558552023,7.4969533222443
226,2018,126.911812943553,7.52897455447516
227,2018,126.357505280831,7.56768085158022
228,2018,125.791983029537,7.61201949641841
229,2018,125.214297005071,7.66067262029968
230,2018,124.623498022836,7.71210371139563
231,2018,124.018636898231,7.7646099554262
232,2018,123.398764446659,7.81637838344673
233,2018,122.762931807468,7.86554462087036
234,2018,122.110512769993,7.91053004848617
235,2018,121.441809228211,7.95069521754911
236,2018,120.757288936334,7.9857965575903
237,2018,120.057419648575,8.01582147427211
238,2018,119.342669119144,8.04095585447806
239,2018,118.613505102254,8.06155528209789
240,2018,117.870395352116,8.07811936406091
241,2018,117.113807622943,8.09126855577831
242,2018,116.344209668947,8.10172290676175
243,2018,115.562069244339,8.11028220489777
244,2018,114.767854103331,8.11780707266593
245,2018,113.962032000136,8.12520065573524
246,2018,113.145070688965,8.13339064132167
247,2018,112.317437924029,8.14331144854893
248,2018,111.479601459542,8.1558865434051
249,2018,110.632029049715,8.17201094296848
250,2018,109.775188448759,8.19253408187906
251,2018,108.909547410887,8.21824331136088
252,2018,108.035573690311,8.24984837914455
253,2018,107.153735041242,8.28796728902111
254,2018,106.264499217892,8.3331139544462
255,2018,105.368333974474,8.38568803740753
256,2018,104.465707065199,8.44596730155368
257,2018,103.557086244279,8.51410271196348
258,2018,102.642939265927,8.59011639203495
259,2018,101.723733884353,8.67390241332017
260,2018,100.79993785377,8.76523026083716
261,2018,99.8720189283898,8.8637506979893
262,2018,98.9404448624243,8.96900366267562
263,2018,98.0056834100855,9.08042776643327
264,2018,97.0682023255851,9.19737094386909
265,2018,96.1284693631352,9.3191018082291
266,2018,95.1869522769476,9.44482130535958
267,2018,94.2441188212342,9.57367431511812
268,2018,93.300436750207,9.70476091841279
269,2018,92.3563738180778,9.83714712190372
270,2018,91.4123977790586,9.96987490472819
271,2018,90.4689763873612,10.1019715178651
272,2018,89.5265773971976,10.2324580241819
273,2018,88.5856685627798,10.3603571146438
274,2018,87.6467176383195,10.484700273722
275,2018,86.7101923780287,10.604534395709
276,2018,85.7765550086739,10.7189376152353
277,2018,84.8461001199629,10.8273135752353
278,2018,83.9189284955456,10.9294655556882
279,2018,82.9951301232798,11.0252832932721
280,2018,82.0747949910231,11.1147164094337
281,2018,81.1580130866333,11.1977673307325
282,2018,80.2448743979682,11.2744851037166
283,2018,79.3354689128855,11.3449599822716
284,2018,78.429886619243,11.4093186786749
285,2018,77.5282175048984,11.4677201822757
286,2018,76.6305515577094,11.5203520614238
287,2018,75.7369787655338,11.5674271748438
288,2018,74.8475891162294,11.6091807280435
289,2018,73.9624725976539,11.6458676186279
290,2018,73.081719197665,11.6777600216335
291,2018,72.2054189041206,11.705145172334
292,2018,71.3336617048782,11.7283233095089
293,2018,70.4665375877958,11.7476057470314
294,2018,69.604136540731,11.7633130459389
295,2018,68.7465485515417,11.7757732630011
296,2018,67.8938636080854,11.7853202552877
297,2018,67.04617169822,11.7922920234461
298,2018,66.2035628098033,11.7970290793989
299,2018,65.3661269306929,11.7998728270187
300,2018,64.5339540487467,11.8011639470781
301,2018,63.7071341518224,11.8012407804454
302,2018,62.8857572277776,11.8004377061128
303,2018,62.0699132644703,11.7990835132208
304,2018,61.2596922497581,11.7974997687652
305,2018,60.4551841714987,11.7959991851321
306,2018,59.65647901755,11.7948839939665
307,2018,58.8636667757696,11.7944443350979
308,2018,58.0768374340153,11.794956671284
309,2018,57.296080980145,11.7966822413195
310,2018,56.5214874020162,11.7998655655441
311,2018,55.7531466874868,11.8047330189107
312,2018,54.9911488244145,11.8114914874834
313,2018,54.235583800657,11.820327124491
314,2018,53.4865416040722,11.8314042218181
315,2018,52.7441122225176,11.8448642120766
316,2018,52.0083856438513,11.8608248151538
317,2018,51.2794518559307,11.8793793414154
318,2018,50.5574008466138,11.9005961615942
319,2018,49.8423226037581,11.9245183508894
320,2018,49.1343071152216,11.9511635120228
321,2018,48.4334443688619,11.9805237790387
322,2018,47.7398243525368,12.0125660006142
323,2018,47.0535370541041,12.0472320986634
324,2018,46.3746724614214,12.0844395951904
325,2018,45.7033205623466,12.1240822977632
326,2018,45.0395713447373,12.1660311317336
327,2018,44.3835147964514,12.2101351054822
328,2018,43.7352409053465,12.2562223935672
329,2018,43.0948396592805,12.3041015217328
330,2018,42.462401046111,12.3535626372828
331,2018,41.8380150536959,12.4043788483404
332,2018,41.2217716698929,12.4563076159602
333,2018,40.6137608825595,12.5090921838852
334,2018,40.0140726795539,12.5624630319031
335,2018,39.4227970487336,12.6161393401804
336,2018,38.8400239779562,12.6698304535895
337,2018,38.2658434550797,12.7232373368215
338,2018,37.7003454679618,12.776054012946
339,2018,37.1436200044602,12.8279689799898
340,2018,36.5957570524326,12.8786666020103
341,2018,36.0568465997368,12.9278284730111
342,2018,35.5269786342306,12.9751347538629
343,2018,35.0062431437716,13.0202654841291
344,2018,34.4947301162178,13.0629018723639
345,2018,33.9925295394267,13.1027275700313
346,2018,33.4997314012562,13.1394299357174
347,2018,33.0164256895639,13.1727012977747
348,2018,32.5427023922077,13.2022402249747
349,2018,32.0786514970452,13.2277528161731
350,2018,31.6243629919344,13.248954021447
351,2018,31.1799268647328,13.2655690086635
352,2018,30.7454331032981,13.2773345910313
353,2018,30.3209716954884,13.2840007328923
354,2018,29.9066326291611,13.2853321528783
355,2018,29.5025058921741,13.2811100456095
356,2018,29.1086814723852,13.2711339453941
357,2018,28.725249357652,13.2552237579239
358,2018,28.3522995358323,13.2332219887864
359,2018,27.9899219947838,13.2049962007344
360,2018,27.6382067223644,13.1704417350958
361,2018,27.2972437064318,13.1294847364337
362,2018,26.9671229348437,13.0820855235569
363,2018,26.6479343954578,13.0282423541376
364,2018,26.339768076132,12.9679956343745
365,2018,26.0427272565511,12.9015177884679
1,2019,24.4588489069697,13.5471638941341
2,2019,24.1178858910371,13.5071412854931
3,2019,23.787765119449,13.4608180020804
4,2019,23.4685765800631,13.4081952846942
5,2019,23.1604102607372,13.3493157774038
6,2019,22.8633694411564,13.2843510959244
7,2019,22.5776105683147,13.2138450862618
8,2019,22.3033033810334,13.1384471821687
9,2019,22.040617618134,13.0588237501339
10,2019,21.7897230184377,12.9756547012767
11,2019,21.5507893207659,12.8896300221573
12,2019,21.3239862639399,12.8014461770569
13,2019,21.1094835867812,12.7118023412566
14,2019,20.907451028111,12.6213964328336
15,2019,20.7180583267507,12.5309209197592
16,2019,20.5414752215217,12.4410583898298
17,2019,20.3778714512453,12.3524768832991
18,2019,20.2274167547428,12.2658250019702
19,2019,20.0902808708356,12.1817268237881
20,2019,19.9666335383451,12.1007766682547
21,2019,19.8566444960926,12.0235337747203
22,2019,19.7604834828995,11.9505169720036
23,2019,19.6783202375871,11.8821994329284
24,2019,19.6103244989767,11.8190036201603
25,2019,19.5566660058897,11.7612965390906
26,2019,19.5175144971474,11.7093854183877
27,2019,19.4930397115713,11.6635139383664
28,2019,19.4834113879826,11.6238591209403
29,2019,19.4887992652027,11.5905289824674
30,2019,19.509373082053,11.563561032592
31,2019,19.5453025773548,11.5429216790351
32,2019,19.5967574899294,11.5285065714649
33,2019,19.6639075585983,11.5201418887175
34,2019,19.7469225221826,11.5175865445735
35,2019,19.8459721195039,11.5205352599168
36,2019,19.9612260893834,11.5286224251248
37,2019,20.0928541706426,11.5414266573946
38,2019,20.2410261021027,11.5584759443823
39,2019,20.405911622585,11.5792532585185
40,2019,20.5876804709111,11.6032025256543
41,2019,20.7865023859021,11.6297348368632
42,2019,21.0025471063795,11.6582348024558
43,2019,21.2359843711646,11.6880669615694
44,2019,21.4869839190787,11.7185821779317
45,2019,21.7557154889432,11.7491239714787
46,2019,22.0423488195795,11.7790347554263
47,2019,22.3470536498089,11.807661968338
48,2019,22.6699997184528,11.8343641100748
49,2019,23.0113567643324,11.8585167088605
50,2019,23.3712945262691,11.8795182638413
51,2019,23.7499827430844,11.8967962234401
52,2019,24.1475911535995,11.9098130745923
53,2019,24.5642894966359,11.9180726317862
54,2019,25.0002475110147,11.9211266279303
55,2019,25.4556349355575,11.9185817216089
56,2019,25.9306213597969,11.9101081981625
57,2019,26.4253521325283,11.895632468847
58,2019,26.9399217697766,11.8755374360607
59,2019,27.474418386818,11.8503081807739
60,2019,28.0289300989284,11.8204736320269
61,2019,28.6035450213838,11.7865983313997
62,2019,29.1983512694603,11.7492746054487
63,2019,29.8134369584337,11.7091150395265
64,2019,30.4488902035803,11.666745165917
65,2019,31.1047991201759,11.6227962991011
66,2019,31.7812518234967,11.5778984712796
67,2019,32.4783364288185,11.5326734420117
68,2019,33.1961410514175,11.4877277768337
69,2019,33.9347538065696,11.4436460107092
70,2019,34.6942628095509,11.4009839326497
71,2019,35.4747561756373,11.3602620471693
72,2019,36.2763220201049,11.3219592856106
73,2019,37.0990484582298,11.2865070548781
74,2019,37.9430236052878,11.2542837218215
75,2019,38.808335576555,11.2256096375721
76,2019,39.6950724873075,11.2007428068572
77,2019,40.6033224528213,11.1798753023218
78,2019,41.5331735883723,11.1631305131313
79,2019,42.4847140092366,11.1505613010192
80,2019,43.4580318306902,11.1421491163064
81,2019,44.453215168009,11.1378041024779
82,2019,45.4703521364693,11.1373661921882
83,2019,46.5095308513469,11.1406071717689
84,2019,47.5708394279178,11.1472336671614
85,2019,48.6543659814581,11.156890983251
86,2019,49.7601986272438,11.1691677121539
87,2019,50.8884254805508,11.1836010150154
88,2019,52.0391346566553,11.1996824768135
89,2019,53.2124142708332,11.2168644345917
90,2019,54.4083524383606,11.2345666861503
91,2019,55.6270372745134,11.2521834978954
92,2019,56.8685568945677,11.2690908464663
93,2019,58.1329994137994,11.2846538480498
94,2019,59.4204529474847,11.2982343510575
95,2019,60.7310056108995,11.3091986913158
96,2019,62.0647455193197,11.3169256334605
97,2019,63.4217607880216,11.3208145473945
98,2019,64.802139532281,11.3202938941773
99,2019,66.205969867374,11.3148301214573
100,2019,67.6333399085765,11.3039370945094
101,2019,69.0843377711647,11.2871862151061
102,2019,70.5590515704144,11.2642174067524
103,2019,72.0575694216018,11.2347511709354
104,2019,73.5799794400028,11.1986019442347
105,2019,75.1263697408935,11.1556930089332
106,2019,76.6967962848103,11.1060867349049
107,2019,78.2903398393292,11.0503855685393
108,2019,79.9049537464708,10.9897405092507
109,2019,81.53852854603,10.9253586560424
110,2019,83.1889547778014,10.8584548039459
111,2019,84.85412298158,10.7902304448334
112,2019,86.5319236971606,10.7218530184201
113,2019,88.220247464338,10.6544354376544
114,2019,89.9169848229071,10.5890160390362
115,2019,91.6200263126627,10.5265392281187
116,2019,93.3272624733996,10.4678371961522
117,2019,95.0365838449127,10.4136131668072
118,2019,96.7458809669968,10.3644266832828
119,2019,98.4530443794467,10.3206814583074
120,2019,100.155964622057,10.2826162780298
121,2019,101.852532234623,10.2502993754489
122,2019,103.54063775694,10.2236265749856
123,2019,105.218171728802,10.2023233674278
124,2019,106.883024690003,10.1859509183627
125,2019,108.53308718034,10.1739158602048
126,2019,110.166249739606,10.1654835848187
127,2019,111.780402907597,10.1597946548506
128,2019,113.373437224107,10.1558838972585
129,2019,114.943243228931,10.1527017369752
130,2019,116.487711461864,10.149137371811
131,2019,118.004732462701,10.1440434770397
132,2019,119.492196771237,10.1362622523612
133,2019,120.947994927266,10.124652776784
134,2019,122.370017470584,10.1081198105327
135,2019,123.756154940984,10.0856443707756
136,2019,125.104297878263,10.0563166047868
137,2019,126.412336822215,10.0193716860627
138,2019,127.678277922524,9.97430122518698
139,2019,128.901471293839,9.92163781884035
140,2019,130.082134124979,9.86261254920974
141,2019,131.220498056001,9.79857298296935
142,2019,132.316794726961,9.73093155393993
143,2019,133.371255777914,9.66112497461313
144,2019,134.384112848916,9.5905751083569
145,2019,135.355597580022,9.52065109868023
146,2019,136.28594161129,9.45263286965427
147,2019,137.175376582774,9.38767641660786
148,2019,138.024134134531,9.32678157736223
149,2019,138.832445906616,9.27076318600658
150,2019,139.600543539085,9.220226637444
151,2019,140.328658671995,9.17554891043892
152,2019,141.0170229454,9.13686599931238
153,2019,141.665867999357,9.10406749511187
154,2019,142.275425473921,9.07679875914514
155,2019,142.845927009149,9.05447078422601
156,2019,143.377604245096,9.03627749094017
157,2019,143.870688821818,9.02121990846089
158,2019,144.325412379371,9.00813648548454
159,2019,144.742006557811,8.9957386961907
160,2019,145.120702997194,8.98265116094741
161,2019,145.461733337575,8.96745568757018
162,2019,145.765329219011,8.9487389398442
163,2019,146.031722281556,8.92514383266028
164,2019,146.261144165268,8.89542521292888
165,2019,146.453836773108,8.85853438239246
166,2019,146.610353262737,8.81436955662481
167,2019,146.731606634962,8.7638962560896
168,2019,146.818529935328,8.70831476442335
169,2019,146.872056209381,8.64895354097235
170,2019,146.893118502666,8.58721272015532
171,2019,146.882649860728,8.52451091217494
172,2019,146.841583329113,8.4622348000108
173,2019,146.770851953365,8.40169149823305
174,2019,146.67138877903,8.344064095856
175,2019,146.544126851654,8.29037121175176
176,2019,146.38999921678,8.24143170551357
177,2019,146.209938919956,8.19783586832479
178,2019,146.004879006726,8.15992443646622
179,2019,145.775752522635,8.12777661350636
180,2019,145.523492513229,8.10120797212969
181,2019,145.249032024052,8.07977867815734
182,2019,144.953304100651,8.06281200625116
183,2019,144.63724178857,8.04942267901874
184,2019,144.301778133355,8.03855423447513
185,2019,143.947846180551,8.02902446818336
186,2019,143.576378975703,8.01957803521634
187,2019,143.188309564356,8.00894553278942
188,2019,142.784570992057,7.99590879065783
189,2019,142.366096304349,7.97937262817022
190,2019,141.933818546778,7.95844393649948
191,2019,141.488670769669,7.93251995682124
192,2019,141.031590782394,7.9017841379635
193,2019,140.563530083767,7.86791678170448
194,2019,140.085442619018,7.83294301647964
195,2019,139.598282333382,7.7988909019257
196,2019,139.103003172088,7.76767642815812
197,2019,138.600559080369,7.74099879922261
198,2019,138.091904003458,7.72024818469905
199,2019,137.577991886586,7.70642912322777
200,2019,137.059776674985,7.70010311001953
201,2019,136.538212313888,7.70135350774183
202,2019,136.014252748526,7.70977484349563
203,2019,135.488851924131,7.72448701133836
204,2019,134.962963785935,7.74417322809419
205,2019,134.437542279171,7.76713916357558
206,2019,133.913541349069,7.79138979502735
207,2019,133.391914940863,7.8147203935103
208,2019,132.873616999785,7.83481865349474
209,2019,132.359601471065,7.84937621588629
210,2019,131.850728318217,7.85632345383924
211,2019,131.346764967256,7.85519073815899
212,2019,130.8467739813,7.84676178986444
213,2019,130.349806175749,7.83218071458588
214,2019,129.854912366006,7.81284805812362
215,2019,129.361143367471,7.79033926063931
216,2019,128.867549995546,7.76632917171796
217,2019,128.373183065632,7.74252096451091
218,2019,127.877093393132,7.720578605008
219,2019,127.378331793445,7.70206286438392
220,2019,126.875949081974,7.68837164413527
221,2019,126.36899607412,7.68068603719501
222,2019,125.856523585285,7.67992398805226
223,2019,125.33758243087,7.68670356621486
224,2019,124.811223426276,7.70131768866322
225,2019,124.276497386905,7.72372163035745
226,2019,123.732455128158,7.75353392121455
227,2019,123.178147465437,7.79005036926923
228,2019,122.612625214142,7.83227012469944
229,2019,122.034939189677,7.87893205030884
230,2019,121.444140207441,7.92855929187696
231,2019,120.839279082836,7.97950988816012
232,2019,120.219406631265,8.03003150785566
233,2019,119.583573992073,8.07831914166608
234,2019,118.931154954598,8.12283869162683
235,2019,118.262451412816,8.16295435343881
236,2019,117.577931120939,8.19841431196816
237,2019,116.87806183318,8.22919335454537
238,2019,116.163311303749,8.25546120061958
239,2019,115.434147286859,8.2775542697548
240,2019,114.691037536721,8.2959503570694
241,2019,113.934449807548,8.31124566722704
242,2019,113.164851853552,8.32413368235807
243,2019,112.382711428944,8.33538539049532
244,2019,111.588496287936,8.34583047013651
245,2019,110.782674184741,8.3563391081798
246,2019,109.96571287357,8.36780421955843
247,2019,109.138080108635,8.38112393491932
248,2019,108.300243644147,8.39718432475513
249,2019,107.45267123432,8.41684243055299
250,2019,106.595830633364,8.44090977044579
251,2019,105.730189595492,8.47013657198348
252,2019,104.856215874916,8.5051970507362
253,2019,103.974377225847,8.54667609350672
254,2019,103.085141402498,8.59505771341297
255,2019,102.188976159079,8.65071561809483
256,2019,101.286349249804,8.71390617247597
257,2019,100.377728428885,8.78476394853654
258,2019,99.4635814505319,8.8632999447769
259,2019,98.5443760689581,8.94940243849906
260,2019,97.6205800383752,9.0428403168289
261,2019,96.6926611129951,9.14326862900655
262,2019,95.7610870470296,9.25023602204902
263,2019,94.8263255946908,9.36319367018355
264,2019,93.8888445101904,9.48150528734226
265,2019,92.9491115477405,9.60445781975936
266,2019,92.0075944615528,9.73127244775431
267,2019,91.0647610058395,9.8611155758206
268,2019,90.1210789348122,9.99310955127786
269,2019,89.1770160026831,10.1263429174748
270,2019,88.2330399636638,10.2598800724062
271,2019,87.2896185719665,10.3927702636118
272,2019,86.3472195818029,10.5240559028376
273,2019,85.406310747385,10.6527802280179
274,2019,84.4673598229248,10.777994375622
275,2019,83.530834562634,10.8987639540711
276,2019,82.5971971932791,11.0141847014376
277,2019,81.6667423045682,11.1236716993421
278,2019,80.7395706801509,11.2270322232249
279,2019,79.815772307885,11.3241581431146
280,2019,78.8954371756284,11.4149999413252
281,2019,77.9786552712386,11.4995598472931
282,2019,77.0655165825735,11.5778858226418
283,2019,76.1561110974908,11.6500662823235
284,2019,75.2505288038483,11.7162254497686
285,2019,74.3488596895036,11.7765192555938
286,2019,73.4511937423147,11.8311317002152
287,2019,72.5576209501391,11.880271610508
288,2019,71.6682313008347,11.9241697294251
289,2019,70.7831147822591,11.9630760852391
290,2019,69.9023613822703,11.9972575939077
291,2019,69.0260610887259,12.0269958540571
292,2019,68.1543038894835,12.0525850993532
293,2019,67.2871797724011,12.0743302776797
294,2019,66.4247787253363,12.0925452306766
295,2019,65.5671907361469,12.1075509508987
296,2019,64.7145057926907,12.1196738972181
297,2019,63.8668138828253,12.1292443521895
298,2019,63.0242049944085,12.1365948079863
299,2019,62.1867691152982,12.1420583702498
300,2019,61.354596233352,12.1459671718141
301,2019,60.5277763364276,12.1486507908008
302,2019,59.7063994123829,12.1504346700453
303,2019,58.8905554490756,12.151638537218
304,2019,58.0803344343633,12.1525748273349
305,2019,57.275826356104,12.1535471116053
306,2019,56.4771212021552,12.154848538696
307,2019,55.6843089603749,12.1567602964824
308,2019,54.8974796186206,12.1595501041592
309,2019,54.1167231647502,12.163470746142
310,2019,53.3421295866215,12.1687586604734
311,2019,52.573788872092,12.1756325953895
312,2019,51.8117910090197,12.1842923482724
313,2019,51.0562259852622,12.1949176013745
314,2019,50.3071837886774,12.207666868424
315,2019,49.5647544071229,12.2226765655037
316,2019,48.8290278284566,12.2400602184463
317,2019,48.100094040536,12.2599078174255
318,2019,47.3780430312191,12.2822853274974
319,2019,46.6629647883634,12.3072343616144
320,2019,45.9549492998269,12.3347720201694
321,2019,45.2540865534672,12.3648908985149
322,2019,44.5604665371421,12.3975592612416
323,2019,43.8741792387093,12.4327213793684
324,2019,43.1953146460267,12.4702980241075
325,2019,42.5239627469518,12.5101871085847
326,2019,41.8602135293425,12.5522644669044
327,2019,41.2041569810566,12.5963847583033
328,2019,40.5558830899518,12.6423824828762
329,2019,39.9154818438857,12.6900730945076
330,2019,39.2830432307163,12.7392541962091
331,2019,38.6586572383012,12.7897068030317
332,2019,38.0424138544981,12.8411966580724
333,2019,37.4344030671648,12.8934755877859
334,2019,36.8347148641592,12.9462828838018
335,2019,36.2434392333388,12.9993466996815
336,2019,35.6606661625615,13.0523854524828
337,2019,35.086485639685,13.1051092205685
338,2019,34.5209876525671,13.1572211307629
339,2019,33.9642621890654,13.2084187296782
340,2019,33.4163992370378,13.2583953357584
341,2019,32.8774887843421,13.306841370306
342,2019,32.3476208188358,13.3534456674281
343,2019,31.8268853283769,13.3978967644647
344,2019,31.3153723008231,13.4398841760231
345,2019,30.8131717240319,13.4790996562497
346,2019,30.3203735858614,13.515238455423
347,2019,29.8370678741691,13.5480005783632
348,2019,29.3633445768129,13.5770920535463
349,2019,28.8992936816505,13.6022262231927
350,2019,28.4450051765396,13.6231250660117
351,2019,28.000569049338,13.6395205657351
352,2019,27.5660752879034,13.6511561401043
353,2019,27.1416138800936,13.6577881466121
354,2019,26.7272748137664,13.6591874830701
355,2019,26.3231480767794,13.6551413030125
356,2019,25.9293236569904,13.6454548680778
357,2019,25.5458915422572,13.6299535618631
358,2019,25.1729417204375,13.6084850923404
359,2019,24.8105641793891,13.5809219127681
360,2019,24.4588489069697,13.5471638941341
361,2019,24.1178858910371,13.5071412854931
362,2019,23.787765119449,13.4608180020804
363,2019,23.4685765800631,13.4081952846942
364,2019,23.1604102607372,13.3493157774038
365,2019,22.8633694411564,13.2843510959244
1,2020,21.2793582493761,13.9606360625312
2,2020,20.9383952334435,13.9216005361359
3,2020,20.6082744618554,13.8764146845689
4,2020,20.2890859224695,13.8250826591697
5,2020,19.9809196031437,13.7676492124976
6,2020,19.6838787835628,13.7042848604824
7,2020,19.3981199107211,13.6355223838759
8,2020,19.1238127234398,13.5619970274505
9,2020,18.8611269605404,13.4843600650674
10,2020,18.6102323608441,13.4032753730115
11,2020,18.3712986631723,13.3194159359379
12,2020,18.1444956063464,13.2334602427722
13,2020,17.9299929291876,13.1460885369447
14,2020,17.7279603705175,13.0579788932579
15,2020,17.5385676691572,12.9698031026938
16,2020,17.3619845639281,12.8822223567081
17,2020,17.1983807936517,12.7958827340772
18,2020,17.0479260971493,12.7114105061026
19,2020,16.9107902132421,12.6294072897334
20,2020,16.7871428807516,12.5504450925784
21,2020,16.6771538384991,12.4750613083372
22,2020,16.5809928253059,12.4037537351958
23,2020,16.4988295799935,12.3369757024181
24,2020,16.4308338413831,12.2751314008244
25,2020,16.3771753482961,12.2185715201895
26,2020,16.3380238395539,12.1675892999883
27,2020,16.3135490539778,12.1224170986999
28,2020,16.3039207303891,12.0832235806539
29,2020,16.3093086076092,12.0501116080859
30,2020,16.3298824244595,12.0231169099859
31,2020,16.3658119197612,12.002207579181
32,2020,16.4172668323359,11.9872844259549
33,2020,16.4844169010047,11.9781821917332
34,2020,16.5674318645891,11.9746716014589
35,2020,16.6664814619104,11.9764622097866
36,2020,16.7817354317899,11.9832059755692
37,2020,16.913363513049,11.9945014824532
38,2020,17.0615354445091,12.0098987116011
39,2020,17.2264209649915,12.0289042660434
40,2020,17.4081898133175,12.050986944991
41,2020,17.6070117283085,12.0755835702878
42,2020,17.8230564487859,12.1021049754627
43,2020,18.056493713571,12.1299420797275
44,2020,18.3074932614852,12.1584719838912
45,2020,18.5762248313497,12.1870640415834
46,2020,18.8628581619859,12.2150858765878
47,2020,19.1675629922153,12.2419093347508
48,2020,19.4905090608592,12.2669163763052
49,2020,19.8318661067388,12.2895049311496
50,2020,20.1918038686756,12.3090947554251
51,2020,20.5704920854909,12.3251333425613
52,2020,20.968100496006,12.3371019558424
53,2020,21.3847988390423,12.3445218625845
54,2020,21.8207568534212,12.3469608623312
55,2020,22.2761442779639,12.3440402131832
56,2020,22.7511307022033,12.335443174286
57,2020,23.2458614749347,12.3210996443643
58,2020,23.7604311121831,12.3013781149618
59,2020,24.2949277292245,12.2767458863345
60,2020,24.8494394413348,12.2477129229323
61,2020,25.4240543637903,12.2148237195554
62,2020,26.0188606118667,12.1786495675438
63,2020,26.6339463008402,12.1397811246268
64,2020,27.2693995459867,12.0988212102143
65,2020,27.9253084625824,12.0563777664255
66,2020,28.6017611659031,12.0130569440144
67,2020,29.298845771225,11.9694562914764
68,2020,30.0166503938239,11.9261580448391
69,2020,30.755263148976,11.8837225346289
70,2020,31.5147721519573,11.8426817448169
71,2020,32.2952655180438,11.803533075585
72,2020,33.0968313625114,11.7667333768165
73,2020,33.9195578006362,11.7326933315382
74,2020,34.7635329476942,11.7017722773573
75,2020,35.6288449189615,11.674273558563
76,2020,36.5155818297139,11.6504405014812
77,2020,37.4238317952277,11.6304531006117
78,2020,38.3536829307787,11.6144254930883
79,2020,39.305223351643,11.6024042844721
80,2020,40.2785411730966,11.5943677705809
81,2020,41.2737245104155,11.5902260790254
82,2020,42.2908614788757,11.5898222316785
83,2020,43.3300401937533,11.5929341068863
84,2020,44.3913487703242,11.5992772592727
85,2020,45.4748753238645,11.6085085368258
86,2020,46.5807079696502,11.6202304206713
87,2020,47.7089348229572,11.6339960033297
88,2020,48.8596439990617,11.6493145167434
89,2020,50.0329236132397,11.6656573220423
90,2020,51.228861780767,11.6824642786484
91,2020,52.4475466169198,11.6991504204199
92,2020,53.6890662369741,11.7151128804541
93,2020,54.9535087562058,11.7297380231617
94,2020,56.2409622898911,11.7424087615731
95,2020,57.5515149533059,11.7525120588512
96,2020,58.8852548617261,11.759446635137
97,2020,60.242270130428,11.7626309237065
98,2020,61.6226488746874,11.7615113437187
99,2020,63.0264792097804,11.755570980415
100,2020,64.4538492509829,11.744338787429
101,2020,65.9048471135711,11.7273994498121
102,2020,67.3795609128208,11.7044040703253
103,2020,68.8780787640082,11.6750818651286
104,2020,70.4004887824092,11.6392530774666
105,2020,71.9468790832999,11.5968433379056
106,2020,73.5173056272167,11.5479127679399
107,2020,75.1108491817356,11.4930432333306
108,2020,76.7254630888772,11.4333460492644
109,2020,78.3590378884364,11.3699857085766
110,2020,80.0094641202078,11.3041329020335
111,2020,81.6746323239864,11.2369441325736
112,2020,83.352433039567,11.169541693652
113,2020,85.0407568067444,11.1029940407871
114,2020,86.7374941653135,11.0382966980427
115,2020,88.4405356550691,10.9763539462895
116,2020,90.147771815806,10.9179616313686
117,2020,91.8570931873191,10.8637915005054
118,2020,93.5663903094032,10.8143775173323
119,2020,95.2735537218531,10.7701046137875
120,2020,96.9764739644638,10.7312003076734
121,2020,98.6730415770299,10.6977295481377
122,2020,100.361147099346,10.669593052439
123,2020,102.038681071208,10.6465292749002
124,2020,103.70353403241,10.6281200151168
125,2020,105.353596522746,10.6137995412875
126,2020,106.986759082012,10.6028669899289
127,2020,108.600912250003,10.5945017172917
128,2020,110.193946566513,10.5877812291821
129,2020,111.763752571337,10.5817013091188
130,2020,113.30822080427,10.5751980001318
131,2020,114.825241805107,10.5671711698385
132,2020,116.312706113643,10.5565094961205
133,2020,117.768504269672,10.5421168451131
134,2020,119.19052681299,10.5229401676732
135,2020,120.576664283391,10.4979992092418
136,2020,121.92480722067,10.4664185062914
137,2020,123.232846164621,10.4274623261316
138,2020,124.49878726493,10.3806423628751
139,2020,125.721980636245,10.3264741125781
140,2020,126.902643467386,10.2661467599783
141,2020,128.041007398408,10.200961899591
142,2020,129.137304069367,10.1322834059331
143,2020,130.19176512032,10.0614980290547
144,2020,131.204622191322,9.98997753726163
145,2020,132.176106922429,9.91904223569782
146,2020,133.106450953696,9.84992597532505
147,2020,133.995885925181,9.78374303895534
148,2020,134.844643476937,9.72145753068381
149,2020,135.652955249023,9.66385608046548
150,2020,136.421052881492,9.61152478484814
151,2020,137.149168014401,9.56483132066693
152,2020,137.837532287806,9.52391308278128
153,2020,138.486377341763,9.48867201480227
154,2020,139.095934816328,9.45877654307279
155,2020,139.666436351555,9.43367072198308
156,2020,140.198113587503,9.41259039462833
157,2020,140.691198164225,9.39458591017466
158,2020,141.145921721778,9.37855075593481
159,2020,141.562515900218,9.3632553846362
160,2020,141.941212339601,9.34738555804749
161,2020,142.282242679982,9.32958468546416
162,2020,142.585838561417,9.30849989707051
163,2020,142.852231623963,9.28283193884459
164,2020,143.081653507675,9.25138938587639
165,2020,143.274346115514,9.21317053810542
166,2020,143.430862605143,9.1680806126856
167,2020,143.552115977368,9.1170465832277
168,2020,143.639039277735,9.06122168303702
169,2020,143.692565551788,9.00188245232706
170,2020,143.713627845073,8.94037366800091
171,2020,143.703159203135,8.87805659981202
172,2020,143.662092671519,8.81626017317402
173,2020,143.591361295771,8.75623504282965
174,2020,143.491898121437,8.69911098882372
175,2020,143.36463619406,8.64585840336235
176,2020,143.210508559187,8.5972549078135
177,2020,143.030448262363,8.55385828908212
178,2020,142.825388349133,8.51598694933634
179,2020,142.596261865042,8.48370891563956
180,2020,142.344001855635,8.45684017276187
181,2020,142.069541366459,8.43495270374005
182,2020,141.773813443058,8.41739220818052
183,2020,141.457751130977,8.40330508632367
184,2020,141.122287475762,8.39167399212729
185,2020,140.768355522957,8.38136112008785
186,2020,140.396888318109,8.37115842397634
187,2020,140.008818906763,8.35984417168102
188,2020,139.605080334463,8.34624559724887
189,2020,139.186605646755,8.32930788053853
190,2020,138.754327889185,8.30817021590192
191,2020,138.309180112075,8.28225065866455
192,2020,137.852100124801,8.25172137130516
193,2020,137.384039426173,8.21818888467972
194,2020,136.905951961425,8.18358886410266
195,2020,136.418791675788,8.14985800646869
196,2020,135.923512514494,8.11882398048066
197,2020,135.421068422776,8.09210575309019
198,2020,134.912413345865,8.07102624055212
199,2020,134.398501228993,8.05654007941871
200,2020,133.880286017392,8.0491796001693
201,2020,133.358721656295,8.04902173649826
202,2020,132.834762090932,8.05567767127099
203,2020,132.309361266537,8.06830569174006
204,2020,131.783473128342,8.085646285954
205,2020,131.258051621577,8.10607727351174
206,2020,130.734050691476,8.12768599186448
207,2020,130.21242428327,8.14835541023163
208,2020,129.694126342191,8.16586154392496
209,2020,129.180110813471,8.17798061181882
210,2020,128.671237660623,8.18271628289045
211,2020,128.167274309663,8.17961934985886
212,2020,127.667283323706,8.1694531326853
213,2020,127.170315518156,8.15332911814759
214,2020,126.675421708412,8.13260673937433
215,2020,126.181652709877,8.10881463814162
216,2020,125.688059337952,8.08357775532618
217,2020,125.193692408039,8.05854876310671
218,2020,124.697602735538,8.03534308825662
219,2020,124.198841135852,8.01547752348078
220,2020,123.696458424381,8.00031312462366
221,2020,123.189505416527,7.99100367661883
222,2020,122.677032927692,7.98845140633584
223,2020,122.158091773276,7.99327176173562
224,2020,121.631732768682,8.00576892826387
225,2020,121.097006729311,8.02592332467409
226,2020,120.552964470564,8.05339167318028
227,2020,119.998656807843,8.08751947960112
228,2020,119.433134556549,8.12736501824304
229,2020,118.855448532083,8.17173331863787
230,2020,118.264649549847,8.21921828938067
231,2020,117.659788425243,8.26825103159576
232,2020,117.039915973671,8.31715258347066
233,2020,116.404083334479,8.36418998951281
234,2020,115.751664297004,8.40788426624337
235,2020,115.082960755223,8.44760800542854
236,2020,114.398440463346,8.48310306183493
237,2020,113.698571175586,8.51433173088967
238,2020,112.983820646155,8.54144621391433
239,2020,112.254656629265,8.56476120962962
240,2020,111.511546879128,8.58472917708641
241,2020,110.754959149955,8.60191779066025
242,2020,109.985361195959,8.6169891245045
243,2020,109.203220771351,8.63068014754677
244,2020,108.409005630343,8.6437841718049
245,2020,107.603183527148,8.65713297101031
246,2020,106.786222215976,8.67157936964304
247,2020,105.958589451041,8.68798019154794
248,2020,105.120752986554,8.7071795491374
249,2020,104.273180576726,8.72999254484422
250,2020,103.416339975771,8.75718954104286
251,2020,102.550698937899,8.78948122734868
252,2020,101.676725217322,8.82750476894545
253,2020,100.794886568253,8.87181135074728
254,2020,99.9056507449039,8.92285543554899
255,2020,99.0094855014858,8.98098602796768
256,2020,98.1068585922108,9.04644018104871
257,2020,97.198237771291,9.11933890327089
258,2020,96.2840907929383,9.19968552762664
259,2020,95.3648854113645,9.28736650081557
260,2020,94.4410893807816,9.38215444949006
261,2020,93.5131704554015,9.48371329141002
262,2020,92.581596389436,9.59160508986648
263,2020,91.6468349370972,9.70529830459594
264,2020,90.7093538525968,9.82417707325767
265,2020,89.7696208901469,9.94755116306149
266,2020,88.8281038039593,10.0746662586517
267,2020,87.8852703482459,10.2047142947362
268,2020,86.9415882772186,10.3368435944933
269,2020,85.9975253450895,10.4701686320221
270,2020,85.0535493060703,10.6037792943391
271,2020,84.1101279143729,10.7367495721417
272,2020,83.1677289242093,10.8681456564093
273,2020,82.2268200897915,10.9970334587483
274,2020,81.2878691653312,11.1224856069578
275,2020,80.3513439050404,11.2435879941099
276,2020,79.4177065356855,11.3594552508628
277,2020,78.4872516469746,11.4695139913295
278,2020,77.5600800225573,11.5735743045061
279,2020,76.6362816502915,11.6715288592903
280,2020,75.7159465180348,11.7633276074444
281,2020,74.799164613645,11.8489711579472
282,2020,73.8860259249799,11.9285049514743
283,2020,72.9766204398972,12.0020141299917
284,2020,72.0710381462547,12.0696190070941
285,2020,71.16936903191,12.1314710550838
286,2020,70.2717030847211,12.187749334508
287,2020,69.3781302925455,12.2386573007806
288,2020,68.4887406432411,12.2844199305311
289,2020,67.6036241246656,12.3252811174851
290,2020,66.7228707246767,12.3615012940158
291,2020,65.8465704311323,12.3933552401109
292,2020,64.9748132318899,12.4211300464558
293,2020,64.1076891148075,12.4451232027241
294,2020,63.2452880677427,12.465640786095
295,2020,62.3877000785534,12.4829957285439
296,2020,61.5350151350971,12.4975061446684
297,2020,60.6873232252317,12.5094937047686
298,2020,59.844714336815,12.5192820406604
299,2020,59.0072784577046,12.5271951743032
300,2020,58.1751055757584,12.5335559618058
301,2020,57.348285678834,12.5386845477619
302,2020,56.5269087547893,12.542896827171
303,2020,55.711064791482,12.5465029144259
304,2020,54.9008437767697,12.5498056209958
305,2020,54.0963356985104,12.5530989454736
306,2020,53.2976305445617,12.5566665815867
307,2020,52.5048183027813,12.5607804515407
308,2020,51.717988961027,12.5656992736511
309,2020,50.9372325071566,12.5716671745817
310,2020,50.1626389290279,12.5789123576004
311,2020,49.3942982144984,12.5876458390567
312,2020,48.6323003514261,12.5980602657338
313,2020,47.8767353276687,12.6103288258239
314,2020,47.1276931310839,12.6246042659769
315,2020,46.3852637495293,12.6410180262015
316,2020,45.649537170863,12.6596795033435
317,2020,44.9206033829424,12.6806754524676
318,2020,44.1985523736255,12.7040695337507
319,2020,43.4834741307698,12.7299020105264
320,2020,42.7754586422333,12.7581896019478
321,2020,42.0745958958736,12.7889254914468
322,2020,41.3809758795485,12.8220794898298
323,2020,40.6946885811158,12.8575983495497
324,2020,40.0158239884331,12.8954062245061
325,2020,39.3444720893583,12.935405267718
326,2020,38.680722871749,12.9774763574572
327,2020,38.0246663234631,13.0214799409634
328,2020,37.3763924323582,13.0672569837315
329,2020,36.7359911862922,13.1146300115804
330,2020,36.1035525731227,13.1634042322906
331,2020,35.4791665807076,13.2133687235324
332,2020,34.8629231969046,13.2642976740668
333,2020,34.2549124095712,13.3159516657711
334,2020,33.6552242065656,13.3680789848763
335,2020,33.0639485757453,13.4204169518626
336,2020,32.4811755049679,13.4726932607016
337,2020,31.9069949820914,13.5246273195138
338,2020,31.3414969949735,13.5759315861873
339,2020,30.7847715314719,13.6263128940365
340,2020,30.2369085794443,13.6754737641427
341,2020,29.6979981267485,13.7231137025784
342,2020,29.1681301612423,13.7689304822584
343,2020,28.6473946707833,13.8126214106648
344,2020,28.1358816432295,13.8538845861585
345,2020,27.6336810664384,13.8924201470106
346,2020,27.1408829282678,13.9279315186698
347,2020,26.6575772165756,13.9601266661333
348,2020,26.1838539192194,13.9887193596252
349,2020,25.7198030240569,14.0134304631238
350,2020,25.2655145189461,14.0339892566329
351,2020,24.8210783917445,14.0501348044949
352,2020,24.3865846303098,14.0616173835065
353,2020,23.9621232225,14.0681999861568
354,2020,23.5477841561728,14.0696599159803
355,2020,23.1436574191858,14.0657904938371
356,2020,22.7498329993969,14.056402895912
357,2020,22.3664008846636,14.0413281463918
358,2020,21.993451062844,14.0204192901491
359,2020,21.6310735217955,13.9935537733323
360,2020,21.2793582493761,13.9606360625312
361,2020,20.9383952334435,13.9216005361359
362,2020,20.6082744618554,13.8764146845689
363,2020,20.2890859224695,13.8250826591697
364,2020,19.9809196031437,13.7676492124976
365,2020,19.6838787835628,13.7042848604824
1,2021,18.099809606184,14.407768229852
2,2021,17.7588465902514,14.3697521252541
3,2021,17.4287258186633,14.3257414880273
4,2021,17.1095372792774,14.2757432195997
5,2021,16.8013709599515,14.2198039723484
6,2021,16.5043301403707,14.1580928479775
7,2021,16.218571267529,14.0911309902594
8,2021,15.9442640802477,14.019538823625
9,2021,15.6815783173483,13.9439519077975
10,2021,15.430683717652,13.8650174838322
11,2021,15.1917500199802,13.783390966759
12,2021,14.9649469631542,13.6997323467179
13,2021,14.7504442859955,13.6147024674794
14,2021,14.5484117273253,13.5289591589964
15,2021,14.359019025965,13.4431532092965
16,2021,14.182435920736,13.3579241706915
17,2021,14.0188321504596,13.2738960059516
18,2021,13.8683774539571,13.1916725916815
19,2021,13.7312415700499,13.1118331084399
20,2021,13.6075942375595,13.0349273598075
21,2021,13.4976051953069,12.9614710751876
22,2021,13.4014441821138,12.8919412630213
23,2021,13.3192809368014,12.826771691633
24,2021,13.251285198191,12.7663485833865
25,2021,13.197626705104,12.7110066134765
26,2021,13.1584751963617,12.6610253068826
27,2021,13.1340004107856,12.6166259252599
28,2021,13.1243720871969,12.5779689295539
29,2021,13.1297599644171,12.5451520939078
30,2021,13.1503337812673,12.5182093322692
31,2021,13.1862632765691,12.4971102816307
32,2021,13.2377181891437,12.4817606659406
33,2021,13.3048682578126,12.4720034435164
34,2021,13.3878832213969,12.4676207195218
35,2021,13.4869328187182,12.4683363849857
36,2021,13.6021867885977,12.4738194261109
37,2021,13.7338148698569,12.4836878332101
38,2021,13.881986801317,12.4975130282289
39,2021,14.0468723217993,12.5148247238494
40,2021,14.2286411701254,12.5351161257102
41,2021,14.4274630851164,12.5578493920916
42,2021,14.6435078055938,12.582461272066
43,2021,14.8769450703789,12.6083688529599
44,2021,15.127944618293,12.634975360309
45,2021,15.3966761881576,12.661675967565
46,2021,15.6833095187938,12.6878635879341
47,2021,15.9880143490232,12.7129346362822
48,2021,16.3109604176671,12.7362947645461
49,2021,16.6523174635467,12.7573645891708
50,2021,17.0122552254835,12.7755854435407
51,2021,17.3909434422987,12.7904252020553
52,2021,17.7885518528138,12.80138423541
53,2021,18.2052501958502,12.8080015688053
54,2021,18.641208210229,12.8098613262926
55,2021,19.0965956347718,12.806599555296
56,2021,19.5715820590112,12.7979125904365
57,2021,20.0663128317426,12.7837338345929
58,2021,20.5808824689909,12.7644173209904
59,2021,21.1153790860323,12.7404124368927
60,2021,21.6698907981427,12.7122099817757
61,2021,22.2445057205981,12.6803341575366
62,2021,22.8393119686746,12.6453349504327
63,2021,23.4543976576481,12.6077808181559
64,2021,24.0898509027946,12.5682516122213
65,2021,24.7457598193902,12.5273316829557
66,2021,25.422212522711,12.4856031317539
67,2021,26.1192971280328,12.4436391927844
68,2021,26.8371017506318,12.401997743774
69,2021,27.5757145057839,12.3612149625635
70,2021,28.3352235087652,12.3217991623828
71,2021,29.1157168748516,12.2842248537114
72,2021,29.9172827193192,12.2489270935701
73,2021,30.7400091574441,12.2162961934843
74,2021,31.5839843045021,12.1866728645485
75,2021,32.4492962757693,12.1603438814679
76,2021,33.3360331865218,12.13753834677
77,2021,34.2442831520356,12.1184246313942
78,2021,35.1741342875866,12.1031080586816
79,2021,36.1256747084509,12.0916293857758
80,2021,37.0989925299045,12.0839641202912
81,2021,38.0941758672233,12.0800226917185
82,2021,39.1113128356836,12.0796514775395
83,2021,40.1504915505612,12.082634664615
84,2021,41.2118001271321,12.0886969083048
85,2021,42.2953266806724,12.0975067360801
86,2021,43.4011593264581,12.1086806300235
87,2021,44.5293861797651,12.1217877142366
88,2021,45.6800953558697,12.1363549691843
89,2021,46.8533749700476,12.1518728954848
90,2021,48.0493131375749,12.1678015544371
91,2021,49.2679979737277,12.1835769212947
92,2021,50.509517593782,12.1986174994098
93,2021,51.7739601130138,12.2123311582975
94,2021,53.061413646699,12.224122175784
95,2021,54.3719663101138,12.2333984831462
96,2021,55.705706218534,12.2395791320383
97,2021,57.0627214872359,12.2421020226549
98,2021,58.4431002314953,12.2404319537369
99,2021,59.8469305665883,12.2340690765082
100,2021,61.2743006077908,12.2225578563203
101,2021,62.725298470379,12.2054966675596
102,2021,64.2000122696287,12.1825481690367
103,2021,65.6985301208161,12.1534506282245
104,2021,67.2209401392171,12.1180303826064
105,2021,68.7673304401078,12.0762156437267
106,2021,70.3377569840246,12.0280644543951
107,2021,71.9313005385436,11.9741380196488
108,2021,73.5459144456852,11.9155076603856
109,2021,75.1794892452443,11.8532949954639
110,2021,76.8299154770157,11.7886264278506
111,2021,78.4950836807943,11.7226133910023
112,2021,80.1728843963749,11.6563330615843
113,2021,81.8612081635523,11.5908095711763
114,2021,83.5579455221214,11.5269958495138
115,2021,85.260987011877,11.4657563236339
116,2021,86.9682231726139,11.4078507756953
117,2021,88.677544544127,11.3539197212817
118,2021,90.3868416662111,11.3044717039788
119,2021,92.0940050786611,11.2598729064203
120,2021,93.7969253212717,11.2203394505487
121,2021,95.4934929338378,11.1859327012364
122,2021,97.1815984561542,11.1565578018679
123,2021,98.8591324280159,11.1319655654836
124,2021,100.523985389218,11.1117577308096
125,2021,102.174047879554,11.0953954805264
126,2021,103.80721043882,11.08221102106
127,2021,105.421363606811,11.0714219490826
128,2021,107.014397923321,11.0621480872291
129,2021,108.584203928145,11.0534304643832
130,2021,110.128672161078,11.0442521449908
131,2021,111.645693161915,11.0335606750528
132,2021,113.133157470451,11.0202920054729
133,2021,114.58895562648,11.0033958709767
134,2021,116.010978169798,10.9818627393672
135,2021,117.397115640199,10.9547525963711
136,2021,118.745258577478,10.921225991292
137,2021,120.053297521429,10.8805779338393
138,2021,121.319238621738,10.8323416945143
139,2021,122.542431993053,10.7770159859126
140,2021,123.723094824194,10.7157474354302
141,2021,124.861458755216,10.6497906517166
142,2021,125.957755426175,10.580459646332
143,2021,127.012216477128,10.5090896648104
144,2021,128.02507354813,10.4370006470604
145,2021,128.996558279237,10.3654621770569
146,2021,129.926902310504,10.2956600370524
147,2021,130.816337281989,10.2286647221915
148,2021,131.665094833745,10.1654024810945
149,2021,132.47340660583,10.1066296081847
150,2021,133.2415042383,10.0529108062884
151,2021,133.969619371209,10.0046024494915
152,2021,134.657983644614,9.96184150047392
153,2021,135.306828698571,9.92454067856903
154,2021,135.916386173135,9.89239025169103
155,2021,136.486887708363,9.86486656490607
156,2021,137.01856494431,9.84124715571016
157,2021,137.511649521033,9.82063207755659
158,2021,137.966373078586,9.80197089120668
159,2021,138.382967257026,9.7840947114895
160,2021,138.761663696408,9.76575272694336
161,2021,139.10269403679,9.74565274186374
162,2021,139.406289918225,9.72250551525739
163,2021,139.672682980771,9.69507297356158
164,2021,139.902104864482,9.66222073499705
165,2021,140.094797472322,9.6229970771826
166,2021,140.251313961951,9.5773152962389
167,2021,140.372567334176,9.52606252490808
168,2021,140.459490634543,9.47034276265238
169,2021,140.513016908596,9.41137782683205
170,2021,140.53407920188,9.35045390390575
171,2021,140.523610559943,9.28887145097706
172,2021,140.482544028327,9.2278981086351
173,2021,140.411812652579,9.16872466283593
174,2021,140.312349478244,9.1124244512899
175,2021,140.185087550868,9.05991691845848
176,2021,140.030959915995,9.01193625166639
177,2021,139.850899619171,8.96900615101137
178,2021,139.64583970594,8.93142177897001
179,2021,139.41671322185,8.89923979848347
180,2021,139.164453212443,8.87227715691241
181,2021,138.889992723267,8.85011894324504
182,2021,138.594264799865,8.83213528817431
183,2021,138.278202487785,8.81750694876563
184,2021,137.942738832569,8.80525897557024
185,2021,137.588806879765,8.79430174146009
186,2021,137.217339674917,8.78347864035906
187,2021,136.829270263571,8.77161994172804
188,2021,136.425531691271,8.75760259559179
189,2021,136.007057003563,8.74041619069124
190,2021,135.574779245993,8.71923573106376
191,2021,135.129631468883,8.69350273737279
192,2021,134.672551481608,8.66337828120312
193,2021,134.204490782981,8.63039055547179
194,2021,133.726403318233,8.5963800275453
195,2021,133.239243032596,8.56318621887627
196,2021,132.743963871302,8.53254294109254
197,2021,132.241519779584,8.50598396128794
198,2021,131.732864702672,8.48476079198328
199,2021,131.218952585801,8.46977502198257
200,2021,130.7007373742,8.46152783485907
201,2021,130.179173013102,8.46008905373023
202,2021,129.65521344774,8.46508725605457
203,2021,129.129812623345,8.47572137715507
204,2021,128.603924485149,8.49079300082862
205,2021,128.078502978385,8.50875747904335
206,2021,127.554502048284,8.52779135229749
207,2021,127.032875640078,8.54587339449689
208,2021,126.514577698999,8.56087701481462
209,2021,126.000562170279,8.57067265803175
210,2021,125.491689017431,8.57334650080461
211,2021,124.98772566647,8.56847213009398
212,2021,124.487734680514,8.55678929281703
213,2021,123.990766874964,8.53937205894789
214,2021,123.49587306522,8.51753264656216
215,2021,123.002104066685,8.49274574422998
216,2021,122.50851069476,8.46657843140181
217,2021,122.014143764847,8.44062439272833
218,2021,121.518054092346,8.41644177396877
219,2021,121.019292492659,8.39549468748969
220,2021,120.516909781189,8.37909899163674
221,2021,120.009956773335,8.36837348063967
222,2021,119.4974842845,8.36419796782457
223,2021,118.978543130084,8.36717987144223
224,2021,118.45218412549,8.37763079009131
225,2021,117.917458086119,8.3955541914022
226,2021,117.373415827372,8.42064478406608
227,2021,116.819108164651,8.45229948746975
228,2021,116.253585913357,8.48963926392163
229,2021,115.675899888891,8.53154054225294
230,2021,115.085100906655,8.57667462042591
231,2021,114.480239782051,8.62355333149995
232,2021,113.860367330479,8.67057939238201
233,2021,113.224534691287,8.7161004178015
234,2021,112.572115653812,8.75869999126315
235,2021,111.903412112031,8.79776318366108
236,2021,111.218891820154,8.83302766187516
237,2021,110.519022532394,8.86444401286874
238,2021,109.804272002963,8.89214655977722
239,2021,109.075107986073,8.91642697979939
240,2021,108.331998235936,8.93771034443689
241,2021,107.575410506763,8.95653317332804
242,2021,106.805812552766,8.97352310281285
243,2021,106.023672128158,8.98937980637929
244,2021,105.229456987151,9.00485685778556
245,2021,104.423634883955,9.02074429340583
246,2021,103.606673572784,9.03785170434448
247,2021,102.779040807849,9.05699176789697
248,2021,101.941204343362,9.07896420872821
249,2021,101.093631933534,9.1045402589176
250,2021,100.236791332579,9.13444775836491
251,2021,99.3711502947066,9.1693570980517
252,2021,98.4971765741302,9.20986825332411
253,2021,97.6153379250613,9.25649917827983
254,2021,96.7261021017118,9.30967583237222
255,2021,95.8299368582937,9.3697240853357
256,2021,94.9273099490187,9.43686369778808
257,2021,94.018689128099,9.51120450625444
258,2021,93.1045421497462,9.59274485903088
259,2021,92.1853367681724,9.68137226097137
260,2021,91.2615407375895,9.77686609920502
261,2021,90.3336218122094,9.87890224570158
262,2021,89.4020477462439,9.9870592727041
263,2021,88.4672862939051,10.1008259773346
264,2021,87.5298052094047,10.2196098936489
265,2021,86.5900722469548,10.3427464731971
266,2021,85.6485551607672,10.4695086359405
267,2021,84.7057217050538,10.5991164281368
268,2021,83.7620396340266,10.73074656792
269,2021,82.8179767018974,10.8635417082427
270,2021,81.8740006628782,10.9966192966665
271,2021,80.9305792711808,11.129079959056
272,2021,79.9881802810172,11.2600153774384
273,2021,79.0472714465994,11.3885156699175
274,2021,78.1083205221391,11.5136763121996
275,2021,77.1717952618483,11.6346046662418
276,2021,76.2381578924934,11.7504352483914
277,2021,75.3077030037825,11.8606063312143
278,2021,74.3805313793652,11.9649300076605
279,2021,73.4567330070994,12.0632988140102
280,2021,72.5363978748427,12.1556611860647
281,2021,71.6196159704529,12.2420150908461
282,2021,70.7064772817878,12.3224024050111
283,2021,69.7970717967051,12.39690394469
284,2021,68.8914895030626,12.4656350605969
285,2021,67.9898203887179,12.5287417212818
286,2021,67.092154441529,12.5863970159889
287,2021,66.1985816493534,12.6387980165265
288,2021,65.309192000049,12.6861629447884
289,2021,64.4240754814735,12.7287285990668
290,2021,63.5433220814846,12.7667479981075
291,2021,62.6670217879402,12.8004882070287
292,2021,61.7952645886978,12.8302283138273
293,2021,60.9281404716154,12.85625752931
294,2021,60.0657394245506,12.8788733869669
295,2021,59.2081514353613,12.8983800226447
296,2021,58.355466491905,12.9150865169118
297,2021,57.5077745820396,12.9293052858173
298,2021,56.6651656936229,12.9413505083512
299,2021,55.8277298145125,12.9515365813801
300,2021,54.9955569325663,12.9601765951652
301,2021,54.168737035642,12.9675808248038
302,2021,53.3473601115972,12.9740552350781
303,2021,52.5315161482899,12.9798999982497
304,2021,51.7212951335777,12.9854080262963
305,2021,50.9167870553183,12.9908635209457
306,2021,50.1180819013696,12.996540546584
307,2021,49.3252696595892,13.0027016326983
308,2021,48.5384403178349,13.0095964139028
309,2021,47.7576838639645,13.0174603167867
310,2021,46.9830902858358,13.0265133037535
311,2021,46.2147495713064,13.0369586846878
312,2021,45.452751708234,13.048982007644
313,2021,44.6971866844766,13.0627500397907
314,2021,43.9481444878918,13.078409849551
315,2021,43.2057151063372,13.0960880002544
316,2021,42.4699885276709,13.115889864663
317,2021,41.7410547397503,13.1378990684904
318,2021,41.0190037304334,13.1621770695139
319,2021,40.3039254875777,13.1887628771472
320,2021,39.5959099990412,13.2176729154429
321,2021,38.8950472526815,13.2489010304878
322,2021,38.2014272363564,13.2824186411184
323,2021,37.5151399379236,13.3181750298693
324,2021,36.836275345241,13.3560977691558
325,2021,36.1649234461661,13.3960932759297
326,2021,35.5011742285569,13.4380474864994
327,2021,34.8451176802709,13.4818266419016
328,2021,34.1968437891661,13.5272781731973
329,2021,33.5564425431,13.5742316753479
330,2021,32.9240039299306,13.6224999579206
331,2021,32.2996179375155,13.6718801607744
332,2021,31.6833745537124,13.7221549230654
333,2021,31.0753637663791,13.7730935943718
334,2021,30.4756755633735,13.8244534774368
335,2021,29.8843999325531,13.8759810929298
336,2021,29.3016268617758,13.927413457702
337,2021,28.7274463388993,13.9784793692138
338,2021,28.1619483517814,14.028900690117
339,2021,27.6052228882797,14.0783936283407
340,2021,27.0573599362521,14.1266700094338
341,2021,26.5184494835564,14.1734385393319
342,2021,25.9885815180502,14.2184060571296
343,2021,25.4678460275912,14.2612787788275
344,2021,24.9563330000374,14.30176353439
345,2021,24.4541324232463,14.3395690017834
346,2021,23.9613342850757,14.3744069429751
347,2021,23.4780285733834,14.4059934481576
348,2021,23.0043052760273,14.4340501957433
349,2021,22.5402543808648,14.4583057369541
350,2021,22.0859658757539,14.4784968151296
351,2021,21.6415297485523,14.4943697312185
352,2021,21.2070359871177,14.5056817683118
353,2021,20.7825745793079,14.5122026895536
354,2021,20.3682355129807,14.5137163253383
355,2021,19.9641087759937,14.5100222673991
356,2021,19.5702843562047,14.500937689227
357,2021,19.1868522414715,14.4862993142429
358,2021,18.8139024196518,14.4659655552963
359,2021,18.4515248786034,14.4398188513721
360,2021,18.099809606184,14.407768229852
361,2021,17.7588465902514,14.3697521252541
362,2021,17.4287258186633,14.3257414880273
363,2021,17.1095372792774,14.2757432195997
364,2021,16.8013709599515,14.2198039723484
365,2021,16.5043301403707,14.1580928479775
1,2022,14.920237396511,14.8856113457936
2,2022,14.5792743805783,14.8486297590906
3,2022,14.2491536089903,14.805812038431
4,2022,13.9299650696044,14.7571676165908
5,2022,13.6217987502785,14.7027447886381
6,2022,13.3247579306977,14.6427109287631
7,2022,13.038999057856,14.5775751353355
8,2022,12.7646918705747,14.5079425949103
9,2022,12.5020061076752,14.4344327597155
10,2022,12.2511115079789,14.3576758785338
11,2022,12.0121778103072,14.2783094881265
12,2022,11.7853747534812,14.1969748313206
13,2022,11.5708720763225,14.1143131747555
14,2022,11.3688395176523,14.0309620067971
15,2022,11.179446816292,13.9475511043782
16,2022,11.002863711063,13.8646984665734
17,2022,10.8392599407866,13.7830061225328
18,2022,10.6888052442841,13.7030558318835
19,2022,10.5516693603769,13.6254047066434
20,2022,10.4280220278864,13.5505807947709
21,2022,10.3180329856339,13.4790786762874
22,2022,10.2218719724408,13.4113551329493
23,2022,10.1397087271283,13.3478249611512
24,2022,10.0717129885179,13.2888570045169
25,2022,10.018054495431,13.2347704869083
26,2022,9.97890298668871,13.1858317278448
27,2022,9.9544282011126,13.1422513202204
28,2022,9.94479987752391,13.1041818445307
29,2022,9.95018775474402,13.071716184629
30,2022,9.97076157159432,13.0448864975973
31,2022,10.0066910668961,13.0236638751786
32,2022,10.0581459794707,13.007958717125
33,2022,10.1252960481395,12.9976218186897
34,2022,10.2083110117239,12.992446156343
35,2022,10.3073606090452,12.9921693386487
36,2022,10.4226145789247,12.9964766740494
37,2022,10.5542426601838,13.0050047948743
38,2022,10.7024145916439,13.0173457677943
39,2022,10.8673001121263,13.0330516155471
40,2022,11.0490689604523,13.0516391731393
41,2022,11.2478908754434,13.07259520375
42,2022,11.4639355959208,13.0953817048897
43,2022,11.6973728607058,13.1194413435001
44,2022,11.94837240862,13.1442029690708
45,2022,12.2171039784845,13.1690871658744
46,2022,12.5037373091208,13.1935118185171
47,2022,12.8084421393502,13.2168976786458
48,2022,13.131388207994,13.2386739344131
49,2022,13.4727452538736,13.2582837978492
50,2022,13.8326830158104,13.2751901384053
51,2022,14.2113712326257,13.2888812034694
52,2022,14.6089796431408,13.2988764785596
53,2022,15.0256779861771,13.3047327511638
54,2022,15.461636000556,13.3060504528065
55,2022,15.9170234250988,13.3024803638872
56,2022,16.3920098493382,13.2937317829184
57,2022,16.8867406220696,13.2797415656923
58,2022,17.4013102593179,13.260849436586
59,2022,17.9358068763593,13.2374869944969
60,2022,18.4903185884697,13.2101259579706
61,2022,19.0649335109251,13.1792702986636
62,2022,19.6597397590015,13.1454487579635
63,2022,20.274825447975,13.1092076693387
64,2022,20.9102786931216,13.0711040243847
65,2022,21.5661876097172,13.0316987362501
66,2022,22.242640313038,12.9915500700299
67,2022,22.9397249183598,12.9512072256562
68,2022,23.6575295409588,12.9112040745605
69,2022,24.3961422961109,12.8720530666321
70,2022,25.1556512990922,12.8342393383532
71,2022,25.9361446651786,12.7982150659987
72,2022,26.7377105096462,12.7643941189165
73,2022,27.560436947771,12.7331470766357
74,2022,28.4044120948291,12.7047966793697
75,2022,29.2697240660963,12.6796137839804
76,2022,30.1564609768488,12.6578138963591
77,2022,31.0647109423625,12.6395543463756
78,2022,31.9945620779136,12.6249321631614
79,2022,32.9461024987778,12.6139826969052
80,2022,33.9194203202315,12.60667901913
81,2022,34.9146036575503,12.6029321174006
82,2022,35.9317406260106,12.6025918835033
83,2022,36.9709193408881,12.6054488773822
84,2022,38.032227917459,12.6112368334944
85,2022,39.1157544709993,12.6196358627139
86,2022,40.221587116785,12.6302762922169
87,2022,41.3498139700921,12.6427430785081
88,2022,42.5005231461966,12.6565807252193
89,2022,43.6738027603745,12.6712986376398
90,2022,44.8697409279019,12.6863768499981
91,2022,46.0884257640546,12.7012720690241
92,2022,47.3299453841089,12.7154239878554
93,2022,48.5943879033407,12.7282618374308
94,2022,49.8818414370259,12.7392111576234
95,2022,51.1923941004407,12.7477007870328
96,2022,52.526134008861,12.7531700881567
97,2022,53.8831492775628,12.7550764432589
98,2022,55.2635280218223,12.7529030753833
99,2022,56.6673583569152,12.7461672684425
100,2022,58.0947283981178,12.7344290799876
101,2022,59.5457262607059,12.7173006599774
102,2022,61.0204400599556,12.6944563083729
103,2022,62.518957911143,12.6656434232667
104,2022,64.0413679295441,12.6306945087871
105,2022,65.5877582304347,12.5895404269868
106,2022,67.1581847743515,12.5422372220747
107,2022,68.7517283288705,12.4893256203693
108,2022,70.3663422360121,12.4318372788136
109,2022,71.9999170355712,12.3708513736887
110,2022,73.6503432673426,12.3074505686692
111,2022,75.3155114711212,12.2427019028681
112,2022,76.9933121867018,12.1776382342164
113,2022,78.6816359538792,12.1132402730277
114,2022,80.3783733124483,12.0504193289002
115,2022,82.0814148022039,11.9900009740771
116,2022,83.7886509629408,11.9327098935197
117,2022,85.4979723344539,11.8791562414152
118,2022,87.2072694565381,11.8298238511166
119,2022,88.914432868988,11.7850606472142
120,2022,90.6173531115986,11.7450715830302
121,2022,92.3139207241647,11.7099143752933
122,2022,94.0020262464812,11.6794982338196
123,2022,95.6795602183428,11.6535856941129
124,2022,97.3444131795445,11.6317975633653
125,2022,98.9944756698809,11.6136208949997
126,2022,100.627638229147,11.5984198232404
127,2022,102.241791397138,11.585449025641
128,2022,103.834825713648,11.5738695443759
129,2022,105.404631718472,11.562766690113
130,2022,106.949099951405,11.5511697763973
131,2022,108.466120952242,11.5380734862733
132,2022,109.953585260778,11.5224607531436
133,2022,111.409383416807,11.5033271403723
134,2022,112.831405960125,11.479706824327
135,2022,114.217543430526,11.450700418983
136,2022,115.565686367805,11.4155050227414
137,2022,116.873725311756,11.373447015483
138,2022,118.139666412065,11.3240818909476
139,2022,119.36285978338,11.2678920345415
140,2022,120.543522614521,11.2059817139173
141,2022,121.681886545543,11.1395585736803
142,2022,122.778183216502,11.0698866450967
143,2022,123.832644267455,10.9982494432786
144,2022,124.845501338457,10.9259147665859
145,2022,125.816986069564,10.8541010867777
146,2022,126.747330100831,10.78394564514
147,2022,127.636765072316,10.7164745813374
148,2022,128.485522624072,10.6525756038517
149,2022,129.293834396157,10.5929738480754
150,2022,130.061932028627,10.5382116457815
151,2022,130.790047161536,10.4886329369469
152,2022,131.478411434941,10.4443729876564
153,2022,132.127256488898,10.4053539409797
154,2022,132.736813963462,10.3712865360005
155,2022,133.30731549869,10.341678107058
156,2022,133.838992734637,10.3158467498787
157,2022,134.33207731136,10.2929413442301
158,2022,134.786800868913,10.2719669814138
159,2022,135.203395047353,10.2518152796579
160,2022,135.582091486735,10.2312990923382
161,2022,135.923121827117,10.2091912243853
162,2022,136.226717708552,10.1842669644969
163,2022,136.493110771098,10.155350502247
164,2022,136.722532654809,10.1213656137214
165,2022,136.915225262649,10.0814115157602
166,2022,137.071741752278,10.0354100082953
167,2022,137.192995124503,9.98420808873052
168,2022,137.279918424869,9.92885976652354
169,2022,137.333444698923,9.87053106483233
170,2022,137.354506992207,9.81044833140828
171,2022,137.344038350269,9.74984991622382
172,2022,137.302971818654,9.68994094880768
173,2022,137.232240442906,9.63185127961185
174,2022,137.132777268571,9.57659696036324
175,2022,137.005515341195,9.52504590175155
176,2022,136.851387706322,9.47788853672111
177,2022,136.671327409498,9.43561441164932
178,2022,136.466267496267,9.39849561200183
179,2022,136.237141012176,9.36657780305134
180,2022,135.98488100277,9.33967944532886
181,2022,135.710420513594,9.31739945974598
182,2022,135.414692590192,9.29913331173671
183,2022,135.098630278112,9.28409720530506
184,2022,134.763166622896,9.27135987140284
185,2022,134.409234670092,9.25988133492885
186,2022,134.037767465244,9.24855806967608
187,2022,133.649698053898,9.23627410248871
188,2022,133.245959481598,9.22195789266856
189,2022,132.82748479389,9.20464516327141
190,2022,132.39520703632,9.183548259687
191,2022,131.95005925921,9.15813336917263
192,2022,131.492979271935,9.12855079567765
193,2022,131.024918573308,9.09624912588259
194,2022,130.54683110856,9.062972063203
195,2022,130.059670822923,9.03046049995805
196,2022,129.564391661629,9.00035315874914
197,2022,129.061947569911,8.97409763267528
198,2022,128.553292492999,8.95287329219254
199,2022,128.039380376127,8.93752812539511
200,2022,127.521165164527,8.92853175989916
201,2022,126.999600803429,8.92594664536016
202,2022,126.475641238067,8.92941870398831
203,2022,125.950240413672,8.93818781326071
204,2022,125.424352275476,8.95111746248979
205,2022,124.898930768712,8.96674203477528
206,2022,124.374929838611,8.98332959183504
207,2022,123.853303430405,8.99895789927852
208,2022,123.335005489326,9.01160176062417
209,2022,122.820989960606,9.01923049305702
210,2022,122.312116807758,9.02001751552557
211,2022,121.808153456797,9.01356051502945
212,2022,121.308162470841,9.00057405507372
213,2022,120.811194665291,8.98209227376744
214,2022,120.316300855547,8.95937690810413
215,2022,119.822531857012,8.93384481082471
216,2022,119.328938485087,8.90700083995509
217,2022,118.834571555174,8.88037499296098
218,2022,118.338481882673,8.85546322831808
219,2022,117.839720282986,8.83367199337082
220,2022,117.337337571516,8.81626701183521
221,2022,116.830384563662,8.80432732611986
222,2022,116.317912074827,8.79870588715487
223,2022,115.798970920411,8.79999809445562
224,2022,115.272611915817,8.8085195885557
225,2022,114.737885876446,8.82429429365106
226,2022,114.193843617699,8.84705324165115
227,2022,113.639535954978,8.87624415142319
228,2022,113.074013703684,8.91105117802774
229,2022,112.496327679218,8.95042377508232
230,2022,111.905528696982,8.99311329990858
231,2022,111.300667572378,9.03771587624275
232,2022,110.680795120806,9.08272011918014
233,2022,110.044962481614,9.12655880698293
234,2022,109.392543444139,9.16788249724752
235,2022,108.723839902358,9.20609195517439
236,2022,108.039319610481,9.24092278869255
237,2022,107.339450322721,9.27231509468599
238,2022,106.62469979329,9.30038574814105
239,2022,105.8955357764,9.32540317770649
240,2022,105.152426026263,9.34776431785108
241,2022,104.39583829709,9.3679733956591
242,2022,103.626240343093,9.38662221445894
243,2022,102.844099918485,9.40437162529879
244,2022,102.049884777478,9.42193392290397
245,2022,101.244062674282,9.44005595980909
246,2022,100.427101363111,9.45950283694091
247,2022,99.5994685981758,9.48104209775567
248,2022,98.7616321336886,9.50542842288987
249,2022,97.9140597238611,9.53338888967134
250,2022,97.0572191229055,9.5656089218887
251,2022,96.1915780850335,9.60271910582197
252,2022,95.3176043644571,9.64528308468434
253,2022,94.4357657153882,9.69378676188994
254,2022,93.5465298920388,9.7486290416587
255,2022,92.6503646486206,9.81011431274452
256,2022,91.7477377393457,9.87844683883012
257,2022,90.8391169184259,9.95372716068916
258,2022,89.9249699400732,10.0359505456354
259,2022,89.0057645584994,10.1250074453101
260,2022,88.0819685279165,10.2206858501701
261,2022,87.1540496025363,10.3226753643736
262,2022,86.2224755365709,10.4305727731902
263,2022,85.287714084232,10.5438888399484
264,2022,84.3502329997317,10.6620560522844
265,2022,83.4105000372817,10.7844370376
266,2022,82.4689829510941,10.9103333831405
267,2022,81.5261494953807,11.0389946238482
268,2022,80.5824674243535,11.1696271974903
269,2022,79.6384044922243,11.3014032078151
270,2022,78.6944284532051,11.4334688793378
271,2022,77.7510070615077,11.5649526291042
272,2022,76.8086080713442,11.6949727194786
273,2022,75.8676992369263,11.8226444904498
274,2022,74.928748312466,11.9470871996407
275,2022,73.9922230521753,12.0674305231636
276,2022,73.0585856828204,12.1828295970344
277,2022,72.1281307941094,12.2927345157304
278,2022,71.2009591696922,12.3969589125685
279,2022,70.2771607974263,12.495394634861
280,2022,69.3568256651696,12.5879879963596
281,2022,68.4400437607799,12.6747336775416
282,2022,67.5269050721147,12.7556693180096
283,2022,66.617499587032,12.8308707155199
284,2022,65.7119172933895,12.9004475537874
285,2022,64.8102481790449,12.9645395889363
286,2022,63.9125822318559,13.0233132319155
287,2022,63.0190094396803,13.0769584711848
288,2022,62.1296197903759,13.1256860864082
289,2022,61.2445032718004,13.1697251097264
290,2022,60.3637498718115,13.2093204964459
291,2022,59.4874495782671,13.2447309717035
292,2022,58.6156923790248,13.2762270239021
293,2022,57.7485682619424,13.3040890195206
294,2022,56.8861672148776,13.3286054173352
295,2022,56.0285792256882,13.3500710632068
296,2022,55.1758942822319,13.3687855494481
297,2022,54.3282023723665,13.3850516254146
298,2022,53.4855934839498,13.3991736484263
299,2022,52.6481576048395,13.41145606643
300,2022,51.8159847228933,13.4222019260033
301,2022,50.9891648259689,13.4317114013741
302,2022,50.1677879019242,13.4402803421175
303,2022,49.3519439386168,13.4481988390734
304,2022,48.5417229239046,13.45574980982
305,2022,47.7372148456452,13.46320760671
306,2022,46.9385096916965,13.4708366520292
307,2022,46.1456974499161,13.4788901062344
308,2022,45.3588681081619,13.4876085764558
309,2022,44.5781116542915,13.4972188734778
310,2022,43.8035180761627,13.507932826217
311,2022,43.0351773616333,13.5199461632688
312,2022,42.273179498561,13.5334374713871
313,2022,41.5176144748035,13.5485672407609
314,2022,40.7685722782187,13.565477006672
315,2022,40.0261428966642,13.5842885965414
316,2022,39.2904163179978,13.6051034905254
317,2022,38.5614825300772,13.6280023027139
318,2022,37.8394315207603,13.6530443886519
319,2022,37.1243532779047,13.6802675833879
320,2022,36.4163377893681,13.7096880725919
321,2022,35.7154750430084,13.7413003975409
322,2022,35.0218550266833,13.7750775929918
323,2022,34.3355677282506,13.8109714552086
324,2022,33.6567031355679,13.8489129357364
325,2022,32.9853512364931,13.8888126549754
326,2022,32.3216020188838,13.9305615282383
327,2022,31.6655454705979,13.9740314958237
328,2022,31.0172715794931,14.019076347724
329,2022,30.376870333427,14.0655326329292
330,2022,29.7444317202575,14.113220642903
331,2022,29.1200457278424,14.1619454586792
332,2022,28.5038023440394,14.2114980511582
333,2022,27.8957915567061,14.2616564245502
334,2022,27.2961033537004,14.3121867934906
335,2022,26.7048277228801,14.3628447851204
336,2022,26.1220546521028,14.4133766583481
337,2022,25.5478741292263,14.4635205335563
338,2022,24.9823761421083,14.5130076271645
339,2022,24.4256506786067,14.5615634866728
340,2022,23.8777877265791,14.6089092230682
341,2022,23.3388772738833,14.6547627387577
342,2022,22.8090093083771,14.6988399504802
343,2022,22.2882738179181,14.7408560079275
344,2022,21.7767607903643,14.7805265100753
345,2022,21.2745602135732,14.8175687224701
346,2022,20.7817620754027,14.8517027999545
347,2022,20.2984563637104,14.8826530205294
348,2022,19.8247330663542,14.9101490372693
349,2022,19.3606821711918,14.9339271564252
350,2022,18.9063936660809,14.953731651092
351,2022,18.4619575388793,14.9693161210892
352,2022,18.0274637774447,14.9804449110275
353,2022,17.6030023696349,14.9868945999251
354,2022,17.1886633033076,14.9884555772143
355,2022,16.7845365663206,14.9849337215502
356,2022,16.3907121465317,14.9761522005244
357,2022,16.0072800317985,14.9619534111996
358,2022,15.6343302099788,14.9422010833191
359,2022,15.2719526689304,14.9167825691127
360,2022,14.920237396511,14.8856113457936
361,2022,14.5792743805783,14.8486297590906
362,2022,14.2491536089903,14.805812038431
363,2022,13.9299650696044,14.7571676165908
364,2022,13.6217987502785,14.7027447886381
365,2022,13.3247579306977,14.6427109287631
1,2023,11.7406414534707,15.3913952576009
2,2023,11.3996784375381,15.3554491532309
3,2023,11.06955766595,15.3138256092947
4,2023,10.7503691265641,15.2665363379609
5,2023,10.4422028072383,15.2136309969386
6,2023,10.1451619876574,15.1552749390686
7,2023,9.85940311481573,15.0919649605874
8,2023,9.58509592753445,15.0242907848703
9,2023,9.32241016463501,14.9528555660232
10,2023,9.07151556493871,14.8782724167232
11,2023,8.83258186726693,14.8011609101839
12,2023,8.60577881044097,14.7221435262324
13,2023,8.39127613328224,14.6418420181684
14,2023,8.18924357461206,14.5608736842749
15,2023,7.99985087325177,14.4798475356443
16,2023,7.82326776802273,14.3993603603965
17,2023,7.65966399774634,14.3199926933432
18,2023,7.50920930124386,14.2423047095868
19,2023,7.37207341733668,14.1668320702274
20,2023,7.24842608484619,14.0940817580063
21,2023,7.13843704259368,14.0245279499782
22,2023,7.04227602940055,13.9586079827495
23,2023,6.96011278408811,13.8967184729797
24,2023,6.89211704547771,13.8392116612327
25,2023,6.83845855239072,13.7863920504307
26,2023,6.79930704364848,13.7385134107262
27,2023,6.77483225807237,13.6957762202854
28,2023,6.76520393448367,13.658325606164
29,2023,6.77059181170379,13.6262498412139
30,2023,6.79116562855408,13.5995794420522
31,2023,6.82709512385583,13.5782869000117
32,2023,6.87855003643046,13.5622870623045
33,2023,6.94570010509931,13.5514381651276
34,2023,7.02871506868368,13.5455435049472
35,2023,7.12776466600496,13.5443537195618
36,2023,7.24301863588448,13.5475696375347
37,2023,7.37464671714361,13.5548456438625
38,2023,7.5228186486037,13.565793501812
39,2023,7.68770416908608,13.579986565993
40,2023,7.8694730174121,13.5969643200682
41,2023,8.06829493240315,13.6162371739102
42,2023,8.28433965288052,13.6372914592804
43,2023,8.51777691766561,13.6595945698272
44,2023,8.76877646557976,13.6826001999422
45,2023,9.03750803544429,13.7057536472812
46,2023,9.32414136608055,13.728497155082
47,2023,9.62884619630994,13.7502752823421
48,2023,9.9517922649538,13.7705403020995
49,2023,10.2931493108334,13.7887576401757
50,2023,10.6530870727702,13.8044113785849
51,2023,11.0317752895855,13.8170098592304
52,2023,11.4293837001006,13.8260914344211
53,2023,11.8460820431369,13.8312304210914
54,2023,12.2820400575158,13.8320433253602
55,2023,12.7374274820585,13.8281954131709
56,2023,13.2124139062979,13.8194086731875
57,2023,13.7071446790293,13.8056233134693
58,2023,14.2217143162777,13.7871650504812
59,2023,14.7562109333191,13.7644480196087
60,2023,15.3107226454294,13.7379251663441
61,2023,15.8853375678849,13.7080805386209
62,2023,16.4801438159613,13.6754219535475
63,2023,17.0952295049348,13.640473969555
64,2023,17.7306827500813,13.6037711090375
65,2023,18.386591666677,13.5658512909153
66,2023,19.0630443699977,13.527249447039
67,2023,19.7601289753196,13.4884913107814
68,2023,20.4779335979185,13.4500873803162
69,2023,21.2165463530707,13.4125270726512
70,2023,21.9760553560519,13.3762730971233
71,2023,22.7565487221384,13.3417560883681
72,2023,23.558114566606,13.3093695482968
73,2023,24.3808410047308,13.279465153924
74,2023,25.2248161517888,13.2523484925814
75,2023,26.0901281230561,13.2282752878024
76,2023,26.9768650338085,13.2074481777764
77,2023,27.8851149993223,13.1900141037081
78,2023,28.8149661348733,13.1760623578164
79,2023,29.7665065557376,13.1656233304134
80,2023,30.7398243771912,13.1586679830412
81,2023,31.7350077145101,13.1551080606914
82,2023,32.7521446829703,13.1547970414949
83,2023,33.7913233978479,13.1575318077935
84,2023,34.8526319744188,13.1630550090442
85,2023,35.9361585279591,13.1710580753292
86,2023,37.0419911737448,13.1811848310058
87,2023,38.1702180270518,13.1930356517109
88,2023,39.3209272031564,13.2061721048284
89,2023,40.4942068173343,13.2201220137404
90,2023,41.6901449848616,13.2343848896333
91,2023,42.9088298210144,13.248437681108
92,2023,44.1503494410687,13.2617408009999
93,2023,45.4147919603005,13.2737444012733
94,2023,46.7022454939857,13.2838948801823
95,2023,48.0127981574005,13.2916416206895
96,2023,49.3465380658208,13.2964439750347
97,2023,50.7035533345226,13.2977785270499
98,2023,52.083932078782,13.295146681067
99,2023,53.487762413875,13.2880826438742
100,2023,54.9151324550775,13.2761618839664
101,2023,56.3661303176657,13.2590101701198
102,2023,57.8408441169154,13.2363133088298
103,2023,59.3393619681028,13.2078277169643
104,2023,60.8617719865038,13.1733919813903
105,2023,62.4081622873945,13.1329395702223
106,2023,63.9785888313113,13.086524553261
107,2023,65.5721323858303,13.0346675667856
108,2023,67.1867462929719,12.9783614186261
109,2023,68.820321092531,12.9186437960335
110,2023,70.4707473243024,12.8565547101084
111,2023,72.135915528081,12.7931180265619
112,2023,73.8137162436616,12.7293236272401
113,2023,75.502040010839,12.6661102382793
114,2023,77.1987773694081,12.6043490386437
115,2023,78.9018188591637,12.544828232352
116,2023,80.6090550199006,12.4882388251324
117,2023,82.3183763914137,12.4351618876392
118,2023,84.0276735134978,12.3860576091722
119,2023,85.7348369259478,12.3412564455294
120,2023,87.4377571685584,12.3009526412689
121,2023,89.1343247811245,12.2652003613523
122,2023,90.8224303034409,12.2339126032504
123,2023,92.4999642753026,12.206862983559
124,2023,94.1648172365042,12.1836904100888
125,2023,95.8148797268407,12.1639065692344
126,2023,97.4480422861069,12.1469060871426
127,2023,99.0621954540975,12.1319791688183
128,2023,100.655229770608,12.1183264872228
129,2023,102.225035775432,12.1050760879015
130,2023,103.769504008365,12.0913020948332
131,2023,105.286525009202,12.0760450491279
132,2023,106.773989317738,12.0583337815034
133,2023,108.229787473767,12.0372088087766
134,2023,109.651810017085,12.0117473501157
135,2023,111.037947487485,11.9810901766532
136,2023,112.386090424764,11.9444706344227
137,2023,113.694129368716,11.9012463113326
138,2023,114.960070469025,11.8509949143192
139,2023,116.18326384034,11.7941830431695
140,2023,117.36392667148,11.7318734348405
141,2023,118.502290602502,11.6652275635057
142,2023,119.598587273462,11.5954602504886
143,2023,120.653048324415,11.5238040388883
144,2023,121.665905395417,11.451475331335
145,2023,122.637390126523,11.3796422044246
146,2023,123.567734157791,11.3093940139398
147,2023,124.457169129275,11.2417130901228
148,2023,125.305926681032,11.1774489797433
149,2023,126.114238453117,11.1172958085552
150,2023,126.882336085586,11.0617734021514
151,2023,127.610451218496,11.0112128068319
152,2023,128.298815491901,10.9657467922493
153,2023,128.947660545858,10.9253057990586
154,2023,129.557218020422,10.8896196303078
155,2023,130.12771955565,10.858224994583
156,2023,130.659396791597,10.8304788162959
157,2023,131.152481368319,10.8055770595017
158,2023,131.607204925872,10.7825786893021
159,2023,132.023799104312,10.7604343367167
160,2023,132.402495543695,10.7380192488993
161,2023,132.743525884076,10.7141701988519
162,2023,133.047121765512,10.6877261924678
163,2023,133.313514828057,10.6575730355928
164,2023,133.542936711769,10.6226920959468
165,2023,133.735629319609,10.5822329591401
166,2023,133.892145809238,10.5361258670864
167,2023,134.013399181463,10.4851781661419
168,2023,134.100322481829,10.4303942442832
169,2023,134.153848755882,10.3728846263674
170,2023,134.174911049167,10.3138161313127
171,2023,134.164442407229,10.2543654007595
172,2023,134.123375875614,10.1956755937884
173,2023,134.052644499866,10.1388163313466
174,2023,133.953181325531,10.0847472415567
175,2023,133.825919398155,10.0342856799428
176,2023,133.671791763282,9.98807935495313
177,2023,133.491731466457,9.94658466130111
178,2023,133.286671553227,9.91005150174971
179,2023,133.057545069136,9.87851526339503
180,2023,132.80528505973,9.85179642169712
181,2023,132.530824570553,9.82950800134989
182,2023,132.235096647152,9.81107086362686
183,2023,131.919034335071,9.79573655480622
184,2023,131.583570679856,9.7826172766298
185,2023,131.229638727052,9.77072245586829
186,2023,130.858171522204,9.75900141181502
187,2023,130.470102110857,9.7463917498321
188,2023,130.066363538558,9.73187333469355
189,2023,129.64788885085,9.71452799696203
190,2023,129.21561109328,9.69360546689508
191,2023,128.77046331617,9.66859671244024
192,2023,128.313383328895,9.63964168833506
193,2023,127.845322630268,9.60811054904152
194,2023,127.367235165519,9.57565173270517
195,2023,126.880074879883,9.54390922199457
196,2023,126.384795718589,9.51442851890909
197,2023,125.88235162687,9.48857291522959
198,2023,125.373696549959,9.46745132102016
199,2023,124.859784433087,9.45185940812936
200,2023,124.341569221487,9.44223596675766
201,2023,123.820004860389,9.43863613945527
202,2023,123.296045295027,9.44072263224584
203,2023,122.770644470632,9.44777521600109
204,2023,122.244756332436,9.45871797932567
205,2023,121.719334825672,9.47216304922926
206,2023,121.19533389557,9.48646900889178
207,2023,120.673707487364,9.49981211357213
208,2023,120.155409546286,9.51026867301113
209,2023,119.641394017566,9.51590760886172
210,2023,119.132520864718,9.51499074591549
211,2023,118.628557513757,9.50714025806609
212,2023,118.128566527801,9.49304507953813
213,2023,117.63159872225,9.47369866097621
214,2023,117.136704912507,9.45031121345475
215,2023,116.642935913972,9.42424045704603
216,2023,116.149342542047,9.39692752312914
217,2023,115.654975612133,9.36983704382298
218,2023,115.158885939633,9.34440095825212
219,2023,114.660124339946,9.32196606381295
220,2023,114.157741628475,9.30374580002501
221,2023,113.650788620622,9.2907771297544
222,2023,113.138316131786,9.28388363531127
223,2023,112.619374977371,9.2836460407315
224,2023,112.093015972777,9.29038128863806
225,2023,111.558289933406,9.30413104675909
226,2023,111.014247674659,9.32466012910423
227,2023,110.459940011938,9.35146484774959
228,2023,109.894417760643,9.38379083549123
229,2023,109.316731736178,9.42065947050344
230,2023,108.725932753942,9.46090175173467
231,2023,108.121071629337,9.50319835498115
232,2023,107.501199177766,9.54612465406005
233,2023,106.865366538574,9.58819989815752
234,2023,106.212947501099,9.62814339313008
235,2023,105.544243959317,9.66537388969533
236,2023,104.859723667441,9.69962686483327
237,2023,104.159854379681,9.73083335206111
238,2023,103.44510385025,9.7590937473755
239,2023,102.71593983336,9.78465380934184
240,2023,101.972830083222,9.80788260461816
241,2023,101.21624235405,9.82925211696583
242,2023,100.446644400053,9.84931823751296
243,2023,99.6645039754452,9.86870287652255
244,2023,98.8702888344375,9.88807697505127
245,2023,98.0644667312421,9.90814424361479
246,2023,97.2475054200709,9.92962551049515
247,2023,96.4198726551356,9.95324362143167
248,2023,95.5820361906483,9.97970889207867
249,2023,94.7344637808209,10.0097051716305
250,2023,93.8776231798653,10.0438766270737
251,2023,93.0119821419933,10.0828153992256
252,2023,92.1380084214169,10.1270503108649
253,2023,91.256169772348,10.177036821211
254,2023,90.3669339489985,10.2331484181214
255,2023,89.4707687055804,10.2956696193062
256,2023,88.5681417963054,10.3647907178221
257,2023,87.6595209753857,10.440604357879
258,2023,86.7453739970329,10.5231039686729
259,2023,85.8261686154591,10.6121840215739
260,2023,84.9023725848762,10.7076420148783
261,2023,83.9744536594961,10.8091820355128
262,2023,83.0428795935306,10.9164197026925
263,2023,82.1081181411918,11.0288882674148
264,2023,81.1706370566914,11.146045625162
265,2023,80.2309040942415,11.2672819971092
266,2023,79.2893870080539,11.391928046092
267,2023,78.3465535523405,11.5192632152282
268,2023,77.4028714813133,11.6485241065769
269,2023,76.4588085491841,11.7789127515932
270,2023,75.5148325101649,11.9096046616487
271,2023,74.5714111184675,12.039756583218
272,2023,73.6290121283039,12.1685139167393
273,2023,72.6881032938861,12.2950177894652
274,2023,71.7491523694258,12.41841180024
275,2023,70.812627109135,12.5378484779347
276,2023,69.8789897397802,12.6525040725118
277,2023,68.9485348510692,12.7618406786226
278,2023,68.0213632266519,12.8656732882087
279,2023,67.0975648543861,12.9638928140086
280,2023,66.1772297221294,13.0564431598302
281,2023,65.2604478177396,13.1433153947069
282,2023,64.3473091290745,13.2245425651097
283,2023,63.4379036439918,13.3001950692035
284,2023,62.5323213503493,13.3703765233882
285,2023,61.6306522360047,13.4352200578422
286,2023,60.7329862888157,13.4948849841633
287,2023,59.8394134966401,13.549553784268
288,2023,58.9500238473357,13.5994293753608
289,2023,58.0649073287602,13.6447326109734
290,2023,57.1841539287713,13.6856999827983
291,2023,56.3078536352269,13.7225814923158
292,2023,55.4360964359845,13.7556386650803
293,2023,54.5689723189021,13.7851426840301
294,2023,53.7065712718373,13.811372621359
295,2023,52.848983282648,13.8346137513877
296,2023,51.9962983391917,13.8551559295315
297,2023,51.1486064293263,13.8732920249239
298,2023,50.3059975409096,13.8893163965526
299,2023,49.4685616617992,13.9035234049147
300,2023,48.636388779853,13.9162059532347
301,2023,47.8095688829287,13.9276540542129
302,2023,46.9881919588839,13.9381534201005
303,2023,46.1723479955766,13.9479840756215
304,2023,45.3621269808644,13.957418994893
305,2023,44.557618902605,13.9667227650028
306,2023,43.7589137486563,13.976150280294
307,2023,42.9661015068759,13.9859454726493
308,2023,42.1792721651216,13.9963400841469
309,2023,41.3985157112512,14.0075524893585
310,2023,40.6239221331225,14.0197865752503
311,2023,39.8555814185931,14.0332306871182
312,2023,39.0935835555208,14.0480566492194
313,2023,38.3380185317633,14.0644188687475
314,2023,37.5889763351785,14.0824535315248
315,2023,36.8465469536239,14.1022778972741
316,2023,36.1108203749576,14.1239897015696
317,2023,35.381886587037,14.1476666705952
318,2023,34.6598355777201,14.173366153668
319,2023,33.9447573348644,14.2011248771571
320,2023,33.2367418463279,14.2309588219848
321,2023,32.5358790999682,14.262863225372
322,2023,31.8422590836431,14.2968127059447
323,2023,31.1559717852104,14.3327615097894
324,2023,30.4771071925277,14.3706438735832
325,2023,29.8057552934529,14.4103744995736
326,2023,29.1420060758436,14.4518491359795
327,2023,28.4859495275577,14.4949452553618
328,2023,27.8376756364528,14.5395228226912
329,2023,27.1972743903868,14.5854251442446
330,2023,26.5648357772173,14.6324797880891
331,2023,25.9404497848022,14.6804995667724
332,2023,25.3242064009992,14.7292835729192
333,2023,24.7161956136658,14.7786182587211
334,2023,24.1165074106602,14.8282785507895
335,2023,23.5252317798399,14.8780289924853
336,2023,22.9424587090625,14.9276249066371
337,2023,22.368278186186,14.9768135724651
338,2023,21.8027801990681,15.0253354115391
339,2023,21.2460547355665,15.0729251786713
340,2023,20.6981917835389,15.119313154772
341,2023,20.1592813308431,15.1642263398543
342,2023,19.6294133653369,15.2073896455404
343,2023,19.1086778748779,15.2485270876055
344,2023,18.5971648473241,15.2873629802597
345,2023,18.094964270533,15.3236231350386
346,2023,17.6021661323625,15.3570360683263
347,2023,17.1188604206702,15.3873342226843
348,2023,16.645137123314,15.414255208311
349,2023,16.1810862281515,15.4375430721142
350,2023,15.7267977230407,15.4569496030542
351,2023,15.2823615958391,15.4722356836223
352,2023,14.8478678344044,15.4831726985699
353,2023,14.4234064265947,15.4895440133066
354,2023,14.0090673602674,15.4911465357664
355,2023,13.6049406232804,15.4877923769945
356,2023,13.2111162034915,15.4793106272612
357,2023,12.8276840887583,15.4655492661562
358,2023,12.4547342669386,15.4463772268648
359,2023,12.0923567258901,15.4216866366652
360,2023,11.7406414534707,15.3913952576009
361,2023,11.3996784375381,15.3554491532309
362,2023,11.06955766595,15.3138256092947
363,2023,10.7503691265641,15.2665363379609
364,2023,10.4422028072383,15.2136309969386
365,2023,10.1451619876574,15.1552749390686
1,2024,8.56104023630214,15.9225173980227
2,2024,8.22007722036951,15.8875964570152
3,2024,7.88995644878144,15.847155233908
4,2024,7.57076790939554,15.8012074547216
5,2024,7.2626015900697,15.7498038562941
6,2024,6.96556077048886,15.6931075080692
7,2024,6.67980189764715,15.6316027840977
8,2024,6.40549471036587,15.5658638873984
9,2024,6.14280894746643,15.496477658593
10,2024,5.89191434777013,15.4240401121645
11,2024,5.65298065009835,15.3491529598167
12,2024,5.42617759327239,15.272420094411
13,2024,5.21167491611366,15.1944440143884
14,2024,5.00964235744348,15.1158221754286
15,2024,4.82024965608318,15.0371432634105
16,2024,4.64366655085415,14.9589833905113
17,2024,4.48006278057775,14.8819022244564
18,2024,4.32960808407528,14.8064390693898
19,2024,4.1924722001681,14.73310892539
20,2024,4.06882486767761,14.6623985620489
21,2024,3.9588358254251,14.5947626494544
22,2024,3.86267481223197,14.5306199970092
23,2024,3.78051156691953,14.47034995639
24,2024,3.71251582830913,14.4142890492134
25,2024,3.65885733522214,14.3627278822745
26,2024,3.61970582647989,14.315908413264
27,2024,3.59523104090378,14.2740216274534
28,2024,3.58560271731509,14.2372056809053
29,2024,3.59099059453521,14.2055445583943
30,2024,3.6115644113855,14.1790672846578
31,2024,3.64749390668725,14.1577477162287
32,2024,3.69894881926188,14.1415049284626
33,2024,3.76609888793073,14.1302041990911
34,2024,3.8491138515151,14.1236585763857
35,2024,3.94816344883638,14.1216310074989
36,2024,4.0634174187159,14.1238369913921
37,2024,4.19504549997503,14.1299477115088
38,2024,4.34321743143512,14.139593596424
39,2024,4.50810295191749,14.1523682523523
40,2024,4.68987180024352,14.1678327097318
41,2024,4.88869371523457,14.185519927066
42,2024,5.10473843571194,14.2049394986146
43,2024,5.33817570049703,14.2255825180923
44,2024,5.58917524841118,14.2469265578977
45,2024,5.85790681827571,14.2684407321686
46,2024,6.14454014891197,14.2895908217447
47,2024,6.44924497914136,14.3098444495526
48,2024,6.77219104778521,14.3286763056778
49,2024,7.11354809366482,14.345573432199
50,2024,7.4734858556016,14.3600405885143
51,2024,7.85217407241689,14.3716057282437
52,2024,8.24978248293198,14.3798256287376
53,2024,8.66648082596832,14.3842917236859
54,2024,9.1024388403472,14.3846361982391
55,2024,9.55782626488995,14.3805384143317
56,2024,10.0328126891294,14.3717326593947
57,2024,10.5275434618607,14.3581623593956
58,2024,11.0421130991091,14.3401396356121
59,2024,11.5766097161505,14.3180616347307
60,2024,12.1311214282609,14.292363006475
61,2024,12.7057363507163,14.2635083667741
62,2024,13.3005425987927,14.2319851264622
63,2024,13.9156282877662,14.1982966241941
64,2024,14.5510815329127,14.1629555150575
65,2024,15.2069904495084,14.1264773794215
66,2024,15.8834431528291,14.089374529692
67,2024,16.580527758151,14.052150005668
68,2024,17.29833238075,14.0152917618586
69,2024,18.0369451359021,13.9792670621703
70,2024,18.7964541388833,13.9445171084779
71,2024,19.5769475049698,13.9114519393993
72,2024,20.3785133494374,13.8804456437372
73,2024,21.2012397875622,13.851831939164
74,2024,22.0452149346202,13.8259001704924
75,2024,22.9105269058875,13.8028917830516
76,2024,23.79726381664,13.7829973251362
77,2024,24.7055137821537,13.7663540292116
78,2024,25.6353649177047,13.7530440147039
79,2024,26.586905338569,13.7430931460738
80,2024,27.5602231600226,13.7364705689481
81,2024,28.5554064973415,13.7330889349342
82,2024,29.5725434658018,13.7328053130573
83,2024,30.6117221806793,13.7354227732532
84,2024,31.6730307572502,13.7406926157304
85,2024,32.7565573107905,13.7483172099359
86,2024,33.8623899565762,13.7579533988694
87,2024,34.9906168098832,13.7692164189985
88,2024,36.1413259859877,13.7816842832959
89,2024,37.3146056001657,13.7949025750503
90,2024,38.510543767693,13.8083896030437
91,2024,39.7292286038458,13.8216418742843
92,2024,40.9707482239001,13.8341398484588
93,2024,42.2351907431318,13.8453539483104
94,2024,43.5226442768171,13.8547508119089
95,2024,44.8331969402319,13.8617997859146
96,2024,46.1669368486521,13.8659796731308
97,2024,47.523952117354,13.8667857626189
98,2024,48.9043308616134,13.8637371861792
99,2024,50.3081611967064,13.8563846608806
100,2024,51.7355312379089,13.8443186933742
101,2024,53.1865291004971,13.8271783377322
102,2024,54.6612428997468,13.8046606142437
103,2024,56.1597607509342,13.776530711539
104,2024,57.6821707693352,13.7426331079446
105,2024,59.2285610702259,13.7029037590521
106,2024,60.7989876141427,13.6573947544325
107,2024,62.3925311686616,13.6066071861599
108,2024,64.0071450758032,13.5514961789978
109,2024,65.6407198753624,13.4930592571693
110,2024,67.2911461071338,13.4322952424149
111,2024,68.9563143109124,13.3701864211674
112,2024,70.634115026493,13.3076814048657
113,2024,72.3224387936704,13.2456787193164
114,2024,74.0191761522395,13.1850112276603
115,2024,75.7222176419951,13.1264315519949
116,2024,77.429453802732,13.0705987078677
117,2024,79.1387751742451,13.0180662005274
118,2024,80.8480722963292,12.9692718492125
119,2024,82.5552357087792,12.9245296040386
120,2024,84.2581559513898,12.8840235986816
121,2024,85.9547235639559,12.8478046422433
122,2024,87.6428290862723,12.8157892984002
123,2024,89.3203630581339,12.7877616338395
124,2024,90.9852160193356,12.7633776470302
125,2024,92.6352785096721,12.742172319201
126,2024,94.2684410689382,12.7235691686163
127,2024,95.882594236929,12.7068921427439
128,2024,97.475628553439,12.6913796552714
129,2024,99.0454345582632,12.6762005690453
130,2024,100.589902791196,12.6604719430129
131,2024,102.106923792033,12.6432784006223
132,2024,103.594388100569,12.6236930370816
133,2024,105.050186256598,12.600799860696
134,2024,106.472208799916,12.5737178560293
135,2024,107.858346270317,12.5416268604988
136,2024,109.206489207596,12.503795557695
137,2024,110.514528151547,12.459612006267
138,2024,111.780469251856,12.4086756384812
139,2024,113.003662623171,12.3514378625039
140,2024,114.184325454312,12.2889211594499
141,2024,115.322689385334,12.2222421769127
142,2024,116.418986056293,12.1525679302536
143,2024,117.473447107246,12.0810814490314
144,2024,118.486304178248,12.0089492344731
145,2024,119.457788909355,11.9372904627632
146,2024,120.388132940622,11.8671480459402
147,2024,121.277567912107,11.7994618239169
148,2024,122.126325463863,11.735044297011
149,2024,122.934637235949,11.6745594076062
150,2024,123.702734868418,11.6185049327148
151,2024,124.430850001327,11.5671990498627
152,2024,125.119214274732,11.5207715853703
153,2024,125.768059328689,11.4791603513241
154,2024,126.377616803254,11.4421128363425
155,2024,126.948118338481,11.4091933522847
156,2024,127.479795574429,11.3797955746147
157,2024,127.972880151151,11.3531602695356
158,2024,128.427603708704,11.3283978955769
159,2024,128.844197887144,11.3045157160135
160,2024,129.222894326527,11.2804490702177
161,2024,129.563924666908,11.2550965292375
162,2024,129.867520548343,11.2273588000275
163,2024,130.133913610889,11.1961814355167
164,2024,130.363335494601,11.1606016421561
165,2024,130.55602810244,11.1198177339625
166,2024,130.712544592069,11.0737680091521
167,2024,130.833797964294,11.0232212241291
168,2024,130.920721264661,10.9691333500768
169,2024,130.974247538714,10.9125607228955
170,2024,130.995309831999,10.8546120866092
171,2024,130.984841190061,10.7964039995516
172,2024,130.943774658445,10.7390194489321
173,2024,130.873043282697,10.6834697701823
174,2024,130.773580108363,10.6306601966517
175,2024,130.646318180986,10.581359552779
176,2024,130.492190546113,10.5361747317961
177,2024,130.312130249289,10.4955306535051
178,2024,130.107070336059,10.4596563719381
179,2024,129.877943851968,10.4285778994263
180,2024,129.625683842561,10.4021181460479
181,2024,129.351223353385,10.3799041647118
182,2024,129.055495429984,10.3613816724342
183,2024,128.739433117903,10.3458366204953
184,2024,128.403969462688,10.332423440511
185,2024,128.050037509883,10.3201995234456
186,2024,127.678570305035,10.3081655075362
187,2024,127.290500893689,10.2953110609395
188,2024,126.886762321389,10.2806660366683
189,2024,126.468287633681,10.2633571324175
190,2024,126.036009876111,10.2426704788998
191,2024,125.590862099001,10.2181211940017
192,2024,125.133782111727,10.1898393701075
193,2024,124.665721413099,10.1591195603319
194,2024,124.187633948351,10.1275184942619
195,2024,123.700473662714,10.0965870668129
196,2024,123.20519450142,10.0677814524
197,2024,122.702750409702,10.0423843482716
198,2024,122.194095332791,10.0214374289594
199,2024,121.680183215919,10.0056865012037
200,2024,121.161968004318,9.99554095787432
201,2024,120.64040364322,9.99104892728362
202,2024,120.116444077858,9.99188904038451
203,2024,119.591043253463,9.99737908336809
204,2024,119.065155115268,10.0065010948366
205,2024,118.539733608503,10.0179418449885
206,2024,118.015732678402,10.0301472232712
207,2024,117.494106270196,10.0413889461509
208,2024,116.975808329117,10.0498422133738
209,2024,116.461792800397,10.0536734765203
210,2024,115.952919647549,10.0512315214972
211,2024,115.448956296589,10.0421626838277
212,2024,114.948965310632,10.0271306292567
213,2024,114.451997505082,10.0070886222082
214,2024,113.957103695338,9.98319591141656
215,2024,113.463334696803,9.95675167222068
216,2024,112.969741324878,9.92913389116194
217,2024,112.475374394965,9.9017423692395
218,2024,111.979284722464,9.87594544983421
219,2024,111.480523122778,9.85303050658266
220,2024,110.978140411307,9.83415861941179
221,2024,110.471187403453,9.82032418723063
222,2024,109.958714914618,9.81232043902483
223,2024,109.439773760202,9.81071188411286
224,2024,108.913414755608,9.81581467365172
225,2024,108.378688716237,9.82768563498252
226,2024,107.83464645749,9.84612041552597
227,2024,107.280338794769,9.87066078022569
228,2024,106.714816543475,9.90061070440208
229,2024,106.137130519009,9.93506055217009
230,2024,105.546331536773,9.97291837978094
231,2024,104.941470412169,10.0129472862189
232,2024,104.321597960597,10.0538077615664
233,2024,103.685765321405,10.09410432787
234,2024,103.03334628393,10.132624735691
235,2024,102.364642742149,10.1688071464113
236,2024,101.680122450272,10.2023885237205
237,2024,100.980253162512,10.2332922923821
238,2024,100.265502633081,10.2616036455752
239,2024,99.5363386161912,10.2875467845345
240,2024,98.7932288660538,10.3114638934221
241,2024,98.0366411368809,10.333795619423
242,2024,97.2670431828846,10.3550628245569
243,2024,96.4849027582766,10.375849392862
244,2024,95.690687617269,10.3967859080811
245,2024,94.8848655140735,10.4185340581158
246,2024,94.0679042029022,10.4417716697315
247,2024,93.240271437967,10.4671783272529
248,2024,92.4024349734797,10.4954215794813
249,2024,91.5548625636523,10.5271437869745
250,2024,90.6980219626966,10.5629497043078
251,2024,89.8323809248246,10.6033949262008
252,2024,88.9584072042483,10.6489753498811
253,2024,88.0765685551794,10.7001178167663
254,2024,87.1873327318299,10.7571720932588
255,2024,86.2911674884118,10.8204043330412
256,2024,85.3885405791368,10.8899921328027
257,2024,84.4799197582171,10.9660212521027
258,2024,83.5657727798643,11.0484840193978
259,2024,82.6465673982905,11.137279394129
260,2024,81.7227713677076,11.2322146034511
261,2024,80.7948524423275,11.3330082257335
262,2024,79.863278376362,11.4392945547397
263,2024,78.9285169240232,11.5506290508212
264,2024,77.9910358395228,11.6664946697537
265,2024,77.0513028770729,11.7863088560928
266,2024,76.1097857908852,11.909430995179
267,2024,75.1669523351719,12.0351701344572
268,2024,74.2232702641446,12.1627928084199
269,2024,73.2792073320155,12.2915308298708
270,2024,72.3352312929962,12.420588941086
271,2024,71.3918099012989,12.5491522498639
272,2024,70.4494109111353,12.6763934058316
273,2024,69.5085020767175,12.8014795006397
274,2024,68.5695511522572,12.9235787011608
275,2024,67.6330258919664,13.0418666472824
276,2024,66.6993885226115,13.1555409702795
277,2024,65.7689336339006,13.2640759258031
278,2024,64.8417620094833,13.3672878879663
279,2024,63.9179636372174,13.4650668231655
280,2024,62.9976285049608,13.5573541820508
281,2024,62.080846600571,13.6441373476196
282,2024,61.1677079119059,13.7254446691575
283,2024,60.2583024268232,13.8013410148959
284,2024,59.3527201331807,13.8719237812728
285,2024,58.451051018836,13.9373193020426
286,2024,57.5533850716471,13.9976796058693
287,2024,56.6598122794715,14.0531794762504
288,2024,55.7704226301671,14.1040137725409
289,2024,54.8853061115916,14.1503949754203
290,2024,54.0045527116027,14.192550924351
291,2024,53.1282524180583,14.2307227184214
292,2024,52.2564952188159,14.2651627554687
293,2024,51.3893711017335,14.2961328875717
294,2024,50.5269700546687,14.3239026739186
295,2024,49.6693820654793,14.3487477147309
296,2024,48.8166971220231,14.3709480523893
297,2024,47.9690052121577,14.3907866281921
298,2024,47.126396323741,14.4085477853118
299,2024,46.2889604446306,14.4245158105123
300,2024,45.4567875626844,14.4389735090752
301,2024,44.62996766576,14.4522008091587
302,2024,43.8085907417153,14.4644733934934
303,2024,42.992746778408,14.4760613578978
304,2024,42.1825257636957,14.4872278975696
305,2024,41.3780176854364,14.4982280234793
306,2024,40.5793125314877,14.5093073124314
307,2024,39.7865002897073,14.5207006954652
308,2024,38.999670947953,14.5326312902236
309,2024,38.2189144940826,14.5453092836965
310,2024,37.4443209159539,14.5589308723512
311,2024,36.6759802014244,14.573677267055
312,2024,35.9139823383521,14.5897137703866
313,2024,35.1584173145947,14.6071889339042
314,2024,34.4093751180099,14.6262338026855
315,2024,33.6669457364553,14.6469612539927
316,2024,32.931219157789,14.6694654362444
317,2024,32.2022853698684,14.693821313618
318,2024,31.4802343605515,14.7200843205819
319,2024,30.7651561176958,14.7482901295004
320,2024,30.0571406291593,14.7784545331911
321,2024,29.3562778827996,14.8105734429906
322,2024,28.6626578664745,14.8446230015378
323,2024,27.9763705680418,14.8805598081478
324,2024,27.2975059753591,14.918321253375
325,2024,26.6261540762843,14.9578259581765
326,2024,25.962404858675,14.9989743120299
327,2024,25.3063483103891,15.041649103446
328,2024,24.6580744192842,15.0857162355884
329,2024,24.0176731732182,15.1310255191604
330,2024,23.3852345600487,15.1774115343729
331,2024,22.7608485676336,15.2246945536552
332,2024,22.1446051838306,15.2726815168098
333,2024,21.5365943964973,15.321167050541
334,2024,20.9369061934916,15.3699345246815
335,2024,20.3456305626713,15.4187571379857
336,2024,19.762857491894,15.4673990270433
337,2024,19.1886769690174,15.5156163926534
338,2024,18.6231789818995,15.5631586388847
339,2024,18.0664535183979,15.6097695209999
340,2024,17.5185905663703,15.6551882994286
341,2024,16.9796801136745,15.6991508980138
342,2024,16.4498121481683,15.7413910658239
343,2024,15.9290766577093,15.7816415428977
344,2024,15.4175636301555,15.8196352313718
345,2024,14.9153630533644,15.8551063745212
346,2024,14.4225649151939,15.887791747325
347,2024,13.9392592035016,15.917431863247
348,2024,13.4655359061454,15.9437722030072
349,2024,13.001485010983,15.9665644722125
350,2024,12.5471965058721,15.9855678958251
351,2024,12.1027603786705,16.0005505585867
352,2024,11.6682666172359,16.0112908016912
353,2024,11.2438052094261,16.0175786872191
354,2024,10.8294661430988,16.0192175431303
355,2024,10.4253394061118,16.0160256029545
356,2024,10.0315149863229,16.007837755743
357,2024,9.64808287158967,15.9945074233363
358,2024,9.27513304976998,15.9759085835765
359,2024,8.91275550872155,15.9519379597251
360,2024,8.56104023630214,15.9225173980227
361,2024,8.22007722036951,15.8875964570152
362,2024,7.88995644878144,15.847155233908
363,2024,7.57076790939554,15.8012074547216
364,2024,7.2626015900697,15.7498038562941
365,2024,6.96556077048886,15.6931075080692
