"day_of_year","year","prediction","standard_error"
1,2005,5.44061675223702,0.227707197784868
2,2005,5.44548953041602,0.227445939967178
3,2005,5.45024730782938,0.22701561066676
4,2005,5.45488246123696,0.226411961970914
5,2005,5.4593736363699,0.225643383901319
6,2005,5.46369604620217,0.224722445817019
7,2005,5.46782490370775,0.223662945106004
8,2005,5.4717354218606,0.222479737187263
9,2005,5.4754028136347,0.221188575789617
10,2005,5.47880229200403,0.219805959549461
11,2005,5.48190906994254,0.218348981393236
12,2005,5.48469836042421,0.216835177593181
13,2005,5.48714537642302,0.215282373829744
14,2005,5.48922533091293,0.213708526084146
15,2005,5.49091343686793,0.212131554741453
16,2005,5.49218490726196,0.21056917092476
17,2005,5.49301495506902,0.209038694813989
18,2005,5.49337879326307,0.207556866526836
19,2005,5.49325163481808,0.206139651039127
20,2005,5.49260869270803,0.204802039565654
21,2005,5.49142517990688,0.203557850761903
22,2005,5.48967630938861,0.20241953597749
23,2005,5.48733729412718,0.20139799351792
24,2005,5.48438334709658,0.200502397372575
25,2005,5.48078968127077,0.199740046069688
26,2005,5.47653150962372,0.199116237166963
27,2005,5.47158404512941,0.198634172351819
28,2005,5.4659225007618,0.198294897217303
29,2005,5.45952208949487,0.19809727854952
30,2005,5.45235802430259,0.19803802049919
31,2005,5.44440551815893,0.198111719433163
32,2005,5.43563978403786,0.19831095570591
33,2005,5.42603603491336,0.198626419189143
34,2005,5.41556948375938,0.199047064264052
35,2005,5.40421534354992,0.199560289196764
36,2005,5.39194882725893,0.200152134425667
37,2005,5.3787451478604,0.200807494289459
38,2005,5.36457951832828,0.201510337081798
39,2005,5.34942715163656,0.202243928969879
40,2005,5.3332632607592,0.202991058183072
41,2005,5.31606305867018,0.203734256883489
42,2005,5.29780175834346,0.204456019199181
43,2005,5.27845457275302,0.205139014972166
44,2005,5.25799671487283,0.205766299804205
45,2005,5.23640339767686,0.206321522947555
46,2005,5.21364983413908,0.206789135475974
47,2005,5.18971123723347,0.207154601986478
48,2005,5.164562819934,0.207404619836351
49,2005,5.13817979521463,0.207527350628861
50,2005,5.11053737604934,0.207512669339739
51,2005,5.0816107754121,0.207352437133097
52,2005,5.05137520627689,0.207040804544675
53,2005,5.01980727192716,0.206574819067664
54,2005,4.98692574112674,0.205962454703334
55,2005,4.95279813036633,0.205223252986308
56,2005,4.91749467158484,0.204378853083998
57,2005,4.88108559672123,0.203452096529945
58,2005,4.84364113771443,0.202466670383906
59,2005,4.80523152650338,0.201446752682376
60,2005,4.76592699502702,0.200416654899105
61,2005,4.72579777522428,0.199400458253969
62,2005,4.6849140990341,0.198421643004702
63,2005,4.64334619839542,0.197502712302263
64,2005,4.60116430524718,0.196664814707023
65,2005,4.55843865152831,0.195927371912463
66,2005,4.51523946917775,0.195307720417393
67,2005,4.47163699013444,0.194820777604571
68,2005,4.42770144633732,0.194478743696543
69,2005,4.38350306972533,0.194290851177241
70,2005,4.33911209223739,0.194263172376189
71,2005,4.29459874581246,0.194398494009494
72,2005,4.25003326238946,0.194696264687906
73,2005,4.20548587390734,0.195152617993077
74,2005,4.16102681230503,0.195760470039484
75,2005,4.11672630952148,0.196509686874805
76,2005,4.0726545974956,0.197387314000079
77,2005,4.02888190816636,0.198377858010285
78,2005,3.98547847347268,0.199463609046734
79,2005,3.9425145253535,0.200624992462966
80,2005,3.90006029574776,0.201840938761549
81,2005,3.85818601659439,0.203089262293841
82,2005,3.81696191983233,0.204347041209694
83,2005,3.77645823740053,0.205590993470045
84,2005,3.73674520123792,0.206797846185208
85,2005,3.69789304328343,0.207944697953557
86,2005,3.65997199547601,0.20900937614083
87,2005,3.62305228975458,0.209970793104675
88,2005,3.5872041580581,0.210809307221185
89,2005,3.55249783232549,0.211507096229917
90,2005,3.5190035444957,0.212048551916021
91,2005,3.48679152650766,0.212420706525018
92,2005,3.45593201030031,0.212613702569295
93,2005,3.42649522781258,0.212621318804127
94,2005,3.39855141098342,0.212441566023155
95,2005,3.37217034595568,0.212077548288188
96,2005,3.34739507110667,0.211548515895119
97,2005,3.32422716577723,0.210893842685115
98,2005,3.3026646429394,0.210155606259695
99,2005,3.28270551556527,0.209376160806666
100,2005,3.2643477966269,0.208597210068768
101,2005,3.24758949909636,0.207858878456396
102,2005,3.23242863594572,0.207198786058138
103,2005,3.21886322014705,0.206651143193721
104,2005,3.20689126467241,0.206245888943418
105,2005,3.19651078249389,0.206007904784284
106,2005,3.18771978658354,0.205956338029898
107,2005,3.18051628991344,0.2061040693783
108,2005,3.17489830545566,0.20645735416791
109,2005,3.17086384618226,0.207015658238348
110,2005,3.16841092506531,0.207771697624374
111,2005,3.16753755507689,0.208711678284538
112,2005,3.16824174918907,0.209815719558714
113,2005,3.1705215203739,0.211058434818903
114,2005,3.17437488160347,0.212409636113937
115,2005,3.17979984584984,0.213835127116269
116,2005,3.18679442608509,0.21529755025333
117,2005,3.19535663528127,0.21675725887482
118,2005,3.20548448641047,0.218173192674808
119,2005,3.21717599244474,0.21950374329507
120,2005,3.23042916635616,0.2207076061744
121,2005,3.2452420211168,0.221744623643755
122,2005,3.26161256969872,0.222576632679987
123,2005,3.27953882507401,0.223168338587519
124,2005,3.29901880021472,0.223488243356752
125,2005,3.32004995632269,0.223509933358919
126,2005,3.34259664838554,0.223228941670021
127,2005,3.3665719167589,0.222671600290629
128,2005,3.39188438763647,0.221871132983718
129,2005,3.41844268721197,0.220864435976882
130,2005,3.44615544167913,0.219691104267545
131,2005,3.47493127723165,0.21839251488474
132,2005,3.50467882006326,0.217010938232266
133,2005,3.53530669636767,0.215588657043474
134,2005,3.56672353233861,0.214167081178679
135,2005,3.59883795416978,0.21278585562706
136,2005,3.63155858805491,0.211481968522991
137,2005,3.66479406018771,0.210288875331574
138,2005,3.69845299676191,0.209235663868743
139,2005,3.73244402397121,0.208346291528133
140,2005,3.76667576800934,0.2076389299449
141,2005,3.80105685507001,0.207125452451635
142,2005,3.83549591134695,0.206811095613309
143,2005,3.86990156303386,0.206694318043223
144,2005,3.90418243632447,0.206766868495308
145,2005,3.93824715741249,0.207014062413193
146,2005,3.97200435249165,0.207415253550542
147,2005,4.00536264775565,0.207944476784066
148,2005,4.03823066939822,0.208571231242753
149,2005,4.07051704361307,0.209261370146069
150,2005,4.10213039659393,0.209978065333149
151,2005,4.1329793545345,0.210682819818625
152,2005,4.16297254362851,0.211336509893491
153,2005,4.19201859006967,0.211900448250721
154,2005,4.22002612005171,0.212337470412565
155,2005,4.24690375976833,0.212613057670534
156,2005,4.27256013541326,0.212696520397932
157,2005,4.29690606943572,0.21256286055757
158,2005,4.31991899259618,0.212211145286536
159,2005,4.34165334186354,0.211667167102631
160,2005,4.3621678437682,0.21096272452406
161,2005,4.38152122484057,0.21013312056734
162,2005,4.39977221161105,0.20921590392748
163,2005,4.41697953061004,0.208249676432058
164,2005,4.43320190836796,0.207272945414285
165,2005,4.4484980714152,0.206323011243523
166,2005,4.46292674628217,0.205434891866335
167,2005,4.47654665949928,0.204640297274221
168,2005,4.48941653759693,0.203966676488246
169,2005,4.50159510710552,0.203436366911397
170,2005,4.51314109455547,0.203065879718
171,2005,4.52411322647717,0.202865354547925
172,2005,4.53457022940103,0.202838211887891
173,2005,4.54457082985745,0.202981022589819
174,2005,4.55417375437685,0.203283602162901
175,2005,4.56343772948962,0.203729324513454
176,2005,4.57242148172617,0.204295637663395
177,2005,4.5811837376169,0.20495475446137
178,2005,4.58978322369223,0.205674485704982
179,2005,4.59827866648255,0.206419182001662
180,2005,4.60672879251827,0.207150753975531
181,2005,4.61519232832979,0.207829747389756
182,2005,4.62372800044753,0.20841645941405
183,2005,4.63239453540187,0.208872093609987
184,2005,4.64125065972324,0.209159963389123
185,2005,4.65035509994203,0.209246766148798
186,2005,4.65976656244927,0.209103972145111
187,2005,4.66952369480917,0.208718717441192
188,2005,4.67960744524981,0.208112307606953
189,2005,4.68998845063451,0.207317130540352
190,2005,4.70063734782655,0.206370460114328
191,2005,4.71152477368924,0.205313183963512
192,2005,4.72262136508588,0.204188592838179
193,2005,4.73389775887977,0.203041196252921
194,2005,4.74532459193422,0.201915541066196
195,2005,4.75687250111252,0.200855022763034
196,2005,4.76851212327797,0.199900693355467
197,2005,4.78021409529388,0.19909008427712
198,2005,4.79194905402356,0.198456076200935
199,2005,4.80368763633028,0.198025858665696
200,2005,4.81540047907737,0.197820028891051
201,2005,4.82705821912812,0.197851879589795
202,2005,4.83863149334584,0.198126919123815
203,2005,4.85009093859381,0.198642654354735
204,2005,4.86140719173536,0.199388648685959
205,2005,4.87255088963376,0.200346847819332
206,2005,4.88349266915234,0.201492146873113
207,2005,4.89420316715439,0.202793157671128
208,2005,4.9046530205032,0.204213126229979
209,2005,4.91481286606208,0.205710948474434
210,2005,4.92465334069434,0.207242236482559
211,2005,4.93414508126327,0.208760396679177
212,2005,4.94325872463217,0.210217693531228
213,2005,4.95196490766435,0.211566285695466
214,2005,4.96023426722311,0.212759234878347
215,2005,4.96803744017175,0.213751500099141
216,2005,4.97534506337356,0.21450094136233
217,2005,4.98213017675738,0.214971486334854
218,2005,4.98839375588878,0.215156905415555
219,2005,4.99415479932478,0.215072924997651
220,2005,4.99943260600557,0.214740892053594
221,2005,5.00424647487138,0.214186543608053
222,2005,5.00861570486242,0.21343915626846
223,2005,5.01255959491888,0.212530778460224
224,2005,5.01609744398098,0.211495515925545
225,2005,5.01924855098894,0.210368846427599
226,2005,5.02203221488294,0.209186944952274
227,2005,5.02446773460322,0.207986006229007
228,2005,5.02657440908996,0.206801557269001
229,2005,5.0283715372834,0.205667758902291
230,2005,5.02987841812372,0.204616701879588
231,2005,5.03111435055115,0.203677709686148
232,2005,5.03209863350588,0.202876666286405
233,2005,5.03285056592814,0.20223539191624
234,2005,5.03338944675812,0.201771093043657
235,2005,5.03373457493604,0.201495913097304
236,2005,5.0339052494021,0.201416608140926
237,2005,5.03392076909651,0.201534366374901
238,2005,5.03380043295949,0.201844782665755
239,2005,5.03356353993124,0.202337990163086
240,2005,5.03322938895197,0.202998941662005
241,2005,5.03281727896189,0.203807824961807
242,2005,5.03234650890121,0.204740590121718
243,2005,5.03183637771013,0.205769562907096
244,2005,5.03130618432887,0.20686411807264
245,2005,5.03077522769764,0.207991388221274
246,2005,5.03026280675663,0.209116988263919
247,2005,5.02978822044607,0.21020574128159
248,2005,5.02937076770616,0.211222398152079
249,2005,5.02902974747711,0.212132350064098
250,2005,5.02878445869912,0.212902339604864
251,2005,5.02865419581494,0.213501188802503
252,2005,5.02865377378609,0.213907127112136
253,2005,5.02878512231936,0.214121262963465
254,2005,5.02904786841636,0.214152515010792
255,2005,5.02944163907869,0.214013640941919
256,2005,5.02996606130795,0.213720627123908
257,2005,5.03062076210573,0.213292142133072
258,2005,5.03140536847363,0.212749038089274
259,2005,5.03231950741326,0.212113885715556
260,2005,5.03336280592621,0.211410531165182
261,2005,5.03453489101409,0.210663664886006
262,2005,5.03583538967848,0.209898395148657
263,2005,5.037263928921,0.209139821377245
264,2005,5.03882013574324,0.208412605096522
265,2005,5.04050363714679,0.207740539115809
266,2005,5.04231406013327,0.20714611842262
267,2005,5.04425103170427,0.206650119013802
268,2005,5.04631417886138,0.206271193351525
269,2005,5.0485031286062,0.206025493062054
270,2005,5.05081750794035,0.205926330659757
271,2005,5.05325694386541,0.205983892277298
272,2005,5.05582106338298,0.2062050124976
273,2005,5.05850949349467,0.206593020414978
274,2005,5.06132186120206,0.207147663141366
275,2005,5.06425779350678,0.207865109390523
276,2005,5.0673169174104,0.208738031889406
277,2005,5.07049885991453,0.209755763596139
278,2005,5.07380324802078,0.210904519442043
279,2005,5.07722970873073,0.212167672873648
280,2005,5.08077786904599,0.213526075039468
281,2005,5.08444735596816,0.214958404096727
282,2005,5.08823779649884,0.216441532728595
283,2005,5.09214881763962,0.217950903389604
284,2005,5.09618004639211,0.219460902808419
285,2005,5.1003311097579,0.220945229634167
286,2005,5.1046016347386,0.222377251600122
287,2005,5.1089912483358,0.223730351029091
288,2005,5.1134995775511,0.224978259808611
289,2005,5.11812624938611,0.2260953870697
290,2005,5.12287078174649,0.227057706061608
291,2005,5.12773073404789,0.227852797508043
292,2005,5.13270197166445,0.228479392788767
293,2005,5.1377803041132,0.228938988516553
294,2005,5.14296154091114,0.229235253259822
295,2005,5.14824149157531,0.229373753974321
296,2005,5.15361596562273,0.229361714660043
297,2005,5.15908077257041,0.229207801932313
298,2005,5.16463172193539,0.228921932677992
299,2005,5.17026462323469,0.228515099453469
300,2005,5.17597528598532,0.227999209750224
301,2005,5.18175951970431,0.227386935699114
302,2005,5.18761313390868,0.226691571207284
303,2005,5.19353193811546,0.225926893928083
304,2005,5.19951174184166,0.225107029863445
305,2005,5.20554835460432,0.224246318799811
306,2005,5.21163758592044,0.22335917919185
307,2005,5.21777524530706,0.222459971540377
308,2005,5.2239571422812,0.221562859765889
309,2005,5.23017908635987,0.220681670556834
310,2005,5.23643688706011,0.219829751166571
311,2005,5.24272635389892,0.219019826633547
312,2005,5.24904329639335,0.218263857888142
313,2005,5.2553835240604,0.21757290266403
314,2005,5.26174284641711,0.216956981524691
315,2005,5.26811707298048,0.2164249516179
316,2005,5.27450201326756,0.215984390954451
317,2005,5.28089347679535,0.215641496048345
318,2005,5.28728727308088,0.215400995638268
319,2005,5.29367921164117,0.215266082929578
320,2005,5.30006510199325,0.21523836836042
321,2005,5.30644075365414,0.215317854326968
322,2005,5.31280197614086,0.215502932635853
323,2005,5.31914457897043,0.215790404730841
324,2005,5.32546437165987,0.216175524015956
325,2005,5.33175716372622,0.216652058918531
326,2005,5.33801876468648,0.217212374749015
327,2005,5.34424498405768,0.217847531955887
328,2005,5.35043163135685,0.218547398067902
329,2005,5.35657451610101,0.219300770472475
330,2005,5.36266944780717,0.220095507195325
331,2005,5.36871223599237,0.220918663008157
332,2005,5.37469869017362,0.22175662847559
333,2005,5.38062461986795,0.222595269931876
334,2005,5.38648583459238,0.223420068823409
335,2005,5.39227814386392,0.22421625933704
336,2005,5.39799735719962,0.224968963733451
337,2005,5.40363928411647,0.225663325301237
338,2005,5.40919973413152,0.22628463932906
339,2005,5.41467451676178,0.22681848295442
340,2005,5.42005944152427,0.227250845188178
341,2005,5.42535031793602,0.227568258838463
342,2005,5.43054295551405,0.227757936474726
343,2005,5.43563316377537,0.227807912993473
344,2005,5.44061675223702,0.227707197784868
345,2005,5.44548953041602,0.227445939967178
346,2005,5.45024730782938,0.22701561066676
347,2005,5.45488246123696,0.226411961970914
348,2005,5.4593736363699,0.225643383901319
349,2005,5.46369604620217,0.224722445817019
350,2005,5.46782490370775,0.223662945106004
351,2005,5.4717354218606,0.222479737187263
352,2005,5.4754028136347,0.221188575789617
353,2005,5.47880229200403,0.219805959549461
354,2005,5.48190906994254,0.218348981393236
355,2005,5.48469836042421,0.216835177593181
356,2005,5.48714537642302,0.215282373829744
357,2005,5.48922533091293,0.213708526084146
358,2005,5.49091343686793,0.212131554741453
359,2005,5.49218490726196,0.21056917092476
360,2005,5.49301495506902,0.209038694813989
361,2005,5.49337879326307,0.207556866526836
362,2005,5.49325163481808,0.206139651039127
363,2005,5.49260869270803,0.204802039565654
364,2005,5.49142517990688,0.203557850761903
365,2005,5.48967630938861,0.20241953597749
1,2006,5.43403472043597,0.202771352606572
2,2006,5.43890749861497,0.202514962914889
3,2006,5.44366527602833,0.202074645884282
4,2006,5.44830042943591,0.201445589875038
5,2006,5.45279160456885,0.200636814005113
6,2006,5.45711401440112,0.199661906031801
7,2006,5.4612428719067,0.198535800972868
8,2006,5.46515339005956,0.197274612318061
9,2006,5.46882078183366,0.195895475159229
10,2006,5.47222026020298,0.194416396116933
11,2006,5.47532703814149,0.192856105375868
12,2006,5.47811632862317,0.191233906551477
13,2006,5.48056334462198,0.18956952053767
14,2006,5.48264329911189,0.187882919975634
15,2006,5.48433140506688,0.186194151582183
16,2006,5.48560287546092,0.184523144325513
17,2006,5.48643292326797,0.182889502370991
18,2006,5.48679676146202,0.181312282858472
19,2006,5.48666960301703,0.179809759911113
20,2006,5.48602666090698,0.178399177778027
21,2006,5.48484314810583,0.177096497606314
22,2006,5.48309427758756,0.175916143910078
23,2006,5.48075526232614,0.174870758208657
24,2006,5.47780131529553,0.173970968375794
25,2006,5.47420764946972,0.173225182808342
26,2006,5.46994947782267,0.172639418447437
27,2006,5.46500201332836,0.172217170884013
28,2006,5.45934046896075,0.171959333252894
29,2006,5.45294005769382,0.171864168458837
30,2006,5.44577599250154,0.171927336667661
31,2006,5.43782348635788,0.172141977188781
32,2006,5.42905775223681,0.172498841156466
33,2006,5.41945400311231,0.172986469058452
34,2006,5.40898745195834,0.173591405381077
35,2006,5.39763331174887,0.174298441575443
36,2006,5.38536679545789,0.175090878239121
37,2006,5.37216311605935,0.175950797801981
38,2006,5.35799748652723,0.176859339982654
39,2006,5.34284511983551,0.177796973682039
40,2006,5.32668122895815,0.178743760629147
41,2006,5.30948102686913,0.179679607832949
42,2006,5.29121972654241,0.180584507593839
43,2006,5.27187254095197,0.181438765401502
44,2006,5.25141468307178,0.1822232174449
45,2006,5.22982136587581,0.182919440673212
46,2006,5.20706780233804,0.183509959390535
47,2006,5.18312920543243,0.183978453278045
48,2006,5.15798078813295,0.184309972561837
49,2006,5.13159776341359,0.184491166832977
50,2006,5.10395534424829,0.184510534824558
51,2006,5.07502874361106,0.184358703294889
52,2006,5.04479317447584,0.184028744073767
53,2006,5.01322524012612,0.183516848435569
54,2006,4.9803437093257,0.182831623649388
55,2006,4.94621609856528,0.181994910355822
56,2006,4.91091263978379,0.181030896092514
57,2006,4.87450356492018,0.179965144582498
58,2006,4.83705910591338,0.178824244133656
59,2006,4.79864949470233,0.177635452393774
60,2006,4.75934496322597,0.17642632915524
61,2006,4.71921574342323,0.175224351367106
62,2006,4.67833206723305,0.174056507357714
63,2006,4.63676416659437,0.172948870541584
64,2006,4.59458227344613,0.171926156532903
65,2006,4.55185661972726,0.171011271454474
66,2006,4.5086574373767,0.170224863032482
67,2006,4.4650549583334,0.169584889411626
68,2006,4.42111941453628,0.169106223054162
69,2006,4.37692103792428,0.168800308151353
70,2006,4.33253006043635,0.168674889332101
71,2006,4.28801671401141,0.168733826956962
72,2006,4.24345123058842,0.16897701006096
73,2006,4.1989038421063,0.16940037246552
74,2006,4.15444478050399,0.169996011363161
75,2006,4.11014427772043,0.170752401558259
76,2006,4.06607256569456,0.171654693275067
77,2006,4.02229987636531,0.172685077615735
78,2006,3.97889644167163,0.173823201708594
79,2006,3.93593249355245,0.175046615385564
80,2006,3.89347826394671,0.176331232666266
81,2006,3.85160398479334,0.177651794025704
82,2006,3.81037988803129,0.178982318922277
83,2006,3.76987620559948,0.180296541914306
84,2006,3.73016316943687,0.181568329525144
85,2006,3.69131101148238,0.182772078571529
86,2006,3.65338996367496,0.183883099808956
87,2006,3.61647025795354,0.184877993438135
88,2006,3.58062212625705,0.185735025302708
89,2006,3.54591580052445,0.186434514582994
90,2006,3.51242151269465,0.186959245564212
91,2006,3.48020949470661,0.187294917732141
92,2006,3.44934997849926,0.187430650089848
93,2006,3.41991319601154,0.187359557194602
94,2006,3.39196937918238,0.187079415875321
95,2006,3.36558831415463,0.186593645920525
96,2006,3.34081303930563,0.185923730457024
97,2006,3.31764513397618,0.185113766254713
98,2006,3.29608261113835,0.184211047901978
99,2006,3.27612348376422,0.183263401263488
100,2006,3.25776576482585,0.182318165662102
101,2006,3.24100746729531,0.181421139457997
102,2006,3.22584660414467,0.180615494341224
103,2006,3.212281188346,0.179940678715343
104,2006,3.20030923287136,0.179431344977975
105,2006,3.18992875069284,0.179116347472071
106,2006,3.18113775478249,0.179017865256033
107,2006,3.17393425811239,0.179150704701439
108,2006,3.16831627365461,0.179521830187941
109,2006,3.16428181438121,0.180130157092012
110,2006,3.16182889326426,0.180966621670795
111,2006,3.16095552327584,0.18201452040913
112,2006,3.16165971738802,0.183250090588743
113,2006,3.16393948857286,0.18464328759486
114,2006,3.16779284980243,0.186158705034117
115,2006,3.17321781404879,0.18775658182519
116,2006,3.18021239428404,0.189393845318752
117,2006,3.18877460348022,0.191025149475279
118,2006,3.19890245460942,0.192603880040529
119,2006,3.21059396064369,0.194083112519048
120,2006,3.22384713455511,0.195416522080019
121,2006,3.23865998931575,0.196559256520881
122,2006,3.25503053789767,0.197468793872275
123,2006,3.27295679327296,0.198105815451989
124,2006,3.29243676841367,0.198435133782492
125,2006,3.31346792452164,0.198427028013385
126,2006,3.33601461658449,0.198076258929132
127,2006,3.35998988495785,0.197412116175502
128,2006,3.38530235583542,0.196471432053559
129,2006,3.41186065541092,0.195295067468768
130,2006,3.43957340987808,0.193926942203612
131,2006,3.4683492454306,0.192413120786253
132,2006,3.49809678826221,0.190800914062074
133,2006,3.52872466456662,0.189137966151489
134,2006,3.56014150053756,0.187471306668893
135,2006,3.59225592236873,0.185846359472892
136,2006,3.62497655625386,0.18430591202835
137,2006,3.65821202838667,0.182889063355194
138,2006,3.69187096496086,0.181630182530407
139,2006,3.72586199217016,0.180557922167701
140,2006,3.76009373620829,0.179694340157568
141,2006,3.79447482326897,0.179054186134717
142,2006,3.8289138795459,0.178644405156139
143,2006,3.86331953123281,0.178463899588093
144,2006,3.89760040452342,0.178503572395917
145,2006,3.93166512561145,0.178746653537832
146,2006,3.9654223206906,0.179169289533995
147,2006,3.9987806159546,0.179741358136959
148,2006,4.03164863759717,0.180427458186396
149,2006,4.06393501181203,0.181188020604009
150,2006,4.09554836479288,0.181980489946285
151,2006,4.12639732273345,0.182760535616882
152,2006,4.15639051182746,0.183483265714271
153,2006,4.18543655826863,0.184104432465415
154,2006,4.21344408825066,0.184581634593181
155,2006,4.24032172796729,0.184875537745852
156,2006,4.26597810361222,0.18495114889158
157,2006,4.29032403763467,0.18477986331523
158,2006,4.31333696079514,0.184360418024561
159,2006,4.33507131006249,0.18372197248071
160,2006,4.35558581196715,0.182900509367074
161,2006,4.37493919303952,0.18193607079754
162,2006,4.39319017981,0.180871407194215
163,2006,4.410397498809,0.179750682594552
164,2006,4.42661987656691,0.17861820297879
165,2006,4.44191603961415,0.177517150132997
166,2006,4.45634471448112,0.176488320382803
167,2006,4.46996462769823,0.175568884638283
168,2006,4.48283450579588,0.174791202296116
169,2006,4.49501307530448,0.174181734756982
170,2006,4.50655906275442,0.173760112446554
171,2006,4.51753119467612,0.173538410339515
172,2006,4.52798819759998,0.173520680039206
173,2006,4.5379887980564,0.173702771859412
174,2006,4.5475917225758,0.17407246011234
175,2006,4.55685569768857,0.174609862269308
176,2006,4.56583944992512,0.175288121735639
177,2006,4.57460170581586,0.176074308189769
178,2006,4.58320119189118,0.176930481098131
179,2006,4.5916966346815,0.17781486184741
180,2006,4.60014676071722,0.178683067146072
181,2006,4.60861029652875,0.179489369137144
182,2006,4.61714596864648,0.1801879638751
183,2006,4.62581250360083,0.180734247518096
184,2006,4.63466862792219,0.181086117437365
185,2006,4.64377306814099,0.181205332831437
186,2006,4.65318453064822,0.18105899732559
187,2006,4.66294166300812,0.180632079770294
188,2006,4.67302541344877,0.179948866443252
189,2006,4.68340641883346,0.17904628650982
190,2006,4.6940553160255,0.177966870622208
191,2006,4.70494274188819,0.176757422600837
192,2006,4.71603933328483,0.175467746984599
193,2006,4.72731572707872,0.174149377657001
194,2006,4.73874256013317,0.172854267995147
195,2006,4.75029046931147,0.171633420887824
196,2006,4.76193009147693,0.170535457934608
197,2006,4.77363206349284,0.169605150605969
198,2006,4.78536702222251,0.16888196023155
199,2006,4.79710560452924,0.168398655144122
200,2006,4.80881844727633,0.16818008797914
201,2006,4.82047618732708,0.168242219937253
202,2006,4.83204946154479,0.168591469127818
203,2006,4.84350890679277,0.169224436992461
204,2006,4.85482515993431,0.170128033579403
205,2006,4.86596885783272,0.171279985126313
206,2006,4.87691063735129,0.172649673158847
207,2006,4.88762113535334,0.174199229360956
208,2006,4.89807098870215,0.175884798489587
209,2006,4.90823083426104,0.177657883022022
210,2006,4.91807130889329,0.17946669568118
211,2006,4.92756304946222,0.181257465529979
212,2006,4.93667669283113,0.182975665773334
213,2006,4.94538287586331,0.184567153375866
214,2006,4.95365223542206,0.185979230033775
215,2006,4.9614554083707,0.187161650212656
216,2006,4.96876303157251,0.188067615229338
217,2006,4.97554814495633,0.188657205444152
218,2006,4.98181172408773,0.18892414678186
219,2006,4.98757276752373,0.188886718739731
220,2006,4.99285057420452,0.188569252603258
221,2006,4.99766444307034,0.188000808309482
222,2006,5.00203367306137,0.187214294168345
223,2006,5.00597756311783,0.186245684108702
224,2006,5.00951541217994,0.185133292383976
225,2006,5.01266651918789,0.18391707252585
226,2006,5.01545018308189,0.182637913845499
227,2006,5.01788570280217,0.181336915509321
228,2006,5.01999237728892,0.180054625651538
229,2006,5.02178950548235,0.178830241448822
230,2006,5.02329638632268,0.17770077560692
231,2006,5.0245323187501,0.176700204941997
232,2006,5.02551660170483,0.175858626878918
233,2006,5.02626853412709,0.175201458519506
234,2006,5.02680741495707,0.174748718990663
235,2006,5.02715254313499,0.174514437651101
236,2006,5.02732321760105,0.174506227442207
237,2006,5.02733873729547,0.17472505404649
238,2006,5.02721840115845,0.175165218415545
239,2006,5.02698150813019,0.175814554454851
240,2006,5.02664735715093,0.176654827618858
241,2006,5.02623524716084,0.177662306351283
242,2006,5.02576447710016,0.178808468671218
243,2006,5.02525434590909,0.180060801816864
244,2006,5.02472415252783,0.181383653748827
245,2006,5.02419319589659,0.182739100648794
246,2006,5.02368077495558,0.184087802969895
247,2006,5.02320618864502,0.185389832616414
248,2006,5.02278873590511,0.18660546416333
249,2006,5.02244771567606,0.187695932769026
250,2006,5.02220242689807,0.188624170129392
251,2006,5.0220721640139,0.189355544799688
252,2006,5.02207174198504,0.189866062987674
253,2006,5.02220309051831,0.190157491135506
254,2006,5.02246583661532,0.190240220544097
255,2006,5.02285960727765,0.190128786302314
256,2006,5.0233840295069,0.189841209603372
257,2006,5.02403873030468,0.189398419779585
258,2006,5.02482333667258,0.188823733973078
259,2006,5.02573747561222,0.188142375243539
260,2006,5.02678077412517,0.18738101273404
261,2006,5.02795285921304,0.186567310340264
262,2006,5.02925335787744,0.185729473270989
263,2006,5.03068189711995,0.184895785066356
264,2006,5.03223810394219,0.184094131139988
265,2006,5.03392160534575,0.183351508749077
266,2006,5.03573202833222,0.182693527394229
267,2006,5.03766899990322,0.182143907812564
268,2006,5.03973214706033,0.181723991639689
269,2006,5.04192109680516,0.181452277070577
270,2006,5.0442354761393,0.181343997997725
271,2006,5.04667491206436,0.181410764739885
272,2006,5.04923903158193,0.181660283323708
273,2006,5.05192746169362,0.182096167291926
274,2006,5.05473982940102,0.182717851403617
275,2006,5.05767576170573,0.183520610847218
276,2006,5.06073488560935,0.184495683383937
277,2006,5.06391682811349,0.185630485934388
278,2006,5.06722121621973,0.186908912211141
279,2006,5.07064767692968,0.188311694598758
280,2006,5.07419583724494,0.189816811848101
281,2006,5.07786532416712,0.191399924269353
282,2006,5.08165576469779,0.193034819736449
283,2006,5.08556678583857,0.194693856564821
284,2006,5.08959801459106,0.196348392749603
285,2006,5.09374907795686,0.197969194734292
286,2006,5.09801960293755,0.199526822484601
287,2006,5.10240921653475,0.200991990944263
288,2006,5.10691754575006,0.202335910837228
289,2006,5.11154421758506,0.203530614240971
290,2006,5.11628874994544,0.204549900217591
291,2006,5.12114870224685,0.205380506923243
292,2006,5.12611993986341,0.206021525367227
293,2006,5.13119827231215,0.206475000754213
294,2006,5.13637950911009,0.20674527488686
295,2006,5.14165945977426,0.206838691316452
296,2006,5.14703393382168,0.206763340095355
297,2006,5.15249874076937,0.206528835129519
298,2006,5.15804969013435,0.206146117893834
299,2006,5.16368259143364,0.205627281979248
300,2006,5.16939325418427,0.20498541357408
301,2006,5.17517748790326,0.204234443544619
302,2006,5.18103110210764,0.203389007282746
303,2006,5.18694990631442,0.202464308947871
304,2006,5.19292971004062,0.201475987166483
305,2006,5.19896632280327,0.200439979686281
306,2006,5.2050555541194,0.199372384933551
307,2006,5.21119321350601,0.198289318910993
308,2006,5.21737511048015,0.197206766413077
309,2006,5.22359705455882,0.196140426136319
310,2006,5.22985485525906,0.195105549923193
311,2006,5.23614432209788,0.194116777091548
312,2006,5.2424612645923,0.193187965545248
313,2006,5.24880149225935,0.192332022103011
314,2006,5.25516081461606,0.191560735176231
315,2006,5.26153504117944,0.190884613519528
316,2006,5.26791998146651,0.190312735212423
317,2006,5.2743114449943,0.189852611252353
318,2006,5.28070524127983,0.189510068104112
319,2006,5.28709717984013,0.18928915323306
320,2006,5.29348307019221,0.189192067048364
321,2006,5.2998587218531,0.189219123825558
322,2006,5.30621994433981,0.189368743120591
323,2006,5.31256254716938,0.189637472009059
324,2006,5.31888233985883,0.190020037278163
325,2006,5.32517513192517,0.19050942556194
326,2006,5.33143673288543,0.191096988431302
327,2006,5.33766295225663,0.191772568699189
328,2006,5.3438495995558,0.192524643721916
329,2006,5.34999248429996,0.193340481285912
330,2006,5.35608741600612,0.194206303752469
331,2006,5.36213020419132,0.195107456457557
332,2006,5.36811665837257,0.196028576879435
333,2006,5.3740425880669,0.196953761737168
334,2006,5.37990380279133,0.197866729911683
335,2006,5.38569611206288,0.198750979837628
336,2006,5.39141532539857,0.199589940759216
337,2006,5.39705725231543,0.200367117948784
338,2006,5.40261770233047,0.201066232638052
339,2006,5.40809248496073,0.201671358005165
340,2006,5.41347740972322,0.202167053101854
341,2006,5.41876828613497,0.202538497107973
342,2006,5.423960923713,0.202771626784729
343,2006,5.42905113197433,0.202853280486187
344,2006,5.43403472043597,0.202771352606572
345,2006,5.43890749861497,0.202514962914889
346,2006,5.44366527602833,0.202074645884282
347,2006,5.44830042943591,0.201445589875038
348,2006,5.45279160456885,0.200636814005113
349,2006,5.45711401440112,0.199661906031801
350,2006,5.4612428719067,0.198535800972868
351,2006,5.46515339005956,0.197274612318061
352,2006,5.46882078183366,0.195895475159229
353,2006,5.47222026020298,0.194416396116933
354,2006,5.47532703814149,0.192856105375868
355,2006,5.47811632862317,0.191233906551477
356,2006,5.48056334462198,0.18956952053767
357,2006,5.48264329911189,0.187882919975634
358,2006,5.48433140506688,0.186194151582183
359,2006,5.48560287546092,0.184523144325513
360,2006,5.48643292326797,0.182889502370991
361,2006,5.48679676146202,0.181312282858472
362,2006,5.48666960301703,0.179809759911113
363,2006,5.48602666090698,0.178399177778027
364,2006,5.48484314810583,0.177096497606314
365,2006,5.48309427758756,0.175916143910078
1,2007,5.41400074464723,0.200533157445695
2,2007,5.41887352282623,0.200316134151975
3,2007,5.42363130023959,0.199919405914618
4,2007,5.42826645364717,0.199338335674147
5,2007,5.43275762878011,0.198581993580709
6,2007,5.43708003861238,0.197664005342629
7,2007,5.44120889611796,0.196599365161862
8,2007,5.44511941427082,0.195404260871846
9,2007,5.44878680604492,0.194095910880988
10,2007,5.45218628441424,0.192692407658803
11,2007,5.45529306235275,0.191212562968557
12,2007,5.45808235283443,0.189675750501408
13,2007,5.46052936883324,0.188101742046205
14,2007,5.46260932332315,0.186510533882371
15,2007,5.46429742927814,0.18492216075674
16,2007,5.46556889967218,0.183356495639537
17,2007,5.46639894747924,0.181833034479971
18,2007,5.46676278567328,0.180370666409709
19,2007,5.4666356272283,0.178987431257962
20,2007,5.46599268511824,0.177700267796406
21,2007,5.46480917231709,0.176524757738483
22,2007,5.46306030179882,0.175474872050625
23,2007,5.4607212865374,0.174562727437214
24,2007,5.4577673395068,0.173798361766853
25,2007,5.45417367368098,0.173189537555178
26,2007,5.44991550203394,0.172741582287705
27,2007,5.44496803753962,0.17245727330087
28,2007,5.43930649317201,0.172336773173599
29,2007,5.43290608190508,0.172377619243294
30,2007,5.4257420167128,0.17257476816052
31,2007,5.41778951056914,0.172920693603386
32,2007,5.40902377644808,0.173405532668628
33,2007,5.39942002732357,0.174017274296689
34,2007,5.3889534761696,0.17474198156184
35,2007,5.37759933596013,0.175564038865534
36,2007,5.36533281966915,0.176466415016704
37,2007,5.35212914027061,0.177430933788447
38,2007,5.3379635107385,0.178438544668641
39,2007,5.32281114404677,0.179469588004974
40,2007,5.30664725316941,0.180504050413429
41,2007,5.28944705108039,0.181521808025043
42,2007,5.27118575075367,0.182502856775368
43,2007,5.25183856516323,0.183427530421222
44,2007,5.23138070728304,0.184276708265973
45,2007,5.20978739008708,0.185032015686497
46,2007,5.1870338265493,0.185676021505974
47,2007,5.16309522964369,0.186192437086735
48,2007,5.13794681234421,0.186566322775152
49,2007,5.11156378762485,0.186784308066182
50,2007,5.08392136845956,0.186834832614881
51,2007,5.05499476782232,0.186708416042173
52,2007,5.0247591986871,0.186397965381718
53,2007,4.99319126433738,0.185899444549949
54,2007,4.96030973353696,0.185221321336194
55,2007,4.92618212277654,0.184385417163819
56,2007,4.89087866399506,0.183415854373715
57,2007,4.85446958913144,0.182338086268821
58,2007,4.81702513012465,0.181178557430355
59,2007,4.7786155189136,0.179964361347015
60,2007,4.73931098743723,0.178722887225123
61,2007,4.69918176763449,0.177481450160028
62,2007,4.65829809144431,0.176266901501031
63,2007,4.61673019080563,0.175105219284888
64,2007,4.57454829765739,0.174021082016996
65,2007,4.53182264393852,0.17303743271324
66,2007,4.48862346158796,0.172175043734364
67,2007,4.44502098254466,0.171452096199625
68,2007,4.40108543874754,0.170883790239036
69,2007,4.35688706213554,0.170482003609752
70,2007,4.31249608464761,0.170255015917268
71,2007,4.26798273822267,0.170207313669703
72,2007,4.22341725479968,0.170339487715694
73,2007,4.17886986631756,0.170648229599809
74,2007,4.13441080471525,0.171126427572712
75,2007,4.09011030193169,0.171763357117625
76,2007,4.04603858990582,0.172544955616647
77,2007,4.00226590057658,0.173454166781513
78,2007,3.95886246588289,0.174471338098649
79,2007,3.91589851776371,0.175574653910064
80,2007,3.87344428815797,0.176740587742676
81,2007,3.8315700090046,0.177944359794191
82,2007,3.79034591224255,0.17916038866837
83,2007,3.74984222981075,0.180362730098513
84,2007,3.71012919364813,0.181525499134081
85,2007,3.67127703569364,0.182623275818494
86,2007,3.63335598788622,0.183631497595048
87,2007,3.5964362821648,0.184526844484365
88,2007,3.56058815046831,0.185287625503813
89,2007,3.52588182473571,0.185894176922712
90,2007,3.49238753690591,0.186329284866644
91,2007,3.46017551891787,0.186578646595119
92,2007,3.42931600271052,0.186631386541533
93,2007,3.3998792202228,0.18648064491918
94,2007,3.37193540339364,0.186124258248549
95,2007,3.34555433836589,0.185565753145723
96,2007,3.32077906351689,0.184826643775797
97,2007,3.29761115818744,0.183950924119336
98,2007,3.27604863534961,0.182985857601712
99,2007,3.25608950797548,0.181979318873741
100,2007,3.23773178903711,0.180978762508913
101,2007,3.22097349150657,0.180030152286124
102,2007,3.20581262835593,0.17917685612242
103,2007,3.19224721255726,0.178458527261946
104,2007,3.18027525708262,0.177910007342386
105,2007,3.1698947749041,0.177560299529577
106,2007,3.16110377899375,0.177431667771868
107,2007,3.15390028232365,0.17753891931924
108,2007,3.14828229786587,0.177888920786155
109,2007,3.14424783859247,0.178480383449345
110,2007,3.14179491747552,0.179303933046285
111,2007,3.1409215474871,0.180342456326271
112,2007,3.14162574159928,0.18157169487514
113,2007,3.14390551278412,0.182961039818153
114,2007,3.14775887401369,0.184474471255179
115,2007,3.15318383826005,0.186071584438438
116,2007,3.1601784184953,0.187708649969029
117,2007,3.16874062769148,0.189339665807051
118,2007,3.17886847882068,0.190917372391388
119,2007,3.19055998485495,0.192394216555601
120,2007,3.20381315876637,0.193723263671726
121,2007,3.21862601352701,0.194859069725164
122,2007,3.23499656210893,0.19575853565264
123,2007,3.25292281748422,0.19638177560386
124,2007,3.27240279262493,0.196693039487164
125,2007,3.2934339487329,0.19666204853665
126,2007,3.31598064079575,0.196283304983751
127,2007,3.33995590916911,0.195586317496663
128,2007,3.36526838004668,0.194608201263034
129,2007,3.39182667962218,0.193390131634716
130,2007,3.41953943408934,0.191976382909011
131,2007,3.44831526964186,0.190413422655763
132,2007,3.47806281247347,0.188749020602274
133,2007,3.50869068877789,0.187031340577756
134,2007,3.54010752474882,0.185307994145049
135,2007,3.57222194657999,0.183625045969937
136,2007,3.60494258046512,0.18202597398116
137,2007,3.63817805259793,0.18055060168323
138,2007,3.67183698917212,0.179234034631987
139,2007,3.70582801638142,0.178105646396867
140,2007,3.74005976041955,0.177188169129725
141,2007,3.77444084748023,0.176496947879579
142,2007,3.80887990375716,0.176039414329163
143,2007,3.84328555544407,0.175814824173597
144,2007,3.87756642873468,0.17581428402271
145,2007,3.91163114982271,0.176021071189848
146,2007,3.94538834490186,0.176411226790918
147,2007,3.97874664016586,0.176954383124924
148,2007,4.01161466180843,0.177614773430974
149,2007,4.04390103602329,0.178352367412657
150,2007,4.07551438900414,0.179124079311945
151,2007,4.10636334694472,0.179885005365483
152,2007,4.13635653603872,0.180589662010185
153,2007,4.16540258247989,0.181193212974589
154,2007,4.19341011246192,0.181652690588948
155,2007,4.22028775217855,0.181928233158476
156,2007,4.24594412782348,0.181984375663988
157,2007,4.27029006184593,0.181792121602112
158,2007,4.2933029850064,0.181350129787127
159,2007,4.31503733427375,0.180687845285522
160,2007,4.33555183617842,0.179841653990458
161,2007,4.35490521725078,0.178852091932788
162,2007,4.37315620402126,0.177762481344923
163,2007,4.39036352302026,0.176617621175438
164,2007,4.40658590077817,0.175462496970019
165,2007,4.42188206382541,0.174340991523384
166,2007,4.43631073869239,0.173294595283517
167,2007,4.44993065190949,0.172361133538399
168,2007,4.46280053000714,0.171573544572104
169,2007,4.47497909951574,0.170958757188002
170,2007,4.48652508696568,0.170536724855155
171,2007,4.49749721888738,0.170319675078831
172,2007,4.50795422181124,0.170311625238795
173,2007,4.51795482226767,0.170508200474211
174,2007,4.52755774678706,0.170896767417712
175,2007,4.53682172189983,0.171456873352867
176,2007,4.54580547413638,0.17216095796669
177,2007,4.55456773002712,0.17297528812069
178,2007,4.56316721610244,0.173861057444183
179,2007,4.57166265889276,0.174775592751322
180,2007,4.58011278492848,0.175673617339472
181,2007,4.58857632074001,0.176508535103401
182,2007,4.59711199285774,0.177233716714574
183,2007,4.60577852781209,0.177803787780904
184,2007,4.61463465213346,0.178175937521593
185,2007,4.62373909235225,0.17831128446707
186,2007,4.63315055485948,0.178176364309029
187,2007,4.64290768721938,0.177755889332355
188,2007,4.65299143766003,0.177074639901238
189,2007,4.66337244304472,0.17617023846166
190,2007,4.67402134023676,0.175085984616353
191,2007,4.68490876609945,0.173869524017407
192,2007,4.69600535749609,0.172571571896228
193,2007,4.70728175128998,0.1712446336851
194,2007,4.71870858434443,0.169941680836425
195,2007,4.73025649352273,0.168714758475325
196,2007,4.74189611568819,0.167613523461773
197,2007,4.7535980877041,0.166683736269525
198,2007,4.76533304643377,0.165965755835829
199,2007,4.7770716287405,0.165493109692495
200,2007,4.78878447148759,0.165291227690638
201,2007,4.80044221153834,0.165376431954243
202,2007,4.81201548575605,0.165755265384558
203,2007,4.82347493100403,0.166424216117756
204,2007,4.83479118414557,0.167369859462788
205,2007,4.84593488204398,0.168569398665705
206,2007,4.85687666156255,0.169991549220539
207,2007,4.8675871595646,0.171597685156992
208,2007,4.87803701291341,0.173343153649653
209,2007,4.8881968584723,0.175178666676639
210,2007,4.89803733310455,0.177051692534618
211,2007,4.90752907367348,0.178907791359625
212,2007,4.91664271704239,0.180691862833012
213,2007,4.92534890007457,0.182349297370871
214,2007,4.93361825963332,0.183827042191618
215,2007,4.94142143258196,0.185074610080762
216,2007,4.94872905578378,0.186045071898743
217,2007,4.9555141691676,0.186698495948374
218,2007,4.96177774829899,0.187028799507271
219,2007,4.96753879173499,0.187054575704089
220,2007,4.97281659841579,0.186800497185384
221,2007,4.9776304672816,0.186295977855438
222,2007,4.98199969727263,0.185574281266613
223,2007,4.98594358732909,0.184671727736189
224,2007,4.9894814363912,0.183626959163812
225,2007,4.99263254339915,0.182480227719669
226,2007,4.99541620729316,0.181272681401914
227,2007,4.99785172701343,0.180045626506475
228,2007,4.99995840150018,0.178839754814598
229,2007,5.00175552969361,0.177694332093597
230,2007,5.00326241053394,0.176646354328635
231,2007,5.00449834296136,0.175729688554047
232,2007,5.0054826259161,0.174974225369179
233,2007,5.00623455833835,0.174405078933145
234,2007,5.00677343916833,0.174041875938054
235,2007,5.00711856734625,0.173898176361615
236,2007,5.00728924181231,0.173981064795768
237,2007,5.00730476150673,0.174290941795641
238,2007,5.00718442536971,0.174821530990807
239,2007,5.00694753234146,0.175560101586938
240,2007,5.00661338136219,0.176487889848985
241,2007,5.00620127137211,0.177580689665459
242,2007,5.00573050131142,0.178809573232505
243,2007,5.00522037012035,0.180141699196024
244,2007,5.00469017673909,0.181541167143752
245,2007,5.00415922010785,0.182969883201792
246,2007,5.00364679916685,0.184388410244177
247,2007,5.00317221285628,0.185756786375337
248,2007,5.00275476011637,0.187035305635085
249,2007,5.00241373988732,0.188185264453262
250,2007,5.00216845110933,0.189169685842003
251,2007,5.00203818822516,0.189954048059964
252,2007,5.0020377661963,0.190514498075117
253,2007,5.00216911472958,0.190852994058201
254,2007,5.00243186082658,0.190980087587044
255,2007,5.00282563148891,0.190910428459221
256,2007,5.00335005371816,0.190662108421298
257,2007,5.00400475451594,0.190256085030433
258,2007,5.00478936088385,0.189715663519729
259,2007,5.00570349982348,0.189066017519492
260,2007,5.00674679833643,0.188333732369149
261,2007,5.0079188834243,0.187546357611438
262,2007,5.0092193820887,0.186731958206493
263,2007,5.01064792133121,0.185918657155472
264,2007,5.01220412815345,0.185134165664462
265,2007,5.01388762955701,0.184405300727818
266,2007,5.01569805254349,0.183757493990509
267,2007,5.01763502411448,0.183214299775913
268,2007,5.01969817127159,0.182796913940634
269,2007,5.02188712101642,0.182523718354627
270,2007,5.02420150035056,0.182409867878685
271,2007,5.02664093627562,0.182466937336237
272,2007,5.02920505579319,0.182702644893828
273,2007,5.03189348590488,0.183120665423251
274,2007,5.03470585361228,0.183720543021559
275,2007,5.03764178591699,0.184497706366883
276,2007,5.04070090982062,0.185443584629016
277,2007,5.04388285232475,0.18654581595283
278,2007,5.04718724043099,0.187788535756444
279,2007,5.05061370114094,0.189152728734039
280,2007,5.05416186145621,0.190616626783784
281,2007,5.05783134837838,0.192156135096373
282,2007,5.06162178890905,0.193745270121709
283,2007,5.06553281004983,0.195356595717785
284,2007,5.06956403880232,0.196961647055671
285,2007,5.07371510216812,0.198531335406404
286,2007,5.07798562714881,0.20003633044332
287,2007,5.08237524074601,0.201447419934275
288,2007,5.08688356996132,0.202735849558009
289,2007,5.09151024179632,0.20387364803867
290,2007,5.0962547741567,0.204834575455819
291,2007,5.10111472645811,0.205605346113255
292,2007,5.10608596407467,0.206185050781187
293,2007,5.11116429652341,0.206575725607413
294,2007,5.11634553332135,0.206781697350653
295,2007,5.12162548398552,0.206809292212022
296,2007,5.12699995803294,0.20666658390604
297,2007,5.13246476498063,0.206363174080266
298,2007,5.13801571434561,0.20590999893289
299,2007,5.1436486156449,0.2053191565604
300,2007,5.14935927839553,0.204603750178674
301,2007,5.15514351211452,0.203777742901394
302,2007,5.1609971263189,0.202855820240396
303,2007,5.16691593052568,0.201853256929711
304,2007,5.17289573425188,0.200785785088511
305,2007,5.17893234701453,0.199669461149286
306,2007,5.18502157833066,0.198520529407805
307,2007,5.19115923771728,0.197355280520665
308,2007,5.19734113469141,0.196189903801089
309,2007,5.20356307877008,0.195040332755215
310,2007,5.20982087947032,0.19392208396268
311,2007,5.21611034630914,0.192850090129972
312,2007,5.22242728880356,0.191838528913716
313,2007,5.22876751647062,0.190900649891476
314,2007,5.23512683882732,0.190048602804639
315,2007,5.2415010653907,0.189293270855718
316,2007,5.24788600567777,0.188644113349426
317,2007,5.25427746920556,0.188109022262143
318,2007,5.26067126549109,0.187694197356502
319,2007,5.26706320405139,0.187404044192677
320,2007,5.27344909440347,0.187241098817743
321,2007,5.27982474606436,0.187205982060979
322,2007,5.28618596855107,0.187297385279878
323,2007,5.29252857138064,0.187512088168959
324,2007,5.29884836407009,0.18784500796005
325,2007,5.30514115613643,0.188289278113628
326,2007,5.31140275709669,0.188836353524513
327,2007,5.3176289764679,0.18947613842191
328,2007,5.32381562376707,0.190197132586223
329,2007,5.32995850851122,0.190986591255155
330,2007,5.33605344021739,0.191830694140456
331,2007,5.34209622840258,0.192714719290207
332,2007,5.34808268258383,0.193623218057583
333,2007,5.35400861227816,0.194540188114624
334,2007,5.35986982700259,0.195449242217042
335,2007,5.36566213627414,0.196333771228034
336,2007,5.37138134960983,0.197177100701012
337,2007,5.37702327652669,0.197962641071678
338,2007,5.38258372654173,0.198674032201379
339,2007,5.38805850917199,0.199295283641011
340,2007,5.39344343393449,0.199810912553414
341,2007,5.39873431034623,0.200206081756036
342,2007,5.40392694792426,0.200466740844454
343,2007,5.40901715618559,0.200579773854851
344,2007,5.41400074464723,0.200533157445695
345,2007,5.41887352282623,0.200316134151975
346,2007,5.42363130023959,0.199919405914618
347,2007,5.42826645364717,0.199338335674147
348,2007,5.43275762878011,0.198581993580709
349,2007,5.43708003861238,0.197664005342629
350,2007,5.44120889611796,0.196599365161862
351,2007,5.44511941427082,0.195404260871846
352,2007,5.44878680604492,0.194095910880988
353,2007,5.45218628441424,0.192692407658803
354,2007,5.45529306235275,0.191212562968557
355,2007,5.45808235283443,0.189675750501408
356,2007,5.46052936883324,0.188101742046205
357,2007,5.46260932332315,0.186510533882371
358,2007,5.46429742927814,0.18492216075674
359,2007,5.46556889967218,0.183356495639537
360,2007,5.46639894747924,0.181833034479971
361,2007,5.46676278567328,0.180370666409709
362,2007,5.4666356272283,0.178987431257962
363,2007,5.46599268511824,0.177700267796406
364,2007,5.46480917231709,0.176524757738483
365,2007,5.46306030179882,0.175474872050625
1,2008,5.37608364187384,0.207065537910157
2,2008,5.38095642005283,0.206913146168889
3,2008,5.3857141974662,0.206592302080896
4,2008,5.39034935087377,0.206098819588744
5,2008,5.39484052600671,0.205441574211045
6,2008,5.39916293583899,0.204633815110193
7,2008,5.40329179334457,0.203690130112538
8,2008,5.40720231149742,0.202626261826353
9,2008,5.41086970327152,0.201458934810172
10,2008,5.41426918164084,0.200205688908099
11,2008,5.41737595957935,0.198884714384218
12,2008,5.42016525006103,0.1975146850079
13,2008,5.42261226605984,0.196114585800834
14,2008,5.42469222054975,0.19470353279048
15,2008,5.42638032650474,0.193300582855245
16,2008,5.42765179689878,0.191924532618112
17,2008,5.42848184470584,0.190593706359016
18,2008,5.42884568289989,0.189325734064582
19,2008,5.4287185244549,0.188137321986288
20,2008,5.42807558234484,0.187044019376903
21,2008,5.4268920695437,0.18605998633537
22,2008,5.42514319902542,0.185197768804064
23,2008,5.422804183764,0.184468087608219
24,2008,5.4198502367334,0.183879648885293
25,2008,5.41625657090759,0.18343898322229
26,2008,5.41199839926054,0.183150320241829
27,2008,5.40705093476623,0.183015504249212
28,2008,5.40138939039862,0.183033954934864
29,2008,5.39498897913169,0.183202675144598
30,2008,5.38782491393941,0.183516305560214
31,2008,5.37987240779575,0.183967223978177
32,2008,5.37110667367468,0.184545684935872
33,2008,5.36150292455017,0.185239993884755
34,2008,5.3510363733962,0.186036709066064
35,2008,5.33968223318674,0.186920863761906
36,2008,5.32741571689575,0.187876201661157
37,2008,5.31421203749721,0.188885418629796
38,2008,5.3000464079651,0.189930405105017
39,2008,5.28489404127338,0.190992484520094
40,2008,5.26873015039602,0.1920526444913
41,2008,5.25152994830699,0.193091758853747
42,2008,5.23326864798027,0.194090799938415
43,2008,5.21392146238984,0.195031041684839
44,2008,5.19346360450965,0.195894255257028
45,2008,5.17187028731368,0.196662899771898
46,2008,5.1491167237759,0.197320311575515
47,2008,5.12517812687029,0.197850896240805
48,2008,5.10002970957082,0.198240328145797
49,2008,5.07364668485145,0.198475763160282
50,2008,5.04600426568616,0.198546070654487
51,2008,5.01707766504892,0.198442091771604
52,2008,4.9868420959137,0.19815693168881
53,2008,4.95527416156398,0.197686599469087
54,2008,4.92239263076356,0.197039158315599
55,2008,4.88826502000314,0.196235549052898
56,2008,4.85296156122166,0.195298872506355
57,2008,4.81655248635805,0.194253447015061
58,2008,4.77910802735125,0.193124478848655
59,2008,4.7406984161402,0.191937733043335
60,2008,4.70139388466383,0.190719197876566
61,2008,4.66126466486109,0.189494738258513
62,2008,4.62038098867092,0.18828973560261
63,2008,4.57881308803224,0.187128714274401
64,2008,4.53663119488399,0.186034957474019
65,2008,4.49390554116512,0.185030118278689
66,2008,4.45070635881457,0.184133834376284
67,2008,4.40710387977126,0.183363357510028
68,2008,4.36316833597414,0.182733210535838
69,2008,4.31896995936214,0.182254885975013
70,2008,4.27457898187421,0.181936599788077
71,2008,4.23006563544928,0.181783112674613
72,2008,4.18550015202628,0.181795628550735
73,2008,4.14095276354416,0.181971776179638
74,2008,4.09649370194185,0.182305675601775
75,2008,4.05219319915829,0.182788086509204
76,2008,4.00812148713242,0.183406631543467
77,2008,3.96434879780318,0.184146084123274
78,2008,3.9209453631095,0.184988708154513
79,2008,3.87798141499032,0.185914635998106
80,2008,3.83552718538457,0.186902271352565
81,2008,3.7936529062312,0.187928705082368
82,2008,3.75242880946915,0.18897013422891
83,2008,3.71192512703735,0.190002277178311
84,2008,3.67221209087474,0.191000780944769
85,2008,3.63335993292025,0.191941619526568
86,2008,3.59543888511282,0.192801485142454
87,2008,3.5585191793914,0.193558176771895
88,2008,3.52267104769492,0.19419099278087
89,2008,3.48796472196231,0.194681136540261
90,2008,3.45447043413252,0.195012145887023
91,2008,3.42225841614448,0.195170359091873
92,2008,3.39139889993713,0.195145431709888
93,2008,3.3619621174494,0.194930920275383
94,2008,3.33401830062024,0.194524950137418
95,2008,3.30763723559249,0.193931173727653
96,2008,3.28286196074349,0.19317030223093
97,2008,3.25969405541404,0.192284249038314
98,2008,3.23813153257622,0.191318048692074
99,2008,3.21817240520209,0.190317308152386
100,2008,3.19981468626372,0.189327192817095
101,2008,3.18305638873317,0.188391386788222
102,2008,3.16789552558253,0.187551033071311
103,2008,3.15433010978386,0.186843673033688
104,2008,3.14235815430923,0.186302217299688
105,2008,3.1319776721307,0.185953990711578
106,2008,3.12318667622036,0.185819900209354
107,2008,3.11598317955026,0.185913774886464
108,2008,3.11036519509247,0.186241921208098
109,2008,3.10633073581907,0.186802923735314
110,2008,3.10387781470213,0.187587704279219
111,2008,3.10300444471371,0.188579832872151
112,2008,3.10370863882588,0.189756065426781
113,2008,3.10598841001072,0.191087068340432
114,2008,3.10984177124029,0.19253828156253
115,2008,3.11526673548666,0.194070869488221
116,2008,3.1222613157219,0.195642712949053
117,2008,3.13082352491809,0.197209404130739
118,2008,3.14095137604728,0.198725217650083
119,2008,3.15264288208155,0.200144043533529
120,2008,3.16589605599298,0.201420280125024
121,2008,3.18070891075361,0.20250969622729
122,2008,3.19707945933554,0.20337028180833
123,2008,3.21500571471082,0.203963115586487
124,2008,3.23448568985154,0.204253286246313
125,2008,3.2555168459595,0.204211213479566
126,2008,3.27806353802236,0.20383143987459
127,2008,3.30203880639572,0.203142579877385
128,2008,3.32735127727329,0.202180666556107
129,2008,3.35390957684879,0.200985680132923
130,2008,3.38162233131594,0.199600588766502
131,2008,3.41039816686847,0.198070445086393
132,2008,3.44014570970008,0.196441501159
133,2008,3.47077358600449,0.194760313666916
134,2008,3.50219042197543,0.193072820716701
135,2008,3.5343048438066,0.191423382347054
136,2008,3.56702547769173,0.189853788648123
137,2008,3.60026094982453,0.188402252107812
138,2008,3.63391988639872,0.187102413492876
139,2008,3.66791091360803,0.185982401825079
140,2008,3.70214265764616,0.185063997033697
141,2008,3.73652374470683,0.184361946861019
142,2008,3.77096280098376,0.18388348626432
143,2008,3.80536845267068,0.183628097575461
144,2008,3.83964932596129,0.18358753401567
145,2008,3.87371404704931,0.183746110040214
146,2008,3.90747124212846,0.184081242459973
147,2008,3.94082953739247,0.184564209541474
148,2008,3.97369755903504,0.185161083896044
149,2008,4.00598393324989,0.185833790349705
150,2008,4.03759728623074,0.186541242228722
151,2008,4.06844624417132,0.187240517571858
152,2008,4.09843943326533,0.187888048997643
153,2008,4.12748547970649,0.188440815480277
154,2008,4.15549300968853,0.188857539569947
155,2008,4.18237064940515,0.189099908597587
156,2008,4.20802702505008,0.189133852650536
157,2008,4.23237295907253,0.188931571126312
158,2008,4.255385882233,0.188491806283755
159,2008,4.27712023150036,0.187842834491053
160,2008,4.29763473340502,0.187019654979586
161,2008,4.31698811447739,0.186061276698518
162,2008,4.33523910124787,0.185009370071535
163,2008,4.35244642024686,0.183906976491818
164,2008,4.36866879800477,0.182797244849805
165,2008,4.38396496105202,0.181722179602848
166,2008,4.39839363591899,0.180721400867583
167,2008,4.4120135491361,0.179830933077677
168,2008,4.42488342723374,0.179082053645042
169,2008,4.43706199674234,0.178500245026025
170,2008,4.44860798419228,0.178104300653414
171,2008,4.45958011611398,0.177905635666609
172,2008,4.47003711903784,0.177907846430513
173,2008,4.48003771949427,0.178106548964111
174,2008,4.48964064401366,0.178489507529884
175,2008,4.49890461912644,0.179037043835205
176,2008,4.50788837136299,0.179722698100052
177,2008,4.51665062725372,0.180514098808929
178,2008,4.52525011332905,0.181373990361731
179,2008,4.53374555611937,0.182261367711345
180,2008,4.54219568215509,0.183132673729204
181,2008,4.55065921796661,0.183943026870224
182,2008,4.55919489008434,0.184647461777742
183,2008,4.56786142503869,0.18520218202307
184,2008,4.57671754936006,0.185565840976797
185,2008,4.58582198957885,0.18570088325627
186,2008,4.59523345208609,0.18557500606623
187,2008,4.60499058444599,0.185173519704974
188,2008,4.61507433488663,0.184520517478906
189,2008,4.62545534027132,0.183652510430312
190,2008,4.63610423746336,0.182611466740289
191,2008,4.64699166332605,0.181443493600927
192,2008,4.6580882547227,0.180197575232252
193,2008,4.66936464851659,0.178924315969205
194,2008,4.68079148157103,0.177674652162745
195,2008,4.69233939074933,0.176498513814313
196,2008,4.70397901291479,0.175443436645755
197,2008,4.7156809849307,0.174553147069323
198,2008,4.72741594366037,0.173866164479864
199,2008,4.7391545259671,0.17341448450616
200,2008,4.75086736871419,0.17322241966764
201,2008,4.76252510876494,0.17330567678259
202,2008,4.77409838298266,0.17367074128281
203,2008,4.78555782823063,0.17431461749042
204,2008,4.79687408137217,0.175224943888634
205,2008,4.80801777927058,0.176380468764594
206,2008,4.81895955878916,0.177751840576645
207,2008,4.8296700567912,0.17930264450053
208,2008,4.84011991014001,0.18099060515975
209,2008,4.8502797556989,0.182768876084297
210,2008,4.86012023033116,0.184587347060155
211,2008,4.86961197090009,0.186393917854995
212,2008,4.87872561426899,0.188135707152708
213,2008,4.88743179730117,0.189760185836441
214,2008,4.89570115685993,0.191216242065404
215,2008,4.90350432980856,0.192455201104406
216,2008,4.91081195301038,0.193431835757019
217,2008,4.9175970663942,0.194107710843138
218,2008,4.9238606455256,0.194476826480133
219,2008,4.92962168896159,0.194556901714646
220,2008,4.93489949564239,0.194371623782333
221,2008,4.9397133645082,0.193949324234059
222,2008,4.94408259449923,0.19332207905804
223,2008,4.9480264845557,0.192524903180877
224,2008,4.9515643336178,0.19159500188768
225,2008,4.95471544062575,0.190571048655476
226,2008,4.95749910451976,0.189492465619173
227,2008,4.95993462424003,0.188398689814346
228,2008,4.96204129872678,0.187328415808989
229,2008,4.96383842692021,0.186318813510232
230,2008,4.96534530776054,0.185404728707066
231,2008,4.96658124018796,0.184617882851134
232,2008,4.9675655231427,0.18398609690773
233,2008,4.96831745556495,0.183532570781774
234,2008,4.96885633639493,0.183275253694568
235,2008,4.96920146457285,0.183226340973375
236,2008,4.96937213903891,0.183391928485934
237,2008,4.96938765873333,0.183771847562987
238,2008,4.96926732259631,0.184359691636937
239,2008,4.96903042956806,0.185143032576646
240,2008,4.96869627858879,0.186103811757577
241,2008,4.96828416859871,0.187218880142965
242,2008,4.96781339853803,0.18846065446806
243,2008,4.96730326734695,0.189797853698031
244,2008,4.96677307396569,0.191196281185659
245,2008,4.96624211733445,0.19261962267915
246,2008,4.96572969639345,0.194030237455125
247,2008,4.96525511008289,0.195389928234718
248,2008,4.96483765734298,0.196660684196468
249,2008,4.96449663711392,0.197805399636182
250,2008,4.96425134833594,0.198788578281581
251,2008,4.96412108545176,0.199577047028665
252,2008,4.96412066342291,0.200147875937797
253,2008,4.96425201195618,0.200502962608886
254,2008,4.96451475805318,0.200652464860017
255,2008,4.96490852871551,0.200610474764848
256,2008,4.96543295094476,0.200394383113915
257,2008,4.96608765174254,0.200024318156983
258,2008,4.96687225811045,0.199522638878873
259,2008,4.96778639705008,0.198913465750999
260,2008,4.96882969556303,0.198222234542951
261,2008,4.9700017806509,0.197475261413062
262,2008,4.9713022793153,0.196699310200796
263,2008,4.97273081855782,0.195921155694924
264,2008,4.97428702538005,0.195167139700487
265,2008,4.97597052678361,0.194462719973144
266,2008,4.97778094977009,0.193832015459228
267,2008,4.97971792134108,0.193297354618854
268,2008,4.98178106849819,0.192878836682935
269,2008,4.98397001824302,0.192593918207658
270,2008,4.98628439757716,0.192457038925417
271,2008,4.98872383350222,0.1924793013666
272,2008,4.99128795301979,0.192668217856207
273,2008,4.99397638313148,0.193027536239399
274,2008,4.99678875083888,0.193557152213039
275,2008,4.99972468314359,0.194253111771293
276,2008,5.00278380704722,0.195107702488689
277,2008,5.00596574955135,0.196109627705862
278,2008,5.00927013765759,0.197244253668363
279,2008,5.01269659836755,0.198493916704713
280,2008,5.01624475868281,0.199838275855525
281,2008,5.01991424560498,0.201254696031585
282,2008,5.02370468613565,0.202718647665553
283,2008,5.02761570727644,0.204204110685474
284,2008,5.03164693602893,0.205683973171159
285,2008,5.03579799939472,0.207130417944528
286,2008,5.04006852437542,0.208515293321556
287,2008,5.04445813797262,0.209810467115853
288,2008,5.04896646718792,0.210988165611789
289,2008,5.05359313902292,0.212021301575231
290,2008,5.05833767138331,0.212884404784186
291,2008,5.06319762368471,0.213564457537276
292,2008,5.06816886130127,0.21406038268549
293,2008,5.07324719375001,0.214373978416813
294,2008,5.07842843054796,0.214509290665018
295,2008,5.08370838121213,0.214472333108724
296,2008,5.08908285525954,0.214270843193286
297,2008,5.09454766220723,0.213914068046807
298,2008,5.10009861157221,0.213412574757879
299,2008,5.1057315128715,0.212778080050931
300,2008,5.11144217562214,0.212023294917541
301,2008,5.11722640934113,0.211161780235555
302,2008,5.1230800235455,0.21020780983844
303,2008,5.12899882775228,0.209176237897151
304,2008,5.13497863147848,0.20808236786143
305,2008,5.14101524424114,0.206941820594248
306,2008,5.14710447555726,0.205770399739571
307,2008,5.15324213494388,0.204583952806113
308,2008,5.15942403191801,0.203398226941387
309,2008,5.16564597599669,0.202228718919785
310,2008,5.17190377669692,0.201090519476946
311,2008,5.17819324353574,0.199998152783258
312,2008,5.18451018603017,0.198965412544194
313,2008,5.19085041369722,0.198005196915588
314,2008,5.19720973605392,0.197129345088396
315,2008,5.2035839626173,0.196348478981812
316,2008,5.20996890290437,0.195671853933086
317,2008,5.21636036643217,0.195107222535091
318,2008,5.2227541627177,0.194660715804719
319,2008,5.22914610127799,0.194336745637637
320,2008,5.23553199163007,0.194137932010228
321,2008,5.24190764329096,0.194065057645839
322,2008,5.24826886577767,0.194117051913732
323,2008,5.25461146860725,0.194291004642901
324,2008,5.26093126129669,0.194582209392614
325,2008,5.26722405336303,0.194984234617298
326,2008,5.27348565432329,0.19548902018135
327,2008,5.2797118736945,0.196086995891303
328,2008,5.28589852099367,0.196767218168587
329,2008,5.29204140573783,0.197517520709903
330,2008,5.29813633744399,0.198324674972038
331,2008,5.30417912562919,0.199174556549072
332,2008,5.31016557981044,0.20005231394117
333,2008,5.31609150950477,0.200942536794587
334,2008,5.32195272422919,0.201829421369022
335,2008,5.32774503350074,0.202696931711617
336,2008,5.33346424683643,0.203528955745357
337,2008,5.33910617375329,0.204309456182818
338,2008,5.34466662376834,0.205022616835052
339,2008,5.3501414063986,0.205652985491837
340,2008,5.35552633116109,0.206185615105079
341,2008,5.36081720757284,0.206606205521061
342,2008,5.36600984515086,0.20690124849433
343,2008,5.37110005341219,0.207058179194781
344,2008,5.37608364187384,0.207065537910157
345,2008,5.38095642005283,0.206913146168889
346,2008,5.3857141974662,0.206592302080896
347,2008,5.39034935087377,0.206098819588744
348,2008,5.39484052600671,0.205441574211045
349,2008,5.39916293583899,0.204633815110193
350,2008,5.40329179334457,0.203690130112538
351,2008,5.40720231149742,0.202626261826353
352,2008,5.41086970327152,0.201458934810172
353,2008,5.41426918164084,0.200205688908099
354,2008,5.41737595957935,0.198884714384218
355,2008,5.42016525006103,0.1975146850079
356,2008,5.42261226605984,0.196114585800834
357,2008,5.42469222054975,0.19470353279048
358,2008,5.42638032650474,0.193300582855245
359,2008,5.42765179689878,0.191924532618112
360,2008,5.42848184470584,0.190593706359016
361,2008,5.42884568289989,0.189325734064582
362,2008,5.4287185244549,0.188137321986288
363,2008,5.42807558234484,0.187044019376903
364,2008,5.4268920695437,0.18605998633537
365,2008,5.42514319902542,0.185197768804064
1,2009,5.322175059679,0.211093950311275
2,2009,5.32704783785799,0.211020739166255
3,2009,5.33180561527136,0.210786552483543
4,2009,5.33644076867893,0.210387528227798
5,2009,5.34093194381187,0.209832442320511
6,2009,5.34525435364415,0.209134318507219
7,2009,5.34938321114973,0.208307491503783
8,2009,5.35329372930258,0.207367416502915
9,2009,5.35696112107668,0.206330489400248
10,2009,5.360360599446,0.205213873114225
11,2009,5.36346737738451,0.204035325930491
12,2009,5.36625666786619,0.202813028370505
13,2009,5.368703683865,0.201565405695019
14,2009,5.37078363835491,0.200310943833796
15,2009,5.3724717443099,0.199067997306121
16,2009,5.37374321470394,0.197854588575822
17,2009,5.374573262511,0.19668819926988
18,2009,5.37493710070505,0.195585554763768
19,2009,5.37480994226006,0.194562404761694
20,2009,5.37416700015,0.193633303616041
21,2009,5.37298348734886,0.192811395158274
22,2009,5.37123461683059,0.192108207659774
23,2009,5.36889560156916,0.191533465107661
24,2009,5.36594165453856,0.191094921178988
25,2009,5.36234798871275,0.190798222061615
26,2009,5.3580898170657,0.190646803574891
27,2009,5.35314235257139,0.190641826909157
28,2009,5.34748080820378,0.190782155802618
29,2009,5.34108039693685,0.191064376226512
30,2009,5.33391633174457,0.19148285780633
31,2009,5.32596382560091,0.192029854433255
32,2009,5.31719809147984,0.192695639971527
33,2009,5.30759434235533,0.193468673770186
34,2009,5.29712779120136,0.194335789922928
35,2009,5.2857736509919,0.19528240391788
36,2009,5.27350713470091,0.196292730460644
37,2009,5.26030345530238,0.197350006779629
38,2009,5.24613782577026,0.198436716546497
39,2009,5.23098545907854,0.199534810568959
40,2009,5.21482156820118,0.200625921543132
41,2009,5.19762136611215,0.201691571305765
42,2009,5.17936006578543,0.202713370139975
43,2009,5.160012880195,0.203673208720536
44,2009,5.13955502231481,0.204553444216282
45,2009,5.11796170511884,0.205337082896161
46,2009,5.09520814158106,0.206007962324502
47,2009,5.07126954467545,0.206550936902396
48,2009,5.04612112737598,0.206952071143606
49,2009,5.01973810265661,0.20719884569436
50,2009,4.99209568349132,0.207280381743671
51,2009,4.96316908285408,0.207187690144869
52,2009,4.93293351371886,0.206913952288966
53,2009,4.90136557936914,0.206455141143717
54,2009,4.86848404856872,0.205819030054754
55,2009,4.8343564378083,0.205026012917769
56,2009,4.79905297902682,0.204098551896604
57,2009,4.76264390416321,0.203060253237835
58,2009,4.72519944515641,0.201935547930426
59,2009,4.68678983394536,0.200749374554453
60,2009,4.647485302469,0.19952685827763
61,2009,4.60735608266626,0.198292981827839
62,2009,4.56647240647608,0.19707224630564
63,2009,4.5249045058374,0.195888321921354
64,2009,4.48272261268915,0.194763691117587
65,2009,4.43999695897029,0.193719288984906
66,2009,4.39679777661973,0.192774148251794
67,2009,4.35319529757642,0.191945058234224
68,2009,4.3092597537793,0.191246248736862
69,2009,4.2650613771673,0.190689110777601
70,2009,4.22067039967937,0.190281965970347
71,2009,4.17615705325444,0.190029895340914
72,2009,4.13159156983144,0.189934636278879
73,2009,4.08704418134932,0.189994553390996
74,2009,4.04258511974701,0.19020468549341
75,2009,3.99828461696345,0.190556867227339
76,2009,3.95421290493758,0.191039920210459
77,2009,3.91044021560834,0.191639905621334
78,2009,3.86703678091466,0.192340427949874
79,2009,3.82407283279548,0.193122978501913
80,2009,3.78161860318973,0.193967307153292
81,2009,3.73974432403637,0.194851811717858
82,2009,3.69852022727431,0.195753935944264
83,2009,3.65801654484251,0.196650569360847
84,2009,3.6183035086799,0.1975184447136
85,2009,3.57945135072541,0.198334531384883
86,2009,3.54153030291798,0.199076425784862
87,2009,3.50461059719656,0.199722742175275
88,2009,3.46876246550008,0.200253509670959
89,2009,3.43405613976747,0.200650583265404
90,2009,3.40056185193768,0.200898078664237
91,2009,3.36834983394964,0.200982842511033
92,2009,3.33749031774229,0.200894971259637
93,2009,3.30805353525456,0.20062839344284
94,2009,3.2801097184254,0.200181531277632
95,2009,3.25372865339765,0.199558236738689
96,2009,3.22895337854865,0.198778747382276
97,2009,3.2057854732192,0.197883556454115
98,2009,3.18422295038138,0.196916177794855
99,2009,3.16426382300725,0.195920676373829
100,2009,3.14590610406888,0.194940662258045
101,2009,3.12914780653833,0.194018267112204
102,2009,3.11398694338769,0.193193109445103
103,2009,3.10042152758902,0.192501267349422
104,2009,3.08844957211439,0.191974289075531
105,2009,3.07806908993586,0.191638280984651
106,2009,3.06927809402552,0.191513117654193
107,2009,3.06207459735542,0.191611818819551
108,2009,3.05645661289763,0.191940131773142
109,2009,3.05242215362423,0.192496346158957
110,2009,3.04996923250729,0.193271352267332
111,2009,3.04909586251887,0.194248936310023
112,2009,3.04980005663104,0.195406289492865
113,2009,3.05207982781588,0.196714694519703
114,2009,3.05593318904545,0.198140345189875
115,2009,3.06135815329182,0.199645252641526
116,2009,3.06835273352706,0.201188195128795
117,2009,3.07691494272325,0.202725675804429
118,2009,3.08704279385244,0.204212863245799
119,2009,3.09873429988671,0.205604500883034
120,2009,3.11198747379814,0.206855782861797
121,2009,3.12680032855877,0.20792320446655
122,2009,3.1431708771407,0.208765404785857
123,2009,3.16109713251598,0.209344027959304
124,2009,3.1805771076567,0.209624637524483
125,2009,3.20160826376466,0.209578023277299
126,2009,3.22415495582752,0.20919872888793
127,2009,3.24813022420087,0.208514862338167
128,2009,3.27344269507845,0.207561819216026
129,2009,3.30000099465395,0.206378854937149
130,2009,3.3277137491211,0.205008132421982
131,2009,3.35648958467363,0.203493825561476
132,2009,3.38623712750524,0.201881243451461
133,2009,3.41686500380965,0.200215949154684
134,2009,3.44828183978059,0.198542855982383
135,2009,3.48039626161176,0.196905294379782
136,2009,3.51311689549689,0.195344053553783
137,2009,3.54635236762969,0.193896413677681
138,2009,3.58001130420389,0.192595196039651
139,2009,3.61400233141319,0.191467868600126
140,2009,3.64823407545132,0.190535751524066
141,2009,3.68261516251199,0.189813369814913
142,2009,3.71705421878893,0.189307997096122
143,2009,3.75145987047584,0.189019425613336
144,2009,3.78574074376645,0.188939983520518
145,2009,3.81980546485447,0.189054803396113
146,2009,3.85356265993362,0.189342328363442
147,2009,3.88692095519763,0.189775026953773
148,2009,3.9197889768402,0.190320277246963
149,2009,3.95207535105505,0.19094137618345
150,2009,3.9836887040359,0.191598631456085
151,2009,4.01453766197648,0.192250500264745
152,2009,4.04453085107049,0.19285475003461
153,2009,4.07357689751165,0.193369629364342
154,2009,4.10158442749369,0.193755051579486
155,2009,4.12846206721031,0.193973807329927
156,2009,4.15411844285524,0.193992836164289
157,2009,4.1784643768777,0.193785221935192
158,2009,4.20147730003816,0.193349768579676
159,2009,4.22321164930552,0.192713881713012
160,2009,4.24372615121018,0.19191154570407
161,2009,4.26307953228255,0.190980665516327
162,2009,4.28133051905303,0.189961726366326
163,2009,4.29853783805202,0.18889651337026
164,2009,4.31476021580993,0.187826863312483
165,2009,4.33005637885718,0.186793435073356
166,2009,4.34448505372415,0.185834500216894
167,2009,4.35810496694126,0.184984770062123
168,2009,4.3709748450389,0.184274289052061
169,2009,4.3831534145475,0.183727434794907
170,2009,4.39469940199744,0.183362071066181
171,2009,4.40567153391914,0.183188899926311
172,2009,4.416128536843,0.183211052319319
173,2009,4.42612913729943,0.183423943627041
174,2009,4.43573206181882,0.183815403450356
175,2009,4.4449960369316,0.184366070119467
176,2009,4.45397978916815,0.185050023207689
177,2009,4.46274204505888,0.18583561439446
178,2009,4.47134153113421,0.18668645020465
179,2009,4.47983697392453,0.187562480019015
180,2009,4.48828709996025,0.18842114872409
181,2009,4.49675063577177,0.189218584073214
182,2009,4.5052863078895,0.189910802579416
183,2009,4.51395284284385,0.190454933007928
184,2009,4.52280896716522,0.19081047216418
185,2009,4.53191340738401,0.190940603104539
186,2009,4.54132486989125,0.19081363169254
187,2009,4.55108200225115,0.190415147640154
188,2009,4.56116575269179,0.189768852866798
189,2009,4.57154675807648,0.18891060950809
190,2009,4.58219565526852,0.187881588051262
191,2009,4.59308308113121,0.186726967790753
192,2009,4.60417967252786,0.185494694318912
193,2009,4.61545606632175,0.184234246665489
194,2009,4.6268828993762,0.182995380790101
195,2009,4.63843080855449,0.181826832269906
196,2009,4.65007043071995,0.180774979355602
197,2009,4.66177240273586,0.179882487468337
198,2009,4.67350736146553,0.179186976062606
199,2009,4.68524594377226,0.178719766001998
200,2009,4.69695878651935,0.178504777013081
201,2009,4.7086165265701,0.178557647389986
202,2009,4.72018980078782,0.178885140050594
203,2009,4.73164924603579,0.179484880438492
204,2009,4.74296549917733,0.180345445151383
205,2009,4.75410919707574,0.181446790082426
206,2009,4.76505097659432,0.182760978706826
207,2009,4.77576147459636,0.184253149808559
208,2009,4.78621132794517,0.185882652524186
209,2009,4.79637117350406,0.187604275830464
210,2009,4.80621164813632,0.189369508110988
211,2009,4.81570338870525,0.191127777412421
212,2009,4.82481703207415,0.192827641243933
213,2009,4.83352321510633,0.194417913499821
214,2009,4.84179257466509,0.195848733403896
215,2009,4.84959574761372,0.197072596404923
216,2009,4.85690337081554,0.198045379686186
217,2009,4.86368848419936,0.198729619377228
218,2009,4.86995206333076,0.199119280230823
219,2009,4.87571310676675,0.199231379500366
220,2009,4.88099091344755,0.199088849816806
221,2009,4.88580478231336,0.198719222952179
222,2009,4.89017401230439,0.198153722353686
223,2009,4.89411790236086,0.197426447712451
224,2009,4.89765575142296,0.196573616278064
225,2009,4.90080685843091,0.195632832405109
226,2009,4.90359052232492,0.19464236344732
227,2009,4.90602604204519,0.193640406934884
228,2009,4.90813271653194,0.192664341233739
229,2009,4.90992984472538,0.191749959675595
230,2009,4.9114367255657,0.190930696304635
231,2009,4.91267265799312,0.190236859466634
232,2009,4.91365694094786,0.189694896745595
233,2009,4.91440887337011,0.18932672031156
234,2009,4.9149477542001,0.189149124624776
235,2009,4.91529288237802,0.189173327877312
236,2009,4.91546355684408,0.1894046641985
237,2009,4.91547907653849,0.189842445759383
238,2009,4.91535874040147,0.190480003381777
239,2009,4.91512184737322,0.191304902508259
240,2009,4.91478769639395,0.192299320087315
241,2009,4.91437558640387,0.193440558641377
242,2009,4.91390481634319,0.194701667667969
243,2009,4.91339468515211,0.196052140119307
244,2009,4.91286449177085,0.197458652919699
245,2009,4.91233353513961,0.198885824705659
246,2009,4.91182111419861,0.200296970306608
247,2009,4.91134652788805,0.201654838957161
248,2009,4.91092907514814,0.202922331005119
249,2009,4.91058805491908,0.204063195353752
250,2009,4.9103427661411,0.205042716731483
251,2009,4.91021250325692,0.205828415079957
252,2009,4.91021208122807,0.20639784095245
253,2009,4.91034342976134,0.206752928681096
254,2009,4.91060617585834,0.206903686216976
255,2009,4.91099994652067,0.206863944912802
256,2009,4.91152436874992,0.206650740314824
257,2009,4.9121790695477,0.206283763910704
258,2009,4.91296367591561,0.205784867395801
259,2009,4.91387781485524,0.205177603542547
260,2009,4.91492111336819,0.204486790243755
261,2009,4.91609319845606,0.203738086779249
262,2009,4.91739369712046,0.202957573887728
263,2009,4.91882223636298,0.20217133187533
264,2009,4.92037844318522,0.201405013798615
265,2009,4.92206194458877,0.200683413718423
266,2009,4.92387236757525,0.200030033067292
267,2009,4.92580933914624,0.199466651173439
268,2009,4.92787248630335,0.199012908738152
269,2009,4.93006143604818,0.19868591532051
270,2009,4.93237581538233,0.19849989337518
271,2009,4.93481525130738,0.198465871874627
272,2009,4.93737937082495,0.19859144186426
273,2009,4.94006780093664,0.198880584410907
274,2009,4.94288016864404,0.199333578428675
275,2009,4.94581610094876,0.19994699207393
276,2009,4.94887522485238,0.200713757188277
277,2009,4.95205716735651,0.2016233220954
278,2009,4.95536155546275,0.202661874375157
279,2009,4.95878801617271,0.203812622416288
280,2009,4.96233617648797,0.205056122823572
281,2009,4.96600566341014,0.20637064020521
282,2009,4.96979610394082,0.207732526421851
283,2009,4.9737071250816,0.209116607855252
284,2009,4.97773835383409,0.210496571400485
285,2009,4.98188941719988,0.211845342432256
286,2009,4.98615994218058,0.213135450699866
287,2009,4.99054955577778,0.214339382776299
288,2009,4.99505788499308,0.215429922201278
289,2009,4.99968455682808,0.216380480759935
290,2009,5.00442908918847,0.217166018820543
291,2009,5.00928904148987,0.217773634532824
292,2009,5.01426027910643,0.218202100319589
293,2009,5.01933861155517,0.218453033623985
294,2009,5.02451984835312,0.218530285241858
295,2009,5.02979979901729,0.218439665285039
296,2009,5.0351742730647,0.218188703393888
297,2009,5.04063908001239,0.217786437492136
298,2009,5.04619002937737,0.217243225888707
299,2009,5.05182293067667,0.216570578031926
300,2009,5.0575335934273,0.215780999691112
301,2009,5.06331782714629,0.214887848773573
302,2009,5.06917144135066,0.213905198385
303,2009,5.07509024555744,0.212847704118235
304,2009,5.08107004928364,0.21173047292261
305,2009,5.0871066620463,0.210568931279161
306,2009,5.09319589336242,0.209378690801604
307,2009,5.09933355274904,0.208175409813815
308,2009,5.10551544972317,0.206974649933447
309,2009,5.11173739380185,0.20579172722544
310,2009,5.11799519450208,0.204641558079325
311,2009,5.1242846613409,0.203538500602659
312,2009,5.13060160383533,0.202496192992304
313,2009,5.13694183150238,0.201527391017682
314,2009,5.14330115385908,0.200643807387835
315,2009,5.14967538042246,0.1998559563314
316,2009,5.15606032070953,0.19917300714554
317,2009,5.16245178423733,0.198602650717735
318,2009,5.16884558052286,0.198150983051979
319,2009,5.17523751908315,0.197822409611308
320,2009,5.18162340943523,0.1976195738151
321,2009,5.18799906109612,0.19754331231911
322,2009,5.19436028358284,0.197592638800569
323,2009,5.20070288641241,0.197764756933094
324,2009,5.20702267910185,0.19805510214538
325,2009,5.21331547116819,0.198457410698672
326,2009,5.21957707212846,0.198963813672436
327,2009,5.22580329149966,0.19956495268392
328,2009,5.23198993879883,0.20025011363381
329,2009,5.23813282354299,0.201007374490998
330,2009,5.24422775524915,0.201823763104343
331,2009,5.25027054343435,0.202685421236278
332,2009,5.2562569976156,0.203577771414291
333,2009,5.26218292730993,0.204485683744173
334,2009,5.26804414203435,0.205393640473381
335,2009,5.2738364513059,0.206285896786514
336,2009,5.2795556646416,0.207146637017932
337,2009,5.28519759155845,0.207960126148636
338,2009,5.2907580415735,0.208710857096316
339,2009,5.29623282420376,0.209383694899783
340,2009,5.30161774896625,0.209964019441828
341,2009,5.306908625378,0.210437868855097
342,2009,5.31210126295602,0.210792086226332
343,2009,5.31719147121735,0.21101447267113
344,2009,5.322175059679,0.211093950311275
345,2009,5.32704783785799,0.211020739166255
346,2009,5.33180561527136,0.210786552483543
347,2009,5.33644076867893,0.210387528227798
348,2009,5.34093194381187,0.209832442320511
349,2009,5.34525435364415,0.209134318507219
350,2009,5.34938321114973,0.208307491503783
351,2009,5.35329372930258,0.207367416502915
352,2009,5.35696112107668,0.206330489400248
353,2009,5.360360599446,0.205213873114225
354,2009,5.36346737738451,0.204035325930491
355,2009,5.36625666786619,0.202813028370505
356,2009,5.368703683865,0.201565405695019
357,2009,5.37078363835491,0.200310943833796
358,2009,5.3724717443099,0.199067997306121
359,2009,5.37374321470394,0.197854588575822
360,2009,5.374573262511,0.19668819926988
361,2009,5.37493710070505,0.195585554763768
362,2009,5.37480994226006,0.194562404761694
363,2009,5.37416700015,0.193633303616041
364,2009,5.37298348734886,0.192811395158274
365,2009,5.37123461683059,0.192108207659774
1,2010,5.25122709750558,0.209919311600187
2,2010,5.25609987568458,0.209922765896494
3,2010,5.26085765309794,0.209767555328602
4,2010,5.26549280650552,0.209449971659235
5,2010,5.26998398163846,0.208978864482919
6,2010,5.27430639147073,0.208367307188047
7,2010,5.27843524897631,0.207629678129032
8,2010,5.28234576712916,0.20678146523301
9,2010,5.28601315890327,0.205839081376965
10,2010,5.28941263727259,0.204819685888961
11,2010,5.2925194152111,0.203741008125776
12,2010,5.29530870569277,0.202621169692068
13,2010,5.29775572169158,0.201478502521898
14,2010,5.2998356761815,0.200331360767941
15,2010,5.30152378213649,0.199197925256692
16,2010,5.30279525253053,0.198096000179029
17,2010,5.30362530033758,0.197042802689759
18,2010,5.30398913853163,0.196054747164672
19,2010,5.30386198008664,0.195147226966224
20,2010,5.30321903797659,0.194334397636053
21,2010,5.30203552517544,0.193628966383609
22,2010,5.30028665465717,0.193041993484052
23,2010,5.29794763939574,0.192582711644045
24,2010,5.29499369236514,0.192258369462927
25,2010,5.29140002653933,0.192074104757919
26,2010,5.28714185489228,0.192032852723887
27,2010,5.28219439039797,0.192135292696321
28,2010,5.27653284603036,0.192379835763887
29,2010,5.27013243476343,0.192762653758164
30,2010,5.26296836957115,0.193277748382654
31,2010,5.25501586342749,0.193917057586937
32,2010,5.24625012930642,0.194670594886293
33,2010,5.23664638018192,0.195526616281171
34,2010,5.22617982902795,0.196471808808927
35,2010,5.21482568881848,0.197491494578195
36,2010,5.20255917252749,0.1985698443653
37,2010,5.18935549312896,0.199690095428499
38,2010,5.17518986359684,0.200834769034423
39,2010,5.16003749690512,0.201985884199233
40,2010,5.14387360602776,0.203125165236737
41,2010,5.12667340393874,0.204234241802971
42,2010,5.10841210361202,0.205294841176375
43,2010,5.08906491802158,0.206288973480112
44,2010,5.06860706014139,0.207199111423245
45,2010,5.04701374294542,0.208008366911923
46,2010,5.02426017940765,0.208700667574434
47,2010,5.00032158250203,0.209260936877796
48,2010,4.97517316520256,0.209675282115864
49,2010,4.94879014048319,0.209931195148229
50,2010,4.9211477213179,0.210017771391996
51,2010,4.89222112068067,0.209925953235211
52,2010,4.86198555154545,0.209648804761405
53,2010,4.83041761719572,0.209182129648179
54,2010,4.79753608639531,0.208533581088319
55,2010,4.76340847563489,0.207723510529286
56,2010,4.7281050168534,0.20677430965705
57,2010,4.69169594198979,0.205709488090385
58,2010,4.65425148298299,0.204553363008684
59,2010,4.61584187177194,0.20333075136393
60,2010,4.57653734029558,0.202066658733008
61,2010,4.53640812049284,0.200785960639206
62,2010,4.49552444430266,0.19951307409507
63,2010,4.45395654366398,0.198271619215475
64,2010,4.41177465051574,0.197084072999478
65,2010,4.36904899679687,0.195971419709956
66,2010,4.32584981444631,0.194952804563848
67,2010,4.282247335403,0.194045199505573
68,2010,4.23831179160589,0.193263091460105
69,2010,4.19411341499389,0.192618204432316
70,2010,4.14972243750595,0.192119266947495
71,2010,4.10520909108102,0.191771835497265
72,2010,4.06064360765803,0.191578182853197
73,2010,4.0160962191759,0.191537257450818
74,2010,3.9716371575736,0.191644716765372
75,2010,3.92733665479004,0.191893034029554
76,2010,3.88326494276417,0.192271674161604
77,2010,3.83949225343492,0.192767331747054
78,2010,3.79608881874124,0.193364221648586
79,2010,3.75312487062206,0.194044411495849
80,2010,3.71067064101632,0.194788184993482
81,2010,3.66879636186295,0.195574425623089
82,2010,3.6275722651009,0.196381011752338
83,2010,3.58706858266909,0.19718521619542
84,2010,3.54735554650648,0.197964105672605
85,2010,3.50850338855199,0.198694938190578
86,2010,3.47058234074457,0.199355558949253
87,2010,3.43366263502315,0.199924797866641
88,2010,3.39781450332666,0.200382874144248
89,2010,3.36310817759405,0.200711815456093
90,2010,3.32961388976426,0.200895901345474
91,2010,3.29740187177622,0.200922142271605
92,2010,3.26654235556887,0.200780807460741
93,2010,3.23710557308114,0.20046601623159
94,2010,3.20916175625199,0.199976408641596
95,2010,3.18278069122424,0.199316086580964
96,2010,3.15800541637523,0.198505350907581
97,2010,3.13483751104579,0.197584448882631
98,2010,3.11327498820796,0.196596658577108
99,2010,3.09331586083383,0.195585837464878
100,2010,3.07495814189546,0.19459540333977
101,2010,3.05819984436492,0.193667297896134
102,2010,3.04303898121428,0.192840939645734
103,2010,3.02947356541561,0.192152185522435
104,2010,3.01750160994097,0.191632332221702
105,2010,3.00712112776245,0.191307197539243
106,2010,2.9983301318521,0.191196327091112
107,2010,2.991126635182,0.191312371468044
108,2010,2.98550865072422,0.191660672463675
109,2010,2.98147419145082,0.192239084931239
110,2010,2.97902127033387,0.193038044610601
111,2010,2.97814790034545,0.194040874364632
112,2010,2.97885209445763,0.195224304478853
113,2010,2.98113186564246,0.196559169545789
114,2010,2.98498522687203,0.198011236684914
115,2010,2.9904101911184,0.199542118035313
116,2010,2.99740477135365,0.201110224119068
117,2010,3.00596698054983,0.202671722550915
118,2010,3.01609483167903,0.204181477058363
119,2010,3.0277863377133,0.205593953330817
120,2010,3.04103951162472,0.206864089638834
121,2010,3.05585236638536,0.207948140739335
122,2010,3.07222291496728,0.208804513075882
123,2010,3.09014917034257,0.209394617858981
124,2010,3.10962914548328,0.209683776710013
125,2010,3.13066030159125,0.209642522636525
126,2010,3.1532069936541,0.2092653100602
127,2010,3.17718226202746,0.208580427851633
128,2010,3.20249473290503,0.207623451410631
129,2010,3.22905303248053,0.206433796482159
130,2010,3.25676578694769,0.205053774370144
131,2010,3.28554162250021,0.203527702783491
132,2010,3.31528916533182,0.201901037210189
133,2010,3.34591704163623,0.200219496434039
134,2010,3.37733387760717,0.198528164962487
135,2010,3.40944829943834,0.196870565145906
136,2010,3.44216893332347,0.195287702759976
137,2010,3.47540440545628,0.193817101497537
138,2010,3.50906334203047,0.192491853388201
139,2010,3.54305436923977,0.191339722378891
140,2010,3.5772861132779,0.190382345602579
141,2010,3.61166720033857,0.189634579674718
142,2010,3.64610625661551,0.189104036546439
143,2010,3.68051190830242,0.188790844708098
144,2010,3.71479278159303,0.188687657678051
145,2010,3.74885750268105,0.188779914621359
146,2010,3.78261469776021,0.189046340264837
147,2010,3.81597299302421,0.189459655821537
148,2010,3.84884101466678,0.189987461753372
149,2010,3.88112738888163,0.190593248273737
150,2010,3.91274074186249,0.19123749076814
151,2010,3.94358969980306,0.191878794027424
152,2010,3.97358288889707,0.192475059938687
153,2010,4.00262893533824,0.192984666456455
154,2010,4.03063646532027,0.193367659852686
155,2010,4.0575141050369,0.193586976398606
156,2010,4.08317048068182,0.193609723209185
157,2010,4.10751641470428,0.193409176227584
158,2010,4.13052933786474,0.192984165974296
159,2010,4.1522636871321,0.192361921569662
160,2010,4.17277818903676,0.191576257916886
161,2010,4.19213157010913,0.190664919483401
162,2010,4.21038255687961,0.189668229237625
163,2010,4.2275898758786,0.188627798213688
164,2010,4.24381225363652,0.187585268170898
165,2010,4.25910841668376,0.186581074326803
166,2010,4.27353709155073,0.185653230187158
167,2010,4.28715700476784,0.184836151336288
168,2010,4.30002688286549,0.184159548461603
169,2010,4.31220545237408,0.183647430253289
170,2010,4.32375143982403,0.183317262435267
171,2010,4.33472357174573,0.183179328682303
172,2010,4.34518057466959,0.183236332019482
173,2010,4.35518117512601,0.183483262113973
174,2010,4.36478409964541,0.183907536514493
175,2010,4.37404807475818,0.184489405154153
176,2010,4.38303182699473,0.185202590409509
177,2010,4.39179408288546,0.186015122411621
178,2010,4.40039356896079,0.186890322870307
179,2010,4.40888901175111,0.187787890899559
180,2010,4.41733913778683,0.188665050579631
181,2010,4.42580267359836,0.189477730853928
182,2010,4.43433834571609,0.190181762152843
183,2010,4.44300488067044,0.190734089338511
184,2010,4.4518610049918,0.191094016094342
185,2010,4.46096544521059,0.191224511205084
186,2010,4.47037690771783,0.191093633022097
187,2010,4.48013404007773,0.190686810934435
188,2010,4.49021779051837,0.190027920481799
189,2010,4.50059879590307,0.189153031888679
190,2010,4.51124769309511,0.188103504292649
191,2010,4.5221351189578,0.186924700160535
192,2010,4.53323171035444,0.185664756634369
193,2010,4.54450810414833,0.184373366065579
194,2010,4.55593493720278,0.183100531886504
195,2010,4.56748284638108,0.181895281887076
196,2010,4.57912246854653,0.180804339116719
197,2010,4.59082444056245,0.17987077046344
198,2010,4.60255939929212,0.17913265292655
199,2010,4.61429798159884,0.178621815157835
200,2010,4.62601082434593,0.178362723821325
201,2010,4.63766856439668,0.178371587634822
202,2010,4.6492418386144,0.178655744602877
203,2010,4.66070128386237,0.179213379904144
204,2010,4.67201753700392,0.180033595532953
205,2010,4.68316123490233,0.181096822564205
206,2010,4.6941030144209,0.182375538261813
207,2010,4.70481351242295,0.18383522818612
208,2010,4.71526336577176,0.185435521255528
209,2010,4.72542321133064,0.187131424299075
210,2010,4.7352636859629,0.188874590703125
211,2010,4.74475542653183,0.190614572550502
212,2010,4.75386906990073,0.192300023943497
213,2010,4.76257525293291,0.193879842138085
214,2010,4.77084461249167,0.195304250722977
215,2010,4.77864778544031,0.196525844403954
216,2010,4.78595540864212,0.197500627942929
217,2010,4.79274052202594,0.198191280635304
218,2010,4.79900410115734,0.198591664075398
219,2010,4.80476514459334,0.198718554275915
220,2010,4.81004295127413,0.198594684198086
221,2010,4.81485682013994,0.198247418790611
222,2010,4.81922605013098,0.19770783613486
223,2010,4.82316994018744,0.197009901094832
224,2010,4.82670778924954,0.196189696123614
225,2010,4.8298588962575,0.195284680735546
226,2010,4.8326425601515,0.194332957894221
227,2010,4.83507807987178,0.193372532511812
228,2010,4.83718475435853,0.192440554640367
229,2010,4.83898188255196,0.191572547821934
230,2010,4.84048876339228,0.190801631267456
231,2010,4.84172469581971,0.190157752584738
232,2010,4.84270897877444,0.189666954932442
233,2010,4.8434609111967,0.189350707815745
234,2010,4.84399979202668,0.189225333320359
235,2010,4.8443449202046,0.189301558675822
236,2010,4.84451559467066,0.189584221358406
237,2010,4.84453111436507,0.190072144806217
238,2010,4.84441077822805,0.190758192175013
239,2010,4.8441738851998,0.191629493859177
240,2010,4.84383973422053,0.192667833397839
241,2010,4.84342762423045,0.193850167410045
242,2010,4.84295685416977,0.195149249447352
243,2010,4.84244672297869,0.196534325595418
244,2010,4.84191652959743,0.197971871150495
245,2010,4.8413855729662,0.199426342103277
246,2010,4.84087315202519,0.200860921569996
247,2010,4.84039856571463,0.20223824876498
248,2010,4.83998111297472,0.203521125795469
249,2010,4.83964009274567,0.204673204909196
250,2010,4.83939480396768,0.205659665544026
251,2010,4.8392645410835,0.206447903691448
252,2010,4.83926411905465,0.207015405869261
253,2010,4.83939546758792,0.207364258471916
254,2010,4.83965821368492,0.207504626242988
255,2010,4.84005198434725,0.207450462564061
256,2010,4.84057640657651,0.207218896940121
257,2010,4.84123110737429,0.206829693406852
258,2010,4.84201571374219,0.206304761427334
259,2010,4.84292985268182,0.20566770337675
260,2010,4.84397315119477,0.204943385183622
261,2010,4.84514523628265,0.204157519139714
262,2010,4.84644573494704,0.203336250374619
263,2010,4.84787427418956,0.202505741083902
264,2010,4.8494304810118,0.201691749347432
265,2010,4.85111398241536,0.200919202280889
266,2010,4.85292440540183,0.200211766272767
267,2010,4.85486137697283,0.199591420047711
268,2010,4.85692452412994,0.19907803907301
269,2010,4.85911347387476,0.198689002143864
270,2010,4.86142785320891,0.19843883257657
271,2010,4.86386728913397,0.198338887059761
272,2010,4.86643140865154,0.198397104686342
273,2010,4.86911983876323,0.198617826956498
274,2010,4.87193220647063,0.199001696699769
275,2010,4.87486813877534,0.19954564016308
276,2010,4.87792726267896,0.200242932332492
277,2010,4.8811092051831,0.201083341354142
278,2010,4.88441359328934,0.202053344150332
279,2010,4.88784005399929,0.203136402374369
280,2010,4.89138821431455,0.20431328596913
281,2010,4.89505770123672,0.205562430890372
282,2010,4.8988481417674,0.206860317975942
283,2010,4.90275916290818,0.208181861315219
284,2010,4.90679039166067,0.209500796554106
285,2010,4.91094145502646,0.210790062091388
286,2010,4.91521198000716,0.21202216883381
287,2010,4.91960159360436,0.213169556881946
288,2010,4.92410992281966,0.214204940084833
289,2010,4.92873659465467,0.215101641764887
290,2010,4.93348112701505,0.215834518669532
291,2010,4.93834107931645,0.216390545601264
292,2010,4.94331231693301,0.216768374390006
293,2010,4.94839064938176,0.216969523656153
294,2010,4.9535718861797,0.21699776734852
295,2010,4.95885183684387,0.216858860409636
296,2010,4.96422631089129,0.216560298753728
297,2010,4.96969111783897,0.216111107871185
298,2010,4.97524206720396,0.215521654863439
299,2010,4.98087496850325,0.21480347919564
300,2010,4.98658563125388,0.213969137909873
301,2010,4.99236986497287,0.213032061462331
302,2010,4.99822347917724,0.212006416737079
303,2010,5.00414228338402,0.21090697415654
304,2010,5.01012208711023,0.209748976168411
305,2010,5.01615869987288,0.20854800475633
306,2010,5.022247931189,0.207319846014037
307,2010,5.02838559057562,0.206080350255712
308,2010,5.03456748754976,0.204845286621703
309,2010,5.04078943162843,0.203630191687304
310,2010,5.04704723232867,0.202450212194253
311,2010,5.05333669916749,0.201319942692761
312,2010,5.05965364166191,0.200253259588459
313,2010,5.06599386932896,0.199263153804078
314,2010,5.07235319168567,0.198361564949802
315,2010,5.07872741824904,0.197559220499253
316,2010,5.08511235853612,0.196865483935692
317,2010,5.09150382206391,0.196288216111143
318,2010,5.09789761834944,0.195833654103849
319,2010,5.10428955690973,0.19550631163606
320,2010,5.11067544726181,0.195308904615758
321,2010,5.1170510989227,0.195242304610274
322,2010,5.12341232140942,0.195305522091545
323,2010,5.12975492423899,0.19549572018087
324,2010,5.13607471692843,0.195808258451541
325,2010,5.14236750899478,0.1962367652135
326,2010,5.14862910995504,0.196773235694343
327,2010,5.15485532932624,0.197408152719902
328,2010,5.16104197662541,0.19813062593713
329,2010,5.16718486136957,0.198928545337113
330,2010,5.17327979307573,0.199788744824737
331,2010,5.17932258126093,0.200697171818266
332,2010,5.18530903544218,0.201639059304098
333,2010,5.19123496513651,0.202599097366502
334,2010,5.19709617986094,0.203561601904089
335,2010,5.20288848913248,0.204510678982853
336,2010,5.20860770246818,0.205430384016939
337,2010,5.21424962938504,0.206304875680927
338,2010,5.21981007940008,0.207118565121264
339,2010,5.22528486203034,0.207856261640483
340,2010,5.23066978679283,0.208503316576832
341,2010,5.23596066320458,0.209045767601761
342,2010,5.24115330078261,0.209470486122124
343,2010,5.24624350904393,0.20976533091919
344,2010,5.25122709750558,0.209919311600187
345,2010,5.25609987568458,0.209922765896494
346,2010,5.26085765309794,0.209767555328602
347,2010,5.26549280650552,0.209449971659235
348,2010,5.26998398163846,0.208978864482919
349,2010,5.27430639147073,0.208367307188047
350,2010,5.27843524897631,0.207629678129032
351,2010,5.28234576712916,0.20678146523301
352,2010,5.28601315890327,0.205839081376965
353,2010,5.28941263727259,0.204819685888961
354,2010,5.2925194152111,0.203741008125776
355,2010,5.29530870569277,0.202621169692068
356,2010,5.29775572169158,0.201478502521898
357,2010,5.2998356761815,0.200331360767941
358,2010,5.30152378213649,0.199197925256692
359,2010,5.30279525253053,0.198096000179029
360,2010,5.30362530033758,0.197042802689759
361,2010,5.30398913853163,0.196054747164672
362,2010,5.30386198008664,0.195147226966224
363,2010,5.30321903797659,0.194334397636053
364,2010,5.30203552517544,0.193628966383609
365,2010,5.30028665465717,0.193041993484052
1,2011,5.16298102105481,0.201482365491597
2,2011,5.16785379923381,0.201544674975665
3,2011,5.17261157664717,0.201444180642388
4,2011,5.17724673005475,0.201177128350453
5,2011,5.18173790518769,0.200752700200926
6,2011,5.18606031501996,0.200184420550339
7,2011,5.19018917252554,0.199487150081638
8,2011,5.19409969067839,0.198676887038866
9,2011,5.1977670824525,0.197770579615952
10,2011,5.20116656082182,0.19678594439923
11,2011,5.20427333876033,0.195741286414564
12,2011,5.207062629242,0.194655316993202
13,2011,5.20950964524081,0.193546966381212
14,2011,5.21158959973073,0.192435188808428
15,2011,5.21327770568572,0.191338758629294
16,2011,5.21454917607975,0.190276057163042
17,2011,5.21537922388681,0.189264850990075
18,2011,5.21574306208086,0.188322063679371
19,2011,5.21561590363587,0.187463544177441
20,2011,5.21497296152582,0.186703836306978
21,2011,5.21378944872467,0.186055954905718
22,2011,5.2120405782064,0.185531174972855
23,2011,5.20970156294497,0.185138840672066
24,2011,5.20674761591437,0.184886201073982
25,2011,5.20315395008856,0.184778279048889
26,2011,5.19889577844151,0.184817778734502
27,2011,5.1939483139472,0.185005035554243
28,2011,5.18828676957959,0.18533801095723
29,2011,5.18188635831266,0.185812332047997
30,2011,5.17472229312038,0.186421374255045
31,2011,5.16676978697672,0.187156383337973
32,2011,5.15800405285565,0.188006631514729
33,2011,5.14840030373115,0.188959601420258
34,2011,5.13793375257718,0.19000119104532
35,2011,5.12657961236771,0.191115932750275
36,2011,5.11431309607672,0.192287219852135
37,2011,5.10110941667819,0.193497535056142
38,2011,5.08694378714607,0.19472867603733
39,2011,5.07179142045435,0.195961974662155
40,2011,5.05562752957699,0.197178507575286
41,2011,5.03842732748797,0.198359297082421
42,2011,5.02016602716125,0.199485502381178
43,2011,5.00081884157081,0.200538602198578
44,2011,4.98036098369062,0.201500570777121
45,2011,4.95876766649465,0.202354049921727
46,2011,4.93601410295688,0.203082520499425
47,2011,4.91207550605126,0.203670477403497
48,2011,4.88692708875179,0.204103612588689
49,2011,4.86054406403242,0.204369011389489
50,2011,4.83290164486713,0.204455367982237
51,2011,4.80397504422989,0.204353226570827
52,2011,4.77373947509468,0.204055255681759
53,2011,4.74217154074495,0.203556882680089
54,2011,4.70929000994453,0.202865836969589
55,2011,4.67516239918412,0.202003072061471
56,2011,4.63985894040263,0.200991630451272
57,2011,4.60344986553902,0.199855701882157
58,2011,4.56600540653222,0.198620321736458
59,2011,4.52759579532117,0.197311070929945
60,2011,4.48829126384481,0.195953770685412
61,2011,4.44816204404207,0.194574167321778
62,2011,4.40727836785189,0.193197604131885
63,2011,4.36571046721321,0.191848679581276
64,2011,4.32352857406497,0.190550893439964
65,2011,4.2808029203461,0.189326285000329
66,2011,4.23760373799554,0.188195070111357
67,2011,4.19400125895223,0.187175286182543
68,2011,4.15006571515511,0.186282456338642
69,2011,4.10586733854312,0.185529285275081
70,2011,4.06147636105518,0.184925399828519
71,2011,4.01696301463025,0.184477146661733
72,2011,3.97239753120726,0.18418745770653
73,2011,3.92785014272513,0.184055791200569
74,2011,3.88339108112283,0.184078152535863
75,2011,3.83909057833927,0.184247195079001
76,2011,3.7950188663134,0.184552397070905
77,2011,3.75124617698415,0.184980307114873
78,2011,3.70784274229047,0.185514847993206
79,2011,3.66487879417129,0.186137666865994
80,2011,3.62242456456555,0.186828519397301
81,2011,3.58055028541218,0.187565675970686
82,2011,3.53932618865013,0.188326339725055
83,2011,3.49882250621832,0.189087068418872
84,2011,3.45910947005571,0.189824194849929
85,2011,3.42025731210122,0.190514243475137
86,2011,3.3823362642938,0.191134343797257
87,2011,3.34541655857238,0.191662643884412
88,2011,3.30956842687589,0.192078729998861
89,2011,3.27486210114329,0.192364060720499
90,2011,3.24136781331349,0.192502426177839
91,2011,3.20915579532545,0.192480445073027
92,2011,3.1782962791181,0.192288114115387
93,2011,3.14885949663037,0.191919426211117
94,2011,3.12091567980122,0.191373075141761
95,2011,3.09453461477347,0.190653444494822
96,2011,3.06975933992446,0.189781654436903
97,2011,3.04659143459502,0.188799416334863
98,2011,3.02502891175719,0.187751667699542
99,2011,3.00506978438306,0.186684047547777
100,2011,2.98671206544469,0.185641831110099
101,2011,2.96995376791415,0.184668834466543
102,2011,2.95479290476351,0.183806296042372
103,2011,2.94122748896484,0.183091756748506
104,2011,2.9292555334902,0.182557974560891
105,2011,2.91887505131168,0.182231920611878
106,2011,2.91008405540133,0.182133910309451
107,2011,2.90288055873123,0.182276922810251
108,2011,2.89726257427345,0.182666154460517
109,2011,2.89322811500005,0.183298837070838
110,2011,2.8907751938831,0.184164332088727
111,2011,2.88990182389468,0.185244490025714
112,2011,2.89060601800686,0.186514244473555
113,2011,2.89288578919169,0.187942394865021
114,2011,2.89673915042126,0.189492523800316
115,2011,2.90216411466763,0.191123993781417
116,2011,2.90915869490288,0.19279297371177
117,2011,2.91772090409906,0.194453455751144
118,2011,2.92784875522826,0.196058235964642
119,2011,2.93954026126253,0.197559845766702
120,2011,2.95279343517395,0.1989114340595
121,2011,2.96760628993459,0.200067611470397
122,2011,2.98397683851651,0.20098527807472
123,2011,3.0019030938918,0.201624464779645
124,2011,3.02138306903251,0.201949226772338
125,2011,3.04241422514048,0.201928949653918
126,2011,3.06496091720333,0.201557874928727
127,2011,3.08893618557669,0.20086545542989
128,2011,3.11424865645426,0.199888615595228
129,2011,3.14080695602976,0.198668198727967
130,2011,3.16851971049692,0.197248030791238
131,2011,3.19729554604944,0.195674039436374
132,2011,3.22704308888105,0.193993389607378
133,2011,3.25767096518546,0.192253606083071
134,2011,3.2890878011564,0.190501662831592
135,2011,3.32120222298757,0.188783029656096
136,2011,3.3539228568727,0.187140678567563
137,2011,3.38715832900551,0.18561406540566
138,2011,3.4208172655797,0.184238115613864
139,2011,3.454808292789,0.183042255318356
140,2011,3.48904003682713,0.182049538063084
141,2011,3.5234211238878,0.18127592172366
142,2011,3.55786018016474,0.180729747701914
143,2011,3.59226583185165,0.180411464923376
144,2011,3.62654670514226,0.18031362523384
145,2011,3.66061142623028,0.180421156740576
146,2011,3.69436862130944,0.18071190069581
147,2011,3.72772691657344,0.181157379162067
148,2011,3.76059493821601,0.181723747840568
149,2011,3.79288131243086,0.182372882777125
150,2011,3.82449466541172,0.183063551419625
151,2011,3.85534362335229,0.183752626654301
152,2011,3.8853368124463,0.184396315184449
153,2011,3.91438285888747,0.184951386926076
154,2011,3.9423903888695,0.185376408252639
155,2011,3.96926802858612,0.18563299775251
156,2011,3.99492440423106,0.185687138099175
157,2011,4.01927033825351,0.18551122695795
158,2011,4.04228326141397,0.185104079738652
159,2011,4.06401761068133,0.184493851630595
160,2011,4.08453211258599,0.183715515979146
161,2011,4.10388549365836,0.182808129082558
162,2011,4.12213648042884,0.181813442036197
163,2011,4.13934379942783,0.180774571123659
164,2011,4.15556617718575,0.17973469574746
165,2011,4.17086234023299,0.178735768939198
166,2011,4.18529101509996,0.177817242305892
167,2011,4.19891092831707,0.177014824065333
168,2011,4.21178080641472,0.176359304184572
169,2011,4.22395937592331,0.175875492635565
170,2011,4.23550536337326,0.175581323334934
171,2011,4.24647749529496,0.175487175748308
172,2011,4.25693449821882,0.17559545772169
173,2011,4.26693509867524,0.175900477607074
174,2011,4.27653802319464,0.176388613448968
175,2011,4.28580199830741,0.177038765282257
176,2011,4.29478575054396,0.177823057188646
177,2011,4.30354800643469,0.178707741837832
178,2011,4.31214749251002,0.17965425370918
179,2011,4.32064293530034,0.180620358418438
180,2011,4.32909306133606,0.181561353574906
181,2011,4.33755659714758,0.182431289537383
182,2011,4.34609226926532,0.183184194267897
183,2011,4.35475880421966,0.183775303443633
184,2011,4.36361492854103,0.184162313930205
185,2011,4.37271936875982,0.184306695182726
186,2011,4.38213083126706,0.18417512057871
187,2011,4.39188796362696,0.183752298607769
188,2011,4.4019717140676,0.183063079019767
189,2011,4.4123527194523,0.182144945396143
190,2011,4.42300161664434,0.181040835181256
191,2011,4.43388904250703,0.179797859388688
192,2011,4.44498563390367,0.178466077864003
193,2011,4.45626202769756,0.177097276268798
194,2011,4.46768886075201,0.175743705381721
195,2011,4.47923676993031,0.17445676015056
196,2011,4.49087639209576,0.1732855956911
197,2011,4.50257836411167,0.172275699743107
198,2011,4.51431332284135,0.171467464360097
199,2011,4.52605190514807,0.170894820905392
200,2011,4.53776474789516,0.17058401785748
201,2011,4.54942248794591,0.170552626495543
202,2011,4.56099576216363,0.170808852399598
203,2011,4.5724552074116,0.171351210416751
204,2011,4.58377146055315,0.172168589950225
205,2011,4.59491515845156,0.173240701509541
206,2011,4.60585693797013,0.174538861212663
207,2011,4.61656743597218,0.176027043649084
208,2011,4.62701728932099,0.177663119292275
209,2011,4.63717713487987,0.179400191538047
210,2011,4.64701760951213,0.181187958664917
211,2011,4.65650935008106,0.182974043989433
212,2011,4.66562299344996,0.184705259155475
213,2011,4.67432917648214,0.186328787373333
214,2011,4.6825985360409,0.187793293222912
215,2011,4.69040170898954,0.189049982371167
216,2011,4.69770933219135,0.19005364832618
217,2011,4.70449444557517,0.190766000517779
218,2011,4.71075802470657,0.191180795650749
219,2011,4.71651906814257,0.191315324387813
220,2011,4.72179687482336,0.191192995791375
221,2011,4.72661074368917,0.190841979564958
222,2011,4.73097997368021,0.19029426989007
223,2011,4.73492386373667,0.189584846128953
224,2011,4.73846171279877,0.188750891790836
225,2011,4.74161281980673,0.18783104054255
226,2011,4.74439648370073,0.186864625261488
227,2011,4.74683200342101,0.185890913596247
228,2011,4.74893867790776,0.184948321533476
229,2011,4.75073580610119,0.184073605179589
230,2011,4.75224268694151,0.183301040169805
231,2011,4.75347861936894,0.182661607281311
232,2011,4.75446290232367,0.18218221107692
233,2011,4.75521483474593,0.181884964624845
234,2011,4.75575371557591,0.18178657637761
235,2011,4.75609884375383,0.181897874244658
236,2011,4.75626951821989,0.182223496395888
237,2011,4.7562850379143,0.182761768774109
238,2011,4.75616470177728,0.183504776843315
239,2011,4.75592780874903,0.18443862552698
240,2011,4.75559365776976,0.185543868602506
241,2011,4.75518154777968,0.186796078819023
242,2011,4.754710777719,0.188166523925219
243,2011,4.75420064652792,0.18962291208642
244,2011,4.75367045314666,0.191130172532345
245,2011,4.75313949651543,0.192651242842365
246,2011,4.75262707557442,0.194147841901038
247,2011,4.75215248926386,0.19558121610661
248,2011,4.75173503652395,0.196912854967024
249,2011,4.7513940162949,0.198105180171704
250,2011,4.75114872751691,0.199122219319317
251,2011,4.75101846463273,0.199930289177798
252,2011,4.75101804260388,0.200506184250719
253,2011,4.75114939113715,0.200852291655188
254,2011,4.75141213723415,0.200979307561364
255,2011,4.75180590789648,0.200901771623361
256,2011,4.75233033012574,0.200637448746426
257,2011,4.75298503092352,0.200206785966553
258,2011,4.75376963729142,0.199632424400963
259,2011,4.75468377623105,0.198938749003914
260,2011,4.755727074744,0.198151461497178
261,2011,4.75689915983188,0.197297164402816
262,2011,4.75819965849627,0.196402946684775
263,2011,4.75962819773879,0.195495964204636
264,2011,4.76118440456103,0.19460301109038
265,2011,4.76286790596458,0.193750081232476
266,2011,4.76467832895106,0.192961922418302
267,2011,4.76661530052206,0.192261588970788
268,2011,4.76867844767917,0.191670001961587
269,2011,4.77086739742399,0.191205528841304
270,2011,4.77318177675814,0.190883596346367
271,2011,4.7756212126832,0.190716351491229
272,2011,4.77818533220077,0.190712385095507
273,2011,4.78087376231246,0.190876530524038
274,2011,4.78368613001986,0.191209747210307
275,2011,4.78662206232457,0.191709094362217
276,2011,4.78968118622819,0.192367795452896
277,2011,4.79286312873233,0.193175389219711
278,2011,4.79616751683857,0.194117958484653
279,2011,4.79959397754852,0.195178424640396
280,2011,4.80314213786378,0.196336893435478
281,2011,4.80681162478595,0.197571036864505
282,2011,4.81060206531663,0.198856496462891
283,2011,4.81451308645741,0.200167294909378
284,2011,4.8185443152099,0.201476245253351
285,2011,4.82269537857569,0.202755349981714
286,2011,4.82696590355639,0.203976185224265
287,2011,4.83135551715359,0.205110268434367
288,2011,4.83586384636889,0.206129410723004
289,2011,4.8404905182039,0.20700605760234
290,2011,4.84523505056428,0.207714235077659
291,2011,4.85009500286568,0.208240471743985
292,2011,4.85506624048224,0.208583343888353
293,2011,4.86014457293099,0.208744378527623
294,2011,4.86532580972893,0.208727421843148
295,2011,4.8706057603931,0.208538357363373
296,2011,4.87598023444052,0.208184860914249
297,2011,4.8814450413882,0.207676186171222
298,2011,4.88699599075318,0.207022975194509
299,2011,4.89262889205248,0.206237088857931
300,2011,4.89833955480311,0.205331452568449
301,2011,4.9041237885221,0.204319913112911
302,2011,4.90997740272647,0.203217102865412
303,2011,4.91589620693325,0.202038307955509
304,2011,4.92187601065946,0.20079933735142
305,2011,4.92791262342211,0.199516390173523
306,2011,4.93400185473823,0.198205918943589
307,2011,4.94013951412485,0.196884486915405
308,2011,4.94632141109899,0.195568618141899
309,2011,4.95254335517766,0.19427463952663
310,2011,4.9588011558779,0.193018514790056
311,2011,4.96509062271671,0.191815671049293
312,2011,4.97140756521114,0.190680819546442
313,2011,4.97774779287819,0.189627772932013
314,2011,4.9841071152349,0.188669262367767
315,2011,4.99048134179827,0.187816758494568
316,2011,4.99686628208535,0.187080300943538
317,2011,5.00325774561314,0.186468341478902
318,2011,5.00965154189867,0.1859876059822
319,2011,5.01604348045896,0.185642980272547
320,2011,5.02242937081104,0.185437424187546
321,2011,5.02880502247193,0.185371917441197
322,2011,5.03516624495865,0.185445439583791
323,2011,5.04150884778822,0.185654985003497
324,2011,5.04782864047766,0.185995612444217
325,2011,5.05412143254401,0.186460527093772
326,2011,5.06038303350427,0.187041192039524
327,2011,5.06660925287547,0.187727464893586
328,2011,5.07279590017464,0.188507754723159
329,2011,5.0789387849188,0.189369194112111
330,2011,5.08503371662496,0.19029782121929
331,2011,5.09107650481016,0.191278767047333
332,2011,5.09706295899141,0.192296443731125
333,2011,5.10298888868574,0.193334730424337
334,2011,5.10885010341017,0.194377154231981
335,2011,5.11464241268171,0.195407064540145
336,2011,5.12036162601741,0.196407799977895
337,2011,5.12600355293427,0.197362848073489
338,2011,5.13156400294931,0.198255998416102
339,2011,5.13703878557957,0.199071490798632
340,2011,5.14242371034206,0.199794160401744
341,2011,5.14771458675381,0.200409582598113
342,2011,5.15290722433184,0.200904220428202
343,2011,5.15799743259316,0.201265578247391
344,2011,5.16298102105481,0.201482365491597
345,2011,5.16785379923381,0.201544674975665
346,2011,5.17261157664717,0.201444180642388
347,2011,5.17724673005475,0.201177128350453
348,2011,5.18173790518769,0.200752700200926
349,2011,5.18606031501996,0.200184420550339
350,2011,5.19018917252554,0.199487150081638
351,2011,5.19409969067839,0.198676887038866
352,2011,5.1977670824525,0.197770579615952
353,2011,5.20116656082182,0.19678594439923
354,2011,5.20427333876033,0.195741286414564
355,2011,5.207062629242,0.194655316993202
356,2011,5.20950964524081,0.193546966381212
357,2011,5.21158959973073,0.192435188808428
358,2011,5.21327770568572,0.191338758629294
359,2011,5.21454917607975,0.190276057163042
360,2011,5.21537922388681,0.189264850990075
361,2011,5.21574306208086,0.188322063679371
362,2011,5.21561590363587,0.187463544177441
363,2011,5.21497296152582,0.186703836306978
364,2011,5.21378944872467,0.186055954905718
365,2011,5.2120405782064,0.185531174972855
1,2012,5.06464645985096,0.193495249343922
2,2012,5.06951923802996,0.193590724452831
3,2012,5.07427701544332,0.193518106519237
4,2012,5.0789121688509,0.193273534417828
5,2012,5.08340334398384,0.19286651638352
6,2012,5.08772575381611,0.192311036445345
7,2012,5.09185461132169,0.191622448993865
8,2012,5.09576512947455,0.190817278885948
9,2012,5.09943252124865,0.189913033085596
10,2012,5.10283199961797,0.188928018242398
11,2012,5.10593877755648,0.187881159298153
12,2012,5.10872806803816,0.186791814908585
13,2012,5.11117508403697,0.185679586216096
14,2012,5.11325503852688,0.184564116352877
15,2012,5.11494314448187,0.183464879025264
16,2012,5.11621461487591,0.182400955649799
17,2012,5.11704466268296,0.181390801778567
18,2012,5.11740850087701,0.180452004939041
19,2012,5.11728134243203,0.17960103746413
20,2012,5.11663840032197,0.178853009311346
21,2012,5.11545488752082,0.178221427148172
22,2012,5.11370601700255,0.177717966977919
23,2012,5.11136700174113,0.177352268159754
24,2012,5.10841305471053,0.177131756721679
25,2012,5.10481938888471,0.177061505302888
26,2012,5.10056121723766,0.177144135882158
27,2012,5.09561375274335,0.177379769716169
28,2012,5.08995220837574,0.177766026763599
29,2012,5.08355179710881,0.178298074503667
30,2012,5.07638773191653,0.178968723699395
31,2012,5.06843522577287,0.179768566532516
32,2012,5.0596694916518,0.18068615084034
33,2012,5.0500657425273,0.181708183046346
34,2012,5.03959919137333,0.182819751853353
35,2012,5.02824505116386,0.184004564844595
36,2012,5.01597853487288,0.185245190736393
37,2012,5.00277485547434,0.186523301027454
38,2012,4.98860922594222,0.187819906056945
39,2012,4.9734568592505,0.189115581881947
40,2012,4.95729296837314,0.190390685798745
41,2012,4.94009276628412,0.191625559674247
42,2012,4.9218314659574,0.192800721467677
43,2012,4.90248428036696,0.193897046382936
44,2012,4.88202642248677,0.194895939998513
45,2012,4.8604331052908,0.195779506493976
46,2012,4.83767954175303,0.19653071576242
47,2012,4.81374094484742,0.197133573807344
48,2012,4.78859252754794,0.197573301413842
49,2012,4.76220950282858,0.197836526701461
50,2012,4.73456708366329,0.197911497850092
51,2012,4.70564048302605,0.197788323075557
52,2012,4.67540491389083,0.197459245843039
53,2012,4.64383697954111,0.196919298104465
54,2012,4.61095544874069,0.196176287629221
55,2012,4.57682783798027,0.195251796363589
56,2012,4.54152437919878,0.194169558821916
57,2012,4.50511530433517,0.192954500467497
58,2012,4.46767084532838,0.191632444970612
59,2012,4.42926123411732,0.190229821733884
60,2012,4.38995670264096,0.188773366227369
61,2012,4.34982748283822,0.187289807409844
62,2012,4.30894380664804,0.185805538458465
63,2012,4.26737590600936,0.184346269259401
64,2012,4.22519401286112,0.182936661651743
65,2012,4.18246835914225,0.18159995122497
66,2012,4.13926917679169,0.180357562426
67,2012,4.09566669774839,0.179228726630541
68,2012,4.05173115395127,0.178230115395126
69,2012,4.00753277733927,0.177375503004761
70,2012,3.96314179985134,0.176675473342762
71,2012,3.9186284534264,0.176137185774961
72,2012,3.87406297000341,0.175764213030966
73,2012,3.82951558152129,0.175556461031638
74,2012,3.78505651991898,0.175510176505188
75,2012,3.74075601713542,0.175618043482896
76,2012,3.69668430510955,0.175869364911823
77,2012,3.65291161578031,0.176250321231162
78,2012,3.60950818108662,0.176744294321136
79,2012,3.56654423296744,0.177332243084565
80,2012,3.5240900033617,0.177993116201057
81,2012,3.48221572420833,0.178704288246474
82,2012,3.44099162744628,0.179442007183805
83,2012,3.40048794501448,0.180181843899133
84,2012,3.36077490885186,0.180899137643325
85,2012,3.32192275089737,0.181569434641518
86,2012,3.28400170308995,0.182168920510555
87,2012,3.24708199736853,0.182674850326165
88,2012,3.21123386567204,0.183065983135877
89,2012,3.17652753993944,0.183323030416285
90,2012,3.14303325210964,0.183429130462476
91,2012,3.1108212341216,0.183370363023544
92,2012,3.07996171791425,0.183136320688588
93,2012,3.05052493542653,0.182720755543768
94,2012,3.02258111859737,0.182122321301288
95,2012,2.99620005356962,0.181345618447803
96,2012,2.97142477872062,0.180412702827328
97,2012,2.94825687339117,0.179367126482832
98,2012,2.92669435055335,0.178255911858114
99,2012,2.90673522317921,0.177126934503626
100,2012,2.88837750424084,0.176027808131061
101,2012,2.8716192067103,0.175004722009477
102,2012,2.85645834355966,0.174101237480305
103,2012,2.84289292776099,0.173357068147266
104,2012,2.83092097228635,0.172806885548851
105,2012,2.82054049010783,0.172479206404846
106,2012,2.81174949419748,0.172395426016453
107,2012,2.80454599752738,0.172569062596139
108,2012,2.7989280130696,0.173005267898197
109,2012,2.7948935537962,0.17370064107602
110,2012,2.79244063267925,0.174643357833731
111,2012,2.79156726269083,0.175813599883824
112,2012,2.79227145680301,0.177184245229559
113,2012,2.79455122798785,0.178721761922524
114,2012,2.79840458921742,0.180387239081791
115,2012,2.80382955346379,0.182137489415685
116,2012,2.81082413369903,0.183926165777728
117,2012,2.81938634289521,0.185704847852613
118,2012,2.82951419402441,0.187424071101264
119,2012,2.84120570005868,0.189034286223343
120,2012,2.8544588739701,0.190486752050986
121,2012,2.86927172873074,0.191734377275337
122,2012,2.88564227731267,0.192732536779325
123,2012,2.90356853268795,0.193439897184418
124,2012,2.92304850782866,0.193819294400261
125,2012,2.94407966393663,0.193839042272081
126,2012,2.96662635599948,0.193493274782127
127,2012,2.99060162437284,0.192812731169411
128,2012,3.01591409525041,0.191835807280459
129,2012,3.04247239482591,0.190604894720658
130,2012,3.07018514929307,0.18916545306984
131,2012,3.09896098484559,0.187565136785351
132,2012,3.1287085276772,0.185852934146557
133,2012,3.15933640398162,0.184078284957818
134,2012,3.19075323995255,0.182290153646505
135,2012,3.22286766178373,0.180536045678773
136,2012,3.25558829566885,0.178860968305156
137,2012,3.28882376780166,0.177306351406169
138,2012,3.32248270437585,0.175908959757826
139,2012,3.35647373158515,0.174699842699936
140,2012,3.39070547562328,0.173703378641488
141,2012,3.42508656268396,0.172936477536038
142,2012,3.45952561896089,0.172408002320076
143,2012,3.4939312706478,0.172118459445626
144,2012,3.52821214393841,0.172059989924045
145,2012,3.56227686502644,0.172216668432975
146,2012,3.59603406010559,0.172565093046259
147,2012,3.62939235536959,0.173075226390484
148,2012,3.66226037701216,0.173711434105167
149,2012,3.69454675122702,0.174433660378085
150,2012,3.72616010420787,0.175198683152329
151,2012,3.75700906214844,0.175961401883316
152,2012,3.78700225124245,0.176676126082913
153,2012,3.81604829768362,0.177297850802336
154,2012,3.84405582766565,0.177783523609104
155,2012,3.87093346738228,0.178093325202933
156,2012,3.89658984302721,0.178192002071053
157,2012,3.92093577704966,0.178050965408352
158,2012,3.94394870021013,0.177669061639407
159,2012,3.96568304947748,0.177075589140869
160,2012,3.98619755138215,0.176306887637055
161,2012,4.00555093245451,0.175403520493644
162,2012,4.02380191922499,0.174408856909268
163,2012,4.04100923822399,0.173367709934613
164,2012,4.0572316159819,0.172324995175617
165,2012,4.07252777902914,0.171324392711549
166,2012,4.08695645389612,0.170407013493442
167,2012,4.10057636711322,0.169610090475146
168,2012,4.11344624521087,0.168965732365877
169,2012,4.12562481471947,0.16849979189684
170,2012,4.13717080216941,0.168230908322666
171,2012,4.14814293409111,0.168169783412867
172,2012,4.15859993701497,0.168318740509896
173,2012,4.16860053747139,0.168671598196988
174,2012,4.17820346199079,0.169213866468169
175,2012,4.18746743710356,0.169923248133096
176,2012,4.19645118934011,0.170770406004904
177,2012,4.20521344523085,0.171719940937329
178,2012,4.21381293130617,0.172731519112399
179,2012,4.22230837409649,0.173761089338972
180,2012,4.23075850013221,0.174762141099139
181,2012,4.23922203594374,0.175686969340003
182,2012,4.24775770806147,0.176487930067579
183,2012,4.25642424301582,0.177118689638832
184,2012,4.26528036733718,0.177535489047917
185,2012,4.27438480755598,0.177698462096257
186,2012,4.28379627006321,0.177573075252018
187,2012,4.29355340242311,0.177143442406358
188,2012,4.30363715286376,0.176435331646885
189,2012,4.31401815824845,0.175487555804363
190,2012,4.32466705544049,0.174344549903351
191,2012,4.33555448130318,0.173055093447039
192,2012,4.34665107269982,0.171671086883888
193,2012,4.35792746649371,0.170246322122362
194,2012,4.36935429954816,0.16883520191981
195,2012,4.38090220872646,0.167491380756743
196,2012,4.39254183089192,0.166266321286022
197,2012,4.40424380290783,0.165207785464497
198,2012,4.4159787616375,0.164358306376581
199,2012,4.42771734394423,0.163753712182461
200,2012,4.43943018669132,0.163421792832155
201,2012,4.45108792674207,0.163381208101816
202,2012,4.46266120095978,0.163640728313112
203,2012,4.47412064620776,0.164198875902859
204,2012,4.4854368993493,0.165043999841664
205,2012,4.49658059724771,0.166154772355882
206,2012,4.50752237676628,0.167501056931864
207,2012,4.51823287476833,0.169045065971522
208,2012,4.52868272811714,0.170742710654051
209,2012,4.53884257367603,0.172545045552551
210,2012,4.54868304830828,0.174399723834604
211,2012,4.55817478887721,0.176252400801621
212,2012,4.56728843224612,0.178048049036295
213,2012,4.5759946152783,0.179732173396162
214,2012,4.58426397483705,0.181251935968028
215,2012,4.59206714778569,0.182557218965096
216,2012,4.5993747709875,0.183601667764569
217,2012,4.60615988437133,0.184346077796003
218,2012,4.61242346350272,0.184784203322462
219,2012,4.61818450693872,0.184933958753849
220,2012,4.62346231361951,0.184819500058801
221,2012,4.62827618248533,0.184469839613919
222,2012,4.63264541247636,0.183917898742841
223,2012,4.63658930253282,0.183199661295184
224,2012,4.64012715159492,0.182353386475236
225,2012,4.64327825860288,0.181418847023533
226,2012,4.64606192249688,0.180436566499566
227,2012,4.64849744221716,0.179447037337366
228,2012,4.65060411670391,0.178489909958325
229,2012,4.65240124489734,0.177603152703894
230,2012,4.65390812573767,0.176822192527576
231,2012,4.65514405816509,0.176179056675315
232,2012,4.65612834111983,0.175701544979798
233,2012,4.65688027354208,0.175412469582165
234,2012,4.65741915437206,0.17532900249152
235,2012,4.65776428254998,0.175462170293996
236,2012,4.65793495701604,0.175816529067679
237,2012,4.65795047671046,0.176390041591795
238,2012,4.65783014057344,0.177174164652254
239,2012,4.65759324754519,0.178154138753877
240,2012,4.65725909656592,0.179309458229446
241,2012,4.65684698657584,0.180614488686748
242,2012,4.65637621651515,0.182039192329391
243,2012,4.65586608532408,0.183549920349655
244,2012,4.65533589194282,0.185110234847356
245,2012,4.65480493531158,0.186681729468246
246,2012,4.65429251437057,0.188224826795273
247,2012,4.65381792806001,0.189699540145312
248,2012,4.6534004753201,0.191066196798867
249,2012,4.65305945509105,0.192286128198316
250,2012,4.65281416631306,0.193322340066551
251,2012,4.65268390342889,0.194140189545251
252,2012,4.65268348140003,0.194715848201575
253,2012,4.6528148299333,0.195051948698447
254,2012,4.65307757603031,0.195159638244858
255,2012,4.65347134669264,0.195053959735008
256,2012,4.65399576892189,0.194753229006809
257,2012,4.65465046971967,0.194278491146643
258,2012,4.65543507608758,0.193653034300546
259,2012,4.65634921502721,0.19290194244799
260,2012,4.65739251354016,0.192051671368022
261,2012,4.65856459862803,0.191129634672338
262,2012,4.65986509729243,0.190163789424749
263,2012,4.66129363653494,0.189182213642303
264,2012,4.66284984335718,0.188212670986089
265,2012,4.66453334476074,0.187282161253984
266,2012,4.66634376774721,0.186416458861586
267,2012,4.66828073931821,0.18563964522333
268,2012,4.67034388647532,0.18497364460024
269,2012,4.67253283622015,0.184437776244869
270,2012,4.67484721555429,0.184048338165584
271,2012,4.67728665147935,0.183818239164569
272,2012,4.67985077099692,0.183756695660758
273,2012,4.68253920110861,0.183869008026196
274,2012,4.68535156881601,0.184156427791973
275,2012,4.68828750112072,0.18461612240739
276,2012,4.69134662502434,0.185241238766236
277,2012,4.69452856752848,0.186021061086215
278,2012,4.69783295563472,0.186941253606522
279,2012,4.70125941634467,0.187984174527289
280,2012,4.70480757665994,0.189129245040248
281,2012,4.70847706358211,0.190353356345456
282,2012,4.71226750411278,0.191631298136871
283,2012,4.71617852525356,0.192936193911504
284,2012,4.72020975400605,0.194239931247328
285,2012,4.72436081737185,0.19551357851168
286,2012,4.72863134235254,0.196727782951135
287,2012,4.73302095594974,0.197853148504894
288,2012,4.73752928516505,0.198860594807897
289,2012,4.74215595700005,0.199721701639035
290,2012,4.74690048936043,0.200409675394945
291,2012,4.75176044166184,0.200910601990306
292,2012,4.7567316792784,0.201222976092905
293,2012,4.76181001172714,0.201348320941641
294,2012,4.76699124852508,0.201290537103415
295,2012,4.77227119918925,0.201055613524188
296,2012,4.77764567323667,0.200651377849535
297,2012,4.78311048018436,0.20008727936915
298,2012,4.78866142954934,0.199374198551607
299,2012,4.79429433084863,0.198524277712922
300,2012,4.80000499359926,0.197550767882215
301,2012,4.80578922731825,0.196467887384822
302,2012,4.81164284152263,0.195290688064546
303,2012,4.81756164572941,0.194034925427202
304,2012,4.82354144945561,0.192716929327761
305,2012,4.82957806221826,0.191353472167751
306,2012,4.83566729353439,0.189961631945064
307,2012,4.841804952921,0.188558647932376
308,2012,4.84798684989514,0.187161767279333
309,2012,4.85420879397381,0.185788081458854
310,2012,4.86046659467405,0.184454352223157
311,2012,4.86675606151287,0.183176827601573
312,2012,4.87307300400729,0.181971049444853
313,2012,4.87941323167434,0.180851655064405
314,2012,4.88577255403105,0.17983217657306
315,2012,4.89214678059443,0.178924842529215
316,2012,4.8985317208815,0.178140387325932
317,2012,4.90492318440929,0.17748787435143
318,2012,4.91131698069482,0.176974539184905
319,2012,4.91770891925512,0.176605658910771
320,2012,4.9240948096072,0.176384453000851
321,2012,4.93047046126808,0.176312020140978
322,2012,4.9368316837548,0.176387313931372
323,2012,4.94317428658437,0.176607158682767
324,2012,4.94949407927382,0.176966304711605
325,2012,4.95578687134016,0.17745752077253
326,2012,4.96204847230042,0.1780717197125
327,2012,4.96827469167162,0.178798112217322
328,2012,4.97446133897079,0.17962438273292
329,2012,4.98060422371495,0.180536881313097
330,2012,4.98669915542111,0.181520825255095
331,2012,4.99274194360631,0.182560504874686
332,2012,4.99872839778756,0.18363948855705
333,2012,5.00465432748189,0.184740823199161
334,2012,5.01051554220632,0.185847227237107
335,2012,5.01630785147787,0.186941274543488
336,2012,5.02202706481356,0.188005568521566
337,2012,5.02766899173042,0.189022906671578
338,2012,5.03322944174546,0.189976436739845
339,2012,5.03870422437572,0.19084980628006
340,2012,5.04408914913822,0.191627308070169
341,2012,5.04938002554996,0.192294024358832
342,2012,5.05457266312799,0.192835973389868
343,2012,5.05966287138932,0.193240262100999
344,2012,5.06464645985096,0.193495249343922
345,2012,5.06951923802996,0.193590724452831
346,2012,5.07427701544332,0.193518106519237
347,2012,5.0789121688509,0.193273534417828
348,2012,5.08340334398384,0.19286651638352
349,2012,5.08772575381611,0.192311036445345
350,2012,5.09185461132169,0.191622448993865
351,2012,5.09576512947455,0.190817278885948
352,2012,5.09943252124865,0.189913033085596
353,2012,5.10283199961797,0.188928018242398
354,2012,5.10593877755648,0.187881159298153
355,2012,5.10872806803816,0.186791814908585
356,2012,5.11117508403697,0.185679586216096
357,2012,5.11325503852688,0.184564116352877
358,2012,5.11494314448187,0.183464879025264
359,2012,5.11621461487591,0.182400955649799
360,2012,5.11704466268296,0.181390801778567
361,2012,5.11740850087701,0.180452004939041
362,2012,5.11728134243203,0.17960103746413
363,2012,5.11663840032197,0.178853009311346
364,2012,5.11545488752082,0.178221427148172
365,2012,5.11370601700255,0.177717966977919
1,2013,4.96675704829704,0.190264833295735
2,2013,4.97162982647603,0.190361605958148
3,2013,4.9763876038894,0.19028730223301
4,2013,4.98102275729697,0.190037960841166
5,2013,4.98551393242991,0.189623207553433
6,2013,4.98983634226219,0.189057209249765
7,2013,4.99396519976777,0.188355518241955
8,2013,4.99787571792062,0.187534873189702
9,2013,5.00154310969472,0.186613011759533
10,2013,5.00494258806404,0.185608489205808
11,2013,5.00804936600255,0.18454049774692
12,2013,5.01083865648423,0.18342868230746
13,2013,5.01328567248304,0.182292948948368
14,2013,5.01536562697295,0.18115326315887
15,2013,5.01705373292794,0.180029436175329
16,2013,5.01832520332198,0.178940898647787
17,2013,5.01915525112904,0.177906462298223
18,2013,5.01951908932309,0.176944071680368
19,2013,5.0193919308781,0.17607054969998
20,2013,5.01874898876804,0.175301342091831
21,2013,5.0175654759669,0.174650267447512
22,2013,5.01581660544862,0.174129280497251
23,2013,5.0134775901872,0.173748257016306
24,2013,5.0105236431566,0.173514808819555
25,2013,5.00692997733079,0.17343413674077
26,2013,5.00267180568374,0.17350892824919
27,2013,4.99772434118942,0.17373930450223
28,2013,4.99206279682182,0.174122819318597
29,2013,4.98566238555489,0.174654509996802
30,2013,4.97849832036261,0.17532699735199
31,2013,4.97054581421895,0.176130630049999
32,2013,4.96178008009788,0.177053666493408
33,2013,4.95217633097337,0.178082486303718
34,2013,4.9417097798194,0.179201822907401
35,2013,4.93035563960994,0.180395008849571
36,2013,4.91808912331895,0.181644226137823
37,2013,4.90488544392041,0.182930755025993
38,2013,4.8907198143883,0.184235216030241
39,2013,4.87556744769658,0.185537801479946
40,2013,4.85940355681922,0.186818494417752
41,2013,4.84220335473019,0.188057274083608
42,2013,4.82394205440347,0.189234308489248
43,2013,4.80459486881304,0.190330135688005
44,2013,4.78413701093285,0.191325836273437
45,2013,4.76254369373688,0.192203200423145
46,2013,4.7397901301991,0.192944893479041
47,2013,4.71585153329349,0.193534624667833
48,2013,4.69070311599402,0.193957324164352
49,2013,4.66432009127465,0.194199334333986
50,2013,4.63667767210936,0.194248621704374
51,2013,4.60775107147212,0.194095017050504
52,2013,4.5775155023369,0.193730491961948
53,2013,4.54594756798718,0.193149823044954
54,2013,4.51306603718676,0.192360816257104
55,2013,4.47893842642634,0.191385351494795
56,2013,4.44363496764486,0.190247506895438
57,2013,4.40722589278125,0.188972587463494
58,2013,4.36978143377445,0.187586837767373
59,2013,4.3313718225634,0.186117154237133
60,2013,4.29206729108703,0.184590789062543
61,2013,4.25193807128429,0.18303503938689
62,2013,4.21105439509412,0.181476917421591
63,2013,4.16948649445543,0.179942799363192
64,2013,4.12730460130719,0.17845805362195
65,2013,4.08457894758832,0.177046651844551
66,2013,4.04137976523777,0.175730769419497
67,2013,3.99777728619446,0.174530385380769
68,2013,3.95384174239734,0.173462894569485
69,2013,3.90964336578534,0.172542747205292
70,2013,3.86525238829741,0.171781132277178
71,2013,3.82073904187248,0.171185721064119
72,2013,3.77617355844948,0.170760485453739
73,2013,3.73162616996736,0.170505602559117
74,2013,3.68716710836505,0.170417452691286
75,2013,3.64286660558149,0.170488712495281
76,2013,3.59879489355562,0.170708539615306
77,2013,3.55502220422638,0.171062840274541
78,2013,3.5116187695327,0.171534607215362
79,2013,3.46865482141351,0.1721043129496
80,2013,3.42620059180777,0.172750342389735
81,2013,3.3843263126544,0.173449449613738
82,2013,3.34310221589235,0.174177225515212
83,2013,3.30259853346055,0.17490856605092
84,2013,3.26288549729793,0.175618134331439
85,2013,3.22403333934345,0.176280813555388
86,2013,3.18611229153602,0.176872151492092
87,2013,3.1491925858146,0.177368800700703
88,2013,3.11334445411812,0.177748961861654
89,2013,3.07863812838551,0.177992840493073
90,2013,3.04514384055572,0.178083129983784
91,2013,3.01293182256767,0.178005536364297
92,2013,2.98207230636032,0.177749362601676
93,2013,2.9526355238726,0.177308172415081
94,2013,2.92469170704344,0.176680555501891
95,2013,2.89831064201569,0.175871208862198
96,2013,2.87353536716669,0.17490278473949
97,2013,2.85036746183724,0.173820079133574
98,2013,2.82880493899942,0.172671525326857
99,2013,2.80884581162528,0.171506513941795
100,2013,2.79048809268691,0.170374247378171
101,2013,2.77372979515637,0.169322533685815
102,2013,2.75856893200573,0.16839652634262
103,2013,2.74500351620706,0.167637436317615
104,2013,2.73303156073243,0.167081262483568
105,2013,2.7226510785539,0.166757603038366
106,2013,2.71386008264355,0.166688620696143
107,2013,2.70665658597345,0.166888234951531
108,2013,2.70103860151567,0.167361604041434
109,2013,2.69700414224227,0.168104937945115
110,2013,2.69455122112533,0.169105655025012
111,2013,2.69367785113691,0.170342863799708
112,2013,2.69438204524908,0.171788123552055
113,2013,2.69666181643392,0.173406417761814
114,2013,2.70051517766349,0.175157265337255
115,2013,2.70594014190986,0.176995896395597
116,2013,2.7129347221451,0.178874429884721
117,2013,2.72149693134129,0.180743006452046
118,2013,2.73162478247048,0.182550848314514
119,2013,2.74331628850475,0.184247235772541
120,2013,2.75656946241617,0.185782405770425
121,2013,2.77138231717681,0.187108390910289
122,2013,2.78775286575874,0.188179827788896
123,2013,2.80567912113402,0.188954772213665
124,2013,2.82515909627473,0.189395566825672
125,2013,2.8461902523827,0.189470149304404
126,2013,2.86873694444556,0.189172767103006
127,2013,2.89271221281891,0.188534932846166
128,2013,2.91802468369648,0.187595896330165
129,2013,2.94458298327199,0.186398927784123
130,2013,2.97229573773914,0.18499038887839
131,2013,3.00107157329167,0.183418857913664
132,2013,3.03081911612328,0.181734264427277
133,2013,3.06144699242769,0.179986998175802
134,2013,3.09286382839862,0.178226967767098
135,2013,3.1249782502298,0.176502596038817
136,2013,3.15769888411493,0.174859753124739
137,2013,3.19093435624773,0.173340643895366
138,2013,3.22459329282192,0.171982683157915
139,2013,3.25858432003123,0.170817407805302
140,2013,3.29281606406936,0.169869487434091
141,2013,3.32719715113003,0.169155900981639
142,2013,3.36163620740696,0.168685344354743
143,2013,3.39604185909388,0.168457921894157
144,2013,3.43032273238449,0.168465153879772
145,2013,3.46438745347251,0.168690306214223
146,2013,3.49814464855166,0.169109021442909
147,2013,3.53150294381567,0.169690207182773
148,2013,3.56437096545824,0.17039712268802
149,2013,3.59665733967309,0.171188598667956
150,2013,3.62827069265394,0.17202032947465
151,2013,3.65911965059452,0.17284618857839
152,2013,3.68911283968853,0.173619535127771
153,2013,3.71815888612969,0.174294498583347
154,2013,3.74616641611173,0.174827247742487
155,2013,3.77304405582835,0.1751772686492
156,2013,3.79870043147328,0.175308692485869
157,2013,3.82304636549573,0.175192408020426
158,2013,3.8460592886562,0.174827338231963
159,2013,3.86779363792356,0.174243520596735
160,2013,3.88830813982822,0.173478107271861
161,2013,3.90766152090059,0.172572510758499
162,2013,3.92591250767107,0.171570984918567
163,2013,3.94311982667006,0.170519260283442
164,2013,3.95934220442797,0.169463196278746
165,2013,3.97463836747522,0.168447431281277
166,2013,3.98906704234219,0.167514030915348
167,2013,4.0026869555593,0.166701154925862
168,2013,4.01555683365694,0.166041781694593
169,2013,4.02773540316554,0.165562544576819
170,2013,4.03928139061548,0.165282742969302
171,2013,4.05025352253718,0.165213591016976
172,2013,4.06071052546104,0.165357757019149
173,2013,4.07071112591747,0.165709227718623
174,2013,4.08031405043686,0.166253506624087
175,2013,4.08957802554963,0.166968128733915
176,2013,4.09856177778618,0.167823450350795
177,2013,4.10732403367692,0.168783656148866
178,2013,4.11592351975225,0.169807918569282
179,2013,4.12441896254257,0.170851647181971
180,2013,4.13286908857829,0.171867776308423
181,2013,4.14133262438981,0.172808055401547
182,2013,4.14986829650754,0.173624325729331
183,2013,4.15853483146189,0.174269786642458
184,2013,4.16739095578326,0.174700273836533
185,2013,4.17649539600205,0.174875590187454
186,2013,4.18590685850929,0.174760959227445
187,2013,4.19566399086919,0.174340451637102
188,2013,4.20574774130983,0.173640178960197
189,2013,4.21612874669452,0.172699446366883
190,2013,4.22677764388656,0.171563268155622
191,2013,4.23766506974925,0.170281078983994
192,2013,4.2487616611459,0.168905498079283
193,2013,4.26003805493979,0.167491083780652
194,2013,4.27146488799423,0.166093031215164
195,2013,4.28301279717253,0.164765784429495
196,2013,4.29465241933799,0.163561556857383
197,2013,4.3063543913539,0.16252878045845
198,2013,4.31808935008357,0.161710532429613
199,2013,4.3298279323903,0.161143015401118
200,2013,4.34154077513739,0.160854187311775
201,2013,4.35319851518814,0.160862645182766
202,2013,4.36477178940586,0.161176858677924
203,2013,4.37623123465383,0.161794823826921
204,2013,4.38754748779537,0.162704168087636
205,2013,4.39869118569378,0.163882692389665
206,2013,4.40963296521236,0.165299293154617
207,2013,4.4203434632144,0.166915175835834
208,2013,4.43079331656321,0.168685256262539
209,2013,4.4409531621221,0.170559647685184
210,2013,4.45079363675436,0.172485146813521
211,2013,4.46028537732329,0.174406656114429
212,2013,4.46939902069219,0.176268506745717
213,2013,4.47810520372437,0.178015672449297
214,2013,4.48637456328313,0.1795948869992
215,2013,4.49417773623176,0.180955695626604
216,2013,4.50148535943358,0.182051484766908
217,2013,4.5082704728174,0.182842880542636
218,2013,4.5145340519488,0.183323801880111
219,2013,4.52029509538479,0.183512521051829
220,2013,4.52557290206559,0.183433544749901
221,2013,4.5303867709314,0.183116221480841
222,2013,4.53475600092243,0.182593792373127
223,2013,4.5386998909789,0.181902544385227
224,2013,4.542237740041,0.181081023300856
225,2013,4.54538884704895,0.18016927203573
226,2013,4.54817251094296,0.179208067601568
227,2013,4.55060803066323,0.178238138138066
228,2013,4.55271470514998,0.177299350166407
229,2013,4.55451183334341,0.176429865829365
230,2013,4.55601871418374,0.1756652802002
231,2013,4.55725464661116,0.175037759172771
232,2013,4.5582389295659,0.174575207965394
233,2013,4.55899086198815,0.174300507541131
234,2013,4.55952974281813,0.174230859859814
235,2013,4.55987487099605,0.174377281710475
236,2013,4.56004554546211,0.174744280464819
237,2013,4.56006106515653,0.175329733907753
238,2013,4.55994072901951,0.176124981772296
239,2013,4.55970383599126,0.177115120894703
240,2013,4.55936968501199,0.178279481431945
241,2013,4.55895757502191,0.17959225047424
242,2013,4.55848680496123,0.181023203016023
243,2013,4.55797667377015,0.182538499025252
244,2013,4.55744648038889,0.184101508766473
245,2013,4.55691552375765,0.185673635443037
246,2013,4.55640310281665,0.187215113215784
247,2013,4.55592851650609,0.188685768391768
248,2013,4.55551106376618,0.190045741028612
249,2013,4.55517004353712,0.191256172751377
250,2013,4.55492475475914,0.192279874016889
251,2013,4.55479449187496,0.193081998293965
252,2013,4.55479406984611,0.19363857242403
253,2013,4.55492541837938,0.193952280107468
254,2013,4.55518816447638,0.194034358825955
255,2013,4.55558193513871,0.193899947167636
256,2013,4.55610635736796,0.193567464396072
257,2013,4.55676105816574,0.193058069791669
258,2013,4.55754566453365,0.192395179967936
259,2013,4.55845980347328,0.191604025377909
260,2013,4.55950310198623,0.190711229993688
261,2013,4.5606751870741,0.189744400765376
262,2013,4.5619756857385,0.188731716081664
263,2013,4.56340422498102,0.187701505203413
264,2013,4.56496043180325,0.186681813640715
265,2013,4.56664393320681,0.185699952759436
266,2013,4.56845435619329,0.184782035524573
267,2013,4.57039132776428,0.18395250410521
268,2013,4.57245447492139,0.183233658859037
269,2013,4.57464342466622,0.182645201658287
270,2013,4.57695780400036,0.182203809215584
271,2013,4.57939723992542,0.181922753604613
272,2013,4.58196135944299,0.181811587198713
273,2013,4.58464978955468,0.181875907573279
274,2013,4.58746215726208,0.18211721455966
275,2013,4.59039808956679,0.18253286687749
276,2013,4.59345721347042,0.183116140119451
277,2013,4.59663915597455,0.183856381982752
278,2013,4.59994354408079,0.184739255238875
279,2013,4.60337000479075,0.185747054623713
280,2013,4.60691816510601,0.186859081039107
281,2013,4.61058765202818,0.188052055361937
282,2013,4.61437809255885,0.189300554689795
283,2013,4.61828911369964,0.190577455747719
284,2013,4.62232034245213,0.191854373055636
285,2013,4.62647140581792,0.19310208289571
286,2013,4.63074193079862,0.194290927746872
287,2013,4.63513154439582,0.195391199381329
288,2013,4.63963987361112,0.196373502064029
289,2013,4.64426654544612,0.197209100187525
290,2013,4.64901107780651,0.197870891800852
291,2013,4.65387103010791,0.19834474793189
292,2013,4.65884226772447,0.198629048326578
293,2013,4.66392060017321,0.198725233876866
294,2013,4.66910183697116,0.198637149603055
295,2013,4.67438178763533,0.198370753174635
296,2013,4.67975626168274,0.197933863516926
297,2013,4.68522106863043,0.197335942733465
298,2013,4.69077201799541,0.196587905194329
299,2013,4.6964049192947,0.195701948224049
300,2013,4.70211558204534,0.194691399345402
301,2013,4.70789981576433,0.193570575491367
302,2013,4.7137534299687,0.192354649993801
303,2013,4.71967223417548,0.191059523509279
304,2013,4.72565203790168,0.189701695371564
305,2013,4.73168865066433,0.188298132192246
306,2013,4.73777788198046,0.186866130895136
307,2013,4.74391554136708,0.185423173796242
308,2013,4.75009743834121,0.183986773858773
309,2013,4.75631938241989,0.182574308886833
310,2013,4.76257718312012,0.181202844189255
311,2013,4.76886664995894,0.179888944150886
312,2013,4.77518359245337,0.178648474179066
313,2013,4.78152382012042,0.177496395612869
314,2013,4.78788314247712,0.176446557332205
315,2013,4.7942573690405,0.175511488899527
316,2013,4.80064230932757,0.174702201006419
317,2013,4.80703377285537,0.174027999669496
318,2013,4.8134275691409,0.17349632091894
319,2013,4.81981950770119,0.173112592565732
320,2013,4.82620539805327,0.172880128977165
321,2013,4.83258104971416,0.172800063644914
322,2013,4.83894227220087,0.17287132276574
323,2013,4.84528487503045,0.173090641196834
324,2013,4.85160466771989,0.173452620162153
325,2013,4.85789745978623,0.173949824157436
326,2013,4.86415906074649,0.174572912806961
327,2013,4.8703852801177,0.175310802108788
328,2013,4.87657192741687,0.17615084866098
329,2013,4.88271481216103,0.177079050123558
330,2013,4.88880974386719,0.178080255316942
331,2013,4.89485253205239,0.179138377918215
332,2013,4.90083898623364,0.180236608592256
333,2013,4.90676491592797,0.181357621473951
334,2013,4.91262613065239,0.182483772092258
335,2013,4.91841843992394,0.183597285004795
336,2013,4.92413765325963,0.184680430523311
337,2013,4.92977958017649,0.185715690911905
338,2013,4.93534003019154,0.186685917310676
339,2013,4.9408148128218,0.187574479377493
340,2013,4.94619973758429,0.188365410264625
341,2013,4.95149061399604,0.189043550080399
342,2013,4.95668325157406,0.18959469145985
343,2013,4.96177345983539,0.190005731315838
344,2013,4.96675704829704,0.190264833295735
345,2013,4.97162982647603,0.190361605958148
346,2013,4.9763876038894,0.19028730223301
347,2013,4.98102275729697,0.190037960841166
348,2013,4.98551393242991,0.189623207553433
349,2013,4.98983634226219,0.189057209249765
350,2013,4.99396519976777,0.188355518241955
351,2013,4.99787571792062,0.187534873189702
352,2013,5.00154310969472,0.186613011759533
353,2013,5.00494258806404,0.185608489205808
354,2013,5.00804936600255,0.18454049774692
355,2013,5.01083865648423,0.18342868230746
356,2013,5.01328567248304,0.182292948948368
357,2013,5.01536562697295,0.18115326315887
358,2013,5.01705373292794,0.180029436175329
359,2013,5.01832520332198,0.178940898647787
360,2013,5.01915525112904,0.177906462298223
361,2013,5.01951908932309,0.176944071680368
362,2013,5.0193919308781,0.17607054969998
363,2013,5.01874898876804,0.175301342091831
364,2013,5.0175654759669,0.174650267447512
365,2013,5.01581660544862,0.174129280497251
1,2014,4.8847317833002,0.192023432622815
2,2014,4.8896045614792,0.192103256579918
3,2014,4.89436233889256,0.192012074384885
4,2014,4.89899749230014,0.191745875215093
5,2014,4.90348866743308,0.191314189488499
6,2014,4.90781107726535,0.190731070209916
7,2014,4.91193993477093,0.190011946715906
8,2014,4.91585045292378,0.189173427081418
9,2014,4.91951784469789,0.188233112251758
10,2014,4.92291732306721,0.187209416196982
11,2014,4.92602410100572,0.18612138706233
12,2014,4.92881339148739,0.184988524967528
13,2014,4.9312604074862,0.183830592837477
14,2014,4.93334036197612,0.182667417472113
15,2014,4.93502846793111,0.181518679022045
16,2014,4.93629993832514,0.180403688153174
17,2014,4.9371299861322,0.179341151462334
18,2014,4.93749382432625,0.178348927124142
19,2014,4.93736666588126,0.177443774251827
20,2014,4.93672372377121,0.176641100952081
21,2014,4.93554021097006,0.17595471742504
22,2014,4.93379134045179,0.175396601562462
23,2014,4.93145232519036,0.174976685182463
24,2014,4.92849837815976,0.174702669177671
25,2014,4.92490471233395,0.174579875358226
26,2014,4.9206465406869,0.17461114161926
27,2014,4.91569907619259,0.174796765311237
28,2014,4.91003753182498,0.175134497477432
29,2014,4.90363712055805,0.175619588148603
30,2014,4.89647305536577,0.176244880391545
31,2014,4.88852054922211,0.177000948539297
32,2014,4.87975481510104,0.177876274196428
33,2014,4.87015106597654,0.178857452360482
34,2014,4.85968451482257,0.179929419398786
35,2014,4.8483303746131,0.181075694657225
36,2014,4.83606385832211,0.182278628075222
37,2014,4.82286017892358,0.183519647214006
38,2014,4.80869454939146,0.184779498427002
39,2014,4.79354218269974,0.186038478367293
40,2014,4.77737829182238,0.187276653512676
41,2014,4.76017808973336,0.188474066799154
42,2014,4.74191678940664,0.189610931728304
43,2014,4.7225696038162,0.190667815424972
44,2014,4.70211174593601,0.191625813069102
45,2014,4.68051842874004,0.192466716930198
46,2014,4.65776486520227,0.193173183930391
47,2014,4.63382626829666,0.193728906296371
48,2014,4.60867785099718,0.194118790479359
49,2014,4.58229482627781,0.194329150173918
50,2014,4.55465240711252,0.194347919996417
51,2014,4.52572580647529,0.194164897232419
52,2014,4.49549023734007,0.193772020060468
53,2014,4.46392230299034,0.193164032260092
54,2014,4.43104077218992,0.192348675679993
55,2014,4.39691316142951,0.191347737147233
56,2014,4.36160970264802,0.190185215434639
57,2014,4.32520062778441,0.188886351829446
58,2014,4.28775616877761,0.18747734240796
59,2014,4.24934655756656,0.185985049934476
60,2014,4.2100420260902,0.184436707329014
61,2014,4.16991280628746,0.182859606330833
62,2014,4.12902913009728,0.181280766905557
63,2014,4.0874612294586,0.1797265851978
64,2014,4.04527933631036,0.17822246046439
65,2014,4.00255368259149,0.176792404412461
66,2014,3.95935450024093,0.175458639599656
67,2014,3.91575202119762,0.174241196818888
68,2014,3.8718164774005,0.173157524381081
69,2014,3.82761810078851,0.172222124552215
70,2014,3.78322712330057,0.17144623370686
71,2014,3.73871377687564,0.170837562697843
72,2014,3.69414829345265,0.170400112317203
73,2014,3.64960090497052,0.170134075548557
74,2014,3.60514184336821,0.17003583383535
75,2014,3.56084134058466,0.170098049283856
76,2014,3.51676962855879,0.170309849206827
77,2014,3.47299693922954,0.170657094359016
78,2014,3.42959350453586,0.171122718209001
79,2014,3.38662955641668,0.171687122045438
80,2014,3.34417532681094,0.172328609809572
81,2014,3.30230104765757,0.17302384722356
82,2014,3.26107695089552,0.17374833179974
83,2014,3.22057326846371,0.174476863307936
84,2014,3.1808602323011,0.175184007851504
85,2014,3.14200807434661,0.175844552499632
86,2014,3.10408702653919,0.176433951167564
87,2014,3.06716732081776,0.17692876595401
88,2014,3.03131918912128,0.177307111361311
89,2014,2.99661286338867,0.177549111743602
90,2014,2.96311857555888,0.17763738500635
91,2014,2.93090655757084,0.177557568087985
92,2014,2.90004704136349,0.177298902136983
93,2014,2.87061025887576,0.176854897529466
94,2014,2.8426664420466,0.176224100789762
95,2014,2.81628537701885,0.175411179696768
96,2014,2.79151010216985,0.17443885633077
97,2014,2.76834219684041,0.173352141945661
98,2014,2.74677967400258,0.172199711035608
99,2014,2.72682054662845,0.171031209044523
100,2014,2.70846282769008,0.169896103983298
101,2014,2.69170453015954,0.168842475563253
102,2014,2.6765436670089,0.167915748282573
103,2014,2.66297825121022,0.167157395090255
104,2014,2.65100629573559,0.166603658263883
105,2014,2.64062581355706,0.166284351051499
106,2014,2.63183481764672,0.166221813961495
107,2014,2.62463132097662,0.166430100190473
108,2014,2.61901333651883,0.166914453843498
109,2014,2.61497887724543,0.16767112294444
110,2014,2.61252595612849,0.168687519975334
111,2014,2.61165258614007,0.169942711023361
112,2014,2.61235678025225,0.17140818637583
113,2014,2.61463655143708,0.173048845435574
114,2014,2.61848991266665,0.174824119789239
115,2014,2.62391487691302,0.17668916021047
116,2014,2.63090945714827,0.178596024222073
117,2014,2.63947166634445,0.180494817293292
118,2014,2.64959951747364,0.182334759402224
119,2014,2.66129102350792,0.18406516681164
120,2014,2.67454419741934,0.185636354804083
121,2014,2.68935705217998,0.187000480179195
122,2014,2.7057276007619,0.188112352761015
123,2014,2.72365385613719,0.188930253777357
124,2014,2.7431338312779,0.189416806824115
125,2014,2.76416498738587,0.189540286920633
126,2014,2.78671167944872,0.189295174656881
127,2014,2.81068694782208,0.18871298817219
128,2014,2.83599941869965,0.187832952778927
129,2014,2.86255771827515,0.186698291475709
130,2014,2.89027047274231,0.18535528240058
131,2014,2.91904630829483,0.183852370493637
132,2014,2.94879385112644,0.182239288994675
133,2014,2.97942172743085,0.180566156452216
134,2014,3.01083856340179,0.178882525558907
135,2014,3.04295298523296,0.177236372221069
136,2014,3.07567361911809,0.175673027252749
137,2014,3.10890909125089,0.174234068750414
138,2014,3.14256802782509,0.172956209530465
139,2014,3.17655905503439,0.171870229118073
140,2014,3.21079079907252,0.171000011129464
141,2014,3.24517188613319,0.170361751808954
142,2014,3.27961094241013,0.169963401887935
143,2014,3.31401659409704,0.169804391143684
144,2014,3.34829746738765,0.169875664296771
145,2014,3.38236218847567,0.170160031354516
146,2014,3.41611938355483,0.170632809599258
147,2014,3.44947767881883,0.171262712693078
148,2014,3.4823457004614,0.172012928358297
149,2014,3.51463207467625,0.172842321507251
150,2014,3.54624542765711,0.173706704255977
151,2014,3.57709438559768,0.174560126122487
152,2014,3.60708757469169,0.175356154252608
153,2014,3.63613362113286,0.176049132119756
154,2014,3.66414115111489,0.17659542378755
155,2014,3.69101879083151,0.176954668337594
156,2014,3.71667516647645,0.177091085103026
157,2014,3.7410211004989,0.176975568629365
158,2014,3.76403402365936,0.176607098051386
159,2014,3.78576837292672,0.17601584388146
160,2014,3.80628287483138,0.175239018247588
161,2014,3.82563625590375,0.174318034787264
162,2014,3.84388724267423,0.173297113462396
163,2014,3.86109456167322,0.172221939756629
164,2014,3.87731693943114,0.171138341182007
165,2014,3.89261310247838,0.170090961779527
166,2014,3.90704177734535,0.169121934198098
167,2014,3.92066169056246,0.168269568301639
168,2014,3.93353156866011,0.167567093562309
169,2014,3.9457101381687,0.167041507464804
170,2014,3.95725612561865,0.166712591123459
171,2014,3.96822825754035,0.166592153977091
172,2014,3.97868526046421,0.166683560597355
173,2014,3.98868586092063,0.166981574948629
174,2014,3.99828878544003,0.167472533485379
175,2014,4.0075527605528,0.168134832418592
176,2014,4.01653651278935,0.168939691015406
177,2014,4.02529876868008,0.169852135942955
178,2014,4.03389825475541,0.170832143839876
179,2014,4.04239369754573,0.171835880910136
180,2014,4.05084382358145,0.172816988050919
181,2014,4.05930735939298,0.173727875464995
182,2014,4.06784303151071,0.174521009254702
183,2014,4.07650956646506,0.175150191978069
184,2014,4.08536569078642,0.175571858214048
185,2014,4.09447013100521,0.175746424368095
186,2014,4.10388159351245,0.175639761153199
187,2014,4.11363872587235,0.175236378952673
188,2014,4.123722476313,0.174562134348298
189,2014,4.13410348169769,0.173655970279648
190,2014,4.14475237888973,0.172562541815921
191,2014,4.15563980475242,0.171330903298446
192,2014,4.16673639614906,0.170013247571739
193,2014,4.17801278994295,0.168663636335397
194,2014,4.1894396229974,0.167336676534212
195,2014,4.2009875321757,0.166086116678663
196,2014,4.21262715434115,0.164963359822307
197,2014,4.22432912635707,0.164015916249505
198,2014,4.23606408508674,0.163285846760274
199,2014,4.24780266739347,0.162808273026667
200,2014,4.25951551014055,0.162610049778705
201,2014,4.2711732501913,0.162708699388154
202,2014,4.28274652440902,0.16311169920923
203,2014,4.29420596965699,0.163816185559468
204,2014,4.30552222279854,0.16480909934766
205,2014,4.31666592069695,0.166067754426994
206,2014,4.32760770021552,0.16756076957936
207,2014,4.33831819821757,0.169249276259128
208,2014,4.34876805156638,0.171088301177707
209,2014,4.35892789712526,0.173028225731741
210,2014,4.36876837175752,0.175016239974538
211,2014,4.37826011232645,0.176997732276538
212,2014,4.38737375569535,0.178917581895111
213,2014,4.39607993872754,0.180721346413647
214,2014,4.40434929828629,0.182356357146558
215,2014,4.41215247123493,0.183772752493722
216,2014,4.41946009443674,0.184924492422038
217,2014,4.42624520782056,0.185772725229994
218,2014,4.43250878695196,0.186311627227881
219,2014,4.43826983038796,0.18655948956427
220,2014,4.44354763706875,0.186540724157286
221,2014,4.44836150593456,0.186284480431426
222,2014,4.4527307359256,0.185823700604873
223,2014,4.45667462598206,0.185194276101123
224,2014,4.46021247504416,0.184434263948659
225,2014,4.46336358205212,0.183583130141223
226,2014,4.46614724594612,0.182680994693116
227,2014,4.4685827656664,0.181767861046568
228,2014,4.47068944015315,0.180882820952405
229,2014,4.47248656834658,0.180063235098881
230,2014,4.4739934491869,0.179343899429357
231,2014,4.47522938161433,0.178756216706974
232,2014,4.47621366456906,0.178327401520652
233,2014,4.47696559699132,0.178079753388846
234,2014,4.4775044778213,0.178030035677983
235,2014,4.47784960599922,0.178188996758479
236,2014,4.47802028046528,0.17856106381325
237,2014,4.47803580015969,0.179144229445822
238,2014,4.47791546402267,0.179930138001102
239,2014,4.47767857099442,0.180904364231676
240,2014,4.47734442001515,0.18204686375835
241,2014,4.47693231002507,0.183332564574176
242,2014,4.47646153996439,0.184732062868322
243,2014,4.47595140877331,0.186212385099026
244,2014,4.47542121539205,0.187737781121241
245,2014,4.47489025876082,0.189270519297108
246,2014,4.47437783781981,0.190771662650767
247,2014,4.47390325150925,0.19220181407842
248,2014,4.47348579876934,0.193521827449183
249,2014,4.47314477854029,0.194693489546166
250,2014,4.4728994897623,0.195680184973542
251,2014,4.47276922687812,0.196447570139487
252,2014,4.47276880484927,0.196971984423606
253,2014,4.47290015338254,0.197256012530181
254,2014,4.47316289947955,0.197310678074623
255,2014,4.47355667014187,0.197150864616578
256,2014,4.47408109237113,0.196794703697164
257,2014,4.47473579316891,0.196263040274378
258,2014,4.47552039953681,0.195578954666608
259,2014,4.47643453847644,0.194767322961784
260,2014,4.47747783698939,0.193854400488088
261,2014,4.47864992207727,0.192867415458349
262,2014,4.47995042074166,0.191834162416423
263,2014,4.48137895998418,0.190782587757377
264,2014,4.48293516680642,0.189740362469859
265,2014,4.48461866820997,0.188734440418254
266,2014,4.48642909119645,0.187790603932461
267,2014,4.48836606276745,0.186933002102029
268,2014,4.49042920992456,0.186183690774241
269,2014,4.49261815966938,0.185562186531932
270,2014,4.49493253900353,0.185085049507856
271,2014,4.49737197492859,0.184765511394611
272,2014,4.49993609444616,0.184613165106119
273,2014,4.50262452455785,0.184633731047948
274,2014,4.50543689226525,0.184828911870538
275,2014,4.50837282456996,0.185196343156234
276,2014,4.51143194847358,0.185729642189473
277,2014,4.51461389097772,0.186418551390661
278,2014,4.51791827908396,0.187249167814869
279,2014,4.52134473979391,0.18820424591265
280,2014,4.52489290010917,0.189263557940228
281,2014,4.52856238703134,0.190404295183436
282,2014,4.53235282756202,0.191601493487647
283,2014,4.5362638487028,0.192828468238968
284,2014,4.54029507745529,0.194057246575382
285,2014,4.54444614082108,0.195258987834759
286,2014,4.54871666580178,0.196404386711818
287,2014,4.55310627939898,0.197464057015482
288,2014,4.55761460861428,0.198408897107318
289,2014,4.56224128044929,0.199210440977802
290,2014,4.56698581280967,0.199841825564315
291,2014,4.57184576511107,0.200288957000107
292,2014,4.57681700272764,0.200550076878224
293,2014,4.58189533517638,0.200626476840203
294,2014,4.58707657197432,0.200521850118304
295,2014,4.59235652263849,0.200242001958595
296,2014,4.59773099668591,0.199794599146707
297,2014,4.60319580363359,0.199188952104068
298,2014,4.60874675299857,0.198435823590438
299,2014,4.61437965429787,0.197547258593016
300,2014,4.6200903170485,0.196536430477007
301,2014,4.62587455076749,0.195417498910045
302,2014,4.63172816497186,0.194205475458301
303,2014,4.63764696917864,0.192916093099444
304,2014,4.64362677290485,0.191565676226789
305,2014,4.6496633856675,0.190171008054434
306,2014,4.65575261698362,0.188749192702195
307,2014,4.66189027637024,0.187317509670019
308,2014,4.66807217334438,0.185893258931397
309,2014,4.67429411742305,0.184493595506912
310,2014,4.68055191812329,0.183135353137196
311,2014,4.68684138496211,0.181834857561414
312,2014,4.69315832745653,0.180607730908065
313,2014,4.69949855512358,0.179468689783733
314,2014,4.70585787748029,0.178431340743781
315,2014,4.71223210404366,0.177507977866464
316,2014,4.71861704433074,0.176709388031276
317,2014,4.72500850785853,0.176044670119006
318,2014,4.73140230414406,0.175521074606983
319,2014,4.73779424270435,0.175143869852727
320,2014,4.74418013305643,0.174916240705599
321,2014,4.75055578471732,0.174839223972153
322,2014,4.75691700720404,0.174911683755317
323,2014,4.76325961003361,0.175130327909893
324,2014,4.76957940272305,0.175489764964264
325,2014,4.7758721947894,0.17598259902414
326,2014,4.78213379574966,0.176599558564341
327,2014,4.78836001512086,0.177329653763942
328,2014,4.79454666242003,0.178160356236212
329,2014,4.80068954716419,0.179077794680046
330,2014,4.80678447887035,0.180066960113265
331,2014,4.81282726705555,0.18111191487579
332,2014,4.8188137212368,0.182196000419745
333,2014,4.82473965093113,0.183302039929284
334,2014,4.83060086565556,0.184412532933832
335,2014,4.8363931749271,0.1855098402072
336,2014,4.8421123882628,0.18657635831561
337,2014,4.84775431517966,0.187594684147211
338,2014,4.8533147651947,0.188547770604
339,2014,4.85878954782496,0.18941907536289
340,2014,4.86417447258745,0.19019270522936
341,2014,4.8694653489992,0.190853559138082
342,2014,4.87465798657723,0.191387473329387
343,2014,4.87974819483855,0.191781372680049
344,2014,4.8847317833002,0.192023432622815
345,2014,4.8896045614792,0.192103256579918
346,2014,4.89436233889256,0.192012074384885
347,2014,4.89899749230014,0.191745875215093
348,2014,4.90348866743308,0.191314189488499
349,2014,4.90781107726535,0.190731070209916
350,2014,4.91193993477093,0.190011946715906
351,2014,4.91585045292378,0.189173427081418
352,2014,4.91951784469789,0.188233112251758
353,2014,4.92291732306721,0.187209416196982
354,2014,4.92602410100572,0.18612138706233
355,2014,4.92881339148739,0.184988524967528
356,2014,4.9312604074862,0.183830592837477
357,2014,4.93334036197612,0.182667417472113
358,2014,4.93502846793111,0.181518679022045
359,2014,4.93629993832514,0.180403688153174
360,2014,4.9371299861322,0.179341151462334
361,2014,4.93749382432625,0.178348927124142
362,2014,4.93736666588126,0.177443774251827
363,2014,4.93672372377121,0.176641100952081
364,2014,4.93554021097006,0.17595471742504
365,2014,4.93379134045179,0.175396601562462
1,2015,4.8298440204392,0.195769905806974
2,2015,4.8347167986182,0.195833187864781
3,2015,4.83947457603156,0.195727085547114
4,2015,4.84410972943914,0.195447588824113
5,2015,4.84860090457208,0.195004069754694
6,2015,4.85292331440435,0.194410368593457
7,2015,4.85705217190993,0.193681682700248
8,2015,4.86096269006278,0.192834370171818
9,2015,4.86463008183689,0.191885765052989
10,2015,4.86802956020621,0.190853998668799
11,2015,4.87113633814472,0.189757822275654
12,2015,4.87392562862639,0.188616426889661
13,2015,4.8763726446252,0.187449256857143
14,2015,4.87845259911512,0.18627581452661
15,2015,4.88014070507011,0.185115454296874
16,2015,4.88141217546414,0.183987165374035
17,2015,4.8822422232712,0.182909343773463
18,2015,4.88260606146525,0.181899555430507
19,2015,4.88247890302026,0.180974293684598
20,2015,4.88183596091021,0.180148735794597
21,2015,4.88065244810906,0.179436504419071
22,2015,4.87890357759079,0.178849441024762
23,2015,4.87656456232936,0.178397398836493
24,2015,4.87361061529876,0.178088063093791
25,2015,4.87001694947295,0.177926805952881
26,2015,4.8657587778259,0.177916582343918
27,2015,4.86081131333159,0.178057871508959
28,2015,4.85514976896398,0.17834866692505
29,2015,4.84874935769705,0.178784515037866
30,2015,4.84158529250477,0.179358600910937
31,2015,4.83363278636111,0.180061876755784
32,2015,4.82486705224004,0.180883227545062
33,2015,4.81526330311554,0.181809666666748
34,2015,4.80479675196157,0.182826553925779
35,2015,4.7934426117521,0.183917828141456
36,2015,4.78117609546111,0.185066247062456
37,2015,4.76797241606258,0.186253628219354
38,2015,4.75380678653046,0.187461085526934
39,2015,4.73865441983874,0.188669257802693
40,2015,4.72249052896138,0.189858526766074
41,2015,4.70529032687236,0.191009223432796
42,2015,4.68702902654564,0.19210182305842
43,2015,4.6676818409552,0.193117129883089
44,2015,4.64722398307501,0.194036453879972
45,2015,4.62563066587904,0.194841782528412
46,2015,4.60287710234127,0.195515951349329
47,2015,4.57893850543566,0.196042817594203
48,2015,4.55379008813618,0.196407442113731
49,2015,4.52740706341681,0.196596285092868
50,2015,4.49976464425152,0.196597422067806
51,2015,4.47083804361429,0.196400787475118
52,2015,4.44060247447907,0.19599845395172
53,2015,4.40903454012934,0.195385290995608
54,2015,4.37615300932892,0.19456897674191
55,2015,4.34202539856851,0.193571018320284
56,2015,4.30672193978702,0.192415121506592
57,2015,4.27031286492341,0.191126229366767
58,2015,4.23286840591661,0.189730230648072
59,2015,4.19445879470556,0.1882536681964
60,2015,4.1551542632292,0.18672343961738
61,2015,4.11502504342646,0.185166484093924
62,2015,4.07414136723628,0.183609451198522
63,2015,4.0325734665976,0.182078349778579
64,2015,3.99039157344936,0.180598177583105
65,2015,3.94766591973049,0.1791925352072
66,2015,3.90446673737993,0.177883231040901
67,2015,3.86086425833662,0.176689887012157
68,2015,3.8169287145395,0.175629557715196
69,2015,3.77273033792751,0.174716377662911
70,2015,3.72833936043957,0.173961252535202
71,2015,3.68382601401464,0.173371610115461
72,2015,3.63926053059165,0.172951224949703
73,2015,3.59471314210952,0.172700127656033
74,2015,3.55025408050722,0.172614605505885
75,2015,3.50595357772366,0.172687295843749
76,2015,3.46188186569779,0.172907368694778
77,2015,3.41810917636854,0.17326079014991
78,2015,3.37470574167486,0.173730654360762
79,2015,3.33174179355568,0.174297569600563
80,2015,3.28928756394994,0.174940083015353
81,2015,3.24741328479657,0.175635129347254
82,2015,3.20618918803452,0.176358490829074
83,2015,3.16568550560271,0.177085258290998
84,2015,3.1259724694401,0.177790286918304
85,2015,3.08712031148561,0.178448643719428
86,2015,3.04919926367819,0.179036047347185
87,2015,3.01227955795676,0.17952930429732
88,2015,2.97643142626028,0.17990674861438
89,2015,2.94172510052767,0.180148695065633
90,2015,2.90823081269788,0.180237918347042
91,2015,2.87601879470984,0.18016017332347
92,2015,2.84515927850249,0.179904773617365
93,2015,2.81572249601476,0.17946524801637
94,2015,2.7877786791856,0.17884009601075
95,2015,2.76139761415785,0.178033856845552
96,2015,2.73662233930885,0.17706896570156
97,2015,2.71345443397941,0.175989973108831
98,2015,2.69189191114158,0.174845034545582
99,2015,2.67193278376745,0.173683239562367
100,2015,2.65357506482908,0.172553479844541
101,2015,2.63681676729854,0.171503259851721
102,2015,2.6216559041479,0.170577456431397
103,2015,2.60809048834922,0.169817053028654
104,2015,2.59611853287459,0.169257893071389
105,2015,2.58573805069607,0.168929513078029
106,2015,2.57694705478572,0.168854125787774
107,2015,2.56974355811562,0.169045824243921
108,2015,2.56412557365783,0.16951006767925
109,2015,2.56009111438444,0.17024348980954
110,2015,2.55763819326749,0.171234042678228
111,2015,2.55676482327907,0.172461459299142
112,2015,2.55746901739125,0.173897991425161
113,2015,2.55974878857608,0.175509359402853
114,2015,2.56360214980565,0.177255841859717
115,2015,2.56902711405202,0.179093434126569
116,2015,2.57602169428727,0.180975014005014
117,2015,2.58458390348345,0.18285146876117
118,2015,2.59471175461264,0.184672754879626
119,2015,2.60640326064692,0.18638887952544
120,2015,2.61965643455834,0.187950808166135
121,2015,2.63446928931898,0.189311315722116
122,2015,2.6508398379009,0.19042580907731
123,2015,2.66876609327619,0.191253157472415
124,2015,2.6882460684169,0.191756575191652
125,2015,2.70927722452487,0.191904933469202
126,2015,2.73182391658772,0.191692894867857
127,2015,2.75579918496108,0.191151494355216
128,2015,2.78111165583865,0.190319401229868
129,2015,2.80766995541415,0.189239250942015
130,2015,2.83538270988131,0.187956685691931
131,2015,2.86415854543383,0.186519449852454
132,2015,2.89390608826544,0.184976497427582
133,2015,2.92453396456985,0.183377078979727
134,2015,2.95595080054079,0.181769786239243
135,2015,2.98806522237196,0.180201544697494
136,2015,3.02078585625709,0.178716558192139
137,2015,3.0540213283899,0.177355224514399
138,2015,3.08768026496409,0.176153056342064
139,2015,3.12167129217339,0.175139655515422
140,2015,3.15590303621152,0.174337798489357
141,2015,3.19028412327219,0.173762694344293
142,2015,3.22472317954913,0.173421472304093
143,2015,3.25912883123604,0.173312942906855
144,2015,3.29340970452665,0.17342765716734
145,2015,3.32747442561467,0.173748264280203
146,2015,3.36123162069383,0.174250144688382
147,2015,3.39458991595783,0.174902275750284
148,2015,3.4274579376004,0.175668274861457
149,2015,3.45974431181525,0.176507561148921
150,2015,3.49135766479611,0.177376581425812
151,2015,3.52220662273668,0.17823005727674
152,2015,3.55219981183069,0.179022225574474
153,2015,3.58124585827186,0.179708062068443
154,2015,3.60925338825389,0.18024449512987
155,2015,3.63613102797051,0.180591633241969
156,2015,3.66178740361545,0.180714045074893
157,2015,3.6861333376379,0.180582827637681
158,2015,3.70914626079836,0.180196962637223
159,2015,3.73088061006572,0.179586433033744
160,2015,3.75139511197038,0.178788144728301
161,2015,3.77074849304275,0.177843120399713
162,2015,3.78899947981323,0.176795134589073
163,2015,3.80620679881222,0.175689403802548
164,2015,3.82242917657014,0.174571295891359
165,2015,3.83772533961738,0.173485039800077
166,2015,3.85215401448435,0.172472434632941
167,2015,3.86577392770146,0.171571575271765
168,2015,3.87864380579911,0.17081562911826
169,2015,3.8908223753077,0.170231712855446
170,2015,3.90236836275765,0.169839926997464
171,2015,3.91334049467935,0.169652607249688
172,2015,3.92379749760321,0.169673844150262
173,2015,3.93379809805963,0.169899306538564
174,2015,3.94340102257903,0.170316382348018
175,2015,3.9526649976918,0.170904625772548
176,2015,3.96164874992835,0.171636477336217
177,2015,3.97041100581908,0.172478206654354
178,2015,3.97901049189441,0.173391019173927
179,2015,3.98750593468473,0.174332268571334
180,2015,3.99595606072045,0.175256724758419
181,2015,4.00441959653198,0.176117861519154
182,2015,4.01295526864971,0.176869145257022
183,2015,4.02162180360405,0.177465325077331
184,2015,4.03047792792542,0.177863743062063
185,2015,4.03958236814421,0.17802570152794
186,2015,4.04899383065145,0.177917952664435
187,2015,4.05875096301135,0.177525542525869
188,2015,4.068834713452,0.176873848234869
189,2015,4.07921571883669,0.176001140669256
190,2015,4.08986461602873,0.174951373197363
191,2015,4.10075204189142,0.173772846017784
192,2015,4.11184863328806,0.17251692206671
193,2015,4.12312502708195,0.171236736628056
194,2015,4.1345518601364,0.16998585888178
195,2015,4.1460997693147,0.168816882726309
196,2015,4.15773939148015,0.167779946815832
197,2015,4.16944136349607,0.166921209250118
198,2015,4.18117632222574,0.166281328613733
199,2015,4.19291490453246,0.165894026389459
200,2015,4.20462774727955,0.16578482144018
201,2015,4.2162854873303,0.165970030681855
202,2015,4.22785876154802,0.166456118406639
203,2015,4.23931820679599,0.167239450267496
204,2015,4.25063445993754,0.168306470731987
205,2015,4.26177815783595,0.169634281852353
206,2015,4.27271993735452,0.17119156452863
207,2015,4.28343043535657,0.172939757805129
208,2015,4.29388028870538,0.174834400772259
209,2015,4.30404013426426,0.176826545283797
210,2015,4.31388060889652,0.178864162873147
211,2015,4.32337234946545,0.180893491339072
212,2015,4.33248599283435,0.182860290835584
213,2015,4.34119217586654,0.184711002381261
214,2015,4.34946153542529,0.186393821470339
215,2015,4.35726470837393,0.187859715345999
216,2015,4.36457233157574,0.189063424988827
217,2015,4.37135744495956,0.189966788175016
218,2015,4.37762102409096,0.190564212531822
219,2015,4.38338206752696,0.190873853362504
220,2015,4.38865987420775,0.1909198565883
221,2015,4.39347374307356,0.190730988793678
222,2015,4.3978429730646,0.190339697845179
223,2015,4.40178686312106,0.189781272757637
224,2015,4.40532471218316,0.189093063685252
225,2015,4.40847581919112,0.188313730890997
226,2015,4.41125948308512,0.187482499165449
227,2015,4.4136950028054,0.186638401863388
228,2015,4.41580167729215,0.185819506817293
229,2015,4.41759880548558,0.185062124969158
230,2015,4.4191056863259,0.184400011443978
231,2015,4.42034161875333,0.183863577448883
232,2015,4.42132590170806,0.183479138993664
233,2015,4.42207783413032,0.183268233965372
234,2015,4.4226167149603,0.183247041524983
235,2015,4.42296184313822,0.183425936361171
236,2015,4.42313251760428,0.183809204786305
237,2015,4.42314803729869,0.184394940434237
238,2015,4.42302770116167,0.185175125557847
239,2015,4.42279080813342,0.186135891281428
240,2015,4.42245665715415,0.187257938472241
241,2015,4.42204454716407,0.188517091778214
242,2015,4.42157377710339,0.189884953918216
243,2015,4.42106364591231,0.191329625887938
244,2015,4.42053345253105,0.192816461059123
245,2015,4.42000249589982,0.194308826404831
246,2015,4.41949007495881,0.195768851238603
247,2015,4.41901548864825,0.197158151880808
248,2015,4.41859803590834,0.198438528726537
249,2015,4.41825701567929,0.199572639743577
250,2015,4.4180117269013,0.200524661240336
251,2015,4.41788146401712,0.201260960345843
252,2015,4.41788104198827,0.201758338589684
253,2015,4.41801239052154,0.202019278898071
254,2015,4.41827513661855,0.202054543037072
255,2015,4.41866890728087,0.201878692683755
256,2015,4.41919332951013,0.201509487652447
257,2015,4.41984803030791,0.200967358364798
258,2015,4.42063263667581,0.200274932851644
259,2015,4.42154677561544,0.199456601230797
260,2015,4.42259007412839,0.198538103096896
261,2015,4.42376215921627,0.197546125656799
262,2015,4.42506265788066,0.196507902850079
263,2015,4.42649119712318,0.195450808217724
264,2015,4.42804740394542,0.194401937012673
265,2015,4.42973090534897,0.193387676030932
266,2015,4.43154132833545,0.192433262865683
267,2015,4.43347829990645,0.191562339652134
268,2015,4.43554144706356,0.190796509691468
269,2015,4.43773039680838,0.190154908348156
270,2015,4.44004477614253,0.189653801978151
271,2015,4.44248421206759,0.18930623002629
272,2015,4.44504833158516,0.189121705540829
273,2015,4.44773676169685,0.189105988021626
274,2015,4.45054912940425,0.189260939752456
275,2015,4.45348506170896,0.189584472778036
276,2015,4.45654418561258,0.19007058887523
277,2015,4.45972612811672,0.190709509774075
278,2015,4.46303051622296,0.191487890093299
279,2015,4.46645697693291,0.192389101499249
280,2015,4.47000513724817,0.193393573868865
281,2015,4.47367462417034,0.19447917793479
282,2015,4.47746506470102,0.195621634008937
283,2015,4.4813760858418,0.196794932741504
284,2015,4.48540731459429,0.197971756182573
285,2015,4.48955837796008,0.199123890332569
286,2015,4.49382890294078,0.20022262357069
287,2015,4.49821851653798,0.201239128571079
288,2015,4.50272684575328,0.202144828373775
289,2015,4.50735351758829,0.202911750080343
290,2015,4.51209804994867,0.203513480642728
291,2015,4.51695800225007,0.203936071372964
292,2015,4.52192923986664,0.204177640766362
293,2015,4.52700757231538,0.204239328131185
294,2015,4.53218880911332,0.204124658790025
295,2015,4.53746875977749,0.203839258186143
296,2015,4.54284323382491,0.203390603495107
297,2015,4.54830804077259,0.20278780656132
298,2015,4.55385899013757,0.202041422480097
299,2015,4.55949189143687,0.201163278639567
300,2015,4.5652025541875,0.2001663194953
301,2015,4.57098678790649,0.199064462764868
302,2015,4.57684040211086,0.197872463102779
303,2015,4.58275920631764,0.196605779660234
304,2015,4.58873901004385,0.195280444266636
305,2015,4.5947756228065,0.193912927312735
306,2015,4.60086485412262,0.192519998793129
307,2015,4.60700251350924,0.191118582403417
308,2015,4.61318441048338,0.189725601108034
309,2015,4.61940635456205,0.18835781321732
310,2015,4.62566415526229,0.187031638747355
311,2015,4.63195362210111,0.185762976682192
312,2015,4.63827056459553,0.184567014698304
313,2015,4.64461079226258,0.183458033909478
314,2015,4.65097011461929,0.182449212191355
315,2015,4.65734434118266,0.181552430574118
316,2015,4.66372928146974,0.180778087962144
317,2015,4.67012074499753,0.18013492995871
318,2015,4.67651454128306,0.179629897758131
319,2015,4.68290647984335,0.179268002854417
320,2015,4.68929237019543,0.179052232677081
321,2015,4.69566802185632,0.178983491218131
322,2015,4.70202924434304,0.179060577324479
323,2015,4.70837184717261,0.179280201705669
324,2015,4.71469163986205,0.179637041987974
325,2015,4.7209844319284,0.180123833485691
326,2015,4.72724603288866,0.180731491904314
327,2015,4.73347225225986,0.181449263056554
328,2015,4.73965889955903,0.1822648939381
329,2015,4.74580178430319,0.183164819204965
330,2015,4.75189671600935,0.184134357201089
331,2015,4.75793950419455,0.185157910148744
332,2015,4.7639259583758,0.186219163854633
333,2015,4.76985188807013,0.187301283209806
334,2015,4.77571310279456,0.188387100781758
335,2015,4.7815054120661,0.189459296833945
336,2015,4.7872246254018,0.190500570101253
337,2015,4.79286655231866,0.191493799559419
338,2015,4.7984270023337,0.192422198231968
339,2015,4.80390178496396,0.193269460776502
340,2015,4.80928670972645,0.194019907193683
341,2015,4.8145775861382,0.194658625526547
342,2015,4.81977022371623,0.195171616890623
343,2015,4.82486043197755,0.195545946624761
344,2015,4.8298440204392,0.195769905806974
345,2015,4.8347167986182,0.195833187864781
346,2015,4.83947457603156,0.195727085547114
347,2015,4.84410972943914,0.195447588824113
348,2015,4.84860090457208,0.195004069754694
349,2015,4.85292331440435,0.194410368593457
350,2015,4.85705217190993,0.193681682700248
351,2015,4.86096269006278,0.192834370171818
352,2015,4.86463008183689,0.191885765052989
353,2015,4.86802956020621,0.190853998668799
354,2015,4.87113633814472,0.189757822275654
355,2015,4.87392562862639,0.188616426889661
356,2015,4.8763726446252,0.187449256857143
357,2015,4.87845259911512,0.18627581452661
358,2015,4.88014070507011,0.185115454296874
359,2015,4.88141217546414,0.183987165374035
360,2015,4.8822422232712,0.182909343773463
361,2015,4.88260606146525,0.181899555430507
362,2015,4.88247890302026,0.180974293684598
363,2015,4.88183596091021,0.180148735794597
364,2015,4.88065244810906,0.179436504419071
365,2015,4.87890357759079,0.178849441024762
1,2016,4.80430541238556,0.199666147654671
2,2016,4.80917819056456,0.19972185386729
3,2016,4.81393596797792,0.199610908189586
4,2016,4.8185711213855,0.199329353648166
5,2016,4.82306229651844,0.198886413508629
6,2016,4.82738470635071,0.198295715013297
7,2016,4.83151356385629,0.197572224049874
8,2016,4.83542408200914,0.196732048874512
9,2016,4.83909147378324,0.195792255212571
10,2016,4.84249095215257,0.194770687521867
11,2016,4.84559773009108,0.193685791847394
12,2016,4.84838702057275,0.192556436346917
13,2016,4.85083403657156,0.191401726261838
14,2016,4.85291399106147,0.190240810883335
15,2016,4.85460209701647,0.189092680949006
16,2016,4.8558735674105,0.187975955917323
17,2016,4.85670361521756,0.186908661706407
18,2016,4.85706745341161,0.185908000727799
19,2016,4.85694029496662,0.184990117346977
20,2016,4.85629735285657,0.184169863185016
21,2016,4.85511384005542,0.183460567840576
22,2016,4.85336496953715,0.182873821542466
23,2016,4.85102595427572,0.182419276821823
24,2016,4.84807200724512,0.182104476415414
25,2016,4.84447834141931,0.181934714207494
26,2016,4.84022016977226,0.181912935067887
27,2016,4.83527270527795,0.182039677991228
28,2016,4.82961116091034,0.182313065092819
29,2016,4.82321074964341,0.18272883692986
30,2016,4.81604668445113,0.183280432485669
31,2016,4.80809417830747,0.183959110178004
32,2016,4.7993284441864,0.184754104607778
33,2016,4.7897246950619,0.185652812582751
34,2016,4.77925814390792,0.186641001303222
35,2016,4.76790400369846,0.187703031490488
36,2016,4.75563748740747,0.188822088624082
37,2016,4.74243380800894,0.189980416239295
38,2016,4.72826817847682,0.191159546307521
39,2016,4.7131158117851,0.192340522959759
40,2016,4.69695192090774,0.193504117110276
41,2016,4.67975171881871,0.194631030806365
42,2016,4.661490418492,0.195702091311252
43,2016,4.64214323290156,0.196698435987346
44,2016,4.62168537502137,0.197601689977173
45,2016,4.6000920578254,0.198394139490007
46,2016,4.57733849428762,0.199058904218208
47,2016,4.55339989738201,0.199580113062551
48,2016,4.52825148008254,0.19994308797928
49,2016,4.50186845536317,0.200134541413198
50,2016,4.47422603619788,0.200142793488957
51,2016,4.44529943556064,0.199958015929555
52,2016,4.41506386642543,0.199572510580147
53,2016,4.3834959320757,0.198981357764729
54,2016,4.35061440127528,0.198192190735727
55,2016,4.31648679051487,0.197226174592247
56,2016,4.28118333173338,0.196106635185398
57,2016,4.24477425686977,0.194858108472202
58,2016,4.20732979786297,0.193506044277868
59,2016,4.16892018665192,0.192076510757517
60,2016,4.12961565517556,0.190595892255239
61,2016,4.08948643537282,0.189090574972149
62,2016,4.04860275918264,0.187586616779747
63,2016,4.00703485854396,0.186109399717081
64,2016,3.96485296539572,0.184683266209567
65,2016,3.92212731167685,0.183331142800121
66,2016,3.87892812932629,0.18207415806928
67,2016,3.83532565028298,0.18093126423934
68,2016,3.79139010648586,0.17991887443619
69,2016,3.74719172987387,0.179050529406986
70,2016,3.70280075238593,0.178336608351248
71,2016,3.658287405961,0.177784098171223
72,2016,3.613721922538,0.177396433763461
73,2016,3.56917453405588,0.177173419010799
74,2016,3.52471547245357,0.177111234136547
75,2016,3.48041496967002,0.177202530464833
76,2016,3.43634325764414,0.177436608915886
77,2016,3.3925705683149,0.17779967429685
78,2016,3.34916713362122,0.178275154100426
79,2016,3.30620318550204,0.178844068420783
80,2016,3.26374895589629,0.179485436876217
81,2016,3.22187467674293,0.180176709041109
82,2016,3.18065057998087,0.180894206634703
83,2016,3.14014689754907,0.181613568297855
84,2016,3.10043386138646,0.182310190889364
85,2016,3.06158170343197,0.182959664555768
86,2016,3.02366065562455,0.183538202141288
87,2016,2.98674094990312,0.184023066657307
88,2016,2.95089281820664,0.18439300345241
89,2016,2.91618649247403,0.184628686408526
90,2016,2.88269220464424,0.184713189971843
91,2016,2.8504801866562,0.184632501157694
92,2016,2.81962067044885,0.184376087873892
93,2016,2.79018388796112,0.183937541951419
94,2016,2.76224007113196,0.183315317000144
95,2016,2.73585900610421,0.182513771493621
96,2016,2.71108373125521,0.181554846277818
97,2016,2.68791582592576,0.180482230734478
98,2016,2.66635330308794,0.179343121501346
99,2016,2.64639417571381,0.178185594577254
100,2016,2.62803645677544,0.177057500859414
101,2016,2.6112781592449,0.176005312473187
102,2016,2.59611729609425,0.17507292608861
103,2016,2.58255188029558,0.174300447097076
104,2016,2.57057992482095,0.173722995814575
105,2016,2.56019944264242,0.173369591376721
106,2016,2.55140844673208,0.173262177866379
107,2016,2.54420495006198,0.173414857922801
108,2016,2.53858696560419,0.173833390215555
109,2016,2.53455250633079,0.174514989165218
110,2016,2.53209958521385,0.175448440667792
111,2016,2.53122621522543,0.176614520481302
112,2016,2.5319304093376,0.177986677129878
113,2016,2.53421018052244,0.17953192281356
114,2016,2.53806354175201,0.181211866382765
115,2016,2.54348850599838,0.182983822381718
116,2016,2.55048308623362,0.184801938090915
117,2016,2.55904529542981,0.186618293878742
118,2016,2.569173146559,0.188383948188604
119,2016,2.58086465259328,0.190049914720739
120,2016,2.5941178265047,0.191568074185937
121,2016,2.60893068126534,0.19289203565695
122,2016,2.62530122984726,0.193977973019203
123,2016,2.64322748522255,0.194785470853142
124,2016,2.66270746036326,0.195278422094975
125,2016,2.68373861647122,0.195426343481157
126,2016,2.70628530853408,0.19522399674269
127,2016,2.73026057690744,0.19470168414008
128,2016,2.75557304778501,0.193897257144802
129,2016,2.78213134736051,0.192852505829202
130,2016,2.80984410182766,0.191612184772438
131,2016,2.83861993738019,0.190223094598109
132,2016,2.8683674802118,0.188733178391796
133,2016,2.89899535651621,0.18719060244942
134,2016,2.93041219248715,0.185642801537151
135,2016,2.96252661431832,0.184135480715388
136,2016,2.99524724820345,0.182711578989387
137,2016,3.02848272033625,0.181410214216783
138,2016,3.06214165691045,0.180265642769899
139,2016,3.09613268411975,0.179306279719257
140,2016,3.13036442815788,0.178553833672375
141,2016,3.16474551521855,0.178022612822887
142,2016,3.19918457149549,0.177719053852987
143,2016,3.2335902231824,0.177641512930995
144,2016,3.26787109647301,0.177780339541204
145,2016,3.30193581756103,0.178118232076546
146,2016,3.33569301264019,0.178630852645667
147,2016,3.36905130790419,0.179287660976488
148,2016,3.40191932954676,0.180052916310521
149,2016,3.43420570376161,0.180886792991567
150,2016,3.46581905674247,0.181746559741517
151,2016,3.49666801468304,0.182587782887143
152,2016,3.52666120377705,0.183365527971661
153,2016,3.55570725021821,0.184035550187338
154,2016,3.58371478020025,0.184555480291039
155,2016,3.61059241991687,0.184886028163717
156,2016,3.6362487955618,0.184992240641849
157,2016,3.66059472958426,0.184845540331545
158,2016,3.68360765274472,0.184444885891972
159,2016,3.70534200201208,0.183819873479451
160,2016,3.72585650391674,0.183006889537633
161,2016,3.74520988498911,0.182046344750046
162,2016,3.76346087175959,0.180981335964495
163,2016,3.78066819075858,0.179856364291362
164,2016,3.7968905685165,0.178716075470056
165,2016,3.81218673156374,0.177604004478608
166,2016,3.82661540643071,0.176561323119669
167,2016,3.84023531964782,0.175625606397076
168,2016,3.85310519774547,0.17482964966375
169,2016,3.86528376725406,0.174200381913493
170,2016,3.87682975470401,0.173757929024571
171,2016,3.88780188662571,0.173514882273573
172,2016,3.89825888954956,0.173475820918743
173,2016,3.90825949000599,0.173637123412133
174,2016,3.91786241452539,0.173987081775881
175,2016,3.92712638963816,0.174506311155872
176,2016,3.93611014187471,0.175168425449271
177,2016,3.94487239776544,0.175940933760578
178,2016,3.95347188384077,0.176786303677419
179,2016,3.96196732663109,0.17766313677961
180,2016,3.97041745266681,0.178527408686979
181,2016,3.97888098847833,0.179333738549509
182,2016,3.98741666059607,0.180036669027148
183,2016,3.99608319555041,0.18059195553179
184,2016,4.00493931987178,0.180957881426015
185,2016,4.01404376009057,0.181096633317221
186,2016,4.02345522259781,0.180975798445827
187,2016,4.03321235495771,0.180580883104234
188,2016,4.04329610539835,0.179936729515883
189,2016,4.05367711078305,0.179080856902607
190,2016,4.06432600797508,0.178056412821485
191,2016,4.07521343383778,0.176910826626443
192,2016,4.08631002523442,0.175694514448048
193,2016,4.09758641902831,0.17445958120909
194,2016,4.10901325208276,0.173258481139029
195,2016,4.12056116126106,0.172142617034574
196,2016,4.13220078342651,0.171160880424332
197,2016,4.14390275544242,0.17035815906536
198,2016,4.1556377141721,0.169773862678767
199,2016,4.16737629647882,0.169440539008941
200,2016,4.17908913922591,0.169382665843123
201,2016,4.19074687927666,0.1696157065259
202,2016,4.20232015349438,0.170145504428927
203,2016,4.21377959874235,0.17096806639116
204,2016,4.2250958518839,0.172069750246468
205,2016,4.2362395497823,0.173427833675124
206,2016,4.24718132930088,0.175011408026468
207,2016,4.25789182730293,0.176782517464048
208,2016,4.26834168065174,0.178697453959313
209,2016,4.27850152621062,0.180708122183567
210,2016,4.28834200084288,0.182763402428227
211,2016,4.29783374141181,0.184810460150029
212,2016,4.30694738478071,0.186795973398477
213,2016,4.31565356781289,0.188667270991514
214,2016,4.32392292737165,0.190373392977883
215,2016,4.33172610032029,0.191866100084676
216,2016,4.3390337235221,0.193100870903264
217,2016,4.34581883690592,0.194040181905244
218,2016,4.35208241603732,0.194678555932616
219,2016,4.35784345947332,0.195033875602623
220,2016,4.36312126615411,0.195129914264465
221,2016,4.36793513501992,0.194994978049016
222,2016,4.37230436501095,0.19466096984167
223,2016,4.37624825506742,0.194162550729824
224,2016,4.37978610412952,0.193536361667207
225,2016,4.38293721113748,0.192820275892323
226,2016,4.38572087503148,0.192052660086799
227,2016,4.38815639475176,0.191271629734996
228,2016,4.3902630692385,0.190514291903849
229,2016,4.39206019743194,0.189815976757511
230,2016,4.39356707827226,0.189209467351154
231,2016,4.39480301069969,0.188724245123348
232,2016,4.39578729365442,0.188385775283008
233,2016,4.39653922607668,0.18821486106997
234,2016,4.39707810690666,0.188227097787914
235,2016,4.39742323508458,0.188432455942679
236,2016,4.39759390955064,0.188835017607202
237,2016,4.39760942924505,0.189432881711183
238,2016,4.39748909310803,0.190218243344928
239,2016,4.39725220007978,0.191177640827025
240,2016,4.39691804910051,0.192292353810524
241,2016,4.39650593911043,0.193538927501577
242,2016,4.39603516904975,0.194889793088176
243,2016,4.39552503785867,0.196313953074862
244,2016,4.39499484447741,0.197777702159008
245,2016,4.39446388784618,0.199245358895908
246,2016,4.39395146690517,0.200679989792319
247,2016,4.39347688059461,0.202044114742204
248,2016,4.3930594278547,0.203300390130484
249,2016,4.39271840762565,0.204412272981152
250,2016,4.39247311884766,0.205344675980389
251,2016,4.39234285596348,0.206064636416431
252,2016,4.39234243393463,0.206549405370745
253,2016,4.3924737824679,0.206801402230322
254,2016,4.3927365285649,0.206831171880925
255,2016,4.39313029922723,0.20665299587239
256,2016,4.39365472145649,0.206284299916799
257,2016,4.39430942225427,0.205745132778195
258,2016,4.39509402862217,0.205057697900463
259,2016,4.3960081675618,0.20424592162228
260,2016,4.39705146607475,0.203335044201435
261,2016,4.39822355116262,0.202351222170343
262,2016,4.39952404982702,0.20132113285735
263,2016,4.40095258906954,0.200271574326752
264,2016,4.40250879589178,0.199229056588904
265,2016,4.40419229729533,0.198219382746805
266,2016,4.40600272028181,0.197267221756393
267,2016,4.40793969185281,0.19639567759215
268,2016,4.41000283900991,0.195625862657122
269,2016,4.41219178875474,0.194976486014938
270,2016,4.41450616808889,0.194463469160423
271,2016,4.41694560401394,0.194099603286567
272,2016,4.41950972353152,0.193894262097248
273,2016,4.4221981536432,0.193853183010219
274,2016,4.4250105213506,0.193978327100316
275,2016,4.42794645365532,0.194267824533075
276,2016,4.43100557755894,0.194716007886538
277,2016,4.43418752006307,0.195313531126688
278,2016,4.43749190816932,0.196047567608344
279,2016,4.44091836887927,0.196902076796028
280,2016,4.44446652919453,0.197858126799287
281,2016,4.4481360161167,0.198894258489133
282,2016,4.45192645664738,0.199986876923616
283,2016,4.45583747778816,0.201110656922186
284,2016,4.45986870654065,0.202238951643873
285,2016,4.46401976990644,0.203344195646517
286,2016,4.46829029488714,0.204398296841635
287,2016,4.47267990848434,0.20537301476659
288,2016,4.47718823769964,0.206240325498607
289,2016,4.48181490953464,0.206972776238921
290,2016,4.48655944189503,0.20754442878308
291,2016,4.49141939419643,0.20794151495086
292,2016,4.49639063181299,0.208162071466957
293,2016,4.50146896426174,0.208207119584726
294,2016,4.50665020105968,0.208080044340699
295,2016,4.51193015172385,0.207786313177345
296,2016,4.51730462577127,0.207333230444368
297,2016,4.52276943271895,0.206729721946865
298,2016,4.52832038208393,0.205986144149719
299,2016,4.53395328338323,0.205114113094466
300,2016,4.53966394613386,0.204126348509247
301,2016,4.54544817985285,0.203036528983775
302,2016,4.55130179405722,0.201859154440966
303,2016,4.557220598264,0.200609412474982
304,2016,4.5632004019902,0.199303045457497
305,2016,4.56923701475286,0.197956215659592
306,2016,4.57532624606898,0.196585366017362
307,2016,4.5814639054556,0.195207074607034
308,2016,4.58764580242974,0.193837901409841
309,2016,4.59386774650841,0.192494226553508
310,2016,4.60012554720864,0.191192079923087
311,2016,4.60641501404746,0.189946962835405
312,2016,4.61273195654189,0.188773663350219
313,2016,4.61907218420894,0.187686067712456
314,2016,4.62543150656565,0.186696971331461
315,2016,4.63180573312902,0.185817893537338
316,2016,4.6381906734161,0.185058901032973
317,2016,4.64458213694389,0.184428445402559
318,2016,4.65097593322942,0.183933220170906
319,2016,4.65736787178971,0.183578042680432
320,2016,4.66375376214179,0.183365765443496
321,2016,4.67012941380268,0.183297220655275
322,2016,4.6764906362894,0.18337120027661
323,2016,4.68283323911897,0.183584472614957
324,2016,4.68915303180841,0.183931834769086
325,2016,4.69544582387476,0.184406198794705
326,2016,4.70170742483502,0.184998708122307
327,2016,4.70793364420622,0.185698879720039
328,2016,4.71412029150539,0.186494766812703
329,2016,4.72026317624955,0.187373136670849
330,2016,4.72635810795571,0.188319658058669
331,2016,4.73240089614091,0.189319093329654
332,2016,4.73838735032216,0.190355490815459
333,2016,4.74431328001649,0.191412373985826
334,2016,4.75017449474091,0.192472924785988
335,2016,4.75596680401246,0.193520159512054
336,2016,4.76168601734816,0.194537096509017
337,2016,4.76732794426501,0.195506915832145
338,2016,4.77288839428006,0.196413111780189
339,2016,4.77836317691032,0.197239639882957
340,2016,4.78374810167281,0.19797106051369
341,2016,4.78903897808456,0.198592681814749
342,2016,4.79423161566259,0.199090705095342
343,2016,4.79932182392391,0.199452376307326
344,2016,4.80430541238556,0.199666147654671
345,2016,4.80917819056456,0.19972185386729
346,2016,4.81393596797792,0.199610908189586
347,2016,4.8185711213855,0.199329353648166
348,2016,4.82306229651844,0.198886413508629
349,2016,4.82738470635071,0.198295715013297
350,2016,4.83151356385629,0.197572224049874
351,2016,4.83542408200914,0.196732048874512
352,2016,4.83909147378324,0.195792255212571
353,2016,4.84249095215257,0.194770687521867
354,2016,4.84559773009108,0.193685791847394
355,2016,4.84838702057275,0.192556436346917
356,2016,4.85083403657156,0.191401726261838
357,2016,4.85291399106147,0.190240810883335
358,2016,4.85460209701647,0.189092680949006
359,2016,4.8558735674105,0.187975955917323
360,2016,4.85670361521756,0.186908661706407
361,2016,4.85706745341161,0.185908000727799
362,2016,4.85694029496662,0.184990117346977
363,2016,4.85629735285657,0.184169863185016
364,2016,4.85511384005542,0.183460567840576
365,2016,4.85336496953715,0.182873821542466
1,2017,4.80553408839829,0.204543242282444
2,2017,4.81040686657729,0.204601763923142
3,2017,4.81516464399065,0.204498208385952
4,2017,4.81979979739823,0.204228744068276
5,2017,4.82429097253117,0.203802419814488
6,2017,4.82861338236344,0.203232597347869
7,2017,4.83274223986902,0.202533954999827
8,2017,4.83665275802188,0.201722290307221
9,2017,4.84032014979598,0.200814333712448
10,2017,4.8437196281653,0.199827568446102
11,2017,4.84682640610381,0.198780052308748
12,2017,4.84961569658549,0.197690237715518
13,2017,4.8520627125843,0.196576787057624
14,2017,4.85414266707421,0.195458381198305
15,2017,4.8558307730292,0.19435351977999
16,2017,4.85710224342324,0.193280312986241
17,2017,4.85793229123029,0.192256265471967
18,2017,4.85829612942434,0.191298054324322
19,2017,4.85816897097935,0.190421304097891
20,2017,4.8575260288693,0.189640363111701
21,2017,4.85634251606815,0.188968086213356
22,2017,4.85459364554988,0.188415630006534
23,2017,4.85225463028846,0.187992267001726
24,2017,4.84930068325786,0.187705225200881
25,2017,4.84570701743204,0.187559559210087
26,2017,4.84144884578499,0.187558058080677
27,2017,4.83650138129068,0.187701193751221
28,2017,4.83083983692307,0.187987112296774
29,2017,4.82443942565614,0.188411668327656
30,2017,4.81727536046386,0.188968500984482
31,2017,4.8093228543202,0.189649148220319
32,2017,4.80055712019913,0.190443194596374
33,2017,4.79095337107463,0.191338446757866
34,2017,4.78048681992066,0.192321130163911
35,2017,4.76913267971119,0.193376100527882
36,2017,4.75686616342021,0.194487063742783
37,2017,4.74366248402167,0.195636798743648
38,2017,4.72949685448955,0.196807378698812
39,2017,4.71434448779783,0.197980387022196
40,2017,4.69818059692047,0.199137125865129
41,2017,4.68098039483145,0.200258815901772
42,2017,4.66271909450473,0.201326787311682
43,2017,4.64337190891429,0.202322662854221
44,2017,4.6229140510341,0.203228534811205
45,2017,4.60132073383813,0.204027138352479
46,2017,4.57856717030036,0.204702024573194
47,2017,4.55462857339475,0.205237737089259
48,2017,4.52948015609527,0.205619996691159
49,2017,4.50309713137591,0.205835899179824
50,2017,4.47545471221061,0.205874132173227
51,2017,4.44652811157338,0.205725217405263
52,2017,4.41629254243816,0.205381785856007
53,2017,4.38472460808844,0.204839209836361
54,2017,4.35184307728802,0.204105062797494
55,2017,4.3177154665276,0.203200041558462
56,2017,4.28241200774611,0.202146935974026
57,2017,4.2460029328825,0.200969693789936
58,2017,4.2085584738757,0.199693119912375
59,2017,4.17014886266465,0.198342577488167
60,2017,4.13084433118829,0.196943684217328
61,2017,4.09071511138555,0.195521999034934
62,2017,4.04983143519537,0.194102696189928
63,2017,4.00826353455669,0.192710225859139
64,2017,3.96608164140845,0.191367962765797
65,2017,3.92335598768958,0.190097846767951
66,2017,3.88015680533902,0.188920021923799
67,2017,3.83655432629571,0.187852482944824
68,2017,3.7926187824986,0.18691073997925
69,2017,3.7484204058866,0.186107514068608
70,2017,3.70402942839867,0.185452476145785
71,2017,3.65951608197373,0.184952041914496
72,2017,3.61495059855074,0.184609233298814
73,2017,3.57040321006862,0.184423614452209
74,2017,3.52594414846631,0.184391306795114
75,2017,3.48164364568275,0.18450508356464
76,2017,3.43757193365688,0.184754540344029
77,2017,3.39379924432763,0.185126334436003
78,2017,3.35039580963395,0.1856044831331
79,2017,3.30743186151477,0.18617070917931
80,2017,3.26497763190903,0.186804821120157
81,2017,3.22310335275566,0.187485116763196
82,2017,3.18187925599361,0.188188799457666
83,2017,3.1413755735618,0.188892399115282
84,2017,3.10166253739919,0.18957219257318
85,2017,3.0628103794447,0.190204620802108
86,2017,3.02488933163728,0.190766703393606
87,2017,2.98796962591586,0.191236453587706
88,2017,2.95212149421937,0.19159329975941
89,2017,2.91741516848677,0.191818521752693
90,2017,2.88392088065697,0.191895712753961
91,2017,2.85170886266893,0.191811279562229
92,2017,2.82084934646158,0.19155499615134
93,2017,2.79141256397386,0.191120627285227
94,2017,2.7634687471447,0.190506640491151
95,2017,2.73708768211695,0.189717209493499
96,2017,2.71231240726795,0.188773548118804
97,2017,2.6891445019385,0.187717950870419
98,2017,2.66758197910067,0.186596060279557
99,2017,2.64762285172654,0.185454311059955
100,2017,2.62926513278817,0.184338864138913
101,2017,2.61250683525763,0.183294503761689
102,2017,2.59734597210699,0.182363503760743
103,2017,2.58378055630832,0.181584484590642
104,2017,2.57180860083368,0.180991297664888
105,2017,2.56142811865516,0.180611985897958
106,2017,2.55263712274481,0.180467876857033
107,2017,2.54543362607471,0.180572865522459
108,2017,2.53981564161693,0.180932936223393
109,2017,2.53578118234353,0.181545958201495
110,2017,2.53332826122658,0.182401768459751
111,2017,2.53245489123816,0.18348253240768
112,2017,2.53315908535034,0.184763351213581
113,2017,2.53543885653517,0.186213068208143
114,2017,2.53929221776475,0.187795217412001
115,2017,2.54471718201111,0.189469055913423
116,2017,2.55171176224636,0.191190627509488
117,2017,2.56027397144254,0.192913815826891
118,2017,2.57040182257174,0.194591358765669
119,2017,2.58209332860601,0.196175810475726
120,2017,2.59534650251743,0.197620450671602
121,2017,2.61015935727807,0.198880153108451
122,2017,2.62652990585999,0.199912235322133
123,2017,2.64445616123528,0.200677320608099
124,2017,2.66393613637599,0.201140251308742
125,2017,2.68496729248396,0.201271404406349
126,2017,2.70751398454681,0.201065632395338
127,2017,2.73148925292017,0.200552193234766
128,2017,2.75680172379774,0.199767759073409
129,2017,2.78336002337324,0.198752890612163
130,2017,2.8110727778404,0.197551051657115
131,2017,2.83984861339292,0.196207680175012
132,2017,2.86959615622453,0.194769278112875
133,2017,2.90022403252895,0.193282492195855
134,2017,2.93164086849988,0.191793168339028
135,2017,2.96375529033105,0.190345373654131
136,2017,2.99647592421618,0.188980392373178
137,2017,3.02971139634899,0.187735714911675
138,2017,3.06337033292318,0.18664405175033
139,2017,3.09736136013248,0.185732414314919
140,2017,3.13159310417061,0.185021311794053
141,2017,3.16597419123129,0.18452411419606
142,2017,3.20041324750822,0.184246626874663
143,2017,3.23481889919513,0.184186910282264
144,2017,3.26909977248574,0.184335362154477
145,2017,3.30316449357377,0.184675060143878
146,2017,3.33692168865292,0.185182344193896
147,2017,3.37027998391692,0.185827602683087
148,2017,3.40314800555949,0.186576216811496
149,2017,3.43543437977434,0.187389614873787
150,2017,3.4670477327552,0.188226391731416
151,2017,3.49789669069577,0.189043457736469
152,2017,3.52788987978978,0.189797193843347
153,2017,3.55693592623095,0.190444603925699
154,2017,3.58494345621298,0.190944470001405
155,2017,3.61182109592961,0.191258530297226
156,2017,3.63747747157454,0.191352713529438
157,2017,3.66182340559699,0.191199135491251
158,2017,3.68483632875746,0.190796748544493
159,2017,3.70657067802481,0.190174370242941
160,2017,3.72708517992947,0.189367414413101
161,2017,3.74643856100184,0.188415185491436
162,2017,3.76468954777232,0.187359566868983
163,2017,3.78189686677131,0.186243767830507
164,2017,3.79811924452923,0.185111098249632
165,2017,3.81341540757647,0.184003754898531
166,2017,3.82784408244344,0.182961618563578
167,2017,3.84146399566055,0.182021076584073
168,2017,3.8543338737582,0.181213899846533
169,2017,3.86651244326679,0.180566215069938
170,2017,3.87805843071674,0.180097620568613
171,2017,3.88903056263844,0.179820494947325
172,2017,3.8994875655623,0.179739542472559
173,2017,3.90948816601872,0.179851606460309
174,2017,3.91909109053812,0.180145764560959
175,2017,3.92835506565089,0.180603700073314
176,2017,3.93733881788744,0.181200324693951
177,2017,3.94610107377818,0.181904613487695
178,2017,3.9547005598535,0.182680604511486
179,2017,3.96319600264382,0.183488514289973
180,2017,3.97164612867954,0.184285925787258
181,2017,3.98010966449107,0.185029016267447
182,2017,3.9886453366088,0.185673806692986
183,2017,3.99731187156315,0.186177430364972
184,2017,4.00616799588451,0.186499435086606
185,2017,4.01527243610331,0.186603149525005
186,2017,4.02468389861054,0.186457171042309
187,2017,4.03444103097044,0.18604749370016
188,2017,4.04452478141109,0.185398211396984
189,2017,4.05490578679578,0.184545763649848
190,2017,4.06555468398782,0.183532091856013
191,2017,4.07644210985051,0.182403299294492
192,2017,4.08753870124715,0.181208363586408
193,2017,4.09881509504104,0.179997851907185
194,2017,4.11024192809549,0.178822604440547
195,2017,4.12178983727379,0.177732369268098
196,2017,4.13342945943925,0.176774392189816
197,2017,4.14513143145516,0.175991987041242
198,2017,4.15686639018483,0.175423133915673
199,2017,4.16860497249156,0.175099171213
200,2017,4.18031781523865,0.175043658919177
201,2017,4.1919755552894,0.175271491615522
202,2017,4.20354882950711,0.175788328583158
203,2017,4.21500827475509,0.176590385644579
204,2017,4.22632452789663,0.177664602483861
205,2017,4.23746822579504,0.178989165647517
206,2017,4.24841000531361,0.180534337469603
207,2017,4.25912050331566,0.182263519983741
208,2017,4.26957035666447,0.184134473350655
209,2017,4.27973020222336,0.186100610543324
210,2017,4.28957067685561,0.188112301785827
211,2017,4.29906241742454,0.190118140056164
212,2017,4.30817606079345,0.192066139215973
213,2017,4.31688224382563,0.193904856108505
214,2017,4.32515160338438,0.195584445474888
215,2017,4.33295477633302,0.197057671108527
216,2017,4.34026239953483,0.198280908515317
217,2017,4.34704751291865,0.199217370984105
218,2017,4.35331109205005,0.19986152700665
219,2017,4.35907213548605,0.200230666677484
220,2017,4.36434994216684,0.200347887008063
221,2017,4.36916381103266,0.200240750557407
222,2017,4.37353304102369,0.199940353295176
223,2017,4.37747693108015,0.199480487464288
224,2017,4.38101478014226,0.198896864462928
225,2017,4.38416588715021,0.198226370205587
226,2017,4.38694955104421,0.197506332573325
227,2017,4.38938507076449,0.196773787721011
228,2017,4.39149174525124,0.196064739364467
229,2017,4.39328887344467,0.195413412736915
230,2017,4.394795754285,0.194851512468489
231,2017,4.39603168671242,0.194407500749922
232,2017,4.39701596966716,0.194105918129721
233,2017,4.39776790208941,0.193966773390694
234,2017,4.39830678291939,0.194005030428458
235,2017,4.39865191109731,0.194230218415247
236,2017,4.39882258556337,0.194646186686539
237,2017,4.39883810525779,0.195251018154227
238,2017,4.39871776912077,0.196037105542724
239,2017,4.39848087609252,0.196991384631248
240,2017,4.39814672511325,0.198095709346506
241,2017,4.39773461512316,0.199327346203361
242,2017,4.39726384506248,0.200659561067107
243,2017,4.39675371387141,0.202062269832418
244,2017,4.39622352049015,0.203502726206548
245,2017,4.39569256385891,0.204946223793986
246,2017,4.3951801429179,0.206356795350608
247,2017,4.39470555660734,0.207697898629209
248,2017,4.39428810386743,0.208933085016657
249,2017,4.39394708363838,0.210026653708731
250,2017,4.39370179486039,0.210944300250372
251,2017,4.39357153197622,0.211653781045008
252,2017,4.39357110994736,0.212132829692429
253,2017,4.39370245848063,0.212383782179348
254,2017,4.39396520457764,0.212416930549592
255,2017,4.39435897523997,0.212246233018837
256,2017,4.39488339746922,0.211888730863942
257,2017,4.395538098267,0.211364033641947
258,2017,4.3963227046349,0.210693855222386
259,2017,4.39723684357454,0.209901585462398
260,2017,4.39828014208749,0.209011884607338
261,2017,4.39945222717536,0.208050289700288
262,2017,4.40075272583976,0.207042824502103
263,2017,4.40218126508227,0.206015606734004
264,2017,4.40373747190451,0.204994448915988
265,2017,4.40542097330807,0.20400445171031
266,2017,4.40723139629455,0.203069591463884
267,2017,4.40916836786554,0.202212306487932
268,2017,4.41123151502265,0.201453089363004
269,2017,4.41342046476748,0.200810094998755
270,2017,4.41573484410162,0.200298776058695
271,2017,4.41817428002668,0.199931558426129
272,2017,4.42073839954425,0.199717569427295
273,2017,4.42342682965594,0.199662430421927
274,2017,4.42623919736334,0.199768123131922
275,2017,4.42917512966805,0.200032935868642
276,2017,4.43223425357167,0.200451491943376
277,2017,4.43541619607581,0.201014858411428
278,2017,4.43872058418205,0.201710729356235
279,2017,4.442147044892,0.202523674582889
280,2017,4.44569520520727,0.203435442181643
281,2017,4.44936469212944,0.20442530212458
282,2017,4.45315513266011,0.20547041790409
283,2017,4.45706615380089,0.206546234106446
284,2017,4.46109738255338,0.207626869536284
285,2017,4.46524844591918,0.208685507816982
286,2017,4.46951897089987,0.209694780034058
287,2017,4.47390858449707,0.210627136744067
288,2017,4.47841691371238,0.211455209378424
289,2017,4.48304358554738,0.212152163635726
290,2017,4.48778811790776,0.212692628103478
291,2017,4.49264807020917,0.21306308608825
292,2017,4.49761930782573,0.213261539342461
293,2017,4.50269764027447,0.213288923958421
294,2017,4.50787887707241,0.213148505822121
295,2017,4.51315882773658,0.21284560529105
296,2017,4.518533301784,0.21238735587307
297,2017,4.52399810873169,0.211782491462124
298,2017,4.52954905809667,0.211041157068897
299,2017,4.53518195939596,0.210174738384177
300,2017,4.54089262214659,0.209195705901481
301,2017,4.54667685586558,0.208117469691945
302,2017,4.55253047006996,0.206954241268485
303,2017,4.55844927427674,0.205720899305857
304,2017,4.56442907800294,0.204432856311758
305,2017,4.57046569076559,0.203105923688412
306,2017,4.57655492208172,0.201756173002763
307,2017,4.58269258146833,0.200399791714986
308,2017,4.58887447844247,0.199052932115802
309,2017,4.59509642252114,0.197731552804815
310,2017,4.60135422322138,0.196451252709139
311,2017,4.6076436900602,0.195227098388016
312,2017,4.61396063255462,0.194073446176464
313,2017,4.62030086022167,0.193003761556147
314,2017,4.62666018257838,0.192030438957086
315,2017,4.63303440914176,0.191164625929411
316,2017,4.63941934942883,0.190416056211818
317,2017,4.64581081295662,0.18979289659374
318,2017,4.65220460924215,0.18930161256051
319,2017,4.65859654780245,0.188946857482409
320,2017,4.66498243815453,0.188731389544173
321,2017,4.67135808981542,0.188656019729501
322,2017,4.67771931230213,0.188719593029064
323,2017,4.6840619151317,0.188919003715623
324,2017,4.69038170782115,0.189249244133718
325,2017,4.69667449988749,0.189703485100995
326,2017,4.70293610084775,0.190273184824752
327,2017,4.70916232021895,0.190948222292722
328,2017,4.71534896751812,0.191717050463362
329,2017,4.72149185226228,0.192566864285098
330,2017,4.72758678396844,0.193483778608454
331,2017,4.73362957215364,0.194453011382765
332,2017,4.73961602633489,0.195459068092694
333,2017,4.74554195602922,0.196485924120664
334,2017,4.75140317075365,0.197517202550261
335,2017,4.7571954800252,0.198536345790014
336,2017,4.76291469336089,0.199526780246184
337,2017,4.76855662027775,0.200472074071389
338,2017,4.77411707029279,0.201356088742156
339,2017,4.77959185292305,0.202163125865731
340,2017,4.78497677768554,0.202878071188638
341,2017,4.79026765409729,0.203486538289127
342,2017,4.79546029167532,0.203975014900872
343,2017,4.80055049993665,0.204331015256892
344,2017,4.80553408839829,0.204543242282444
345,2017,4.81040686657729,0.204601763923142
346,2017,4.81516464399065,0.204498208385952
347,2017,4.81979979739823,0.204228744068276
348,2017,4.82429097253117,0.203802419814488
349,2017,4.82861338236344,0.203232597347869
350,2017,4.83274223986902,0.202533954999827
351,2017,4.83665275802188,0.201722290307221
352,2017,4.84032014979598,0.200814333712448
353,2017,4.8437196281653,0.199827568446102
354,2017,4.84682640610381,0.198780052308748
355,2017,4.84961569658549,0.197690237715518
356,2017,4.8520627125843,0.196576787057624
357,2017,4.85414266707421,0.195458381198305
358,2017,4.8558307730292,0.19435351977999
359,2017,4.85710224342324,0.193280312986241
360,2017,4.85793229123029,0.192256265471967
361,2017,4.85829612942434,0.191298054324322
362,2017,4.85816897097935,0.190421304097891
363,2017,4.8575260288693,0.189640363111701
364,2017,4.85634251606815,0.188968086213356
365,2017,4.85459364554988,0.188415630006534
1,2018,4.83135586234767,0.205945722339692
2,2018,4.83622864052667,0.2060136085409
3,2018,4.84098641794003,0.205921428806433
4,2018,4.84562157134761,0.205665422648485
5,2018,4.85011274648055,0.205254610647204
6,2018,4.85443515631282,0.204702297059728
7,2018,4.8585640138184,0.204023096648534
8,2018,4.86247453197125,0.203232736261228
9,2018,4.86614192374535,0.202347867392721
10,2018,4.86954140211468,0.20138588489384
11,2018,4.87264818005319,0.200364747630292
12,2018,4.87543747053486,0.199302797548303
13,2018,4.87788448653367,0.198218574299238
14,2018,4.87996444102358,0.197130623342798
15,2018,4.88165254697858,0.196057296307799
16,2018,4.88292401737261,0.195016543350196
17,2018,4.88375406517967,0.19402569830364
18,2018,4.88411790337372,0.193101258542706
19,2018,4.88399074492873,0.192258662625604
20,2018,4.88334780281868,0.191512069882896
21,2018,4.88216429001753,0.190874147085143
22,2018,4.88041541949926,0.190355868058856
23,2018,4.87807640423783,0.189966332531973
24,2018,4.87512245720723,0.189712610498356
25,2018,4.87152879138142,0.189599617947443
26,2018,4.86727061973437,0.189630028905563
27,2018,4.86232315524006,0.189804227425254
28,2018,4.85666161087245,0.19012030153381
29,2018,4.85026119960552,0.190574079348473
30,2018,4.84309713441324,0.191159205743062
31,2018,4.83514462826958,0.191867256271816
32,2018,4.82637889414851,0.192687883663784
33,2018,4.81677514502401,0.193608991200613
34,2018,4.80630859387003,0.194616926739038
35,2018,4.79495445366057,0.195696691042714
36,2018,4.78268793736958,0.196832154406764
37,2018,4.76948425797105,0.198006276219312
38,2018,4.75531862843893,0.199201323014824
39,2018,4.74016626174721,0.200399081637157
40,2018,4.72400237086985,0.201581065256351
41,2018,4.70680216878083,0.202728711099193
42,2018,4.68854086845411,0.203823569806801
43,2018,4.66919368286367,0.204847487292196
44,2018,4.64873582498348,0.20578278082589
45,2018,4.62714250778751,0.206612411833381
46,2018,4.60438894424973,0.207320158562767
47,2018,4.58045034734412,0.207890792399283
48,2018,4.55530193004465,0.208310262196402
49,2018,4.52891890532528,0.208565891591412
50,2018,4.50127648615999,0.208646594905665
51,2018,4.47234988552275,0.208543117919246
52,2018,4.44211431638754,0.208248310569885
53,2018,4.41054638203781,0.207757749870343
54,2018,4.37766485123739,0.207079032953524
55,2018,4.34353724047698,0.206232662299041
56,2018,4.30823378169549,0.205241189915093
57,2018,4.27182470683188,0.204128289547474
58,2018,4.23438024782508,0.202918452958489
59,2018,4.19597063661403,0.201636688638101
60,2018,4.15666610513767,0.20030821676115
61,2018,4.11653688533493,0.198958155932316
62,2018,4.07565320914475,0.197611199142375
63,2018,4.03408530850607,0.196291278428429
64,2018,3.99190341535783,0.195021219977459
65,2018,3.94917776163896,0.193822393775157
66,2018,3.9059785792884,0.19271436426079
67,2018,3.86237610024509,0.191714550629555
68,2018,3.81844055644797,0.19083790721087
69,2018,3.77424217983598,0.190096635513828
70,2018,3.72985120234804,0.189499939861198
71,2018,3.68533785592311,0.189053837887032
72,2018,3.64077237250012,0.188761035509966
73,2018,3.59622498401799,0.188620873403612
74,2018,3.55176592241568,0.18862934868864
75,2018,3.50746541963213,0.188779211898474
76,2018,3.46339370760626,0.18906013561438
77,2018,3.41962101827701,0.189458947918643
78,2018,3.37621758358333,0.189959921308205
79,2018,3.33325363546415,0.190545106168009
80,2018,3.29079940585841,0.191194697413314
81,2018,3.24892512670504,0.19188742343279
82,2018,3.20770102994299,0.192600947854517
83,2018,3.16719734751118,0.193312276705296
84,2018,3.12748431134857,0.19399816600839
85,2018,3.08863215339408,0.194635527550304
86,2018,3.05071110558666,0.195201833269845
87,2018,3.01379139986523,0.195675521363594
88,2018,2.97794326816875,0.196036409698072
89,2018,2.94323694243614,0.196266124453074
90,2018,2.90974265460635,0.196348554106341
91,2018,2.87753063661831,0.196270340928488
92,2018,2.84667112041096,0.196021424092968
93,2018,2.81723433792323,0.195595650270979
94,2018,2.78929052109407,0.19499146903187
95,2018,2.76290945606632,0.194212912496271
96,2018,2.73813418121732,0.193280758006602
97,2018,2.71496627588788,0.192236513715068
98,2018,2.69340375305005,0.191124943321154
99,2018,2.67344462567592,0.189991551670226
100,2018,2.65508690673755,0.188881544271783
101,2018,2.63832860920701,0.187838756435964
102,2018,2.62316774605637,0.186904557866925
103,2018,2.60960233025769,0.186116752861581
104,2018,2.59763037478306,0.185508509934599
105,2018,2.58724989260454,0.185107365954966
106,2018,2.57845889669419,0.184934356714004
107,2018,2.57125540002409,0.185003326460105
108,2018,2.5656374155663,0.185320462344105
109,2018,2.5616029562929,0.185884086205496
110,2018,2.55915003517596,0.186684717417045
111,2018,2.55827666518754,0.187705399498552
112,2018,2.55898085929972,0.18892226334911
113,2018,2.56126063048455,0.190305284376818
114,2018,2.56511399171412,0.191819181650395
115,2018,2.57053895596049,0.193424405179324
116,2018,2.57753353619574,0.195078161912007
117,2018,2.58609574539192,0.196735440426831
118,2018,2.59622359652111,0.198350006574957
119,2018,2.60791510255539,0.199875355622744
120,2018,2.62116827646681,0.201265619305153
121,2018,2.63598113122745,0.202476437816733
122,2018,2.65235167980937,0.203465816897408
123,2018,2.67027793518466,0.20419499904104
124,2018,2.68975791032537,0.204629385988975
125,2018,2.71078906643334,0.204739854637886
126,2018,2.73333575849619,0.204521294913106
127,2018,2.75731102686955,0.204002328558765
128,2018,2.78262349774712,0.203218917155782
129,2018,2.80918179732262,0.202210889106214
130,2018,2.83689455178978,0.201020949381222
131,2018,2.8656703873423,0.199693746149287
132,2018,2.89541793017391,0.19827495819625
133,2018,2.92604580647832,0.196810376799063
134,2018,2.95746264244926,0.195344965911176
135,2018,2.98957706428043,0.193921895534478
136,2018,3.02229769816556,0.192581555005983
137,2018,3.05553317029837,0.191360565162716
138,2018,3.08919210687256,0.190290819996803
139,2018,3.12318313408186,0.18939859806299
140,2018,3.15741487811999,0.188703789922808
141,2018,3.19179596518066,0.188219288825665
142,2018,3.2262350214576,0.187950586758023
143,2018,3.26064067314451,0.187895607043086
144,2018,3.29492154643512,0.188044789109577
145,2018,3.32898626752314,0.188381423147075
146,2018,3.3627434626023,0.188882214957987
147,2018,3.3961017578663,0.189518047143993
148,2018,3.42896977950887,0.190254893865371
149,2018,3.46125615372372,0.191054843733634
150,2018,3.49286950670458,0.191877188746362
151,2018,3.52371846464515,0.192679545456845
152,2018,3.55371165373916,0.193418986226887
153,2018,3.58275770018033,0.194053171844025
154,2018,3.61076523016236,0.194541490703139
155,2018,3.63764286987898,0.194846223339164
156,2018,3.66329924552391,0.194933764015174
157,2018,3.68764517954637,0.194776593486553
158,2018,3.71065810270683,0.194373625118853
159,2018,3.73239245197419,0.193753188962019
160,2018,3.75290695387885,0.192950105084636
161,2018,3.77226033495122,0.192003011803679
162,2018,3.7905113217217,0.190953067953571
163,2018,3.80771864072069,0.189842715186683
164,2018,3.82394101847861,0.188714471066383
165,2018,3.83923718152585,0.187609737778372
166,2018,3.85366585639282,0.186567625864763
167,2018,3.86728576960993,0.185623806943968
168,2018,3.88015564770758,0.184809422883892
169,2018,3.89233421721617,0.184150089874772
170,2018,3.90388020466612,0.183665042633423
171,2018,3.91485233658782,0.183366465099075
172,2018,3.92530933951168,0.183259048663147
173,2018,3.9353099399681,0.183339807489061
174,2018,3.9449128644875,0.1835981643169
175,2018,3.95417683960027,0.184016301825545
176,2018,3.96316059183682,0.184569757158155
177,2018,3.97192284772755,0.18522822343829
178,2018,3.98052233380288,0.185956514039006
179,2018,3.9890177765932,0.186715643874093
180,2018,3.99746790262892,0.187463986743554
181,2018,4.00593143844045,0.188158477594183
182,2018,4.01446711055818,0.188755841844511
183,2018,4.02313364551252,0.18921384910388
184,2018,4.03198976983389,0.189492604483559
185,2018,4.04109421005268,0.189555906555815
186,2018,4.05050567255992,0.189372727057582
187,2018,4.06026280491982,0.188929182161632
188,2018,4.07034655536046,0.188248966453617
189,2018,4.08072756074516,0.187367975268817
190,2018,4.0913764579372,0.186327553175915
191,2018,4.10226388379989,0.185173166615781
192,2018,4.11336047519653,0.183953129160812
193,2018,4.12463686899042,0.182717331617588
194,2018,4.13606370204487,0.181515943801308
195,2018,4.14761161122317,0.180398071800744
196,2018,4.15925123338862,0.179410373982987
197,2018,4.17095320540453,0.178595660062294
198,2018,4.18268816413421,0.177991518400029
199,2018,4.19442674644093,0.177629034412404
200,2018,4.20613958918802,0.177531674076854
201,2018,4.21779732923877,0.177714407888108
202,2018,4.22937060345649,0.178183140445396
203,2018,4.24083004870446,0.178934489661761
204,2018,4.25214630184601,0.179955930468294
205,2018,4.26328999974441,0.181226285958627
206,2018,4.27423177926299,0.182716520022711
207,2018,4.28494227726504,0.184390764638025
208,2018,4.29539213061385,0.186207505004009
209,2018,4.30555197617273,0.188120846928529
210,2018,4.31539245080499,0.190081801399121
211,2018,4.32488419137392,0.192039537905871
212,2018,4.33399783474282,0.193942577405208
213,2018,4.342704017775,0.195739914996182
214,2018,4.35097337733376,0.197382079612168
215,2018,4.3587765502824,0.198822152565345
216,2018,4.36608417348421,0.200016778735185
217,2018,4.37286928686803,0.200929374321166
218,2018,4.37913286599943,0.201554272003332
219,2018,4.38489390943543,0.201908415913813
220,2018,4.39017171611622,0.202014552018569
221,2018,4.39498558498203,0.201899891838375
222,2018,4.39935481497307,0.201595180040366
223,2018,4.40329870502953,0.201133856052269
224,2018,4.40683655409163,0.200551275499169
225,2018,4.40998766109959,0.199883964536945
226,2018,4.41277132499359,0.19916888718437
227,2018,4.41520684471387,0.198442712804678
228,2018,4.41731351920061,0.197741078125028
229,2018,4.41911064739405,0.197097845606881
230,2018,4.42061752823437,0.196544367372816
231,2018,4.4218534606618,0.196108770806326
232,2018,4.42283774361653,0.19581528772684
233,2018,4.42358967603879,0.19568365295888
234,2018,4.42412855686877,0.195728599468073
235,2018,4.42447368504669,0.195959475562902
236,2018,4.42464435951275,0.196380004888174
237,2018,4.42465987920716,0.196988202481339
238,2018,4.42453954307014,0.19777645091631
239,2018,4.42430265004189,0.198731730745965
240,2018,4.42396849906262,0.199835990402129
241,2018,4.42355638907254,0.201066633591338
242,2018,4.42308561901186,0.202397097834064
243,2018,4.42257548782078,0.203797496446485
244,2018,4.42204529443952,0.20523529779296
245,2018,4.42151433780829,0.206676019515283
246,2018,4.42100191686728,0.208083920946649
247,2018,4.42052733055672,0.209422683295448
248,2018,4.42010987781681,0.210656073799765
249,2018,4.41976885758776,0.211748596462917
250,2018,4.41952356880977,0.212666137954423
251,2018,4.41939330592559,0.213376629914261
252,2018,4.41939288389674,0.213857924000658
253,2018,4.41952423243001,0.214112337971171
254,2018,4.41978697852701,0.214150098829303
255,2018,4.42018074918934,0.213985076376567
256,2018,4.4207051714186,0.213634202915029
257,2018,4.42135987221638,0.213116960426697
258,2018,4.42214447858428,0.21245491803489
259,2018,4.42305861752391,0.211671304858973
260,2018,4.42410191603686,0.210790605595768
261,2018,4.42527400112474,0.209838168334697
262,2018,4.42657449978913,0.208839816304713
263,2018,4.42800303903165,0.207821457529237
264,2018,4.42955924585389,0.20680868878487
265,2018,4.43124274725744,0.205826392841292
266,2018,4.43305317024392,0.204898330675896
267,2018,4.43499014181492,0.204046733120136
268,2018,4.43705328897203,0.203291899055637
269,2018,4.43924223871685,0.202651809631269
270,2018,4.441556618051,0.202141769777195
271,2018,4.44399605397606,0.20177408930666
272,2018,4.44656017349363,0.20155781592121
273,2018,4.44924860360532,0.201498531358646
274,2018,4.45206097131272,0.201598219758612
275,2018,4.45499690361743,0.201855214225162
276,2018,4.45805602752105,0.202264223830192
277,2018,4.46123797002519,0.202816439315215
278,2018,4.46454235813143,0.203499711939303
279,2018,4.46796881884138,0.204298796687407
280,2018,4.47151697915664,0.205195648704876
281,2018,4.47518646607881,0.20616976053997
282,2018,4.47897690660949,0.207198527591479
283,2018,4.48288792775027,0.208257629979243
284,2018,4.48691915650276,0.209321420692882
285,2018,4.49107021986855,0.210363312090609
286,2018,4.49534074484925,0.211356155373109
287,2018,4.49973035844645,0.212272610335551
288,2018,4.50423868766175,0.213085505346236
289,2018,4.50886535949676,0.213768190019618
290,2018,4.51360989185714,0.214295459551516
291,2018,4.51846984415854,0.214653876084321
292,2018,4.5234410817751,0.214841440367045
293,2018,4.52851941422385,0.214859071246894
294,2018,4.53370065102179,0.214710006043018
295,2018,4.53898060168596,0.214399527361794
296,2018,4.54435507573338,0.213934723347282
297,2018,4.54981988268106,0.213324276038952
298,2018,4.55537083204604,0.212578272874217
299,2018,4.56100373334534,0.211708036758886
300,2018,4.56671439609597,0.210725970506222
301,2018,4.57249862981496,0.209645411803305
302,2018,4.57835224401933,0.208480495201264
303,2018,4.58427104822611,0.207246017951246
304,2018,4.59025085195232,0.205957306833391
305,2018,4.59628746471497,0.204630083467744
306,2018,4.60237669603109,0.203280325971832
307,2018,4.60851435541771,0.201924125257256
308,2018,4.61469625239185,0.20057753475258
309,2018,4.62091819647052,0.19925641291309
310,2018,4.62717599717076,0.197976258533434
311,2018,4.63346546400957,0.196752039610525
312,2018,4.639782406504,0.195598017293081
313,2018,4.64612263417105,0.194527567268449
314,2018,4.65248195652776,0.193553001730573
315,2018,4.65885618309113,0.192685395787119
316,2018,4.66524112337821,0.191934422732785
317,2018,4.671632586906,0.191308202973415
318,2018,4.67802638319153,0.190813171473155
319,2018,4.68441832175182,0.190453968373663
320,2018,4.6908042121039,0.190233356885849
321,2018,4.69717986376479,0.19015217169832
322,2018,4.70354108625151,0.190209300034319
323,2018,4.70988368908108,0.190401696202387
324,2018,4.71620348177052,0.190724429128699
325,2018,4.72249627383687,0.191170761043878
326,2018,4.72875787479713,0.191732254331546
327,2018,4.73498409416833,0.192398902619175
328,2018,4.7411707414675,0.193159281564849
329,2018,4.74731362621166,0.194000714493557
330,2018,4.75340855791782,0.194909448057677
331,2018,4.75945134610302,0.19587083340381
332,2018,4.76543780028427,0.196869508867418
333,2018,4.7713637299786,0.197889580922246
334,2018,4.77722494470303,0.198914800916283
335,2018,4.78301725397457,0.19992873596925
336,2018,4.78873646731027,0.200914933238511
337,2018,4.79437839422712,0.201857077545559
338,2018,4.79993884424217,0.202739143072409
339,2018,4.80541362687243,0.203545540478748
340,2018,4.81079855163492,0.204261261359435
341,2018,4.81608942804667,0.20487202246948
342,2018,4.8212820656247,0.205364412606861
343,2018,4.82637227388602,0.205726045482279
344,2018,4.83135586234767,0.205945722339692
345,2018,4.83622864052667,0.2060136085409
346,2018,4.84098641794003,0.205921428806433
347,2018,4.84562157134761,0.205665422648485
348,2018,4.85011274648055,0.205254610647204
349,2018,4.85443515631282,0.204702297059728
350,2018,4.8585640138184,0.204023096648534
351,2018,4.86247453197125,0.203232736261228
352,2018,4.86614192374535,0.202347867392721
353,2018,4.86954140211468,0.20138588489384
354,2018,4.87264818005319,0.200364747630292
355,2018,4.87543747053486,0.199302797548303
356,2018,4.87788448653367,0.198218574299238
357,2018,4.87996444102358,0.197130623342798
358,2018,4.88165254697858,0.196057296307799
359,2018,4.88292401737261,0.195016543350196
360,2018,4.88375406517967,0.19402569830364
361,2018,4.88411790337372,0.193101258542706
362,2018,4.88399074492873,0.192258662625604
363,2018,4.88334780281868,0.191512069882896
364,2018,4.88216429001753,0.190874147085143
365,2018,4.88041541949926,0.190355868058856
1,2019,4.88162013608719,0.204666417303954
2,2019,4.88649291426619,0.204733542323037
3,2019,4.89125069167955,0.204639874240675
4,2019,4.89588584508713,0.204381642021898
5,2019,4.90037702022007,0.20396794238169
6,2019,4.90469943005234,0.203412183257301
7,2019,4.90882828755792,0.202729090924392
8,2019,4.91273880571077,0.201934511621556
9,2019,4.91640619748487,0.20104522414469
10,2019,4.9198056758542,0.200078758494649
11,2019,4.92291245379271,0.199053216305388
12,2019,4.92570174427438,0.197987089436564
13,2019,4.92814876027319,0.196899073816688
14,2019,4.93022871476311,0.195807876399819
15,2019,4.9319168207181,0.194732013972405
16,2019,4.93318829111213,0.193689603527509
17,2019,4.93401833891919,0.192698145005352
18,2019,4.93438217711324,0.191774298355743
19,2019,4.93425501866825,0.190933658060618
20,2019,4.9336120765582,0.19019052939232
21,2019,4.93242856375705,0.189557711685108
22,2019,4.93067969323878,0.189046294662784
23,2019,4.92834067797735,0.188665474294831
24,2019,4.92538673094675,0.188422394663985
25,2019,4.92179306512094,0.188322021869244
26,2019,4.91753489347389,0.188367055054687
27,2019,4.91258742897958,0.188557878294361
28,2019,4.90692588461197,0.188892555377131
29,2019,4.90052547334504,0.189366867665806
30,2019,4.89336140815276,0.189974393319598
31,2019,4.8854089020091,0.190706624437551
32,2019,4.87664316788803,0.191553117251506
33,2019,4.86703941876353,0.192501669479063
34,2019,4.85657286760955,0.19353851839688
35,2019,4.84521872740009,0.194648553116494
36,2019,4.8329522111091,0.195815534894797
37,2019,4.81974853171057,0.19702232001127
38,2019,4.80558290217845,0.198251080696247
39,2019,4.79043053548673,0.199483520697405
40,2019,4.77426664460937,0.200701083232555
41,2019,4.75706644252035,0.201885150220357
42,2019,4.73880514219363,0.203017232753496
43,2019,4.71945795660319,0.204079153750489
44,2019,4.699000098723,0.205053224582267
45,2019,4.67740678152703,0.205922418224701
46,2019,4.65465321798925,0.206670542156985
47,2019,4.63071462108364,0.207282414835125
48,2019,4.60556620378417,0.207744050150379
49,2019,4.5791831790648,0.208042854865592
50,2019,4.55154075989951,0.208167844636483
51,2019,4.52261415926227,0.208109884892206
52,2019,4.49237859012706,0.207861963581916
53,2019,4.46081065577733,0.20741981234349
54,2019,4.42792912497691,0.206791147533392
55,2019,4.3938015142165,0.205996532132146
56,2019,4.35849805543501,0.205058564978385
57,2019,4.3220889805714,0.204000952284057
58,2019,4.2846445215646,0.202848200153339
59,2019,4.24623491035355,0.201625309593128
60,2019,4.20693037887719,0.200357467926077
61,2019,4.16680115907445,0.199069732294099
62,2019,4.12591748288427,0.197786702866431
63,2019,4.08434958224559,0.196532185469848
64,2019,4.04216768909735,0.195328845623574
65,2019,3.99944203537848,0.194197858319453
66,2019,3.95624285302792,0.193158560213561
67,2019,3.91264037398461,0.192228113010896
68,2019,3.86870483018749,0.191421188515126
69,2019,3.8245064535755,0.190749686856198
70,2019,3.78011547608756,0.190222499603337
71,2019,3.73560212966263,0.189845328692246
72,2019,3.69103664623963,0.189620570322044
73,2019,3.64648925775751,0.189547270316409
74,2019,3.6020301961552,0.189621154129033
75,2019,3.55772969337165,0.189834731040846
76,2019,3.51365798134577,0.190177468533248
77,2019,3.46988529201653,0.190636029706832
78,2019,3.42648185732285,0.191194564260901
79,2019,3.38351790920367,0.191835042156799
80,2019,3.34106367959792,0.192537618728068
81,2019,3.29918940044456,0.19328102061869
82,2019,3.2579653036825,0.19404294337524
83,2019,3.2174616212507,0.194800453580055
84,2019,3.17774858508809,0.195530390864063
85,2019,3.1388964271336,0.196209767772678
86,2019,3.10097537932618,0.196816168111679
87,2019,3.06405567360475,0.197328146962189
88,2019,3.02820754190827,0.19772563796811
89,2019,2.99350121617566,0.197990375753151
90,2019,2.96000692834587,0.198106343433332
91,2019,2.92779491035783,0.19806025717731
92,2019,2.89693539415048,0.197842101635647
93,2019,2.86749861166275,0.197445731765299
94,2019,2.83955479483359,0.196869557978738
95,2019,2.81317372980584,0.196117513532097
96,2019,2.78839845495684,0.195210198759441
97,2019,2.7652305496274,0.194188868693195
98,2019,2.74366802678957,0.19309798175192
99,2019,2.72370889941544,0.191982698134995
100,2019,2.70535118047707,0.190887853684052
101,2019,2.68859288294653,0.189856906370662
102,2019,2.67343201979588,0.188930861073742
103,2019,2.65986660399721,0.188147192071026
104,2019,2.64789464852258,0.187538795761151
105,2019,2.63751416634405,0.187133016891222
106,2019,2.62872317043371,0.18695079809472
107,2019,2.62151967376361,0.187006003171964
108,2019,2.61590168930582,0.187304958343762
109,2019,2.61186723003242,0.187846242935967
110,2019,2.60941430891548,0.188620743209006
111,2019,2.60854093892706,0.189611963043135
112,2019,2.60924513303923,0.1907965661585
113,2019,2.61152490422407,0.192145109472802
114,2019,2.61537826545364,0.19362291813414
115,2019,2.62080322970001,0.195191050466161
116,2019,2.62779780993526,0.196807305002257
117,2019,2.63636001913144,0.198427230512513
118,2019,2.64648787026063,0.200005111572096
119,2019,2.65817937629491,0.201494914984251
120,2019,2.67143255020633,0.202851194868042
121,2019,2.68624540496697,0.204029965627649
122,2019,2.70261595354889,0.20498956206951
123,2019,2.72054220892418,0.205691514805745
124,2019,2.74002218406489,0.206101477253106
125,2019,2.76105334017285,0.206190542572277
126,2019,2.78360003223571,0.20595361203754
127,2019,2.80757530060907,0.205419031798797
128,2019,2.83288777148664,0.204622462154112
129,2019,2.85944607106214,0.203603429153703
130,2019,2.8871588255293,0.202404334228824
131,2019,2.91593466108182,0.201069520697099
132,2019,2.94568220391343,0.199644361657814
133,2019,2.97631008021784,0.198174343411257
134,2019,3.00772691618878,0.196704128603956
135,2019,3.03984133801995,0.195276594166929
136,2019,3.07256197190508,0.193931850778176
137,2019,3.10579744403788,0.192706262589244
138,2019,3.13945638061208,0.191631497357768
139,2019,3.17344740782138,0.190733646547102
140,2019,3.20767915185951,0.190032460808554
141,2019,3.24206023892018,0.189540747122456
142,2019,3.27649929519712,0.189263968896176
143,2019,3.31090494688403,0.189200079610045
144,2019,3.34518582017464,0.189339605396985
145,2019,3.37925054126266,0.189665974450203
146,2019,3.41300773634182,0.190156074124398
147,2019,3.44636603160582,0.190781002696565
148,2019,3.47923405324839,0.191506973974156
149,2019,3.51152042746324,0.192296330222354
150,2019,3.5431337804441,0.193108622060983
151,2019,3.57398273838467,0.193901722013527
152,2019,3.60397592747868,0.194632949765807
153,2019,3.63302197391984,0.195260200358508
154,2019,3.66102950390188,0.195743080229142
155,2019,3.6879071436185,0.196044069422292
156,2019,3.71356351926343,0.196129741053733
157,2019,3.73790945328589,0.195972725644649
158,2019,3.76092237644635,0.195571885129864
159,2019,3.78265672571371,0.194955268655763
160,2019,3.80317122761837,0.19415737825417
161,2019,3.82252460869074,0.193216510195795
162,2019,3.84077559546122,0.192173459240086
163,2019,3.85798291446021,0.191070283816026
164,2019,3.87420529221813,0.189949103534489
165,2019,3.88950145526537,0.188850914285974
166,2019,3.90393013013234,0.187814420492944
167,2019,3.91755004334945,0.18687489832485
168,2019,3.9304199214471,0.186063116831337
169,2019,3.94259849095569,0.185404354578309
170,2019,3.95414447840564,0.184917555879433
171,2019,3.96511661032734,0.184614671708137
172,2019,3.9755736132512,0.184500225116485
173,2019,3.98557421370762,0.184571129769985
174,2019,3.99517713822702,0.184816774489326
175,2019,4.00444111333979,0.185219368902882
176,2019,4.01342486557634,0.185754528365768
177,2019,4.02218712146707,0.186392062922637
178,2019,4.0307866075424,0.187096927239222
179,2019,4.03928205033272,0.187830286941506
180,2019,4.04773217636844,0.188550661395164
181,2019,4.05619571217996,0.189215112502101
182,2019,4.0647313842977,0.189780462051152
183,2019,4.07339791925204,0.190204535031372
184,2019,4.08225404357341,0.190447441939635
185,2019,4.0913584837922,0.190472928816763
186,2019,4.10076994629944,0.190249849760903
187,2019,4.11052707865934,0.189764160743074
188,2019,4.12061082909998,0.189039423358487
189,2019,4.13099183448468,0.188111392686013
190,2019,4.14164073167672,0.187021269227216
191,2019,4.15252815753941,0.185814387299269
192,2019,4.16362474893605,0.184538955967235
193,2019,4.17490114272994,0.18324480473734
194,2019,4.18632797578439,0.181982100398237
195,2019,4.19787588496269,0.180800017944361
196,2019,4.20951550712814,0.179745367561345
197,2019,4.22121747914405,0.178861200490975
198,2019,4.23295243787373,0.178185437445796
199,2019,4.24469102018045,0.177749581290393
200,2019,4.25640386292754,0.177577587503391
201,2019,4.26806160297829,0.177684968246771
202,2019,4.27963487719601,0.178078196743639
203,2019,4.29109432244398,0.178754458368969
204,2019,4.30241057558553,0.179701766249625
205,2019,4.31355427348393,0.180899427226688
206,2019,4.32449605300251,0.182318814599565
207,2019,4.33520655100456,0.183924382280434
208,2019,4.34565640435337,0.185674843957723
209,2019,4.35581624991225,0.187524441144638
210,2019,4.36565672454451,0.189424233839538
211,2019,4.37514846511344,0.191323363828148
212,2019,4.38426210848234,0.19317025996767
213,2019,4.39296829151452,0.19491377419916
214,2019,4.40123765107328,0.19650425462598
215,2019,4.40904082402192,0.197894576939771
216,2019,4.41634844722373,0.199041167829362
217,2019,4.42313356060755,0.199907223954651
218,2019,4.42939713973895,0.200486871093242
219,2019,4.43515818317495,0.200796893932408
220,2019,4.44043598985574,0.200859936537388
221,2019,4.44524985872155,0.200703162929101
222,2019,4.44961908871259,0.200357321683539
223,2019,4.45356297876905,0.199855904598602
224,2019,4.45710082783115,0.199234364900027
225,2019,4.46025193483911,0.198529367693177
226,2019,4.46303559873311,0.197778052395586
227,2019,4.46547111845339,0.197017293978351
228,2019,4.46757779294014,0.196282957177036
229,2019,4.46937492113357,0.195609145406275
230,2019,4.47088180197389,0.195027453703453
231,2019,4.47211773440132,0.194566242170743
232,2019,4.47310201735605,0.194249952409004
233,2019,4.47385394977831,0.194098493558514
234,2019,4.47439283060829,0.194126726042671
235,2019,4.47473795878621,0.194344069449434
236,2019,4.47490863325227,0.19475425609001
237,2019,4.47492415294668,0.195355244068932
238,2019,4.47480381680966,0.196139294109315
239,2019,4.47456692378141,0.197093204183609
240,2019,4.47423277280214,0.198198686596873
241,2019,4.47382066281206,0.199432864785114
242,2019,4.47334989275138,0.200768862559727
243,2019,4.4728397615603,0.202176457171243
244,2019,4.47230956817904,0.203622769199838
245,2019,4.47177861154781,0.205072966342603
246,2019,4.4712661906068,0.206490963892655
247,2019,4.47079160429624,0.207840111306495
248,2019,4.47037415155633,0.209083861070099
249,2019,4.47003313132728,0.210186422641661
250,2019,4.46978784254929,0.211113410338211
251,2019,4.46965757966511,0.211832506821069
252,2019,4.46965715763626,0.212321394031473
253,2019,4.46978850616953,0.212582403917429
254,2019,4.47005125226653,0.212625829191376
255,2019,4.47044502292886,0.212465624329276
256,2019,4.47096944515812,0.21211882203031
257,2019,4.4716241459559,0.211605017992593
258,2019,4.4724087523238,0.210945906506083
259,2019,4.47332289126343,0.210164851717789
260,2019,4.47436618977638,0.209286481685371
261,2019,4.47553827486426,0.208336294542878
262,2019,4.47683877352865,0.207340268325971
263,2019,4.47826731277117,0.206324468317214
264,2019,4.47982351959341,0.205314648232197
265,2019,4.48150702099696,0.204335844197264
266,2019,4.48331744398344,0.203411963241909
267,2019,4.48525441555444,0.202565370854697
268,2019,4.48731756271155,0.201816484876503
269,2019,4.48950651245637,0.201183385416759
270,2019,4.49182089179052,0.200681452328361
271,2019,4.49426032771558,0.200323042814365
272,2019,4.49682444723315,0.200117221757806
273,2019,4.49951287734484,0.200069556249618
274,2019,4.50232524505224,0.200181983553665
275,2019,4.50526117735695,0.20045275855606
276,2019,4.50832030126057,0.200876482901734
277,2019,4.51150224376471,0.201444213928079
278,2019,4.51480663187095,0.20214364760607
279,2019,4.5182330925809,0.202959366404387
280,2019,4.52178125289616,0.20387314061744
281,2019,4.52545073981833,0.204864270423291
282,2019,4.52924118034901,0.205909955792264
283,2019,4.53315220148979,0.206985682248479
284,2019,4.53718343024228,0.20806561219561
285,2019,4.54133449360807,0.209122973807184
286,2019,4.54560501858877,0.210130442100206
287,2019,4.54999463218597,0.211060509542381
288,2019,4.55450296140127,0.21188584622824
289,2019,4.55912963323628,0.212579652205003
290,2019,4.56387416559666,0.213116585559041
291,2019,4.56873411789806,0.213483159900761
292,2019,4.57370535551462,0.213677405964584
293,2019,4.57878368796337,0.213700282099756
294,2019,4.58396492476131,0.213555070595277
295,2019,4.58924487542548,0.213247103300513
296,2019,4.5946193494729,0.212783521127201
297,2019,4.60008415642058,0.212173062010242
298,2019,4.60563510578556,0.211425872286213
299,2019,4.61126800708486,0.210553336846747
300,2019,4.61697866983549,0.209567923810871
301,2019,4.62276290355448,0.208483039824765
302,2019,4.62861651775885,0.207312892439144
303,2019,4.63453532196563,0.206072356341618
304,2019,4.64051512569184,0.204776840547159
305,2019,4.64655173845449,0.203442153991052
306,2019,4.65264096977061,0.202084367343899
307,2019,4.65877862915723,0.200719669295963
308,2019,4.66496052613137,0.199364216054673
309,2019,4.67118247021004,0.198033973376337
310,2019,4.67744027091028,0.19674455111565
311,2019,4.68372973774909,0.195511031018848
312,2019,4.69004668024352,0.194347789290291
313,2019,4.69638690791057,0.193268316295259
314,2019,4.70274623026728,0.192285036576903
315,2019,4.70912045683065,0.191409133102799
316,2019,4.71550539711773,0.19065038024859
317,2019,4.72189686064552,0.190016990403644
318,2019,4.72829065693105,0.189515479185367
319,2019,4.73468259549134,0.189150554031504
320,2019,4.74106848584342,0.188925030387082
321,2019,4.74744413750431,0.188839778831736
322,2019,4.75380535999103,0.188893705356338
323,2019,4.7601479628206,0.189083765679174
324,2019,4.76646775551004,0.1894050130983
325,2019,4.77276054757639,0.189850678024712
326,2019,4.77902214853665,0.190412276142143
327,2019,4.78524836790785,0.191079741186253
328,2019,4.79143501520702,0.191841577691749
329,2019,4.79757789995118,0.192685028748861
330,2019,4.80367283165734,0.193596253834199
331,2019,4.80971561984254,0.194560512099243
332,2019,4.81570207402379,0.195562347055831
333,2019,4.82162800371812,0.196585769323825
334,2019,4.82748921844255,0.197614434932408
335,2019,4.83328152771409,0.198631817530339
336,2019,4.83900074104979,0.19962137371087
337,2019,4.84464266796664,0.20056670145762
338,2019,4.85020311798169,0.201451692447022
339,2019,4.85567790061195,0.202260679593345
340,2019,4.86106282537444,0.202978581797407
341,2019,4.86635370178619,0.203591048372025
342,2019,4.87154633936422,0.204084606083688
343,2019,4.87663654762554,0.204446812191683
344,2019,4.88162013608719,0.204666417303954
345,2019,4.88649291426619,0.204733542323037
346,2019,4.89125069167955,0.204639874240674
347,2019,4.89588584508713,0.204381642021898
348,2019,4.90037702022007,0.20396794238169
349,2019,4.90469943005234,0.203412183257301
350,2019,4.90882828755792,0.202729090924392
351,2019,4.91273880571077,0.201934511621556
352,2019,4.91640619748487,0.20104522414469
353,2019,4.9198056758542,0.200078758494649
354,2019,4.92291245379271,0.199053216305388
355,2019,4.92570174427438,0.197987089436564
356,2019,4.92814876027319,0.196899073816688
357,2019,4.93022871476311,0.195807876399819
358,2019,4.9319168207181,0.194732013972405
359,2019,4.93318829111213,0.193689603527509
360,2019,4.93401833891919,0.192698145005352
361,2019,4.93438217711324,0.191774298355743
362,2019,4.93425501866825,0.190933658060618
363,2019,4.9336120765582,0.19019052939232
364,2019,4.93242856375705,0.189557711685108
365,2019,4.93067969323878,0.189046294662784
1,2020,4.95663636397734,0.200239991282252
2,2020,4.96150914215634,0.200276204741215
3,2020,4.9662669195697,0.200146739034255
4,2020,4.97090207297728,0.199847657936079
5,2020,4.97539324811022,0.199388242262483
6,2020,4.97971565794249,0.198782191328098
7,2020,4.98384451544807,0.198044550054477
8,2020,4.98775503360092,0.197191513448434
9,2020,4.99142242537503,0.196240242199639
10,2020,4.99482190374435,0.195208684185184
11,2020,4.99792868168286,0.194115397303663
12,2020,5.00071797216454,0.192979369705945
13,2020,5.00316498816334,0.191819834183066
14,2020,5.00524494265326,0.190656074249842
15,2020,5.00693304860825,0.189507220355313
16,2020,5.00820451900229,0.18839203567552
17,2020,5.00903456680934,0.187328692100205
18,2020,5.00939840500339,0.186334538290191
19,2020,5.0092712465584,0.18542586300664
20,2020,5.00862830444835,0.184617658219884
21,2020,5.0074447916472,0.183923387691484
22,2020,5.00569592112893,0.183354767669759
23,2020,5.00335690586751,0.182921566924475
24,2020,5.0004029588369,0.182631433464082
25,2020,4.99680929301109,0.182489754857593
26,2020,4.99255112136404,0.182499558104034
27,2020,4.98760365686973,0.182661453500681
28,2020,4.98194211250212,0.182973625067146
29,2020,4.97554170123519,0.183431867950587
30,2020,4.96837763604291,0.184029671066028
31,2020,4.96042512989925,0.184758341218688
32,2020,4.95165939577818,0.18560716329261
33,2020,4.94205564665368,0.186563589904277
34,2020,4.93158909549971,0.18761345328153
35,2020,4.92023495529024,0.188741192041501
36,2020,4.90796843899926,0.18993008595321
37,2020,4.89476475960072,0.191162492585616
38,2020,4.8805991300686,0.19242008084193
39,2020,4.86544676337688,0.193684057644327
40,2020,4.84928287249952,0.1949353853496
41,2020,4.8320826704105,0.196154988758337
42,2020,4.81382137008378,0.197323951767016
43,2020,4.79447418449334,0.198423704770917
44,2020,4.77401632661315,0.19943620484674
45,2020,4.75242300941718,0.200344111537675
46,2020,4.72966944587941,0.201130961754111
47,2020,4.7057308489738,0.201781347922789
48,2020,4.68058243167432,0.202281104101795
49,2020,4.65419940695495,0.202617505364404
50,2020,4.62655698778966,0.202779486373443
51,2020,4.59763038715243,0.202757885744373
52,2020,4.56739481801721,0.202545723542357
53,2020,4.53582688366749,0.202138832189971
54,2020,4.50294535286707,0.201545198442777
55,2020,4.46881774210665,0.200785819031709
56,2020,4.43351428332516,0.199883762306256
57,2020,4.39710520846155,0.198863227076258
58,2020,4.35966074945475,0.197749228844548
59,2020,4.3212511382437,0.196567287603929
60,2020,4.28194660676734,0.195343110764996
61,2020,4.2418173869646,0.194102266683463
62,2020,4.20093371077442,0.192869846331279
63,2020,4.15936581013574,0.191670112935547
64,2020,4.1171839169875,0.190526141873802
65,2020,4.07445826326863,0.189459455683389
66,2020,4.03125908091807,0.188489661571255
67,2020,3.98765660187477,0.187634101093732
68,2020,3.94372105807765,0.186907523468341
69,2020,3.89952268146565,0.186321795028381
70,2020,3.85513170397772,0.185885657419432
71,2020,3.81061835755278,0.185604546133261
72,2020,3.76605287412979,0.185480478873016
73,2020,3.72150548564767,0.185512020186337
74,2020,3.67704642404536,0.185694325075382
75,2020,3.6327459212618,0.186019260287001
76,2020,3.58867420923593,0.186475598142239
77,2020,3.54490151990668,0.187049274497386
78,2020,3.501498085213,0.187723700065127
79,2020,3.45853413709382,0.188480113055227
80,2020,3.41607990748808,0.18929796096056
81,2020,3.37420562833471,0.190155300220725
82,2020,3.33298153157266,0.191029204246269
83,2020,3.29247784914085,0.191896172633912
84,2020,3.25276481297824,0.192732537093266
85,2020,3.21391265502375,0.193514862416928
86,2020,3.17599160721633,0.194220343591344
87,2020,3.13907190149491,0.194827202762064
88,2020,3.10322376979842,0.195315092189689
89,2020,3.06851744406582,0.195665511564169
90,2020,3.03502315623602,0.195862250115579
91,2020,3.00281113824798,0.195891865905025
92,2020,2.97195162204063,0.195744216515279
93,2020,2.94251483955291,0.195413057049454
94,2020,2.91457102272375,0.194896722754031
95,2020,2.888189957696,0.194199099269495
96,2020,2.863414682847,0.193340978748864
97,2020,2.84024677751755,0.192364136032946
98,2020,2.81868425467973,0.191313546692464
99,2020,2.79872512730559,0.19023485620932
100,2020,2.78036740836722,0.189173353664078
101,2020,2.76360911083668,0.188172916653095
102,2020,2.74844824768604,0.187274933068327
103,2020,2.73488283188737,0.18651721938798
104,2020,2.72291087641273,0.185932968463028
105,2020,2.71253039423421,0.185549770746526
106,2020,2.70373939832386,0.18538875956257
107,2020,2.69653590165376,0.18546393163626
108,2020,2.69091791719598,0.185781687758697
109,2020,2.68688345792258,0.186340625412044
110,2020,2.68443053680563,0.187131597077115
111,2020,2.68355716681721,0.1881380275744
112,2020,2.68426136092939,0.189336464457621
113,2020,2.68654113211423,0.190697320229834
114,2020,2.6903944933438,0.192185756065318
115,2020,2.69581945759017,0.193762654535498
116,2020,2.70281403782541,0.195385632986262
117,2020,2.71137624702159,0.19701005819049
118,2020,2.72150409815079,0.198590034784876
119,2020,2.73319560418506,0.200079352963157
120,2020,2.74644877809648,0.201432393538994
121,2020,2.76126163285712,0.202604999993056
122,2020,2.77763218143905,0.203555337230612
123,2020,2.79555843681433,0.204244765702176
124,2020,2.81503841195504,0.204638767783693
125,2020,2.83606956806301,0.20470826787007
126,2020,2.85861626012586,0.204448146658917
127,2020,2.88259152849922,0.203886969302129
128,2020,2.90790399937679,0.203060659028228
129,2020,2.93446229895229,0.202009034130701
130,2020,2.96217505341945,0.200774822438338
131,2020,2.99095088897197,0.199402732262322
132,2020,3.02069843180358,0.197938543497602
133,2020,3.051326308108,0.196428192172654
134,2020,3.08274314407893,0.194916831839486
135,2020,3.1148575659101,0.193447866169414
136,2020,3.14757819979523,0.192061959008649
137,2020,3.18081367192804,0.190796040517003
138,2020,3.21447260850223,0.189682339902247
139,2020,3.24846363571153,0.188747485246278
140,2020,3.28269537974966,0.188011717325433
141,2020,3.31707646681034,0.187488265610708
142,2020,3.35151552308727,0.187182929834283
143,2020,3.38592117477418,0.187093899659614
144,2020,3.42020204806479,0.187211829317939
145,2020,3.45426676915282,0.18752016586115
146,2020,3.48802396423197,0.187995711819874
147,2020,3.52138225949597,0.188609388381346
148,2020,3.55425028113854,0.189327155852027
149,2020,3.5865366553534,0.190111045172586
150,2020,3.61815000833425,0.190920257452123
151,2020,3.64899896627482,0.191712296790407
152,2020,3.67899215536883,0.192444113462536
153,2020,3.70803820181,0.193073248203649
154,2020,3.73604573179203,0.193558982509372
155,2020,3.76292337150866,0.193863513702004
156,2020,3.78857974715359,0.193953186639268
157,2020,3.81292568117604,0.193800471515198
158,2020,3.83593860433651,0.193404171562657
159,2020,3.85767295360386,0.192792377981786
160,2020,3.87818745550852,0.191999694203925
161,2020,3.89754083658089,0.191064560648395
162,2020,3.91579182335137,0.190027944964728
163,2020,3.93299914235036,0.18893209331797
164,2020,3.94922152010828,0.187819313459427
165,2020,3.96451768315552,0.186730774537597
166,2020,3.97894635802249,0.185705323316107
167,2020,3.9925662712396,0.184778331115938
168,2020,4.00543614933725,0.183980599326294
169,2020,4.01761471884585,0.183337362238767
170,2020,4.02916070629579,0.182867432577018
171,2020,4.04013283821749,0.182582535968938
172,2020,4.05058984114135,0.182486874989136
173,2020,4.06059044159777,0.182576951621617
174,2020,4.07019336611717,0.182841660612201
175,2020,4.07945734122994,0.183262647762212
176,2020,4.08844109346649,0.183814909797931
177,2020,4.09720334935723,0.184467598854547
178,2020,4.10580283543255,0.185184986822191
179,2020,4.11429827822287,0.185927543616579
180,2020,4.12274840425859,0.186653088489187
181,2020,4.13121194007012,0.187317983557047
182,2020,4.13974761218785,0.187878352196913
183,2020,4.1484141471422,0.188291320264826
184,2020,4.15727027146356,0.188516294110469
185,2020,4.16637471168236,0.188516305423714
186,2020,4.17578617418959,0.188259479629282
187,2020,4.18554330654949,0.187731274022104
188,2020,4.19562705699014,0.186955465519086
189,2020,4.20600806237483,0.185968193842678
190,2020,4.21665695956687,0.184811104129936
191,2020,4.22754438542956,0.183530051728342
192,2020,4.2386409768262,0.182173859428
193,2020,4.24991737062009,0.180793076923564
194,2020,4.26134420367454,0.179438706258066
195,2020,4.27289211285284,0.178160873475672
196,2020,4.2845317350183,0.177007445995493
197,2020,4.29623370703421,0.176022616763887
198,2020,4.30796866576388,0.175245498350442
199,2020,4.31970724807061,0.17470878993827
200,2020,4.3314200908177,0.174437593929293
201,2020,4.34307783086845,0.174448462989681
202,2020,4.35465110508616,0.174748750361154
203,2020,4.36611055033414,0.175336316035505
204,2020,4.37742680347568,0.176199611656515
205,2020,4.38857050137409,0.177318132957648
206,2020,4.39951228089266,0.178663196508645
207,2020,4.41022277889471,0.180198973284357
208,2020,4.42067263224352,0.181883698737507
209,2020,4.4308324778024,0.183670978487652
210,2020,4.44067295243466,0.185511118695709
211,2020,4.45016469300359,0.187352427328812
212,2020,4.4592783363725,0.189142453061106
213,2020,4.46798451940468,0.190829149282307
214,2020,4.47625387896343,0.19236196947166
215,2020,4.48405705191207,0.193692916108975
216,2020,4.49136467511388,0.194777578398953
217,2020,4.4981497884977,0.195578400031608
218,2020,4.5044133676291,0.196089241644027
219,2020,4.5101744110651,0.196327010106003
220,2020,4.51545221774589,0.196314600354632
221,2020,4.5202660866117,0.196079543022677
222,2020,4.52463531660274,0.195653063791105
223,2020,4.5285792066592,0.195069238287858
224,2020,4.5321170557213,0.194364206223055
225,2020,4.53526816272926,0.193575415804078
226,2020,4.53805182662326,0.192740876646691
227,2020,4.54048734634354,0.191898406715215
228,2020,4.54259402083029,0.191084866509927
229,2020,4.54439114902372,0.19033538180849
230,2020,4.54589802986404,0.189682564540777
231,2020,4.54713396229147,0.189155749328874
232,2020,4.5481182452462,0.18878027009463
233,2020,4.54887017766846,0.188576806010151
234,2020,4.54940905849844,0.188560828049847
235,2020,4.54975418667636,0.188742175854269
236,2020,4.54992486114242,0.189124789363156
237,2020,4.54994038083684,0.189706611152145
238,2020,4.54982004469981,0.190479664653585
239,2020,4.54958315167156,0.191430301935284
240,2020,4.54924900069229,0.192539604077384
241,2020,4.54883689070221,0.193783908863285
242,2020,4.54836612064153,0.195135435453986
243,2020,4.54785598945046,0.196562974301846
244,2020,4.5473257960692,0.198032612539837
245,2020,4.54679483943796,0.199508469770874
246,2020,4.54628241849695,0.200953425668502
247,2020,4.54580783218639,0.202329828168215
248,2020,4.54539037944648,0.203600178520274
249,2020,4.54504935921743,0.204727796582237
250,2020,4.54480407043944,0.205677476214118
251,2020,4.54467380755526,0.206416153866969
252,2020,4.54467338552641,0.206921008883846
253,2020,4.54480473405968,0.207194433135144
254,2020,4.54506748015669,0.207246949035557
255,2020,4.54546125081901,0.207092811768736
256,2020,4.54598567304827,0.206749414897013
257,2020,4.54664037384605,0.206236767257155
258,2020,4.54742498021395,0.205577022540982
259,2020,4.54833911915358,0.204794045475404
260,2020,4.54938241766653,0.203913000907958
261,2020,4.55055450275441,0.202959954424147
262,2020,4.55185500141881,0.201961475456391
263,2020,4.55328354066132,0.200944236279936
264,2020,4.55483974748356,0.199934602899065
265,2020,4.55652324888712,0.198958216639248
266,2020,4.55833367187359,0.198039568252262
267,2020,4.56027064344459,0.197201569416246
268,2020,4.5623337906017,0.196465129499583
269,2020,4.56452274034653,0.195848748116723
270,2020,4.56683711968067,0.195368136051407
271,2020,4.56927655560573,0.195035878270344
272,2020,4.5718406751233,0.194861152759774
273,2020,4.57452910523499,0.194849517655687
274,2020,4.57734147294239,0.19500277662413
275,2020,4.5802774052471,0.19531892887232
276,2020,4.58333652915072,0.195792205885848
277,2020,4.58651847165486,0.196413192456751
278,2020,4.5898228597611,0.197169025295518
279,2020,4.59324932047105,0.198043658967305
280,2020,4.59679748078631,0.199018186402434
281,2020,4.60046696770848,0.200071199985308
282,2020,4.60425740823916,0.201179179233908
283,2020,4.60816842937994,0.202316892204349
284,2020,4.61219965813243,0.203457799749492
285,2020,4.61635072149823,0.204574454338825
286,2020,4.62062124647892,0.205638888026198
287,2020,4.62501086007612,0.206622987096064
288,2020,4.62951918929142,0.207498853760356
289,2020,4.63414586112643,0.208239157926593
290,2020,4.63889039348681,0.208818077561661
291,2020,4.64375034578821,0.209221939262713
292,2020,4.64872158340478,0.209448846724056
293,2020,4.65379991585352,0.209499868970044
294,2020,4.65898115265146,0.20937842200522
295,2020,4.66426110331563,0.209089989190355
296,2020,4.66963557736305,0.208641877178116
297,2020,4.67510038431074,0.208043001628784
298,2020,4.68065133367572,0.207303697368706
299,2020,4.68628423497501,0.206435548100941
300,2020,4.69199489772564,0.205451231201409
301,2020,4.69777913144463,0.204364373524713
302,2020,4.70363274564901,0.203189414503116
303,2020,4.70955154985578,0.2019414731598
304,2020,4.71553135358199,0.200636215988644
305,2020,4.72156796634464,0.199289722996353
306,2020,4.72765719766076,0.197918349579793
307,2020,4.73379485704738,0.196538582342843
308,2020,4.73997675402152,0.195166887462214
309,2020,4.74619869810019,0.193819550804998
310,2020,4.75245649880043,0.192512509689288
311,2020,4.75874596563925,0.191261176959329
312,2020,4.76506290813367,0.190080258900798
313,2020,4.77140313580072,0.188983569416623
314,2020,4.77776245815743,0.187983843769131
315,2020,4.78413668472081,0.18709255600563
316,2020,4.79052162500788,0.18631974484669
317,2020,4.79691308853567,0.185673853252003
318,2020,4.8033068848212,0.185161587017857
319,2020,4.80969882338149,0.184787797552237
320,2020,4.81608471373358,0.184555393397105
321,2020,4.82246036539446,0.184465284138757
322,2020,4.82882158788118,0.18451635912231
323,2020,4.83516419071075,0.18470550195763
324,2020,4.8414839834002,0.185027640289867
325,2020,4.84777677546654,0.185475828838023
326,2020,4.8540383764268,0.186041362404059
327,2020,4.860264595798,0.186713914525763
328,2020,4.86645124309717,0.187481696758317
329,2020,4.87259412784133,0.188331633252225
330,2020,4.87868905954749,0.189249545339791
331,2020,4.88473184773269,0.190220341206677
332,2020,4.89071830191394,0.191228206344255
333,2020,4.89664423160827,0.192256791275884
334,2020,4.9025054463327,0.193289393948902
335,2020,4.90829775560425,0.194309135114968
336,2020,4.91401696893994,0.195299125929444
337,2020,4.9196588958568,0.196242627847469
338,2020,4.92521934587184,0.197123205658788
339,2020,4.9306941285021,0.197924875178858
340,2020,4.93607905326459,0.198632247706447
341,2020,4.94136992967634,0.199230673882621
342,2020,4.94656256725437,0.199706390063933
343,2020,4.95165277551569,0.20004667077751
344,2020,4.95663636397734,0.200239991282252
345,2020,4.96150914215634,0.200276204741215
346,2020,4.9662669195697,0.200146739034255
347,2020,4.97090207297728,0.199847657936079
348,2020,4.97539324811022,0.199388242262483
349,2020,4.97971565794249,0.198782191328098
350,2020,4.98384451544807,0.198044550054477
351,2020,4.98775503360092,0.197191513448434
352,2020,4.99142242537503,0.196240242199639
353,2020,4.99482190374435,0.195208684185184
354,2020,4.99792868168286,0.194115397303663
355,2020,5.00071797216454,0.192979369705945
356,2020,5.00316498816334,0.191819834183066
357,2020,5.00524494265326,0.190656074249842
358,2020,5.00693304860825,0.189507220355313
359,2020,5.00820451900229,0.18839203567552
360,2020,5.00903456680934,0.187328692100205
361,2020,5.00939840500339,0.186334538290191
362,2020,5.0092712465584,0.18542586300664
363,2020,5.00862830444835,0.184617658219884
364,2020,5.0074447916472,0.183923387691484
365,2020,5.00569592112893,0.183354767669759
1,2021,5.05757870051263,0.191523684214326
2,2021,5.06245147869163,0.191474289732392
3,2021,5.06720925610499,0.191247620708276
4,2021,5.07184440951257,0.190839272124582
5,2021,5.07633558464551,0.190258816459716
6,2021,5.08065799447778,0.189520475621393
7,2021,5.08478685198336,0.188639873752141
8,2021,5.08869737013622,0.187633850982495
9,2021,5.09236476191032,0.186520288946711
10,2021,5.09576424027964,0.185317942230832
11,2021,5.09887101821815,0.184046270501337
12,2021,5.10166030869983,0.182725266634495
13,2021,5.10410732469864,0.181375276785134
14,2021,5.10618727918855,0.180016809052851
15,2021,5.10787538514354,0.178670328273965
16,2021,5.10914685553758,0.17735603552894
17,2021,5.10997690334464,0.176093632229779
18,2021,5.11034074153868,0.174902070135493
19,2021,5.1102135830937,0.173799290295914
20,2021,5.10957064098364,0.172801955662779
21,2021,5.10838712818249,0.171925183806705
22,2021,5.10663825766422,0.171182287676911
23,2021,5.1042992424028,0.170584533453595
24,2021,5.1013452953722,0.170140925090273
25,2021,5.09775162954638,0.169858024979877
26,2021,5.09349345789933,0.169739819225634
27,2021,5.08854599340502,0.169787634270201
28,2021,5.08288444903741,0.170000109252804
29,2021,5.07648403777048,0.170373225638789
30,2021,5.0693199725782,0.170900392681897
31,2021,5.06136746643454,0.171572584444843
32,2021,5.05260173231347,0.172378521703088
33,2021,5.04299798318897,0.173304890308128
34,2021,5.032531432035,0.174336586612682
35,2021,5.02117729182553,0.175456980379262
36,2021,5.00891077553455,0.176648186130379
37,2021,4.99570709613601,0.177891335009408
38,2021,4.9815414666039,0.179166840725909
39,2021,4.96638909991217,0.180454654873449
40,2021,4.95022520903481,0.181734508667845
41,2021,4.93302500694579,0.182986139832194
42,2021,4.91476370661907,0.184189504868501
43,2021,4.89541652102863,0.185324978262664
44,2021,4.87495866314844,0.186373541264836
45,2021,4.85336534595247,0.187316963792325
46,2021,4.8306117824147,0.188137983757181
47,2021,4.80667318550909,0.188820488774924
48,2021,4.78152476820961,0.189349705817276
49,2021,4.75514174349025,0.189712404981018
50,2021,4.72749932432496,0.189897124201799
51,2021,4.69857272368772,0.189894422480159
52,2021,4.6683371545525,0.18969717002624
53,2021,4.63676922020278,0.189301208920299
54,2021,4.60388768940236,0.188715063510549
55,2021,4.56976007864194,0.187960820248053
56,2021,4.53445661986046,0.187062761277603
57,2021,4.49804754499684,0.186046390809664
58,2021,4.46060308599005,0.184938111503273
59,2021,4.42219347477899,0.183764899354288
60,2021,4.38288894330263,0.18255396941432
61,2021,4.34275972349989,0.181332426837107
62,2021,4.30187604730971,0.180126900188183
63,2021,4.26030814667103,0.178963156712954
64,2021,4.21812625352279,0.177865702320849
65,2021,4.17540059980392,0.176857372304718
66,2021,4.13220141745336,0.175958922074312
67,2021,4.08859893841006,0.175188630149133
68,2021,4.04466339461294,0.174561927974842
69,2021,4.00046501800094,0.174091072431603
70,2021,3.95607404051301,0.17378487688188
71,2021,3.91156069408807,0.173648515080372
72,2021,3.86699521066508,0.173683409255028
73,2021,3.82244782218296,0.173887209404406
74,2021,3.77798876058065,0.174253865788302
75,2021,3.73368825779709,0.174773791302453
76,2021,3.68961654577122,0.175434105551368
77,2021,3.64584385644198,0.176218948522498
78,2021,3.60244042174829,0.177109849212592
79,2021,3.55947647362911,0.17808613353884
80,2021,3.51702224402337,0.179125356338649
81,2021,3.47514796487,0.180203743998262
82,2021,3.43392386810795,0.181296636916145
83,2021,3.39342018567615,0.182378924230168
84,2021,3.35370714951353,0.183425466675159
85,2021,3.31485499155904,0.184411506819311
86,2021,3.27693394375162,0.185313069077124
87,2021,3.2400142380302,0.186107354728575
88,2021,3.20416610633371,0.186773139681885
89,2021,3.16945978060111,0.187291184947661
90,2021,3.13596549277131,0.187644671820319
91,2021,3.10375347478327,0.187819675663408
92,2021,3.07289395857592,0.187805694014476
93,2021,3.0434571760882,0.187596246443879
94,2021,3.01551335925904,0.18718956509238
95,2021,2.98913229423129,0.186589590596728
96,2021,2.96435701938229,0.185817920883787
97,2021,2.94118911405284,0.184918120402402
98,2021,2.91962659121502,0.183937022030791
99,2021,2.89966746384088,0.182922101344585
100,2021,2.88130974490251,0.181920429816578
101,2021,2.86455144737197,0.180977590255833
102,2021,2.84939058422133,0.180136560328802
103,2021,2.83582516842266,0.179436585579278
104,2021,2.82385321294802,0.178912078301248
105,2021,2.8134727307695,0.178591590961148
106,2021,2.80468173485915,0.178496920347377
107,2021,2.79747823818905,0.178642399228098
108,2021,2.79186025373127,0.179034424917459
109,2021,2.78782579445787,0.179671259133657
110,2021,2.78537287334092,0.180543112867274
111,2021,2.7844995033525,0.181632506975427
112,2021,2.78520369746468,0.182914877745014
113,2021,2.78748346864952,0.184359380192333
114,2021,2.79133682987909,0.185929832632833
115,2021,2.79676179412546,0.187585744693534
116,2021,2.8037563743607,0.189283376570725
117,2021,2.81231858355688,0.190976788057714
118,2021,2.82244643468608,0.192618849411913
119,2021,2.83413794072035,0.194162200432476
120,2021,2.84739111463177,0.195560157685033
121,2021,2.86220396939241,0.196767581845289
122,2021,2.87857451797434,0.197741727491204
123,2021,2.89650077334962,0.198443106698387
124,2021,2.91598074849033,0.198836406138232
125,2021,2.9370119045983,0.198891812476184
126,2021,2.95955859666115,0.198604136163005
127,2021,2.98353386503451,0.198002885627988
128,2021,3.00884633591208,0.197125072798181
129,2021,3.03540463548758,0.196011678677297
130,2021,3.06311738995474,0.194706681203302
131,2021,3.09189322550726,0.193256138754011
132,2021,3.12164076833887,0.191707289899228
133,2021,3.15226864464329,0.190107639753414
134,2021,3.18368548061422,0.18850401359723
135,2021,3.2157999024454,0.186941569867687
136,2021,3.24852053633052,0.185462777338534
137,2021,3.28175600846333,0.184106374960822
138,2021,3.31541494503752,0.182906346409716
139,2021,3.34940597224682,0.181890953283482
140,2021,3.38363771628496,0.181081879132434
141,2021,3.41801880334563,0.18049353910465
142,2021,3.45245785962256,0.180132605626793
143,2021,3.48686351130947,0.179997788979491
144,2021,3.52114438460008,0.180079894115588
145,2021,3.55520910568811,0.180362154202192
146,2021,3.58896630076726,0.180820820569811
147,2021,3.62232459603126,0.181425971466914
148,2021,3.65519261767383,0.182142490884452
149,2021,3.68747899188869,0.18293116502061
150,2021,3.71909234486954,0.183749847527848
151,2021,3.74994130281012,0.184554654187877
152,2021,3.77993449190412,0.185301161145918
153,2021,3.80898053834529,0.185945596313723
154,2021,3.83698806832732,0.186446029425477
155,2021,3.86386570804395,0.186763581514728
156,2021,3.88952208368888,0.186863688898156
157,2021,3.91386801771133,0.186718127962682
158,2021,3.9368809408718,0.186325627823404
159,2021,3.95861529013915,0.185714877766076
160,2021,3.97912979204382,0.184921290690616
161,2021,3.99848317311618,0.183984264597628
162,2021,4.01673415988666,0.182945836799108
163,2021,4.03394147888566,0.18184939760879
164,2021,4.05016385664357,0.18073843133153
165,2021,4.06546001969081,0.179655267861273
166,2021,4.07988869455779,0.178639844398499
167,2021,4.09350860777489,0.177728493106251
168,2021,4.10637848587254,0.176952785722241
169,2021,4.11855705538114,0.17633847847683
170,2021,4.13010304283108,0.175904608134254
171,2021,4.14107517475278,0.175662790834344
172,2021,4.15153217767664,0.175616768762085
173,2021,4.16153277813306,0.175762235927341
174,2021,4.17113570265246,0.176086955386969
175,2021,4.18039967776523,0.176571159168704
176,2021,4.18938343000178,0.177188202556302
177,2021,4.19814568589252,0.177905429520272
178,2021,4.20674517196784,0.178685198098823
179,2021,4.21524061475816,0.179486014167452
180,2021,4.22369074079388,0.180263728625511
181,2021,4.23215427660541,0.180972764974478
182,2021,4.24068994872314,0.181567359612462
183,2021,4.24935648367749,0.182002814154632
184,2021,4.25821260799886,0.182236776481302
185,2021,4.26731704821765,0.182230584456704
186,2021,4.27672851072488,0.181950734650869
187,2021,4.28648564308478,0.181381688670729
188,2021,4.29656939352543,0.180547951223586
189,2021,4.30695039891012,0.179486825985601
190,2021,4.31759929610216,0.178241285060477
191,2021,4.32848672196485,0.176858692283133
192,2021,4.33958331336149,0.175389579033336
193,2021,4.35085970715538,0.173886415943246
194,2021,4.36228654020983,0.172402337875264
195,2021,4.37383444938813,0.170989796408673
196,2021,4.38547407155359,0.169699134508614
197,2021,4.3971760435695,0.168577101832873
198,2021,4.40891100229917,0.167665354659138
199,2021,4.4206495846059,0.166999008522991
200,2021,4.43236242735299,0.166605329924237
201,2021,4.44402016740374,0.166502661151424
202,2021,4.45559344162145,0.166699665806535
203,2021,4.46705288686943,0.16719496108097
204,2021,4.47836914001097,0.167977168940498
205,2021,4.48951283790938,0.169025378162829
206,2021,4.50045461742795,0.170309970480819
207,2021,4.51116511543,0.171793734289583
208,2021,4.52161496877881,0.173433173302662
209,2021,4.5317748143377,0.175179916417704
210,2021,4.54161528896995,0.17698214676225
211,2021,4.55110702953888,0.178785988224765
212,2021,4.56022067290779,0.180536811995705
213,2021,4.56892685593997,0.182180449760729
214,2021,4.57719621549872,0.183664321650827
215,2021,4.58499938844736,0.184938504839268
216,2021,4.59230701164917,0.18595678299836
217,2021,4.599092125033,0.186680017216813
218,2021,4.60535570416439,0.187101733853992
219,2021,4.61111674760039,0.187239425398676
220,2021,4.61639455428119,0.187116798143963
221,2021,4.621208423147,0.186762393419057
222,2021,4.62557765313803,0.186208640930254
223,2021,4.62952154319449,0.185491011814402
224,2021,4.6330593922566,0.184647230884792
225,2021,4.63621049926455,0.183716515233487
226,2021,4.63899416315856,0.18273881383611
227,2021,4.64142968287883,0.181754030560017
228,2021,4.64353635736558,0.180801221371446
229,2021,4.64533348555901,0.179917765716617
230,2021,4.64684036639934,0.179138521838079
231,2021,4.64807629882676,0.178494985612935
232,2021,4.6490605817815,0.178014481409788
233,2021,4.64981251420375,0.17771942022354
234,2021,4.65035139503373,0.177626663677761
235,2021,4.65069652321165,0.177747031367542
236,2021,4.65086719767771,0.178084983038601
237,2021,4.65088271737213,0.17863849668872
238,2021,4.65076238123511,0.17939915014143
239,2021,4.65052548820686,0.180352398951389
240,2021,4.65019133722759,0.181478029876814
241,2021,4.64977922723751,0.182750758568917
242,2021,4.64930845717682,0.184140933888687
243,2021,4.64879832598575,0.185615309799372
244,2021,4.64826813260449,0.187137848691844
245,2021,4.64773717597325,0.18867052626979
246,2021,4.64722475503225,0.19017411646937
247,2021,4.64675016872168,0.191608944071144
248,2021,4.64633271598177,0.192935601702136
249,2021,4.64599169575272,0.194115636213692
250,2021,4.64574640697473,0.195112216720469
251,2021,4.64561614409056,0.195890810673675
252,2021,4.6456157220617,0.196427624885288
253,2021,4.64574707059498,0.196725219266759
254,2021,4.64600981669198,0.196794626529451
255,2021,4.64640358735431,0.196650754141713
256,2021,4.64692800958356,0.196311768745812
257,2021,4.64758271038134,0.195798558275254
258,2021,4.64836731674925,0.195134250740922
259,2021,4.64928145568888,0.194343771531461
260,2021,4.65032475420183,0.193453423744608
261,2021,4.6514968392897,0.192490478619152
262,2021,4.6527973379541,0.191482765694628
263,2021,4.65422587719661,0.190458255014629
264,2021,4.65578208401885,0.189444626614252
265,2021,4.65746558542241,0.188468825748819
266,2021,4.65927600840889,0.187556605813286
267,2021,4.66121297997988,0.186732064560387
268,2021,4.66327612713699,0.186017182838643
269,2021,4.66546507688182,0.185431378331379
270,2021,4.66777945621596,0.184991089312125
271,2021,4.67021889214102,0.184709404856644
272,2021,4.67278301165859,0.184595757946959
273,2021,4.67547144177028,0.18465569628939
274,2021,4.67828380947768,0.184890742474239
275,2021,4.68121974178239,0.185298350591749
276,2021,4.68427886568602,0.185871961064074
277,2021,4.68746080819015,0.186601149876645
278,2021,4.69076519629639,0.187471863252013
279,2021,4.69419165700634,0.188466724683663
280,2021,4.69773981732161,0.189565398540517
281,2021,4.70140930424378,0.190744993341327
282,2021,4.70519974477445,0.191980488229327
283,2021,4.70911076591523,0.1932451679134
284,2021,4.71314199466772,0.194511054030962
285,2021,4.71729305803352,0.195749324142867
286,2021,4.72156358301421,0.196930713036774
287,2021,4.72595319661141,0.198025894415582
288,2021,4.73046152582672,0.199005844203665
289,2021,4.73508819766172,0.199842189538544
290,2021,4.7398327300221,0.200508171356399
291,2021,4.74469268232351,0.20098975893664
292,2021,4.74966391994007,0.201285209513237
293,2021,4.75474225238881,0.201395818752019
294,2021,4.75992348918675,0.201325272761037
295,2021,4.76520343985092,0.20107935766688
296,2021,4.77057791389834,0.200665708286018
297,2021,4.77604272084603,0.200093589341322
298,2021,4.78159367021101,0.19937370325654
299,2021,4.7872265715103,0.198518019119182
300,2021,4.79293723426093,0.197539617909672
301,2021,4.79872146797992,0.196452549544722
302,2021,4.8045750821843,0.195271697681067
303,2021,4.81049388639108,0.19401264858573
304,2021,4.81647369011728,0.192691560720354
305,2021,4.82251030287993,0.191325032033492
306,2021,4.82859953419606,0.189929962332041
307,2021,4.83473719358267,0.188523408537972
308,2021,4.84091909055681,0.187122431154293
309,2021,4.84714103463548,0.185743930885554
310,2021,4.85339883533572,0.184404475095934
311,2021,4.85968830217454,0.18312011464283
312,2021,4.86600524466896,0.181906192580583
313,2021,4.87234547233601,0.180777147252915
314,2021,4.87870479469272,0.179746313328035
315,2021,4.8850790212561,0.178825725301893
316,2021,4.89146396154317,0.178025928812293
317,2021,4.89785542507096,0.177355805673254
318,2021,4.90424922135649,0.176822418765465
319,2021,4.91064115991679,0.176430882736469
320,2021,4.91702705026887,0.17618426584043
321,2021,4.92340270192976,0.176083527195271
322,2021,4.92976392441647,0.176127492318552
323,2021,4.93610652724604,0.176312868133338
324,2021,4.94242631993549,0.176634296856334
325,2021,4.94871911200183,0.177084446453004
326,2021,4.95498071296209,0.177654133821636
327,2021,4.9612069323333,0.178332475676386
328,2021,4.96739357963247,0.179107061321261
329,2021,4.97353646437662,0.179964141175675
330,2021,4.97963139608279,0.180888825011185
331,2021,4.98567418426798,0.181865284331684
332,2021,4.99166063844923,0.182876954091683
333,2021,4.99758656814356,0.183906729903435
334,2021,5.00344778286799,0.184937157939131
335,2021,5.00924009213954,0.185950615807342
336,2021,5.01495930547523,0.18692948371002
337,2021,5.02060123239209,0.187856306126318
338,2021,5.02616168240713,0.188713945101511
339,2021,5.03163646503739,0.18948572694104
340,2021,5.03702138979989,0.190155584733024
341,2021,5.04231226621163,0.190708199669602
342,2021,5.04750490378966,0.191129144636691
343,2021,5.05259511205099,0.191405034024931
344,2021,5.05757870051263,0.191523684214326
345,2021,5.06245147869163,0.191474289732392
346,2021,5.06720925610499,0.191247620708276
347,2021,5.07184440951257,0.190839272124582
348,2021,5.07633558464551,0.190258816459716
349,2021,5.08065799447778,0.189520475621393
350,2021,5.08478685198336,0.188639873752141
351,2021,5.08869737013622,0.187633850982495
352,2021,5.09236476191032,0.186520288946711
353,2021,5.09576424027964,0.185317942230832
354,2021,5.09887101821815,0.184046270501337
355,2021,5.10166030869983,0.182725266634495
356,2021,5.10410732469864,0.181375276785134
357,2021,5.10618727918855,0.180016809052851
358,2021,5.10787538514354,0.178670328273965
359,2021,5.10914685553758,0.17735603552894
360,2021,5.10997690334464,0.176093632229779
361,2021,5.11034074153868,0.174902070135493
362,2021,5.1102135830937,0.173799290295914
363,2021,5.10957064098364,0.172801955662779
364,2021,5.10838712818249,0.171925183806705
365,2021,5.10663825766422,0.171182287676911
1,2022,5.18821435267693,0.187762034005289
2,2022,5.19308713085592,0.187551058077374
3,2022,5.19784490826929,0.187151745395846
4,2022,5.20248006167686,0.186559032501245
5,2022,5.2069712368098,0.185782430757832
6,2022,5.21129364664208,0.184836278554813
7,2022,5.21542250414766,0.183736356275081
8,2022,5.21933302230051,0.182499715103845
9,2022,5.22300041407461,0.18114451865237
10,2022,5.22639989244393,0.179689891312425
11,2022,5.22950667038245,0.178155767703109
12,2022,5.23229596086412,0.176562737979578
13,2022,5.23474297686293,0.174931884203109
14,2022,5.23682293135284,0.173284603490258
15,2022,5.23851103730783,0.171642414335477
16,2022,5.23978250770187,0.170026743403844
17,2022,5.24061255550893,0.16845869127569
18,2022,5.24097639370298,0.166958777127581
19,2022,5.24084923525799,0.165546664153194
20,2022,5.24020629314793,0.164240869611324
21,2022,5.23902278034679,0.163058465623352
22,2022,5.23727390982852,0.162014779050141
23,2022,5.23493489456709,0.161123100722802
24,2022,5.23198094753649,0.160394415714103
25,2022,5.22838728171068,0.159837166954791
26,2022,5.22412911006363,0.15945706411537
27,2022,5.21918164556932,0.159256948189567
28,2022,5.21352010120171,0.15923671967742
29,2022,5.20711968993478,0.15939333487887
30,2022,5.1999556247425,0.159720870917438
31,2022,5.19200311859884,0.160210656149585
32,2022,5.18323738447777,0.160851459024315
33,2022,5.17363363535326,0.161629725622218
34,2022,5.16316708419929,0.162529854281928
35,2022,5.15181294398983,0.163534495016841
36,2022,5.13954642769884,0.1646248617828
37,2022,5.12634274830031,0.16578104690159
38,2022,5.11217711876819,0.166982328823417
39,2022,5.09702475207647,0.168207466649104
40,2022,5.08086086119911,0.16943497717663
41,2022,5.06366065911008,0.170643392485645
42,2022,5.04539935878337,0.171811498092671
43,2022,5.02605217319293,0.172918553429333
44,2022,5.00559431531274,0.173944497803358
45,2022,4.98400099811677,0.174870146126434
46,2022,4.96124743457899,0.175677379591221
47,2022,4.93730883767338,0.176349337222694
48,2022,4.91216042037391,0.176870614891357
49,2022,4.88577739565454,0.177227479028504
50,2022,4.85813497648925,0.177408102987835
51,2022,4.82920837585201,0.177402834799885
52,2022,4.79897280671679,0.1772045059911
53,2022,4.76740487236707,0.176809124373054
54,2022,4.73452334156665,0.176225835477933
55,2022,4.70039573080623,0.175477803988967
56,2022,4.66509227202475,0.174590550580522
57,2022,4.62868319716114,0.173590946367777
58,2022,4.59123873815434,0.172506870904182
59,2022,4.55282912694329,0.171366864348763
60,2022,4.51352459546692,0.170199764616641
61,2022,4.47339537566419,0.169034322906401
62,2022,4.43251169947401,0.167898794004428
63,2022,4.39094379883533,0.166820501274207
64,2022,4.34876190568708,0.165825380219796
65,2022,4.30603625196821,0.164937508806274
66,2022,4.26283706961766,0.164178637016875
67,2022,4.21923459057435,0.163567731980188
68,2022,4.17529904677723,0.163120557875344
69,2022,4.13110067016523,0.162849311179863
70,2022,4.0867096926773,0.162762331237921
71,2022,4.04219634625237,0.162863903402411
72,2022,3.99763086282937,0.163154167268733
73,2022,3.95308347434725,0.163629136242289
74,2022,3.90862441274494,0.164280827621426
75,2022,3.86432390996139,0.16509749544065
76,2022,3.82025219793551,0.166063952388764
77,2022,3.77647950860627,0.167161962883022
78,2022,3.73307607391259,0.168370687224256
79,2022,3.69011212579341,0.169667156714587
80,2022,3.64765789618766,0.171026761422961
81,2022,3.6057836170343,0.172423735466519
82,2022,3.56455952027224,0.173831628689129
83,2022,3.52405583784044,0.175223757941348
84,2022,3.48434280167783,0.17657363538152
85,2022,3.44549064372334,0.177855375048239
86,2022,3.40756959591591,0.179044082264
87,2022,3.37064989019449,0.180116233201043
88,2022,3.33480175849801,0.181050054240575
89,2022,3.3000954327654,0.181825912701063
90,2022,3.26660114493561,0.182426732229747
91,2022,3.23438912694757,0.182838447757604
92,2022,3.20352961074022,0.183050516480755
93,2022,3.17409282825249,0.183056502842885
94,2022,3.14614901142333,0.182854756825411
95,2022,3.11976794639558,0.182449408188449
96,2022,3.09499267154658,0.181862740044955
97,2022,3.07182476621713,0.181139625187162
98,2022,3.05026224337931,0.180328103547469
99,2022,3.03030311600518,0.179476689223294
100,2022,3.01194539706681,0.178633318988462
101,2022,2.99518709953626,0.177844262275251
102,2022,2.98002623638562,0.177152999853615
103,2022,2.96646082058695,0.176599094466832
104,2022,2.95448886511232,0.176217091792855
105,2022,2.94410838293379,0.176035502246825
106,2022,2.93531738702345,0.1760759210169
107,2022,2.92811389035335,0.176352343362695
108,2022,2.92249590589556,0.176870723649108
109,2022,2.91846144662216,0.17762881042359
110,2022,2.91600852550522,0.178616268321301
111,2022,2.9151351555168,0.179815074215431
112,2022,2.91583934962897,0.181200153767883
113,2022,2.91811912081381,0.18274020877341
114,2022,2.92197248204338,0.184398677483735
115,2022,2.92739744628975,0.186134769833706
116,2022,2.93439202652499,0.187904526069999
117,2022,2.94295423572118,0.189661858664547
118,2022,2.95308208685037,0.191359551265965
119,2022,2.96477359288464,0.192950202774024
120,2022,2.97802676679607,0.194387118005765
121,2022,2.9928396215567,0.195625158163249
122,2022,3.00921017013863,0.196621574355784
123,2022,3.02713642551391,0.197336856188512
124,2022,3.04661640065463,0.197735635607679
125,2022,3.06764755676259,0.197788005773348
126,2022,3.09019424882545,0.197488903612242
127,2022,3.11416951719881,0.196868336496798
128,2022,3.13948198807638,0.195963819453482
129,2022,3.16604028765188,0.194816822333696
130,2022,3.19375304211903,0.193471815618956
131,2022,3.22252887767156,0.191975371392943
132,2022,3.25227642050317,0.190375279266706
133,2022,3.28290429680758,0.188719646646702
134,2022,3.31432113277852,0.187055962880418
135,2022,3.34643555460969,0.185430118133741
136,2022,3.37915618849482,0.183885380601562
137,2022,3.41239166062762,0.182461349538035
138,2022,3.44605059720182,0.181192915664604
139,2022,3.48004162441112,0.180109273163574
140,2022,3.51427336844925,0.179233036623809
141,2022,3.54865445550992,0.178579519864577
142,2022,3.58309351178686,0.178156229963964
143,2022,3.61749916347377,0.177962618643507
144,2022,3.65178003676438,0.177990115514691
145,2022,3.6858447578524,0.178222446160765
146,2022,3.71960195293155,0.178636216163008
147,2022,3.75296024819556,0.17920172365893
148,2022,3.78582826983813,0.17988395074357
149,2022,3.81811464405298,0.180643679499443
150,2022,3.84972799703383,0.181438681607715
151,2022,3.88057695497441,0.182224940019839
152,2022,3.91057014406842,0.182957875017121
153,2022,3.93961619050958,0.183593563033611
154,2022,3.96762372049162,0.184089953136797
155,2022,3.99450136020824,0.184408101959942
156,2022,4.02015773585317,0.184513462718194
157,2022,4.04450366987563,0.184377928079533
158,2022,4.06751659303609,0.184000246161101
159,2022,4.08925094230345,0.183408983366727
160,2022,4.10976544420811,0.182639503617638
161,2022,4.12911882528048,0.181731215175394
162,2022,4.14736981205096,0.180726196868783
163,2022,4.16457713104995,0.179667884195618
164,2022,4.18079950880787,0.178599782852556
165,2022,4.19609567185511,0.177564193310797
166,2022,4.21052434672208,0.176600946858271
167,2022,4.22414425993919,0.175746170380988
168,2022,4.23701413803684,0.175031112729266
169,2022,4.24919270754543,0.174481077933217
170,2022,4.26073869499537,0.174114517705895
171,2022,4.27171082691707,0.173942335837376
172,2022,4.28216782984093,0.173967449414452
173,2022,4.29216843029736,0.174184636893018
174,2022,4.30177135481675,0.174580683035843
175,2022,4.31103532992953,0.175134808926311
176,2022,4.32001908216608,0.175819355431487
177,2022,4.32878133805681,0.176600673896347
178,2022,4.33738082413214,0.177440170575465
179,2022,4.34587626692246,0.178295451879501
180,2022,4.35432639295818,0.17912152506482
181,2022,4.3627899287697,0.179872021756344
182,2022,4.37132560088743,0.180500427618801
183,2022,4.37999213584178,0.180961318799856
184,2022,4.38884826016315,0.181211623286935
185,2022,4.39795270038194,0.181211942590535
186,2022,4.40736416288918,0.180927997902038
187,2022,4.41712129524908,0.180343700605295
188,2022,4.42720504568972,0.179483765719617
189,2022,4.43758605107441,0.17838581687889
190,2022,4.44823494826645,0.17709313260689
191,2022,4.45912237412914,0.175653395741839
192,2022,4.47021896552579,0.174117497430244
193,2022,4.48149535931968,0.172538337388412
194,2022,4.49292219237412,0.170969575644029
195,2022,4.50447010155242,0.169464307265609
196,2022,4.51610972371788,0.168073651563975
197,2022,4.52781169573379,0.166845270921522
198,2022,4.53954665446346,0.165821860410595
199,2022,4.55128523677019,0.165039674696798
200,2022,4.56299807951728,0.164527178943858
201,2022,4.57465581956803,0.164303920532313
202,2022,4.58622909378575,0.164379714269053
203,2022,4.59768853903372,0.164754213860249
204,2022,4.60900479217526,0.165416908920193
205,2022,4.62014849007367,0.166347545538559
206,2022,4.63109026959225,0.167516927512297
207,2022,4.64180076759429,0.168888022735012
208,2022,4.65225062094311,0.170417280478477
209,2022,4.66241046650199,0.172056062220228
210,2022,4.67225094113425,0.173752099448314
211,2022,4.68174268170318,0.175450912267516
212,2022,4.69085632507208,0.177097147643466
213,2022,4.69956250810426,0.178635821425665
214,2022,4.70783186766302,0.180013471039405
215,2022,4.71563504061166,0.181179244722142
216,2022,4.72294266381347,0.182085968556751
217,2022,4.72972777719729,0.182693574289788
218,2022,4.73599135632869,0.182995159458584
219,2022,4.74175239976468,0.183008213166686
220,2022,4.74703020644548,0.182756589898502
221,2022,4.75184407531129,0.182269127037519
222,2022,4.75621330530232,0.181578702809198
223,2022,4.76015719535879,0.180721395497333
224,2022,4.76369504442089,0.179735701342217
225,2022,4.76684615142884,0.17866177603516
226,2022,4.76962981532285,0.1775406720625
227,2022,4.77206533504312,0.176413551889197
228,2022,4.77417200952987,0.175320865581373
229,2022,4.77596913772331,0.174301491197694
230,2022,4.77747601856363,0.173391847022596
231,2022,4.77871195099105,0.172624995899819
232,2022,4.77969623394579,0.172029772487997
233,2022,4.78044816636804,0.171629972736738
234,2022,4.78098704719803,0.171443649656529
235,2022,4.78133217537594,0.171482559151445
236,2022,4.78150284984201,0.171751793598613
237,2022,4.78151836953642,0.17224962931227
238,2022,4.7813980333994,0.172967598465647
239,2022,4.78116114037115,0.173890778801709
240,2022,4.78082698939188,0.174998278269993
241,2022,4.7804148794018,0.176263879050801
242,2022,4.77994410934112,0.177656797927908
243,2022,4.77943397815004,0.179142518203848
244,2022,4.77890378476878,0.18068365181167
245,2022,4.77837282813754,0.182240797698428
246,2022,4.77786040719654,0.183773372341387
247,2022,4.77738582088598,0.185240398881456
248,2022,4.77696836814607,0.186601251642156
249,2022,4.77662734791701,0.187816362039875
250,2022,4.77638205913903,0.188847899837475
251,2022,4.77625179625485,0.189660458340948
252,2022,4.776251374226,0.190229666135215
253,2022,4.77638272275927,0.190558115652072
254,2022,4.77664546885627,0.190657085708892
255,2022,4.7770392395186,0.190541836668056
256,2022,4.77756366174786,0.190230976799272
257,2022,4.77821836254564,0.189745910426315
258,2022,4.77900296891354,0.189110345209892
259,2022,4.77991710785317,0.188349839044265
260,2022,4.78096040636612,0.18749136992565
261,2022,4.78213249145399,0.186562914893873
262,2022,4.78343299011839,0.185593026902274
263,2022,4.78486152936091,0.184610401384542
264,2022,4.78641773618315,0.183643427484002
265,2022,4.7881012375867,0.182719722456489
266,2022,4.78991166057318,0.181865651631887
267,2022,4.79184863214417,0.181105840390676
268,2022,4.79391177930128,0.180462688627555
269,2022,4.79610072904611,0.179955901769498
270,2022,4.79841510838026,0.179602055151207
271,2022,4.80085454430531,0.179414209982161
272,2022,4.80341866382289,0.179401598905785
273,2022,4.80610709393457,0.179569397071208
274,2022,4.80891946164197,0.179918590782293
275,2022,4.81185539394669,0.180445950505995
276,2022,4.81491451785031,0.181144108904894
277,2022,4.81809646035444,0.18200173834656
278,2022,4.82140084846069,0.18300381678916
279,2022,4.82482730917064,0.184131966679195
280,2022,4.8283754694859,0.185364848926498
281,2022,4.83204495640807,0.186678593271123
282,2022,4.83583539693875,0.18804724729305
283,2022,4.83974641807953,0.189443228609701
284,2022,4.84377764683202,0.190837768024436
285,2022,4.84792871019781,0.192201335085091
286,2022,4.85219923517851,0.193504041298215
287,2022,4.85658884877571,0.194716019838672
288,2022,4.86109717799101,0.195807783830946
289,2022,4.86572384982601,0.196750568105127
290,2022,4.8704683821864,0.197517296710962
291,2022,4.8753283344878,0.198093914793678
292,2022,4.88029957210436,0.198478889746333
293,2022,4.8853779045531,0.198673740959
294,2022,4.89055914135105,0.19868237657877
295,2022,4.89583909201522,0.198510797316138
296,2022,4.90121356606264,0.198166841173116
297,2022,4.90667837301032,0.197659962077808
298,2022,4.9122293223753,0.197001036103407
299,2022,4.9178622236746,0.196202189594721
300,2022,4.92357288642523,0.195276644100687
301,2022,4.92935712014422,0.194238573513668
302,2022,4.93521073434859,0.193102969254085
303,2022,4.94112953855537,0.191885509728515
304,2022,4.94710934228157,0.190602430652473
305,2022,4.95314595504423,0.189270393190838
306,2022,4.95923518636035,0.187906347256607
307,2022,4.96537284574697,0.186527387750131
308,2022,4.9715547427211,0.185150602042036
309,2022,4.97777668679978,0.183792907625312
310,2022,4.98403448750001,0.182470879598831
311,2022,4.99032395433883,0.181200568497434
312,2022,4.99664089683326,0.179997309937959
313,2022,5.00298112450031,0.178875528572299
314,2022,5.00934044685701,0.177848539872723
315,2022,5.01571467342039,0.176928354246463
316,2022,5.02209961370746,0.176125488796002
317,2022,5.02849107723526,0.175448792612463
318,2022,5.03488487352079,0.174905291722193
319,2022,5.04127681208108,0.17450005963212
320,2022,5.04766270243316,0.174236118803959
321,2022,5.05403835409405,0.174114377343372
322,2022,5.06039957658077,0.174133603780532
323,2022,5.06674217941034,0.174290441153104
324,2022,5.07306197209978,0.174579459825842
325,2022,5.07935476416612,0.174993246752797
326,2022,5.08561636512639,0.175522527362352
327,2022,5.09184258449759,0.176156315048396
328,2022,5.09802923179676,0.176882082466808
329,2022,5.10417211654092,0.177685948498602
330,2022,5.11026704824708,0.178552874833974
331,2022,5.11630983643228,0.179466866598855
332,2022,5.12229629061353,0.180411172203841
333,2022,5.12822222030786,0.181368478548701
334,2022,5.13408343503228,0.182321098769809
335,2022,5.13987574430383,0.183251150790786
336,2022,5.14559495763953,0.18414072596542
337,2022,5.15123688455638,0.184972048045214
338,2022,5.15679733457143,0.185727623541628
339,2022,5.16227211720169,0.186390385283542
340,2022,5.16765704196418,0.186943831606901
341,2022,5.17294791837593,0.187372164179719
342,2022,5.17814055595395,0.187660427992727
343,2022,5.18323076421528,0.187794657569316
344,2022,5.18821435267693,0.187762034005289
345,2022,5.19308713085592,0.187551058077374
346,2022,5.19784490826929,0.187151745395846
347,2022,5.20248006167686,0.186559032501245
348,2022,5.2069712368098,0.185782430757832
349,2022,5.21129364664208,0.184836278554813
350,2022,5.21542250414766,0.183736356275081
351,2022,5.21933302230051,0.182499715103845
352,2022,5.22300041407461,0.18114451865237
353,2022,5.22639989244393,0.179689891312425
354,2022,5.22950667038245,0.178155767703109
355,2022,5.23229596086412,0.176562737979578
356,2022,5.23474297686293,0.174931884203109
357,2022,5.23682293135284,0.173284603490258
358,2022,5.23851103730783,0.171642414335477
359,2022,5.23978250770187,0.170026743403844
360,2022,5.24061255550893,0.16845869127569
361,2022,5.24097639370298,0.166958777127581
362,2022,5.24084923525799,0.165546664153194
363,2022,5.24020629314793,0.164240869611324
364,2022,5.23902278034679,0.163058465623352
365,2022,5.23727390982852,0.162014779050141
1,2023,5.34752983982101,0.19915356905199
2,2023,5.35240261800001,0.1987388536075
3,2023,5.35716039541337,0.1981365122706
4,2023,5.36179554882095,0.197341183143556
5,2023,5.36628672395389,0.196361735259789
6,2023,5.37060913378616,0.195211751425618
7,2023,5.37473799129174,0.193906219283883
8,2023,5.3786485094446,0.192461369970669
9,2023,5.3823159012187,0.190894529398215
10,2023,5.38571537958802,0.189223976841109
11,2023,5.38882215752653,0.187468805849767
12,2023,5.39161144800821,0.185648782822742
13,2023,5.39405846400702,0.183784198882868
14,2023,5.39613841849693,0.181895711073251
15,2023,5.39782652445192,0.180004169374502
16,2023,5.39909799484596,0.178130426702553
17,2023,5.39992804265301,0.176295129931404
18,2023,5.40029188084706,0.174518491139448
19,2023,5.40016472240208,0.172820039720975
20,2023,5.39952178029202,0.171218357720602
21,2023,5.39833826749087,0.169730802675318
22,2023,5.3965893969726,0.168373224269708
23,2023,5.39425038171118,0.167159683052153
24,2023,5.39129643468058,0.166102181106301
25,2023,5.38770276885476,0.165210415684442
26,2023,5.38344459720771,0.164491567164409
27,2023,5.3784971327134,0.163950132124931
28,2023,5.37283558834579,0.163587810782601
29,2023,5.36643517707886,0.163403455564023
30,2023,5.35927111188658,0.163393084403646
31,2023,5.35131860574292,0.163549958781224
32,2023,5.34255287162185,0.163864722930296
33,2023,5.33294912249735,0.16432559745163
34,2023,5.32248257134338,0.164918618082637
35,2023,5.31112843113391,0.165627908822271
36,2023,5.29886191484293,0.166435978070039
37,2023,5.28565823544439,0.167324026852513
38,2023,5.27149260591227,0.168272259419892
39,2023,5.25634023922055,0.169260188273553
40,2023,5.24017634834319,0.170266927789242
41,2023,5.22297614625417,0.171271472805676
42,2023,5.20471484592745,0.17225296067653
43,2023,5.18536766033701,0.173190917215103
44,2023,5.16490980245682,0.174065488633302
45,2023,5.14331648526085,0.174857662978358
46,2023,5.12056292172308,0.175549485727758
47,2023,5.09662432481747,0.176124275165727
48,2023,5.07147590751799,0.176566843995338
49,2023,5.04509288279863,0.176863734402754
50,2023,5.01745046363334,0.177003474540387
51,2023,4.9885238629961,0.176976865174378
52,2023,4.95828829386088,0.176777306064364
53,2023,4.92672035951116,0.176401485458962
54,2023,4.89383882871074,0.175858786380978
55,2023,4.85971121795032,0.175172053654984
56,2023,4.82440775916883,0.174366530149381
57,2023,4.78799868430522,0.173468854507351
58,2023,4.75055422529843,0.172506683911933
59,2023,4.71214461408737,0.17150831013767
60,2023,4.67284008261101,0.170502260312097
61,2023,4.63271086280827,0.169516876812713
62,2023,4.59182718661809,0.168579874187306
63,2023,4.55025928597941,0.167717874920129
64,2023,4.50807739283117,0.166955930163902
65,2023,4.4653517391123,0.166317035964793
66,2023,4.42215255676174,0.16582165962772
67,2023,4.37855007771844,0.165487294197274
68,2023,4.33461453392132,0.165328061023599
69,2023,4.29041615730932,0.165354380571649
70,2023,4.24602517982139,0.165572729734563
71,2023,4.20151183339645,0.165985499936159
72,2023,4.15694634997346,0.166590964600846
73,2023,4.11239896149134,0.167383357787906
74,2023,4.06793989988903,0.16835305878861
75,2023,4.02363939710547,0.169486871165289
76,2023,3.9795676850796,0.17076837983306
77,2023,3.93579499575036,0.172178366839538
78,2023,3.89239156105667,0.173695265643258
79,2023,3.84942761293749,0.175295634767701
80,2023,3.80697338333175,0.176954634317424
81,2023,3.76509910417838,0.178646492464894
82,2023,3.72387500741633,0.180344953119853
83,2023,3.68337132498453,0.18202370012198
84,2023,3.64365828882191,0.183656757122891
85,2023,3.60480613086742,0.185218865654306
86,2023,3.56688508306,0.186685846649587
87,2023,3.52996537733858,0.188034952924926
88,2023,3.49411724564209,0.189245221923916
89,2023,3.45941091990949,0.190297839502465
90,2023,3.42591663207969,0.191176526796879
91,2023,3.39370461409165,0.191867963369395
92,2023,3.3628450978843,0.192362260909342
93,2023,3.33340831539658,0.192653502761265
94,2023,3.30546449856742,0.192740365328073
95,2023,3.27908343353967,0.192627033315427
96,2023,3.25430815869067,0.192335083336889
97,2023,3.23114025336122,0.191907648247672
98,2023,3.2095777305234,0.191390590832865
99,2023,3.18961860314926,0.190829898822036
100,2023,3.17126088421089,0.190270687224407
101,2023,3.15450258668035,0.189756186985679
102,2023,3.13934172352971,0.18932672865361
103,2023,3.12577630773104,0.189018742362144
104,2023,3.1138043522564,0.188863806521445
105,2023,3.10342387007788,0.188887785702864
106,2023,3.09463287416753,0.189110101871316
107,2023,3.08742937749743,0.189543181254011
108,2023,3.08181139303965,0.19019211143106
109,2023,3.07777693376625,0.191054530411876
110,2023,3.0753240126493,0.192120753271584
111,2023,3.07445064266088,0.193374124832011
112,2023,3.07515483677306,0.194791571529076
113,2023,3.0774346079579,0.196344314241544
114,2023,3.08128796918747,0.197998697816604
115,2023,3.08671293343384,0.199717092601859
116,2023,3.09370751366908,0.201458827811804
117,2023,3.10226972286526,0.203181124718918
118,2023,3.11239757399446,0.204840007938113
119,2023,3.12408908002873,0.206391184072579
120,2023,3.13734225394015,0.207790887677529
121,2023,3.15215510870079,0.208996704301261
122,2023,3.16852565728272,0.209968389140724
123,2023,3.186451912658,0.210668707807762
124,2023,3.20593188779871,0.211064333278745
125,2023,3.22696304390668,0.211127135645545
126,2023,3.24950973596953,0.210852578922024
127,2023,3.27348500434289,0.210269412531392
128,2023,3.29879747522046,0.209413526367823
129,2023,3.32535577479596,0.208324545877047
130,2023,3.35306852926312,0.207044888448292
131,2023,3.38184436481564,0.205618875409892
132,2023,3.41159190764725,0.204091865391639
133,2023,3.44221978395167,0.202509383700828
134,2023,3.4736366199226,0.200916231588406
135,2023,3.50575104175378,0.199355569242597
136,2023,3.5384716756389,0.197867977120961
137,2023,3.57170714777171,0.196490511494146
138,2023,3.6053660843459,0.195255781042363
139,2023,3.6393571115552,0.194191080815145
140,2023,3.67358885559333,0.193317626378008
141,2023,3.70796994265401,0.192649933114568
142,2023,3.74240899893094,0.192195382451944
143,2023,3.77681465061785,0.191954008058046
144,2023,3.81109552390846,0.191918521672497
145,2023,3.84516024499649,0.192074582010678
146,2023,3.87891744007564,0.192401293604266
147,2023,3.91227573533964,0.192871908102926
148,2023,3.94514375698221,0.193454690585866
149,2023,3.97743013119707,0.194113909050632
150,2023,4.00904348417792,0.19481090664449
151,2023,4.03989244211849,0.195505222651533
152,2023,4.0698856312125,0.196155738437732
153,2023,4.09893167765367,0.196721836999108
154,2023,4.1269392076357,0.197164578129673
155,2023,4.15381684735233,0.197447904566683
156,2023,4.17947322299726,0.197539907236631
157,2023,4.20381915701971,0.197414780763457
158,2023,4.22683208018018,0.197071464579101
159,2023,4.24856642944753,0.196536319937064
160,2023,4.2690809313522,0.195842104767269
161,2023,4.28843431242456,0.195025365394732
162,2023,4.30668529919504,0.194125088988601
163,2023,4.32389261819404,0.193181422242981
164,2023,4.34011499595195,0.192234431210415
165,2023,4.35541115899919,0.191322891021708
166,2023,4.36983983386617,0.19048310825193
167,2023,4.38345974708327,0.189747792192447
168,2023,4.39632962518092,0.189145003136286
169,2023,4.40850819468952,0.188697214576772
170,2023,4.42005418213946,0.188420530546104
171,2023,4.43102631406116,0.188324098135276
172,2023,4.44148331698502,0.188409748241607
173,2023,4.45148391744144,0.188671885488807
174,2023,4.46108684196084,0.189097632768825
175,2023,4.47035081707361,0.189667219398848
176,2023,4.47933456931016,0.190354587113925
177,2023,4.4880968252009,0.191128177297874
178,2023,4.49669631127622,0.191951857433365
179,2023,4.50519175406654,0.192785945135143
180,2023,4.51364188010226,0.193588293783894
181,2023,4.52210541591379,0.194315413534967
182,2023,4.53064108803152,0.194923613935745
183,2023,4.53930762298587,0.195370168278056
184,2023,4.54816374730723,0.195614514240439
185,2023,4.55726818752603,0.195619519908821
186,2023,4.56667965003326,0.195352869794902
187,2023,4.57643678239316,0.194799420782379
188,2023,4.58652053283381,0.193982530434436
189,2023,4.5969015382185,0.192937664889498
190,2023,4.60755043541054,0.191705508521658
191,2023,4.61843786127323,0.190330742606742
192,2023,4.62953445266987,0.18886088194382
193,2023,4.64081084646376,0.187345122484503
194,2023,4.65223767951821,0.185833165214925
195,2023,4.66378558869651,0.184373995596076
196,2023,4.67542521086197,0.183014614185678
197,2023,4.68712718287788,0.181798732399692
198,2023,4.69886214160755,0.18076546659265
199,2023,4.71060072391428,0.17994808162654
200,2023,4.72231356666137,0.179372848955456
201,2023,4.73397130671212,0.179058090856424
202,2023,4.74554458092983,0.179013479317444
203,2023,4.75700402617781,0.179239644375469
204,2023,4.76832027931935,0.179728123732902
205,2023,4.77946397721776,0.18046165684994
206,2023,4.79040575673633,0.18141479745546
207,2023,4.80111625473838,0.182554793747531
208,2023,4.81156610808719,0.183842669472315
209,2023,4.82172595364607,0.185234433467236
210,2023,4.83156642827833,0.186682349728418
211,2023,4.84105816884726,0.188136212434702
212,2023,4.85017181221617,0.189544587582286
213,2023,4.85887799524835,0.190856001952914
214,2023,4.8671473548071,0.192020078751434
215,2023,4.87495052775574,0.192988636089014
216,2023,4.88225815095755,0.193716779202047
217,2023,4.88904326434137,0.194166212978636
218,2023,4.89530684347277,0.194329795828832
219,2023,4.90106788690877,0.19422346945314
220,2023,4.90634569358956,0.193869383523144
221,2023,4.91115956245538,0.193294567971506
222,2023,4.91552879244641,0.192530011165207
223,2023,4.91947268250287,0.191609830592778
224,2023,4.92301053156497,0.190570499318466
225,2023,4.92616163857293,0.189450097861377
226,2023,4.92894530246693,0.188287567623793
227,2023,4.93138082218721,0.187121948884013
228,2023,4.93348749667396,0.185991593986276
229,2023,4.93528462486739,0.184933354830044
230,2023,4.93679150570771,0.183981752932951
231,2023,4.93802743813514,0.1831681497166
232,2023,4.93901172108987,0.1825199433795
233,2023,4.93976365351213,0.182059825631437
234,2023,4.94030253434211,0.181805135431804
235,2023,4.94064766252003,0.181767346658204
236,2023,4.94081833698609,0.181951721799721
237,2023,4.94083385668051,0.182357154551568
238,2023,4.94071352054349,0.182976211655369
239,2023,4.94047662751523,0.183795370246176
240,2023,4.94014247653597,0.184795433432845
241,2023,4.93973036654588,0.18595209582555
242,2023,4.9392595964852,0.187236623656713
243,2023,4.93874946529413,0.188616611642862
244,2023,4.93821927191287,0.190056780605194
245,2023,4.93768831528163,0.191519785265344
246,2023,4.93717589434062,0.192967009375869
247,2023,4.93670130803006,0.19435933421269
248,2023,4.93628385529015,0.195657875432144
249,2023,4.9359428350611,0.196824691693648
250,2023,4.93569754628311,0.197823475945248
251,2023,4.93556728339894,0.1986202542681
252,2023,4.93556686137008,0.19919156342733
253,2023,4.93569820990335,0.199539533298308
254,2023,4.93596095600036,0.199674665261017
255,2023,4.93635472666268,0.199611369516818
256,2023,4.93687914889194,0.199367336053512
257,2023,4.93753384968972,0.198962980895581
258,2023,4.93831845605762,0.198420947468882
259,2023,4.93923259499725,0.197765645673977
260,2023,4.94027589351021,0.19702281392777
261,2023,4.94144797859808,0.196219092055653
262,2023,4.94274847726248,0.195381595587576
263,2023,4.94417701650499,0.194537484824685
264,2023,4.94573322332723,0.193713525064865
265,2023,4.94741672473079,0.192935637620796
266,2023,4.94922714771726,0.192228444675778
267,2023,4.95116411928826,0.191614814457297
268,2023,4.95322726644537,0.191115416436428
269,2023,4.9554162161902,0.190748298982199
270,2023,4.95773059552434,0.190528503780775
271,2023,4.9601700314494,0.190467732058755
272,2023,4.96273415096697,0.190574077005749
273,2023,4.96542258107866,0.190851834702399
274,2023,4.96823494878606,0.191301402446989
275,2023,4.97117088109077,0.191919268955363
276,2023,4.97423000499439,0.19269809596394
277,2023,4.97741194749853,0.193626885858955
278,2023,4.98071633560477,0.194691225641237
279,2023,4.98414279631472,0.195873594266969
280,2023,4.98769095662999,0.197153718461929
281,2023,4.99136044355216,0.198508961571951
282,2023,4.99515088408283,0.199914730782108
283,2023,4.99906190522361,0.201344889868269
284,2023,5.0030931339761,0.202772167218134
285,2023,5.0072441973419,0.204168551843162
286,2023,5.01151472232259,0.205505673205804
287,2023,5.01590433591979,0.206755163687972
288,2023,5.0204126651351,0.207889005291512
289,2023,5.0250393369701,0.208879864637167
290,2023,5.02978386933048,0.209702024188312
291,2023,5.03464382163189,0.210342133834448
292,2023,5.03961505924845,0.210798738665946
293,2023,5.04469339169719,0.21107330287042
294,2023,5.04987462849513,0.211169579077887
295,2023,5.0551545791593,0.211093323172668
296,2023,5.06052905320672,0.210852046000402
297,2023,5.06599386015441,0.210454795755621
298,2023,5.07154480951939,0.209911965424675
299,2023,5.07717771081868,0.209235120225471
300,2023,5.08288837356931,0.208436840508518
301,2023,5.0886726072883,0.207530576058046
302,2023,5.09452622149268,0.206530508162553
303,2023,5.10044502569946,0.205451416222794
304,2023,5.10642482942566,0.204308546047425
305,2023,5.11246144218831,0.203117477370252
306,2023,5.11855067350444,0.201893988526587
307,2023,5.12468833289105,0.20065391666699
308,2023,5.13087022986519,0.199413012379469
309,2023,5.13709217394386,0.198186788145797
310,2023,5.1433499746441,0.196990360677234
311,2023,5.14963944148292,0.195838287853531
312,2023,5.15595638397734,0.194744401709726
313,2023,5.16229661164439,0.193721639649256
314,2023,5.1686559340011,0.192781876768446
315,2023,5.17503016056448,0.191935762806257
316,2023,5.18141510085155,0.191192567727838
317,2023,5.18780656437934,0.190560040254504
318,2023,5.19420036066487,0.190044283717408
319,2023,5.20059229922517,0.189649653403514
320,2023,5.20697818957725,0.189378679069367
321,2023,5.21335384123813,0.189232015536481
322,2023,5.21971506372485,0.189208423296547
323,2023,5.22605766655442,0.189304779915233
324,2023,5.23237745924387,0.189516121818782
325,2023,5.23867025131021,0.189835714874639
326,2023,5.24493185227047,0.190255151129133
327,2023,5.25115807164168,0.190764468220212
328,2023,5.25734471894084,0.191352287396305
329,2023,5.263487603685,0.192005965770663
330,2023,5.26958253539116,0.192711758422535
331,2023,5.27562532357636,0.193454986196186
332,2023,5.28161177775761,0.194220205501685
333,2023,5.28753770745194,0.194991377032906
334,2023,5.29339892217637,0.195752031031047
335,2023,5.29919123144792,0.196485427483286
336,2023,5.30491044478361,0.197174710412025
337,2023,5.31055237170047,0.197803056148388
338,2023,5.31611282171551,0.198353816175242
339,2023,5.32158760434577,0.198810655762756
340,2023,5.32697252910827,0.19915769020752
341,2023,5.33226340552001,0.199379621037142
342,2023,5.33745604309804,0.19946187507585
343,2023,5.34254625135937,0.199390749807787
344,2023,5.34752983982101,0.19915356905199
345,2023,5.35240261800001,0.1987388536075
346,2023,5.35716039541337,0.1981365122706
347,2023,5.36179554882095,0.197341183143556
348,2023,5.36628672395389,0.196361735259789
349,2023,5.37060913378616,0.195211751425618
350,2023,5.37473799129174,0.193906219283883
351,2023,5.3786485094446,0.192461369970669
352,2023,5.3823159012187,0.190894529398215
353,2023,5.38571537958802,0.189223976841109
354,2023,5.38882215752653,0.187468805849767
355,2023,5.39161144800821,0.185648782822742
356,2023,5.39405846400702,0.183784198882868
357,2023,5.39613841849693,0.181895711073251
358,2023,5.39782652445192,0.180004169374502
359,2023,5.39909799484596,0.178130426702553
360,2023,5.39992804265301,0.176295129931404
361,2023,5.40029188084706,0.174518491139448
362,2023,5.40016472240208,0.172820039720975
363,2023,5.39952178029202,0.171218357720602
364,2023,5.39833826749087,0.169730802675318
365,2023,5.3965893969726,0.168373224269708
1,2024,5.52403638136688,0.238987831477704
2,2024,5.52890915954588,0.238431507483588
3,2024,5.53366693695924,0.23770944501538
4,2024,5.53830209036682,0.236817087829589
5,2024,5.54279326549976,0.235762286817623
6,2024,5.54711567533203,0.234557020903702
7,2024,5.55124453283761,0.233214504247426
8,2024,5.55515505099046,0.231749026204203
9,2024,5.55882244276456,0.230175800989578
10,2024,5.56222192113389,0.22851082347029
11,2024,5.5653286990724,0.226770727825764
12,2024,5.56811798955407,0.224972646147463
13,2024,5.57056500555288,0.223134064389056
14,2024,5.57264496004279,0.221272673468253
15,2024,5.57433306599779,0.219406213771683
16,2024,5.57560453639182,0.217552311845385
17,2024,5.57643458419888,0.215728308678237
18,2024,5.57679842239293,0.213951079709054
19,2024,5.57667126394794,0.21223684750382
20,2024,5.57602832183789,0.210600988937345
21,2024,5.57484480903674,0.209057839636972
22,2024,5.57309593851847,0.207620499351803
23,2024,5.57075692325704,0.206300642731728
24,2024,5.56780297622644,0.205108340659094
25,2024,5.56420931040063,0.20405189769339
26,2024,5.55995113875358,0.203137711295691
27,2024,5.55500367425927,0.202370158244953
28,2024,5.54934212989166,0.201751513023593
29,2024,5.54294171862473,0.201281901954545
30,2024,5.53577765343245,0.20095929557654
31,2024,5.52782514728879,0.200779540245945
32,2024,5.51905941316772,0.200736428375862
33,2024,5.50945566404322,0.200821805201749
34,2024,5.49898911288924,0.201025708626794
35,2024,5.48763497267978,0.201336537656858
36,2024,5.47536845638879,0.20174124425664
37,2024,5.46216477699026,0.202225543177478
38,2024,5.44799914745814,0.202774134414456
39,2024,5.43284678076642,0.203370933403092
40,2024,5.41668288988906,0.203999304797073
41,2024,5.39948268780003,0.204642296598959
42,2024,5.38122138747332,0.20528287246536
43,2024,5.36187420188288,0.20590414110489
44,2024,5.34141634400269,0.206489582773254
45,2024,5.31982302680672,0.207023273904322
46,2024,5.29706946326894,0.207490111874583
47,2024,5.27313086636333,0.207876042770997
48,2024,5.24798244906386,0.208168295819085
49,2024,5.22159942434449,0.20835562883444
50,2024,5.1939570051792,0.208428589691458
51,2024,5.16503040454196,0.208379799355471
52,2024,5.13479483540675,0.208204262481714
53,2024,5.10322690105702,0.207899958050823
54,2024,5.0703453702566,0.207475253883063
55,2024,5.03621775949619,0.206949398053086
56,2024,5.0009143007147,0.206343685565523
57,2024,4.96450522585109,0.205680570334736
58,2024,4.92706076684429,0.204983275798564
59,2024,4.88865115563324,0.204275408935237
60,2024,4.84934662415688,0.203580573661216
61,2024,4.80921740435414,0.202921981936381
62,2024,4.76833372816396,0.202322063369623
63,2024,4.72676582752528,0.201802076623974
64,2024,4.68458393437703,0.20138172833726
65,2024,4.64185828065817,0.201078807428042
66,2024,4.59865909830761,0.200908844344105
67,2024,4.5550566192643,0.200884805826865
68,2024,4.51112107546718,0.201016835937652
69,2024,4.46692269885519,0.201312053319493
70,2024,4.42253172136725,0.201774412951062
71,2024,4.37801837494232,0.202404638106554
72,2024,4.33345289151932,0.203200225098285
73,2024,4.2889055030372,0.204155519965356
74,2024,4.24444644143489,0.205261862939042
75,2024,4.20014593865134,0.20650779360571
76,2024,4.15607422662546,0.207879307476687
77,2024,4.11230153729622,0.20936015333434
78,2024,4.06889810260254,0.21093216030912
79,2024,4.02593415448336,0.212575584096816
80,2024,3.98347992487761,0.21426946290605
81,2024,3.94160564572425,0.215991975439164
82,2024,3.90038154896219,0.21772079524608
83,2024,3.85987786653039,0.219433437957062
84,2024,3.82016483036778,0.221107600039463
85,2024,3.78131267241329,0.222721489724726
86,2024,3.74339162460587,0.224254152551461
87,2024,3.70647191888444,0.225685795545001
88,2024,3.67062378718796,0.226998115410348
89,2024,3.63591746145535,0.228174637278206
90,2024,3.60242317362556,0.22920107154212
91,2024,3.57021115563752,0.230065697179807
92,2024,3.53935163943017,0.230759780663554
93,2024,3.50991485694244,0.231278040097385
94,2024,3.48197104011328,0.23161916448362
95,2024,3.45558997508553,0.23178656400864
96,2024,3.43081470023653,0.231798406275334
97,2024,3.40764679490708,0.231691042741143
98,2024,3.38608427206926,0.231502928390891
99,2024,3.36612514469513,0.231272367275839
100,2024,3.34776742575676,0.231036658623507
101,2024,3.33100912822621,0.230831268255084
102,2024,3.31584826507557,0.230689031523971
103,2024,3.3022828492769,0.230639400643544
104,2024,3.29031089380227,0.230707754498573
105,2024,3.27993041162374,0.23091479231899
106,2024,3.2711394157134,0.231276033499185
107,2024,3.2639359190433,0.231801444137563
108,2024,3.25831793458551,0.232495206625902
109,2024,3.25428347531211,0.233355642270998
110,2024,3.25183055419517,0.234375289244647
111,2024,3.25095718420675,0.235541130112093
112,2024,3.25166137831892,0.236834955813318
113,2024,3.25394114950376,0.238233847165686
114,2024,3.25779451073333,0.239710751343136
115,2024,3.2632194749797,0.241235129635202
116,2024,3.27021405521494,0.24277365401764
117,2024,3.27877626441113,0.24429093331883
118,2024,3.28890411554032,0.245750254524989
119,2024,3.30059562157459,0.247114330476384
120,2024,3.31384879548602,0.248346051373045
121,2024,3.32866165024665,0.249409243767548
122,2024,3.34503219882858,0.250269446864815
123,2024,3.36295845420387,0.250894721912926
124,2024,3.38243842934458,0.251256516307036
125,2024,3.40346958545254,0.251330860513027
126,2024,3.4260162775154,0.251114094346419
127,2024,3.44999154588876,0.250631114573681
128,2024,3.47530401676633,0.249913060952163
129,2024,3.50186231634183,0.248994315794081
130,2024,3.52957507080898,0.247911597056919
131,2024,3.55835090636151,0.246703107817976
132,2024,3.58809844919312,0.245407720404846
133,2024,3.61872632549753,0.244064180212358
134,2024,3.65014316146847,0.24271032102817
135,2024,3.68225758329964,0.241382290534073
136,2024,3.71497821718477,0.240113791424641
137,2024,3.74821368931757,0.238935350000626
138,2024,3.78187262589177,0.237873629708729
139,2024,3.81586365310107,0.236950811366928
140,2024,3.8500953971392,0.23618406417861
141,2024,3.88447648419987,0.235585131653025
142,2024,3.91891554047681,0.235160054004461
143,2024,3.95332119216372,0.234909043625034
144,2024,3.98760206545433,0.234826523316864
145,2024,4.02166678654235,0.234901328958815
146,2024,4.05542398162151,0.23511707020455
147,2024,4.08878227688551,0.23545263572141
148,2024,4.12165029852808,0.235882824282382
149,2024,4.15393667274293,0.23637908031052
150,2024,4.18555002572378,0.236910312468275
151,2024,4.21639898366436,0.237443776447515
152,2024,4.24639217275837,0.237946007841983
153,2024,4.27543821919953,0.238383797312635
154,2024,4.30344574918157,0.238725207595788
155,2024,4.33032338889819,0.238940639717813
156,2024,4.35597976454312,0.239003963626245
157,2024,4.38032569856558,0.23889421074748
158,2024,4.40333862172604,0.238610650660523
159,2024,4.4250729709934,0.238174921033284
160,2024,4.44558747289806,0.237614014141412
161,2024,4.46494085397043,0.236958050822842
162,2024,4.48319184074091,0.236239078151972
163,2024,4.5003991597399,0.235489940512268
164,2024,4.51662153749782,0.234743211059989
165,2024,4.53191770054506,0.234030179035707
166,2024,4.54634637541203,0.233379896510392
167,2024,4.55996628862914,0.232818295421917
168,2024,4.57283616672679,0.232367391575302
169,2024,4.58501473623538,0.232044596055964
170,2024,4.59656072368533,0.231862155758316
171,2024,4.60753285560702,0.231826743214747
172,2024,4.61798985853089,0.231939211712919
173,2024,4.62799045898731,0.232194525289167
174,2024,4.6375933835067,0.232581865410213
175,2024,4.64685735861948,0.233084908063776
176,2024,4.65584111085603,0.233682257683627
177,2024,4.66460336674676,0.234348018809845
178,2024,4.67320285282209,0.23505248331037
179,2024,4.68169829561241,0.235762910670699
180,2024,4.69014842164813,0.236444381232635
181,2024,4.69861195745965,0.237060706982545
182,2024,4.70714762957738,0.237575391044288
183,2024,4.71581416453173,0.237952634878314
184,2024,4.7246702888531,0.238158400851379
185,2024,4.73377472907189,0.238161546969484
186,2024,4.74318619157913,0.23793506904652
187,2024,4.75294332393903,0.237466505786092
188,2024,4.76302707437967,0.236775754327179
189,2024,4.77340807976437,0.235892882038044
190,2024,4.78405697695641,0.234852250355336
191,2024,4.79494440281909,0.233691381656276
192,2024,4.80604099421574,0.232449887455726
193,2024,4.81731738800963,0.231168431617341
194,2024,4.82874422106408,0.229887710946843
195,2024,4.84029213024237,0.228647444830253
196,2024,4.85193175240783,0.227485375320217
197,2024,4.86363372442374,0.226436288856077
198,2024,4.87536868315341,0.225531079951457
199,2024,4.88710726546014,0.224795884783731
200,2024,4.89882010820723,0.224251317648979
201,2024,4.91047784825798,0.223911844775287
202,2024,4.9220511224757,0.223785327429883
203,2024,4.93351056772367,0.223872759588888
204,2024,4.94482682086521,0.224168215322249
205,2024,4.95597051876362,0.224659008779992
206,2024,4.9669122982822,0.225326056973652
207,2024,4.97762279628424,0.226144424240376
208,2024,4.98807264963306,0.227084018893288
209,2024,4.99823249519194,0.228110408079362
210,2024,5.0080729698242,0.229185716580603
211,2024,5.01756471039313,0.230269578865908
212,2024,5.02667835376203,0.231320120337858
213,2024,5.03538453679421,0.23229495242406
214,2024,5.04365389635297,0.23315217596922
215,2024,5.05145706930161,0.233851397523404
216,2024,5.05876469250342,0.234354773106431
217,2024,5.06554980588724,0.234629902646721
218,2024,5.07181338501864,0.234670258413697
219,2024,5.07757442845464,0.234488697719347
220,2024,5.08285223513543,0.234103544154591
221,2024,5.08766610400124,0.233537418938021
222,2024,5.09203533399227,0.2328163926535
223,2024,5.09597922404874,0.231969208548214
224,2024,5.09951707311084,0.231026554849095
225,2024,5.1026681801188,0.230020367859152
226,2024,5.1054518440128,0.228983152138579
227,2024,5.10788736373308,0.227947308875458
228,2024,5.10999403821982,0.226944468599569
229,2024,5.11179116641326,0.226004829607523
230,2024,5.11329804725358,0.225156508657662
231,2024,5.11453397968101,0.224424915349998
232,2024,5.11551826263574,0.223832165720296
233,2024,5.116270195058,0.223396553486949
234,2024,5.11680907588798,0.223132098660531
235,2024,5.1171542040659,0.223048192547616
236,2024,5.11732487853196,0.223149355455971
237,2024,5.11734039822637,0.22343511881732
238,2024,5.11722006208935,0.223900037451367
239,2024,5.1169831690611,0.224533830996047
240,2024,5.11664901808183,0.225321646939782
241,2024,5.11623690809175,0.226244432006923
242,2024,5.11576613803107,0.227279394507003
243,2024,5.11525600683999,0.228400538048812
244,2024,5.11472581345873,0.229579246840068
245,2024,5.1141948568275,0.2307849044776
246,2024,5.11368243588649,0.231985531325825
247,2024,5.11320784957593,0.233148429832032
248,2024,5.11279039683602,0.234240831981528
249,2024,5.11244937660697,0.235230548168697
250,2024,5.11220408782898,0.236086621775322
251,2024,5.1120738249448,0.23678000469323
252,2024,5.11207340291595,0.237290442427711
253,2024,5.11220475144922,0.237619104894074
254,2024,5.11246749754622,0.237774373133443
255,2024,5.11286126820855,0.237768110662724
256,2024,5.11338569043781,0.237615094648316
257,2024,5.11404039123559,0.237332502672681
258,2024,5.11482499760349,0.236939442406025
259,2024,5.11573913654312,0.236456513178431
260,2024,5.11678243505607,0.235905390238764
261,2024,5.11795452014394,0.235308424351631
262,2024,5.11925501880834,0.234688251313169
263,2024,5.12068355805086,0.234067407955775
264,2024,5.1222397648731,0.233467953245287
265,2024,5.12392326627665,0.232911095114452
266,2024,5.12573368926313,0.232416825659028
267,2024,5.12767066083413,0.232003569154474
268,2024,5.12973380799123,0.231687848915739
269,2024,5.13192275773606,0.231483980192589
270,2024,5.13423713707021,0.231403796946456
271,2024,5.13667657299527,0.231456420396598
272,2024,5.13924069251284,0.231648076605207
273,2024,5.14192912262452,0.231981969108037
274,2024,5.14474149033192,0.232458210775151
275,2024,5.14767742263664,0.233073816858371
276,2024,5.15073654654026,0.233822758751981
277,2024,5.1539184890444,0.234696075590307
278,2024,5.15722287715064,0.235682038653826
279,2024,5.16064933786059,0.236766361843378
280,2024,5.16419749817585,0.237932450340967
281,2024,5.16786698509802,0.239161679067326
282,2024,5.1716574256287,0.240433692663206
283,2024,5.17556844676948,0.241726719397134
284,2024,5.17959967552197,0.243017892530589
285,2024,5.18375073888776,0.244283574126061
286,2024,5.18802126386846,0.245499677938248
287,2024,5.19241087746566,0.246641989773693
288,2024,5.19691920668096,0.247686485455234
289,2024,5.20154587851597,0.248609648231501
290,2024,5.20629041087635,0.249389297626572
291,2024,5.21115036317775,0.250013729034813
292,2024,5.21612160079431,0.250481372762138
293,2024,5.22119993324306,0.250793226918673
294,2024,5.226381170041,0.250952323627602
295,2024,5.23166112070517,0.250963480772695
296,2024,5.23703559475259,0.25083308014777
297,2024,5.24250040170027,0.250568868002751
298,2024,5.24805135106525,0.250179774273504
299,2024,5.25368425236455,0.249675747104671
300,2024,5.25939491511518,0.249067599605723
301,2024,5.26517914883417,0.24836686611018
302,2024,5.27103276303854,0.247585665532875
303,2024,5.27695156724532,0.246736569741142
304,2024,5.28293137097153,0.24583247517631
305,2024,5.28896798373418,0.244886476286249
306,2024,5.2950572150503,0.243911739662455
307,2024,5.30119487443692,0.242921378119439
308,2024,5.30737677141106,0.241928324311446
309,2024,5.31359871548973,0.240945203850516
310,2024,5.31985651618997,0.239984208266031
311,2024,5.32614598302878,0.239056968521115
312,2024,5.33246292552321,0.238174430163942
313,2024,5.33880315319026,0.237346731527158
314,2024,5.34516247554697,0.236583086678922
315,2024,5.35153670211034,0.235891675056056
316,2024,5.35792164239742,0.235279539855455
317,2024,5.36431310592521,0.234752497308862
318,2024,5.37070690221074,0.234315058907537
319,2024,5.37709884077103,0.233970368472779
320,2024,5.38348473112311,0.233720155689243
321,2024,5.389860382784,0.233564707342235
322,2024,5.39622160527072,0.233502857047679
323,2024,5.40256420810029,0.233531993761002
324,2024,5.40888400078973,0.233648088829974
325,2024,5.41517679285608,0.233845740849866
326,2024,5.42143839381634,0.234118237118905
327,2024,5.42766461318754,0.234457630105764
328,2024,5.43385126048671,0.234854827049982
329,2024,5.43999414523087,0.235299690634168
330,2024,5.44608907693703,0.235781148598572
331,2024,5.45213186512223,0.236287310211057
332,2024,5.45811831930348,0.23680558764898
333,2024,5.46404424899781,0.237322820579468
334,2024,5.46990546372223,0.237825402523598
335,2024,5.47569777299378,0.238299407940142
336,2024,5.48141698632948,0.238730719348738
337,2024,5.48705891324633,0.239105154216232
338,2024,5.49261936326138,0.239408591742619
339,2024,5.49809414589164,0.239627100097502
340,2024,5.50347907065413,0.239747065071648
341,2024,5.50876994706588,0.239755321522106
342,2024,5.51396258464391,0.239639289408323
343,2024,5.51905279290523,0.239387116648267
344,2024,5.52403638136688,0.238987831477704
345,2024,5.52890915954588,0.238431507483588
346,2024,5.53366693695924,0.23770944501538
347,2024,5.53830209036682,0.236817087829589
348,2024,5.54279326549976,0.235762286817623
349,2024,5.54711567533203,0.234557020903702
350,2024,5.55124453283761,0.233214504247426
351,2024,5.55515505099046,0.231749026204203
352,2024,5.55882244276456,0.230175800989578
353,2024,5.56222192113389,0.22851082347029
354,2024,5.5653286990724,0.226770727825764
355,2024,5.56811798955407,0.224972646147463
356,2024,5.57056500555288,0.223134064389056
357,2024,5.57264496004279,0.221272673468253
358,2024,5.57433306599779,0.219406213771683
359,2024,5.57560453639182,0.217552311845385
360,2024,5.57643458419888,0.215728308678237
361,2024,5.57679842239293,0.213951079709054
362,2024,5.57667126394794,0.21223684750382
363,2024,5.57602832183789,0.210600988937345
364,2024,5.57484480903674,0.209057839636972
365,2024,5.57309593851847,0.207620499351803
