"day_of_year","year","prediction","standard_error"
1,2005,3.80970658832851,0.196634022456707
2,2005,3.79109100973616,0.195941682056324
3,2005,3.77195193851255,0.195075662421198
4,2005,3.75228632920189,0.194035419436997
5,2005,3.7321066780823,0.192833382212075
6,2005,3.71142936686537,0.191486150184866
7,2005,3.69027077726271,0.190011477604517
8,2005,3.66864729098592,0.188428119760628
9,2005,3.64657528974659,0.186755682559285
10,2005,3.62407115525632,0.185014470347763
11,2005,3.60115126922671,0.183225327277241
12,2005,3.57783201336935,0.181409467936986
13,2005,3.55412976939585,0.179588293556767
14,2005,3.5300609190178,0.177783190819263
15,2005,3.50564184394681,0.176015311308265
16,2005,3.48088892589446,0.174305330884042
17,2005,3.45581854657236,0.17267318984093
18,2005,3.43044708769211,0.171137816541485
19,2005,3.4047909309653,0.16971683926288
20,2005,3.37886645810353,0.168426293102703
21,2005,3.3526900508184,0.167280330783487
22,2005,3.32627809082151,0.166290947834979
23,2005,3.29964695982446,0.165467733670539
24,2005,3.27281303953884,0.164817660283342
25,2005,3.24579271167626,0.164344919513673
26,2005,3.2186023579483,0.164050818038385
27,2005,3.19125836006658,0.163933736505962
28,2005,3.16377709974268,0.163989155826032
29,2005,3.1361749586882,0.164209749874213
30,2005,3.10846831861475,0.164585540204028
31,2005,3.08067356123393,0.165104105168182
32,2005,3.05280706825732,0.165750833465323
33,2005,3.02488522139653,0.166509210742809
34,2005,2.99692440236315,0.16736112755197
35,2005,2.96894099286879,0.168287197584898
36,2005,2.94095137462504,0.169267076533468
37,2005,2.9129719293435,0.170279773858532
38,2005,2.88501903873577,0.171303951987336
39,2005,2.85710908451345,0.17231820974574
40,2005,2.82925844838813,0.173301349007012
41,2005,2.80148351207141,0.174232625490796
42,2005,2.77380065727489,0.175091986324043
43,2005,2.74622626571018,0.175860298379704
44,2005,2.71877671908886,0.176519572574202
45,2005,2.69146839912254,0.177053190288912
46,2005,2.6643176875228,0.177446138951141
47,2005,2.63734096600127,0.177685264632385
48,2005,2.61055461626952,0.177759550351701
49,2005,2.58397502003916,0.177660429645851
50,2005,2.55761855902178,0.177382145891137
51,2005,2.53150168966016,0.176922210281188
52,2005,2.50565300287024,0.176288421787119
53,2005,2.48012653553023,0.175505486831778
54,2005,2.45497952861711,0.174601665839181
55,2005,2.43026922310785,0.173606493149401
56,2005,2.40605285997944,0.172550311789391
57,2005,2.38238768020884,0.171463799370557
58,2005,2.35933092477303,0.170377476801979
59,2005,2.336939834649,0.169321195772655
60,2005,2.31527165081372,0.168323605718838
61,2005,2.29438361424417,0.167411606162529
62,2005,2.27433296591731,0.166609795617227
63,2005,2.25517694681014,0.165939933258789
64,2005,2.23697279789962,0.165420433660149
65,2005,2.21977776016274,0.165065917436764
66,2005,2.20364907457647,0.164886841063978
67,2005,2.18864398211779,0.164889227047518
68,2005,2.17481972376367,0.165074511045083
69,2005,2.1622335404911,0.165439515859315
70,2005,2.15094267327704,0.16597655424599
71,2005,2.14100436309848,0.166673654255787
72,2005,2.13247585093239,0.167514893452629
73,2005,2.12541437775575,0.16848082275694
74,2005,2.11987718454554,0.169548957439413
75,2005,2.11592151227873,0.170694312114369
76,2005,2.11360460193231,0.171889958234283
77,2005,2.11298369448324,0.17310758606717
78,2005,2.1141160309085,0.174318057806926
79,2005,2.11705885218508,0.175491943688593
80,2005,2.12186939928995,0.176600038230944
81,2005,2.12860491320008,0.177613858650223
82,2005,2.13732263489245,0.178506131901069
83,2005,2.14807980534405,0.179251280678305
84,2005,2.16093366553184,0.179825922144434
85,2005,2.1759414564328,0.180209396285789
86,2005,2.19316041902392,0.180384343815733
87,2005,2.21264779428216,0.180337356573807
88,2005,2.23446082318451,0.18005972646365
89,2005,2.25865674670794,0.179548322011685
90,2005,2.28528355785557,0.1788084508374
91,2005,2.31428174193435,0.177873446638284
92,2005,2.3455224244473,0.176794363878637
93,2005,2.37887557490068,0.17562462036176
94,2005,2.41421116280076,0.174418583918717
95,2005,2.45139915765379,0.173230338574403
96,2005,2.49030952896605,0.172112379533962
97,2005,2.53081224624381,0.171114242465296
98,2005,2.57277727899333,0.170281095618391
99,2005,2.61607459672088,0.169652346369507
100,2005,2.66057416893272,0.169260333484204
101,2005,2.70614596513512,0.169129188693662
102,2005,2.75265995483435,0.16927395232513
103,2005,2.79998610753667,0.169700015612536
104,2005,2.84799439274836,0.170402937584854
105,2005,2.89655477997567,0.17136865084066
106,2005,2.94553723872487,0.172574034198617
107,2005,2.99481173850224,0.173987798035266
108,2005,3.04424824881403,0.175571605757952
109,2005,3.09371673916652,0.177281345338193
110,2005,3.14308717906596,0.179068468074635
111,2005,3.19222953801863,0.180881325164741
112,2005,3.2410137855308,0.182666452318012
113,2005,3.28930989110872,0.184369774572257
114,2005,3.33698782425867,0.185937724588952
115,2005,3.38391755448692,0.187318286207626
116,2005,3.42996905129972,0.188461990401262
117,2005,3.47501305954739,0.189323174876518
118,2005,3.51896684472243,0.189877184026233
119,2005,3.56181977931279,0.190130796444202
120,2005,3.60356743855869,0.190098922973159
121,2005,3.64420539770038,0.189801403089565
122,2005,3.68372923197809,0.189262109804237
123,2005,3.72213451663204,0.188508180396813
124,2005,3.75941682690248,0.187569336474089
125,2005,3.79557173802964,0.186477262910811
126,2005,3.83059482525375,0.185265020601806
127,2005,3.86448166381504,0.183966472903203
128,2005,3.89722782895375,0.18261571047906
129,2005,3.92882889591011,0.181246464281959
130,2005,3.95928043992436,0.179891501786084
131,2005,3.98857803623673,0.178582007431268
132,2005,4.01671726008746,0.177346954420397
133,2005,4.04369368671677,0.176212481224073
134,2005,4.0695028913649,0.175201291860269
135,2005,4.09414044927208,0.17433210354815
136,2005,4.11760193567856,0.173619167948005
137,2005,4.13988292582455,0.173071892261561
138,2005,4.1609789949503,0.172694583627582
139,2005,4.18088571829604,0.172486334581117
140,2005,4.19959867110201,0.172441059415057
141,2005,4.21711342860843,0.172547682088703
142,2005,4.23342556605554,0.172790467131451
143,2005,4.24853065868357,0.173149477066955
144,2005,4.26242428173276,0.173601134273042
145,2005,4.27510201044335,0.174118862511538
146,2005,4.28655942005556,0.174673783734911
147,2005,4.29679208580963,0.175235448888864
148,2005,4.30579558294579,0.175772586669774
149,2005,4.31356548670428,0.17625386083126
150,2005,4.32009737232532,0.176648633975807
151,2005,4.32538681504917,0.176927743279975
152,2005,4.32942939011604,0.177064300951434
153,2005,4.33222067276617,0.177034539257795
154,2005,4.33375623823979,0.176818726681482
155,2005,4.33403166177715,0.176402188143567
156,2005,4.33305332526504,0.175780624396453
157,2005,4.33088808137629,0.174979456391284
158,2005,4.3276238050884,0.174036629993188
159,2005,4.32334839248558,0.172993008216288
160,2005,4.31814973965206,0.171891134733123
161,2005,4.31211574267206,0.170774025108429
162,2005,4.3053342976298,0.169683957125742
163,2005,4.2978933006095,0.168661255794321
164,2005,4.28988064769539,0.167743085299105
165,2005,4.28138423497169,0.166962276455595
166,2005,4.27249195852262,0.166346232371888
167,2005,4.26329171443241,0.165915964786332
168,2005,4.25387139878527,0.16568531679164
169,2005,4.24431890766543,0.165660422949694
170,2005,4.2347221371571,0.165839445064312
171,2005,4.22516898334452,0.166212602696038
172,2005,4.21574734231191,0.166762494955708
173,2005,4.20654511014348,0.167464688112925
174,2005,4.19765018292347,0.168288525876197
175,2005,4.18915045673608,0.169198108566734
176,2005,4.18113382766555,0.170153384945518
177,2005,4.17368819179609,0.171111305673246
178,2005,4.16690144521193,0.172026998607238
179,2005,4.1608614839973,0.172854941162321
180,2005,4.1556562042364,0.173550121689484
181,2005,4.15137350201347,0.174069198717234
182,2005,4.14810127341273,0.174371683161881
183,2005,4.1459274145184,0.174421184163466
184,2005,4.14493982141471,0.174186774492908
185,2005,4.14522639018586,0.173644547202038
186,2005,4.14686990123013,0.172780982651001
187,2005,4.14986129815134,0.171620327771868
188,2005,4.15411208818167,0.170219187061714
189,2005,4.15953115932208,0.168641296874749
190,2005,4.16602739957353,0.166955071772807
191,2005,4.17350969693698,0.165231904483681
192,2005,4.1818869394134,0.16354433549766
193,2005,4.19106801500375,0.161964035182702
194,2005,4.20096181170898,0.16055958317927
195,2005,4.21147721753008,0.159394082600358
196,2005,4.22252312046798,0.158522706288169
197,2005,4.23400840852367,0.157990329710106
198,2005,4.24584196969809,0.157829446185996
199,2005,4.25793269199222,0.158058570425854
200,2005,4.27018946340701,0.158681306286745
201,2005,4.28252117194343,0.159686185317456
202,2005,4.29483670560243,0.161047287748308
203,2005,4.30704495238499,0.162725559796749
204,2005,4.31905480029206,0.16467066412396
205,2005,4.33077513732461,0.166823160027154
206,2005,4.34211485148359,0.169116810241882
207,2005,4.35298283076998,0.171480844465152
208,2005,4.36328796318473,0.173842061993067
209,2005,4.3729391367288,0.176126712929584
210,2005,4.38184523940316,0.178262148806827
211,2005,4.38991515920877,0.180178273984032
212,2005,4.39705778414659,0.181808858316584
213,2005,4.40318200221759,0.183092791783815
214,2005,4.40821981680567,0.183985665510163
215,2005,4.41219569282659,0.184492203262815
216,2005,4.41515721057902,0.184635668740822
217,2005,4.41715195036165,0.184446166510731
218,2005,4.41822749247318,0.183959311283733
219,2005,4.4184314172123,0.183215105448088
220,2005,4.41781130487769,0.182256952057411
221,2005,4.41641473576805,0.181130744165171
222,2005,4.41428929018206,0.179883982953071
223,2005,4.41148254841842,0.178564887674418
224,2005,4.40804209077581,0.177221471111723
225,2005,4.40401549755293,0.175900565906779
226,2005,4.39945034904846,0.174646800257703
227,2005,4.3943942255611,0.173501536023692
228,2005,4.38889470738953,0.17250179744898
229,2005,4.38299937483245,0.171679232961085
230,2005,4.37675580818854,0.171059163649448
231,2005,4.3702115877565,0.170659777716251
232,2005,4.36341429383501,0.170491528460085
233,2005,4.35641150672276,0.170556783368744
234,2005,4.34925080671845,0.170849754447299
235,2005,4.34197977412076,0.171356717478826
236,2005,4.33464598922839,0.17205650422666
237,2005,4.32729703234002,0.172921230688563
238,2005,4.31998048375434,0.173917209764675
239,2005,4.31274392377005,0.17500598999916
240,2005,4.30563493268583,0.17614546356077
241,2005,4.29870109080037,0.177290995020613
242,2005,4.29198997841237,0.178396535577263
243,2005,4.28554917582051,0.179415702810373
244,2005,4.27942626332348,0.180302821846146
245,2005,4.27366844957448,0.181014142818749
246,2005,4.26830064449708,0.181521200065458
247,2005,4.26331319498391,0.181819897575405
248,2005,4.25869347476367,0.181913609978206
249,2005,4.25442885756505,0.181810733134358
250,2005,4.25050671711674,0.181523944515677
251,2005,4.24691442714743,0.181069565115119
252,2005,4.24363936138581,0.180466999717045
253,2005,4.24066889356057,0.179738234414772
254,2005,4.2379903974004,0.178907372464767
255,2005,4.235591246634,0.178000191823364
256,2005,4.23345881499005,0.177043710057565
257,2005,4.23158047619725,0.176065744862918
258,2005,4.22994360398428,0.175094461291669
259,2005,4.22853557207983,0.174157900111782
260,2005,4.22734375421261,0.173283485544942
261,2005,4.22635552411129,0.172497514935789
262,2005,4.22555825550457,0.171824637520991
263,2005,4.22493932212114,0.17128733408087
264,2005,4.22448609768969,0.170905413413408
265,2005,4.22418595593891,0.17069554472242
266,2005,4.22402627059749,0.170670846605148
267,2005,4.22399441539412,0.170840552918226
268,2005,4.2240777640575,0.171209773187327
269,2005,4.22426369031631,0.171779360522017
270,2005,4.22453956789924,0.172545893671145
271,2005,4.22489277053499,0.1735017726667
272,2005,4.22531067195224,0.174635420375475
273,2005,4.22578064587969,0.175931576110117
274,2005,4.22629006604603,0.177371662956139
275,2005,4.22682630617995,0.178934208051838
276,2005,4.22737674001014,0.180595294767811
277,2005,4.22792874126529,0.182329027318012
278,2005,4.22846968367408,0.184107991331645
279,2005,4.22898694096522,0.185903697772437
280,2005,4.22946788686739,0.187687001778048
281,2005,4.22989989510928,0.189428492076183
282,2005,4.23027033941959,0.191098850322426
283,2005,4.230566593527,0.192669182847504
284,2005,4.23077603116021,0.194111329871238
285,2005,4.23088647266794,0.195399733707441
286,2005,4.23088928531723,0.19652298550213
287,2005,4.23077752780201,0.197478197797676
288,2005,4.23054426923303,0.198264983647483
289,2005,4.23018257872101,0.198885099897893
290,2005,4.22968552537668,0.199342170333937
291,2005,4.22904617831079,0.1996414461082
292,2005,4.22825760663406,0.19978959743174
293,2005,4.22731287945722,0.199794531146053
294,2005,4.22620506589101,0.199665229410348
295,2005,4.22492723504616,0.199411605304566
296,2005,4.22347245603341,0.199044371657193
297,2005,4.22183379796348,0.198574919859685
298,2005,4.22000432994712,0.198015205833614
299,2005,4.21797712109504,0.197377640683208
300,2005,4.21574524051799,0.196674983907094
301,2005,4.2133017573267,0.195920237371319
302,2005,4.2106397406319,0.195126538573263
303,2005,4.20775225954433,0.194307052063577
304,2005,4.20463238317471,0.193474858249044
305,2005,4.20127318063378,0.19264283917878
306,2005,4.19766772103228,0.191823561320525
307,2005,4.19380907348093,0.191029155759395
308,2005,4.18969030709047,0.190271196689311
309,2005,4.18530449097163,0.189560579502483
310,2005,4.18064469423515,0.188907400194744
311,2005,4.17570398599175,0.188320838169484
312,2005,4.17047543535217,0.187809044813528
313,2005,4.16495211142715,0.187379040407335
314,2005,4.15912708332741,0.187036621995759
315,2005,4.1529934201637,0.186786284766901
316,2005,4.14654419104673,0.186631159257999
317,2005,4.13977246508725,0.186572966333013
318,2005,4.13267131139598,0.186611991374228
319,2005,4.12523379908367,0.186747078529264
320,2005,4.11745299726104,0.186975645195069
321,2005,4.10932197503883,0.187293716247567
322,2005,4.10083380152776,0.187695976886633
323,2005,4.09198154583858,0.188175842404746
324,2005,4.08275827708202,0.188725542739495
325,2005,4.0731570643688,0.189336219359609
326,2005,4.06317097680966,0.18999803187298
327,2005,4.05279308351533,0.19070027173212
328,2005,4.04201645359656,0.191431480535617
329,2005,4.03083415616406,0.192179570662678
330,2005,4.01923926032857,0.192931946306414
331,2005,4.00722483520083,0.193675623362476
332,2005,3.99478394989157,0.194397347056988
333,2005,3.98190967351152,0.195083706638703
334,2005,3.96859507517142,0.195721246897154
335,2005,3.95483322398199,0.196296576689318
336,2005,3.94061718905397,0.196796475055759
337,2005,3.92594003949809,0.197207995882411
338,2005,3.91079484442509,0.197518572420112
339,2005,3.8951746729457,0.197716123318318
340,2005,3.87907259417064,0.197789162173002
341,2005,3.86248167721067,0.197726912944626
342,2005,3.8453949911765,0.197519433985007
343,2005,3.82780560517887,0.197157753837274
344,2005,3.80970658832851,0.196634022456707
345,2005,3.79109100973616,0.195941682056324
346,2005,3.77195193851255,0.195075662421198
347,2005,3.75228632920189,0.194035419436997
348,2005,3.7321066780823,0.192833382212075
349,2005,3.71142936686537,0.191486150184866
350,2005,3.69027077726271,0.190011477604517
351,2005,3.66864729098592,0.188428119760628
352,2005,3.64657528974659,0.186755682559285
353,2005,3.62407115525632,0.185014470347763
354,2005,3.60115126922671,0.183225327277241
355,2005,3.57783201336935,0.181409467936986
356,2005,3.55412976939585,0.179588293556767
357,2005,3.5300609190178,0.177783190819263
358,2005,3.50564184394681,0.176015311308265
359,2005,3.48088892589446,0.174305330884042
360,2005,3.45581854657236,0.17267318984093
361,2005,3.43044708769211,0.171137816541485
362,2005,3.4047909309653,0.16971683926288
363,2005,3.37886645810353,0.168426293102703
364,2005,3.3526900508184,0.167280330783487
365,2005,3.32627809082151,0.166290947834979
1,2006,3.70927820561042,0.18267092437825
2,2006,3.69066262701807,0.181971923496523
3,2006,3.67152355579446,0.181090256864091
4,2006,3.6518579464838,0.180025185785921
5,2006,3.6316782953642,0.178789696740002
6,2006,3.61100098414728,0.177401199447885
7,2006,3.58984239454462,0.175878349621493
8,2006,3.56821890826783,0.174240902529939
9,2006,3.5461469070285,0.172509570000557
10,2006,3.52364277253822,0.17070587473338
11,2006,3.50072288650861,0.168851996089933
12,2006,3.47740363065126,0.166970601849222
13,2006,3.45370138667776,0.165084660896661
14,2006,3.42963253629971,0.163217232524433
15,2006,3.40521346122871,0.161391229073664
16,2006,3.38046054317637,0.159629150127201
17,2006,3.35539016385427,0.157952788422699
18,2006,3.33001870497401,0.156382910100865
19,2006,3.30436254824721,0.154938914755127
20,2006,3.27843807538544,0.153638483829814
21,2006,3.25226166810031,0.152497228940797
22,2006,3.22584970810342,0.151528354291869
23,2006,3.19921857710637,0.150742349110753
24,2006,3.17238465682075,0.150146726533082
25,2006,3.14536432895817,0.149745824334672
26,2006,3.11817397523021,0.14954068026086
27,2006,3.09082997734848,0.149528990586187
28,2006,3.06334871702458,0.149705155371598
29,2006,3.03574657597011,0.150060408279465
30,2006,3.00803993589666,0.150583023456494
31,2006,2.98024517851583,0.15125858755247
32,2006,2.95237868553922,0.152070321893477
33,2006,2.92445683867843,0.152999438412656
34,2006,2.89649601964506,0.154025513139574
35,2006,2.86851261015069,0.155126862621346
36,2006,2.84052299190695,0.156280911213841
37,2006,2.81254354662541,0.157464540308842
38,2006,2.78459065601768,0.158654413851896
39,2006,2.75668070179535,0.159827277638845
40,2006,2.72883006567003,0.160960232647918
41,2006,2.70105512935332,0.162030984968219
42,2006,2.6733722745568,0.163018076713758
43,2006,2.64579788299208,0.163901103719591
44,2006,2.61834833637076,0.164660926897249
45,2006,2.59104001640444,0.165279884992285
46,2006,2.56388930480471,0.165742017250757
47,2006,2.53691258328317,0.166033305267202
48,2006,2.51012623355142,0.166141944139551
49,2006,2.48354663732106,0.166058654056917
50,2006,2.45719017630369,0.165777044619412
51,2006,2.43107330694207,0.165294090766632
52,2006,2.40522462015215,0.164617780158712
53,2006,2.37969815281214,0.163774389362833
54,2006,2.35455114589902,0.162793999357601
55,2006,2.32984084038976,0.161708069984918
56,2006,2.30562447726134,0.160548988421505
57,2006,2.28195929749074,0.159349601738141
58,2006,2.25890254205494,0.158142722366841
59,2006,2.23651145193091,0.156960599862256
60,2006,2.21484326809563,0.155834357712081
61,2006,2.19395523152607,0.154793400121286
62,2006,2.17390458319922,0.153864800422521
63,2006,2.15474856409205,0.153072689526011
64,2006,2.13654441518153,0.152437668829661
65,2006,2.11934937744465,0.151976276308867
66,2006,2.10322069185838,0.151700536150029
67,2006,2.0882155993997,0.151617620582027
68,2006,2.07439134104558,0.151729647275527
69,2006,2.061805157773,0.152033627232448
70,2006,2.05051429055895,0.152521567520795
71,2006,2.04057598038038,0.153180722021576
72,2006,2.0320474682143,0.153993973181257
73,2006,2.02498599503766,0.154940320020488
74,2006,2.01944880182745,0.1559954432412
75,2006,2.01549312956064,0.157132317454657
76,2006,2.01317621921421,0.158321842969938
77,2006,2.01255531176514,0.159533474453882
78,2006,2.01368764819041,0.160735830130876
79,2006,2.01663046946699,0.161897272104154
80,2006,2.02144101657185,0.162986455117665
81,2006,2.02817653048198,0.163972847179153
82,2006,2.03689425217436,0.164827230743039
83,2006,2.04765142262595,0.165522197642202
84,2006,2.06050528281375,0.166032654852149
85,2006,2.07551307371471,0.166336361744805
86,2006,2.09273203630583,0.166414523037989
87,2006,2.11221941156407,0.166252465427787
88,2006,2.13403244046642,0.165840430057432
89,2006,2.15822836398985,0.165174517483956
90,2006,2.18485517513747,0.164259813550696
91,2006,2.21385335921626,0.163131788844283
92,2006,2.24509404172921,0.161845330024262
93,2006,2.27844719218259,0.160458196736559
94,2006,2.31378278008266,0.159029582757633
95,2006,2.3509707749357,0.157618834733349
96,2006,2.38988114624796,0.156284044974609
97,2006,2.43038386352572,0.155080515841655
98,2006,2.47234889627524,0.154059124097852
99,2006,2.51564621400278,0.153264647337397
100,2006,2.56014578621462,0.152734146364496
101,2006,2.60571758241703,0.152495520424334
102,2006,2.65223157211626,0.152566359333533
103,2006,2.69955772481858,0.152953202883582
104,2006,2.74756601003026,0.15365128308929
105,2006,2.79612639725757,0.154644774424327
106,2006,2.84510885600678,0.155907521394761
107,2006,2.89438335578414,0.157404163598468
108,2006,2.94381986609594,0.159091545592012
109,2006,2.99328835644842,0.160920287206083
110,2006,3.04265879634787,0.162836398444304
111,2006,3.09180115530054,0.164782846448135
112,2006,3.1405854028127,0.166701013052669
113,2006,3.18888150839063,0.168532013591748
114,2006,3.23655944154058,0.170217876271029
115,2006,3.28348917176882,0.171702604493177
116,2006,3.32954066858163,0.172933161944211
117,2006,3.37458467682929,0.173860725943191
118,2006,3.41853846200434,0.174459108534708
119,2006,3.46139139659469,0.174735865680586
120,2006,3.5031390558406,0.174707138369875
121,2006,3.54377701498229,0.174394220139576
122,2006,3.58330084925999,0.173822628525134
123,2006,3.62170613391395,0.173021320375913
124,2006,3.65898844418439,0.172022007168276
125,2006,3.69514335531155,0.170858533850593
126,2006,3.73016644253565,0.169566290958469
127,2006,3.76405328109695,0.168181635221943
128,2006,3.79679944623566,0.166741299159338
129,2006,3.82840051319202,0.165281775693942
130,2006,3.85885205720627,0.163838670025872
131,2006,3.88814965351864,0.162446018061313
132,2006,3.91628887736936,0.161135578613661
133,2006,3.94326530399867,0.159936114990941
134,2006,3.9690745086468,0.158872689757816
135,2006,3.99371206655399,0.157966003379215
136,2006,4.01717355296046,0.157231811918114
137,2006,4.03945454310646,0.156680459857496
138,2006,4.06055061223221,0.156316560726333
139,2006,4.08045733557795,0.156138850490832
140,2006,4.09917028838391,0.156140227411685
141,2006,4.11668504589033,0.156307978810339
142,2006,4.13299718333744,0.156624181940146
143,2006,4.14810227596548,0.157066254947579
144,2006,4.16199589901467,0.157607626327407
145,2006,4.17467362772526,0.158218488170272
146,2006,4.18613103733747,0.158866599883073
147,2006,4.19636370309153,0.15951811424531
148,2006,4.20536720022769,0.160138405545869
149,2006,4.21313710398618,0.160692888928145
150,2006,4.21966898960723,0.161147829930243
151,2006,4.22495843233107,0.161471152840836
152,2006,4.22900100739794,0.161633265567428
153,2006,4.23179229004807,0.161607927217583
154,2006,4.2333278555217,0.161373192717745
155,2006,4.23360327905905,0.16091247678501
156,2006,4.23262494254694,0.160220430699775
157,2006,4.2304596986582,0.159324577972522
158,2006,4.22719542237031,0.15826629786896
159,2006,4.22292000976749,0.157090246885378
160,2006,4.21772135693397,0.155843100509931
161,2006,4.21168735995396,0.154572303372061
162,2006,4.2049059149117,0.153324787803659
163,2006,4.19746491789141,0.152145649385204
164,2006,4.1894522649773,0.151076789576654
165,2006,4.1809558522536,0.150155558159217
166,2006,4.17206357580453,0.149413449551163
167,2006,4.16286333171432,0.14887492364851
168,2006,4.15344301606718,0.148556429855634
169,2006,4.14389052494733,0.148465709364235
170,2006,4.13429375443901,0.14860143448919
171,2006,4.12474060062643,0.148953216817039
172,2006,4.11531895959382,0.149501982715743
173,2006,4.10611672742539,0.150220681762051
174,2006,4.09722180020537,0.151075267181158
175,2006,4.08872207401798,0.152025871972746
176,2006,4.08070544494745,0.15302810168698
177,2006,4.073259809078,0.154034373647371
178,2006,4.06647306249384,0.15499524967403
179,2006,4.0604331012792,0.155860731231825
180,2006,4.05522782151831,0.15658150905273
181,2006,4.05094511929538,0.157110181442731
182,2006,4.04767289069464,0.157402475810981
183,2006,4.04549903180031,0.157418526767675
184,2006,4.04451143869661,0.157124282577976
185,2006,4.04479800746777,0.15649313139641
186,2006,4.04644151851204,0.155509550479138
187,2006,4.04943291543325,0.154199360326002
188,2006,4.05368370546358,0.152624061918759
189,2006,4.05910277660398,0.150853301977402
190,2006,4.06559901685543,0.148962404571601
191,2006,4.07308131421889,0.147030692967266
192,2006,4.08145855669531,0.14513959354453
193,2006,4.09063963228565,0.143370423030542
194,2006,4.10053342899089,0.141801811729973
195,2006,4.11104883481198,0.140506790261286
196,2006,4.12209473774989,0.139549662515046
197,2006,4.13358002580557,0.138982888726846
198,2006,4.14541358698,0.138844283653412
199,2006,4.15750430927412,0.139154864657313
200,2006,4.16976108068891,0.139917639864851
201,2006,4.18209278922533,0.14111750660085
202,2006,4.19440832288434,0.14272226256356
203,2006,4.2066165696669,0.144684564114722
204,2006,4.21862641757397,0.146944544917795
205,2006,4.23034675460651,0.14943276125075
206,2006,4.2416864687655,0.152073156736167
207,2006,4.25255444805189,0.15478581608356
208,2006,4.26285958046663,0.157489374000425
209,2006,4.27251075401071,0.16010303599309
210,2006,4.28141685668507,0.16254823791611
211,2006,4.28948677649068,0.164750017428052
212,2006,4.2966294014285,0.1666381968725
213,2006,4.30275361949949,0.168148490638685
214,2006,4.30779143408758,0.169234778155892
215,2006,4.31176731010849,0.169903827039555
216,2006,4.31472882786092,0.170181954625476
217,2006,4.31672356764356,0.170102409460435
218,2006,4.31779910975509,0.169704016150794
219,2006,4.3180030344942,0.169030053239032
220,2006,4.3173829221596,0.168127277131486
221,2006,4.31598635304995,0.167045022208763
222,2006,4.31386090746397,0.165834320829948
223,2006,4.31105416570032,0.16454699886961
224,2006,4.30761370805772,0.163234714405541
225,2006,4.30358711483484,0.161947920601091
226,2006,4.29902196633037,0.160734749584197
227,2006,4.29396584284301,0.159639832317604
228,2006,4.28846632467144,0.158703089129507
229,2006,4.28257099211436,0.157958544591862
230,2006,4.27632742547045,0.157433235643663
231,2006,4.2697832050384,0.157146289695706
232,2006,4.26298591111691,0.157108246943265
233,2006,4.25598312400467,0.157320686988964
234,2006,4.24882242400036,0.157776195411574
235,2006,4.24155139140267,0.158458674990502
236,2006,4.2342176065103,0.159343974556721
237,2006,4.22686864962193,0.160400781769382
238,2006,4.21955210103625,0.161591709006094
239,2006,4.21231554105196,0.162874496029085
240,2006,4.20520654996774,0.164203258528016
241,2006,4.19827270808228,0.165529725429009
242,2006,4.19156159569428,0.166804426485318
243,2006,4.18512079310242,0.167977811784173
244,2006,4.17899788060539,0.169001303962415
245,2006,4.17324006685639,0.169828521973912
246,2006,4.16787226177898,0.170429630415385
247,2006,4.16288481226582,0.17080099649214
248,2006,4.15826509204558,0.170946804315287
249,2006,4.15400047484696,0.170876415165051
250,2006,4.15007833439865,0.170603594396796
251,2006,4.14648604442934,0.170145855950983
252,2006,4.14321097866772,0.16952389653849
253,2006,4.14024051084248,0.168761094488728
254,2006,4.13756201468231,0.167883051034282
255,2006,4.13516286391591,0.166917154421258
256,2006,4.13303043227196,0.165892149783977
257,2006,4.13115209347916,0.164837700394556
258,2006,4.12951522126619,0.163783928916549
259,2006,4.12810718936174,0.162760930871992
260,2006,4.12691537149452,0.16179825682771
261,2006,4.1259271413932,0.160924364857445
262,2006,4.12512987278648,0.160166050505386
263,2006,4.12451093940305,0.159547867411902
264,2006,4.12405771497159,0.159091557387869
265,2006,4.12375757322081,0.158815513287785
266,2006,4.12359788787939,0.15873430071928
267,2006,4.12356603267603,0.158858264731864
268,2006,4.1236493813394,0.159193244747426
269,2006,4.12383530759821,0.159740415187905
270,2006,4.12411118518115,0.160496261108373
271,2006,4.12446438781689,0.161452688702818
272,2006,4.12488228923415,0.162597261124336
273,2006,4.1253522631616,0.163913541947842
274,2006,4.12586168332794,0.165381522816329
275,2006,4.12639792346186,0.166978108897626
276,2006,4.12694835729205,0.168677635762038
277,2006,4.12750035854719,0.170452393749634
278,2006,4.12804130095599,0.172273140122048
279,2006,4.12855855824713,0.174109584484691
280,2006,4.1290395041493,0.175930838386183
281,2006,4.12947151239119,0.177705825089924
282,2006,4.1298419567015,0.17940364992002
283,2006,4.13013821080891,0.180993935166263
284,2006,4.13034764844212,0.182447126310694
285,2006,4.13045808994984,0.183736444968638
286,2006,4.13046090259913,0.184850080344788
287,2006,4.13034914508392,0.185785201404327
288,2006,4.13011588651493,0.186541574055306
289,2006,4.12975419600291,0.187121182351024
290,2006,4.12925714265859,0.187527937526088
291,2006,4.1286177955927,0.187767428935362
292,2006,4.12782922391596,0.187846709864909
293,2006,4.12688449673913,0.18777411201174
294,2006,4.12577668317292,0.187559083193359
295,2006,4.12449885232807,0.18721204352735
296,2006,4.12304407331532,0.186744255911845
297,2006,4.12140541524539,0.18616770714636
298,2006,4.11957594722902,0.185494996471847
299,2006,4.11754873837695,0.184739228694685
300,2006,4.1153168577999,0.183913909409222
301,2006,4.11287337460861,0.183032840165129
302,2006,4.11021135791381,0.182110011756971
303,2006,4.10732387682624,0.181159494160249
304,2006,4.10420400045662,0.180195322014946
305,2006,4.10084479791569,0.179231374975253
306,2006,4.09723933831419,0.178281252708532
307,2006,4.09338069076284,0.177358144837798
308,2006,4.08926192437238,0.176474696671959
309,2006,4.08487610825354,0.17564287214048
310,2006,4.08021631151705,0.174873815918308
311,2006,4.07527560327366,0.17417771725896
312,2006,4.07004705263408,0.173563678508588
313,2006,4.06452372870906,0.173039591608535
314,2006,4.05869870060932,0.172612026067573
315,2006,4.0525650374456,0.172286131864444
316,2006,4.04611580832864,0.172065560506379
317,2006,4.03934408236915,0.171952407018085
318,2006,4.03224292867789,0.171947174986868
319,2006,4.02480541636558,0.172048765982615
320,2006,4.01702461454295,0.172254493763214
321,2006,4.00889359232073,0.172560122735618
322,2006,4.00040541880967,0.172959929242574
323,2006,3.99155316312049,0.173446783453244
324,2006,3.98232989436392,0.1740122490079
325,2006,3.9727286816507,0.174646697140246
326,2006,3.96274259409156,0.175339431792172
327,2006,3.95236470079724,0.176078822241038
328,2006,3.94158807087846,0.176852439957114
329,2006,3.93040577344597,0.177647196764411
330,2006,3.91881087761048,0.178449481850252
331,2006,3.90679645248274,0.179245295714722
332,2006,3.89435556717348,0.180020379731076
333,2006,3.88148129079343,0.180760340569275
334,2006,3.86816669245332,0.181450769292762
335,2006,3.85440484126389,0.182077355458388
336,2006,3.84018880633587,0.182625997024775
337,2006,3.82551165678,0.183082907307051
338,2006,3.810366461707,0.18343472061383
339,2006,3.7947462902276,0.183668598578643
340,2006,3.77864421145255,0.183772339569534
341,2006,3.76205329449257,0.183734493946799
342,2006,3.74496660845841,0.183544488361162
343,2006,3.72737722246078,0.183192762765767
344,2006,3.70927820561042,0.18267092437825
345,2006,3.69066262701807,0.181971923496523
346,2006,3.67152355579446,0.181090256864091
347,2006,3.6518579464838,0.180025185785921
348,2006,3.6316782953642,0.178789696740002
349,2006,3.61100098414728,0.177401199447885
350,2006,3.58984239454462,0.175878349621493
351,2006,3.56821890826783,0.174240902529939
352,2006,3.5461469070285,0.172509570000557
353,2006,3.52364277253822,0.17070587473338
354,2006,3.50072288650861,0.168851996089933
355,2006,3.47740363065126,0.166970601849222
356,2006,3.45370138667776,0.165084660896661
357,2006,3.42963253629971,0.163217232524433
358,2006,3.40521346122871,0.161391229073664
359,2006,3.38046054317637,0.159629150127201
360,2006,3.35539016385427,0.157952788422699
361,2006,3.33001870497401,0.156382910100865
362,2006,3.30436254824721,0.154938914755127
363,2006,3.27843807538544,0.153638483829814
364,2006,3.25226166810031,0.152497228940797
365,2006,3.22584970810342,0.151528354291869
1,2007,3.60721715052599,0.177834971715925
2,2007,3.58860157193364,0.177164128664007
3,2007,3.56946250071003,0.176310150054419
4,2007,3.54979689139936,0.17527237485555
5,2007,3.52961724027977,0.174064041431425
6,2007,3.50893992906285,0.172702879305484
7,2007,3.48778133946019,0.171207897395347
8,2007,3.46615785318339,0.169599236469746
9,2007,3.44408585194406,0.167898024702802
10,2007,3.42158171745379,0.166126229785414
11,2007,3.39866183142418,0.164306501326791
12,2007,3.37534257556682,0.162461997611556
13,2007,3.35164033159332,0.160616191272734
14,2007,3.32757148121528,0.158792649211448
15,2007,3.30315240614428,0.157014783254488
16,2007,3.27839948809193,0.155305569690576
17,2007,3.25332910876984,0.153687238027707
18,2007,3.22795764988958,0.152180932064332
19,2007,3.20230149316277,0.150806349568634
20,2007,3.176377020301,0.149581370297308
21,2007,3.15020061301588,0.148521685418725
22,2007,3.12378865301899,0.147640444194468
23,2007,3.09715752202194,0.146947935531136
24,2007,3.07032360173632,0.146451322297221
25,2007,3.04330327387373,0.146154444811755
26,2007,3.01611292014578,0.146057706600178
27,2007,2.98876892226405,0.146158050625438
28,2007,2.96128766194015,0.146449028273169
29,2007,2.93368552088568,0.146920957136785
30,2007,2.90597888081223,0.147561157912657
31,2007,2.8781841234314,0.148354256183339
32,2007,2.85031763045479,0.149282532017136
33,2007,2.822395783594,0.150326299326109
34,2007,2.79443496456062,0.15146429768783
35,2007,2.76645155506626,0.152674081506032
36,2007,2.73846193682251,0.153932394492095
37,2007,2.71048249154097,0.155215521002146
38,2007,2.68252960093324,0.156499609335381
39,2007,2.65461964671092,0.157760965373055
40,2007,2.6267690105856,0.158976317727979
41,2007,2.59899407426888,0.160123057812953
42,2007,2.57131121947237,0.161179459946771
43,2007,2.54373682790765,0.162124887883183
44,2007,2.51628728128633,0.162939995089113
45,2007,2.48897896132001,0.163606926842023
46,2007,2.46182824972028,0.164109532886572
47,2007,2.43485152819874,0.164433600097602
48,2007,2.40806517846699,0.164567115430259
49,2007,2.38148558223663,0.16450057046342
50,2007,2.35512912121926,0.164227320090953
51,2007,2.32901225185763,0.163744055911588
52,2007,2.30316356506772,0.163058659208508
53,2007,2.27763709772771,0.16219770751463
54,2007,2.25249009081458,0.16119161820421
55,2007,2.22777978530533,0.160072182552172
56,2007,2.20356342217691,0.158872128872199
57,2007,2.17989824240631,0.157624669060143
58,2007,2.15684148697051,0.156363016707234
59,2007,2.13445039684648,0.155119869354919
60,2007,2.1127822130112,0.153926852707082
61,2007,2.09189417644164,0.152813930743673
62,2007,2.07184352811479,0.151808792497053
63,2007,2.05268750900761,0.150936233271884
64,2007,2.0344833600971,0.150217554535247
65,2007,2.01728832236022,0.149670011591289
66,2007,2.00115963677395,0.149306340462506
67,2007,1.98615454431526,0.149134394312393
68,2007,1.97233028596115,0.149156914909822
69,2007,1.95974410268857,0.149371456353792
70,2007,1.94845323547451,0.149770467534849
71,2007,1.93851492529595,0.150341528125008
72,2007,1.92998641312986,0.151067721993434
73,2007,1.92292493995323,0.151928123399706
74,2007,1.91738774674301,0.152898366175254
75,2007,1.91343207447621,0.153951264740654
76,2007,1.91111516412978,0.155057457931322
77,2007,1.91049425668071,0.15618605143625
78,2007,1.91162659310598,0.157305241179187
79,2007,1.91456941438255,0.158382907189821
80,2007,1.91937996148742,0.159387174621499
81,2007,1.92611547539755,0.160286945056824
82,2007,1.93483319708993,0.161052406882997
83,2007,1.94559036754152,0.161655538343284
84,2007,1.95844422772931,0.162070621083483
85,2007,1.97345201863028,0.162274785917132
86,2007,1.99067098122139,0.162248616467434
87,2007,2.01015835647964,0.161976840614403
88,2007,2.03197138538198,0.161449144491149
89,2007,2.05616730890541,0.160661149143684
90,2007,2.08279412005304,0.159617636486366
91,2007,2.11179230413183,0.158354586304527
92,2007,2.14303298664478,0.156928053912791
93,2007,2.17638613709816,0.155397263230984
94,2007,2.21172172499823,0.153823174796961
95,2007,2.24890971985126,0.152267199813819
96,2007,2.28782009116353,0.150789762148591
97,2007,2.32832280844129,0.149448699179147
98,2007,2.3702878411908,0.148297526447007
99,2007,2.41358515891835,0.147383630170001
100,2007,2.45808473113019,0.14674649045375
101,2007,2.50365652733259,0.146416068292715
102,2007,2.55017051703182,0.146411501914075
103,2007,2.59749666973415,0.146740245583327
104,2007,2.64550495494583,0.147397745134634
105,2007,2.69406534217314,0.148367685214243
106,2007,2.74304780092235,0.149622776082513
107,2007,2.79232230069971,0.151125987990189
108,2007,2.8417588110115,0.152832101273992
109,2007,2.89122730136399,0.154689426570579
110,2007,2.94059774126343,0.156641560582807
111,2007,2.98974010021611,0.158629071686396
112,2007,3.03852434772827,0.160591047153712
113,2007,3.0868204533062,0.162466471649976
114,2007,3.13449838645615,0.164195439469073
115,2007,3.18142811668439,0.165720228433442
116,2007,3.22747961349719,0.166986281757295
117,2007,3.27252362174486,0.167943457545529
118,2007,3.3164774069199,0.168564888456741
119,2007,3.35933034151026,0.168858330443439
120,2007,3.40107800075617,0.168840322395605
121,2007,3.44171595989786,0.168532662819725
122,2007,3.48123979417556,0.167961463431889
123,2007,3.51964507882952,0.167156354667571
124,2007,3.55692738909996,0.166149795957567
125,2007,3.59308230022711,0.164976451632152
126,2007,3.62810538745122,0.163672599900334
127,2007,3.66199222601251,0.162275548079424
128,2007,3.69473839115122,0.160823032725164
129,2007,3.72633945810759,0.159352589106254
130,2007,3.75679100212184,0.157900881052553
131,2007,3.78608859843421,0.156502989872674
132,2007,3.81422782228493,0.155191669787279
133,2007,3.84120424891424,0.153996586778843
134,2007,3.86701345356237,0.152943567100168
135,2007,3.89165101146956,0.152053889697833
136,2007,3.91511249787603,0.151343662052018
137,2007,3.93739348802202,0.150823320050304
138,2007,3.95848955714778,0.150497288610823
139,2007,3.97839628049352,0.150363830789089
140,2007,3.99710923329948,0.150415099999155
141,2007,4.0146239908059,0.150637394633724
142,2007,4.03093612825301,0.151011599203373
143,2007,4.04604122088105,0.151513783535364
144,2007,4.05993484393024,0.152115923402386
145,2007,4.07261257264082,0.15278670307042
146,2007,4.08406998225303,0.153492362525319
147,2007,4.0943026480071,0.154197558611571
148,2007,4.10330614514326,0.154866218608595
149,2007,4.11107604890175,0.155462375453633
150,2007,4.1176079345228,0.155950984735356
151,2007,4.12289737724664,0.156298733996447
152,2007,4.12693995231351,0.156474864516513
153,2007,4.12973123496364,0.15645203469362
154,2007,4.13126680043727,0.156207262737074
155,2007,4.13154222397462,0.155722995026836
156,2007,4.13056388746251,0.15499323770591
157,2007,4.12839864357377,0.154046314273658
158,2007,4.12513436728587,0.152924989506583
159,2007,4.12085895468306,0.15167544208565
160,2007,4.11566030184953,0.150346020403385
161,2007,4.10962630486953,0.148985998598772
162,2007,4.10284485982727,0.147644286816198
163,2007,4.09540386280698,0.146368079529513
164,2007,4.08739120989287,0.14520144894527
165,2007,4.07889479716917,0.14418391579257
166,2007,4.0700025207201,0.143349054730716
167,2007,4.06080227662988,0.142723212196597
168,2007,4.05138196098274,0.142324426062841
169,2007,4.0418294698629,0.142161634880755
170,2007,4.03223269935458,0.142234247859216
171,2007,4.022679545542,0.142532116661844
172,2007,4.01325790450939,0.143035911791074
173,2007,4.00405567234096,0.143717867384436
174,2007,3.99516074512094,0.144542826497823
175,2007,3.98666101893355,0.145469500124978
176,2007,3.97864438986302,0.146451849518107
177,2007,3.97119875399356,0.147440511465271
178,2007,3.96441200740941,0.148384206202112
179,2007,3.95837204619477,0.14923109289168
180,2007,3.95316676643388,0.149930063998165
181,2007,3.94888406421095,0.150431994773483
182,2007,3.94561183561021,0.150690986523669
183,2007,3.94343797671588,0.150665662836852
184,2007,3.94245038361218,0.150320598062188
185,2007,3.94273695238334,0.14962797907557
186,2007,3.94438046342761,0.148571383729373
187,2007,3.94737186034882,0.147177280966048
188,2007,3.95162265037915,0.145509312530776
189,2007,3.95704172151955,0.143639811013392
190,2007,3.963537961771,0.141647348211975
191,2007,3.97102025913445,0.139615085034792
192,2007,3.97939750161087,0.137628854970711
193,2007,3.98857857720122,0.135774855494261
194,2007,3.99847237390646,0.134136877144133
195,2007,4.00898777972755,0.13279308766998
196,2007,4.02003368266546,0.131812507119147
197,2007,4.03151897072114,0.131251441645945
198,2007,4.04335253189557,0.131150254090607
199,2007,4.05544325418969,0.131530893564259
200,2007,4.06770002560448,0.132395550033818
201,2007,4.0800317341409,0.133726641110482
202,2007,4.09234726779991,0.135488116659324
203,2007,4.10455551458246,0.137627850526294
204,2007,4.11656536248954,0.140080742764326
205,2007,4.12828569952208,0.142772113260231
206,2007,4.13962541368107,0.145621020288922
207,2007,4.15049339296745,0.148543248331883
208,2007,4.1607985253822,0.151453835294601
209,2007,4.17044969892627,0.154269118002154
210,2007,4.17935580160063,0.156908351855866
211,2007,4.18742572140624,0.159295005596612
212,2007,4.19456834634407,0.161357853113269
213,2007,4.20069256441506,0.163031991412154
214,2007,4.20573037900315,0.164271300598223
215,2007,4.20970625502406,0.165083815531705
216,2007,4.21266777277649,0.165497400856416
217,2007,4.21466251255912,0.165546816426484
218,2007,4.21573805467065,0.165272347065476
219,2007,4.21594197940977,0.164718673226796
220,2007,4.21532186707516,0.163933889753922
221,2007,4.21392529796552,0.162968598983034
222,2007,4.21179985237953,0.161875019316074
223,2007,4.20899311061589,0.160706063349831
224,2007,4.20555265297329,0.159514352623338
225,2007,4.2015260597504,0.158351150585525
226,2007,4.19696091124594,0.157265212416244
227,2007,4.19190478775857,0.156301569878227
228,2007,4.18640526958701,0.15550029026939
229,2007,4.18050993702992,0.154895268323461
230,2007,4.17426637038602,0.154513125069668
231,2007,4.16772214995397,0.154372294396789
232,2007,4.16092485603248,0.154482373389581
233,2007,4.15392206892024,0.154843795478746
234,2007,4.14676136891593,0.15544785796267
235,2007,4.13949033631824,0.15627710214402
236,2007,4.13215655142586,0.157306011425936
237,2007,4.12480759453749,0.15850196635772
238,2007,4.11749104595182,0.159826380115873
239,2007,4.11025448596752,0.161235934761084
240,2007,4.1031454948833,0.162683846566776
241,2007,4.09621165299785,0.164121104615357
242,2007,4.08950054060984,0.165497646880116
243,2007,4.08305973801798,0.166763458749476
244,2007,4.07693682552095,0.167869598079286
245,2007,4.07117901177196,0.168769393699784
246,2007,4.06581120669455,0.169433068054503
247,2007,4.06082375718139,0.169857513214664
248,2007,4.05620403696115,0.170047429904287
249,2007,4.05193941976253,0.170012640948448
250,2007,4.04801727931422,0.169767318960624
251,2007,4.0444249893449,0.169329334961646
252,2007,4.04114992358329,0.16871969892632
253,2007,4.03817945575805,0.167962066549359
254,2007,4.03550095959788,0.167082289547605
255,2007,4.03310180883148,0.166107989561564
256,2007,4.03096937718753,0.165068138315005
257,2007,4.02909103839472,0.1639926293441
258,2007,4.02745416618175,0.162911829558624
259,2007,4.02604613427731,0.161856102380433
260,2007,4.02485431641008,0.160855298395936
261,2007,4.02386608630877,0.159938214425345
262,2007,4.02306881770204,0.159132027547538
263,2007,4.02244988431861,0.158461716604581
264,2007,4.02199665988716,0.157949489491671
265,2007,4.02169651813638,0.157614239370919
266,2007,4.02153683279496,0.157471055998337
267,2007,4.02150497759159,0.15753081887132
268,2007,4.02158832625497,0.157799896417321
269,2007,4.02177425251378,0.158279969935809
270,2007,4.02205013009671,0.158967992996253
271,2007,4.02240333273246,0.159856287496725
272,2007,4.02282123414972,0.160932767917113
273,2007,4.02329120807717,0.162181276803096
274,2007,4.02380062824351,0.163582008281596
275,2007,4.02433686837743,0.165111993063699
276,2007,4.02488730220761,0.166745618028571
277,2007,4.02543930346276,0.16845515571853
278,2007,4.02598024587156,0.17021128321241
279,2007,4.0264975031627,0.171983575061705
280,2007,4.02697844906487,0.173740960504333
281,2007,4.02741045730676,0.175452140415287
282,2007,4.02778090161707,0.177085964031754
283,2007,4.02807715572448,0.178611769235518
284,2007,4.02828659335768,0.179999693094996
285,2007,4.02839703486541,0.181222641001884
286,2007,4.0283998475147,0.182268581453942
287,2007,4.02828808999949,0.183134534836213
288,2007,4.0280548314305,0.183820146942555
289,2007,4.02769314091848,0.184327307690204
290,2007,4.02719608757416,0.184659858670303
291,2007,4.02655674050826,0.184823343260856
292,2007,4.02576816883153,0.184824792200682
293,2007,4.0248234416547,0.184672538349333
294,2007,4.02371562808849,0.184376055121351
295,2007,4.02243779724364,0.183945813760358
296,2007,4.02098301823089,0.183393155204592
297,2007,4.01934436016096,0.182730172796726
298,2007,4.01751489214459,0.181969602519759
299,2007,4.01548768329252,0.181124717813572
300,2007,4.01325580271547,0.18020922636151
301,2007,4.01081231952418,0.179237166552161
302,2007,4.00815030282938,0.178222801637511
303,2007,4.0052628217418,0.177180509943324
304,2007,4.00214294537219,0.176124669857729
305,2007,3.99878374283126,0.175069538743334
306,2007,3.99517828322975,0.17402912539582
307,2007,3.9913196356784,0.173017056210538
308,2007,3.98720086928794,0.172046435812333
309,2007,3.98281505316911,0.171129703536986
310,2007,3.97815525643262,0.170278487798465
311,2007,3.97321454818923,0.169503460997607
312,2007,3.96798599754965,0.168814198178511
313,2007,3.96246267362462,0.168219043067925
314,2007,3.95663764552489,0.167724985389134
315,2007,3.95050398236117,0.16733755338167
316,2007,3.9440547532442,0.167060725251984
317,2007,3.93728302728472,0.166896862819163
318,2007,3.93018187359346,0.166846669919805
319,2007,3.92274436128115,0.166909177239094
320,2007,3.91496355945852,0.167081754205296
321,2007,3.9068325372363,0.167360147503122
322,2007,3.89834436372524,0.167738544714536
323,2007,3.88949210803606,0.168209660666628
324,2007,3.88026883927949,0.168764843323864
325,2007,3.87066762656627,0.169394195553469
326,2007,3.86068153900713,0.17008670883954
327,2007,3.85030364571281,0.170830405019852
328,2007,3.83952701579403,0.171612482343558
329,2007,3.82834471836153,0.172419462556589
330,2007,3.81674982252605,0.173237336264381
331,2007,3.80473539739831,0.174051704446863
332,2007,3.79229451208905,0.174847914660876
333,2007,3.779420235709,0.175611191121278
334,2007,3.76610563736889,0.176326758475336
335,2007,3.75234378617946,0.176979959658485
336,2007,3.73812775125144,0.177556368736525
337,2007,3.72345060169556,0.178041900102377
338,2007,3.70830540662256,0.17842291581461
339,2007,3.69268523514317,0.178686333255665
340,2007,3.67658315636812,0.178819735669386
341,2007,3.65999223940814,0.178811488532592
342,2007,3.64290555337397,0.178650865147814
343,2007,3.62531616737634,0.17832818533915
344,2007,3.60721715052599,0.177834971715925
345,2007,3.58860157193364,0.177164128664007
346,2007,3.56946250071003,0.176310150054419
347,2007,3.54979689139936,0.17527237485555
348,2007,3.52961724027977,0.174064041431425
349,2007,3.50893992906285,0.172702879305484
350,2007,3.48778133946019,0.171207897395347
351,2007,3.46615785318339,0.169599236469746
352,2007,3.44408585194406,0.167898024702802
353,2007,3.42158171745379,0.166126229785414
354,2007,3.39866183142418,0.164306501326791
355,2007,3.37534257556682,0.162461997611556
356,2007,3.35164033159332,0.160616191272734
357,2007,3.32757148121528,0.158792649211448
358,2007,3.30315240614428,0.157014783254488
359,2007,3.27839948809193,0.155305569690576
360,2007,3.25332910876984,0.153687238027707
361,2007,3.22795764988958,0.152180932064332
362,2007,3.20230149316277,0.150806349568634
363,2007,3.176377020301,0.149581370297308
364,2007,3.15020061301588,0.148521685418725
365,2007,3.12378865301899,0.147640444194468
1,2008,3.50847851652935,0.177740744519075
2,2008,3.489862937937,0.17711926978381
3,2008,3.47072386671338,0.176318608049054
4,2008,3.45105825740272,0.175338320403487
5,2008,3.43087860628313,0.174191721826154
6,2008,3.41020129506621,0.172896579854037
7,2008,3.38904270546355,0.17147193669927
8,2008,3.36741921918675,0.169937954796812
9,2008,3.34534721794742,0.16831576483946
10,2008,3.32284308345715,0.166627309761916
11,2008,3.29992319742754,0.164895178485509
12,2008,3.27660394157018,0.163142423665636
13,2008,3.25290169759668,0.161392358297472
14,2008,3.22883284721864,0.159668326940435
15,2008,3.20441377214764,0.157993448622052
16,2008,3.17966085409529,0.15639033025967
17,2008,3.1545904747732,0.15488075173256
18,2008,3.12921901589294,0.153485326515227
19,2008,3.10356285916613,0.152223144917458
20,2008,3.07763838630436,0.151111410228055
21,2008,3.05146197901924,0.150165081078555
22,2008,3.02505001902235,0.149396535703119
23,2008,2.9984188880253,0.148815275026575
24,2008,2.97158496773968,0.148427681289318
25,2008,2.94456463987709,0.148236847005655
26,2008,2.91737428614914,0.148242485484115
27,2008,2.89003028826741,0.148440929223294
28,2008,2.86254902794351,0.148825216789966
29,2008,2.83494688688904,0.149385262995652
30,2008,2.80724024681559,0.150108102040234
31,2008,2.77944548943476,0.150978189391737
32,2008,2.75157899645815,0.15197774589651
33,2008,2.72365714959736,0.153087127064157
34,2008,2.69569633056398,0.154285201488437
35,2008,2.66771292106962,0.155549724601993
36,2008,2.63972330282587,0.156857696977396
37,2008,2.61174385754433,0.158185699736073
38,2008,2.5837909669366,0.159510202934632
39,2008,2.55588101271428,0.160807845796352
40,2008,2.52803037658896,0.162055690192097
41,2008,2.50025544027224,0.163231450801112
42,2008,2.47257258547573,0.164313706929272
43,2008,2.44499819391101,0.165282102113013
44,2008,2.41754864728969,0.166117538501585
45,2008,2.39024032732337,0.166802373706192
46,2008,2.36308961572364,0.167320628445488
47,2008,2.3361128942021,0.167658214002897
48,2008,2.30932654447035,0.167803189324977
49,2008,2.28274694823999,0.167746058591344
50,2008,2.25639048722262,0.167480121305242
51,2008,2.23027361786099,0.167001934841046
52,2008,2.20442493107108,0.166319144688371
53,2008,2.17889846373107,0.165457987630628
54,2008,2.15375145681794,0.164448475219445
55,2008,2.12904115130869,0.163321940427187
56,2008,2.10482478818027,0.162110611101745
57,2008,2.08115960840967,0.160847169231086
58,2008,2.05810285297387,0.159564284786963
59,2008,2.03571176284984,0.158294117046521
60,2008,2.01404357901456,0.15706778114852
61,2008,1.993155542445,0.155914783277582
62,2008,1.97310489411815,0.154862434121415
63,2008,1.95394887501097,0.153935256693541
64,2008,1.93574472610046,0.153154410582982
65,2008,1.91854968836358,0.152537159318086
66,2008,1.90242100277731,0.152096409902634
67,2008,1.88741591031862,0.151840352947085
68,2008,1.87359165196451,0.151772227809378
69,2008,1.86100546869193,0.151890229969583
70,2008,1.84971460147787,0.152187568291013
71,2008,1.83977629129931,0.152652669164849
72,2008,1.83124777913322,0.153269514332545
73,2008,1.82418630595659,0.154018090873596
74,2008,1.81864911274637,0.154874926481887
75,2008,1.81469344047957,0.155813681196926
76,2008,1.81237653013314,0.156805768071057
77,2008,1.81175562268407,0.157820979229839
78,2008,1.81288795910934,0.158828099548499
79,2008,1.81583078038591,0.159795496813906
80,2008,1.82064132749078,0.160691684000159
81,2008,1.82737684140091,0.161485855628671
82,2008,1.83609456309329,0.162148405849323
83,2008,1.84685173354488,0.162651440844272
84,2008,1.85970559373267,0.162969302575433
85,2008,1.87471338463364,0.163079125037025
86,2008,1.89193234722475,0.162961448348709
87,2008,1.911419722483,0.162600920528814
88,2008,1.93323275138534,0.161987121829636
89,2008,1.95742867490877,0.161115552115764
90,2008,1.9840554860564,0.159990853838238
91,2008,2.01305367013519,0.158648722491226
92,2008,2.04429435264814,0.157144907748272
93,2008,2.07764750310152,0.155538436760037
94,2008,2.11298309100159,0.153890188933742
95,2008,2.15017108585462,0.152261613486388
96,2008,2.18908145716689,0.15071329184729
97,2008,2.22958417444465,0.149303333675095
98,2008,2.27154920719416,0.14808562938762
99,2008,2.31484652492171,0.147108021822679
100,2008,2.35934609713355,0.146410499676499
101,2008,2.40491789333595,0.146023547356579
102,2008,2.45143188303518,0.145966800214695
103,2008,2.49875803573751,0.146248143134852
104,2008,2.54676632094919,0.146863352072642
105,2008,2.5953267081765,0.147796318093474
106,2008,2.64430916692571,0.149019824432167
107,2008,2.69358366670307,0.150496784823205
108,2008,2.74302017701486,0.152181809197794
109,2008,2.79248866736735,0.154022947569822
110,2008,2.84185910726679,0.155963473452001
111,2008,2.89100146621947,0.157943597391442
112,2008,2.93978571373163,0.159902039672906
113,2008,2.98808181930956,0.161777430279877
114,2008,3.03575975245951,0.163509538073438
115,2008,3.08268948268775,0.165040357399236
116,2008,3.12874097950055,0.166315099200974
117,2008,3.17378498774822,0.167283446812326
118,2008,3.21773877292326,0.167918389737473
119,2008,3.26059170751362,0.168227551715431
120,2008,3.30233936675953,0.168227382430788
121,2008,3.34297732590122,0.167939626990553
122,2008,3.38250116017892,0.16739036979462
123,2008,3.42090644483288,0.166609231402875
124,2008,3.45818875510332,0.165628670800651
125,2008,3.49434366623047,0.164483353577406
126,2008,3.52936675345458,0.163209553228364
127,2008,3.56325359201587,0.161844558639556
128,2008,3.59599975715458,0.160426066429438
129,2008,3.62760082411095,0.158991542766543
130,2008,3.6580523681252,0.157577546028553
131,2008,3.68734996443757,0.156219009486886
132,2008,3.71548918828829,0.154948492069451
133,2008,3.7424656149176,0.153795414759397
134,2008,3.76827481956573,0.152785309478862
135,2008,3.79291237747292,0.15193911514558
136,2008,3.81637386387939,0.151272560534158
137,2008,3.83865485402538,0.150795674293145
138,2008,3.85975092315114,0.150512458137339
139,2008,3.87965764649688,0.150420749877611
140,2008,3.89837059930284,0.150512289608868
141,2008,3.91588535680926,0.150772986990387
142,2008,3.93219749425637,0.151183372557621
143,2008,3.94730258688441,0.151719203765254
144,2008,3.9611962099336,0.152352188724383
145,2008,3.97387393864418,0.153050788149998
146,2008,3.98533134825639,0.153781058661473
147,2008,3.99556401401046,0.154507507282083
148,2008,4.00456751114662,0.155193936366026
149,2008,4.01233741490511,0.155804268835423
150,2008,4.01886930052616,0.156303354411157
151,2008,4.02415874325,0.156657767780122
152,2008,4.02820131831687,0.156836619116006
153,2008,4.030992600967,0.156812406188066
154,2008,4.03252816644063,0.156561945812489
155,2008,4.03280358997798,0.156067431051807
156,2008,4.03182525346587,0.1553226092114
157,2008,4.02966000957713,0.154355804608088
158,2008,4.02639573328923,0.153209860944456
159,2008,4.02212032068641,0.151931024347584
160,2008,4.01692166785289,0.150567718361655
161,2008,4.01088767087289,0.149169319516818
162,2008,4.00410622583063,0.147784886648465
163,2008,3.99666522881034,0.146461826606278
164,2008,3.98865257589623,0.145244501714175
165,2008,3.98015616317253,0.144172809360916
166,2008,3.97126388672346,0.143280789079745
167,2008,3.96206364263324,0.142595333569006
168,2008,3.9526433269861,0.142135092625646
169,2008,3.94309083586626,0.141909658675566
170,2008,3.93349406535794,0.14191910732879
171,2008,3.92394091154536,0.142153937383089
172,2008,3.91451927051275,0.142595416834489
173,2008,3.90531703834432,0.143216302202345
174,2008,3.8964221111243,0.143981865756904
175,2008,3.88792238493691,0.144851145069452
176,2008,3.87990575586638,0.145778324270228
177,2008,3.87246011999692,0.146714165439866
178,2008,3.86567337341277,0.14760742799869
179,2008,3.85963341219813,0.148406239109231
180,2008,3.85442813243724,0.149059404774387
181,2008,3.85014543021431,0.14951767672078
182,2008,3.84687320161357,0.14973501323178
183,2008,3.84469934271924,0.149669893269973
184,2008,3.84371174961554,0.149286764006782
185,2008,3.8439983183867,0.148557724326518
186,2008,3.84564182943097,0.147466334558534
187,2008,3.84863322635218,0.146039231808981
188,2008,3.85288401638251,0.144340445959469
189,2008,3.85830308752291,0.142442864992367
190,2008,3.86479932777436,0.140425782345321
191,2008,3.87228162513781,0.138373239799068
192,2008,3.88065886761423,0.136372089787612
193,2008,3.88983994320458,0.134509645539332
194,2008,3.89973373990982,0.132870844546916
195,2008,3.91024914573091,0.131534942697444
196,2008,3.92129504866882,0.13057188158731
197,2008,3.9327803367245,0.130038611442661
198,2008,3.94461389789893,0.129975768723504
199,2008,3.95670462019305,0.130405152871126
200,2008,3.96896139160784,0.131328384054763
201,2008,3.98129310014426,0.132726952038278
202,2008,3.99360863380327,0.134563629794322
203,2008,4.00581688058582,0.136784998328486
204,2008,4.01782672849289,0.139324680463272
205,2008,4.02954706552544,0.142106843987117
206,2008,4.04088677968443,0.145049596784747
207,2008,4.05175475897081,0.148068017071573
208,2008,4.06205989138556,0.151076694492884
209,2008,4.07171106492963,0.15399176972289
210,2008,4.08061716760399,0.15673253732063
211,2008,4.0886870874096,0.159222720047469
212,2008,4.09582971234743,0.161391541627503
213,2008,4.10195393041842,0.16317472998144
214,2008,4.10699174500651,0.164526868022469
215,2008,4.11096762102742,0.165456401190988
216,2008,4.11392913877985,0.165991494929151
217,2008,4.11592387856248,0.166167163059923
218,2008,4.11699942067401,0.166023875367353
219,2008,4.11720334541313,0.1656064056931
220,2008,4.11658323307852,0.164962827255744
221,2008,4.11518666396888,0.164143581773361
222,2008,4.11306121838289,0.163200564681984
223,2008,4.11025447661925,0.16218618253175
224,2008,4.10681401897664,0.161152352392766
225,2008,4.10278742575376,0.160149428220035
226,2008,4.0982222772493,0.159225056339061
227,2008,4.09316615376193,0.158422981318467
228,2008,4.08766663559037,0.157781843155001
229,2008,4.08177130303328,0.157334024427193
230,2008,4.07552773638938,0.157104618593367
231,2008,4.06898351595733,0.157110594593507
232,2008,4.06218622203584,0.157360226053928
233,2008,4.0551834349236,0.157852835415072
234,2008,4.04802273491929,0.158578876502069
235,2008,4.0407517023216,0.159520348009329
236,2008,4.03341791742922,0.160651500800372
237,2008,4.02606896054085,0.161939779136085
238,2008,4.01875241195518,0.163346923414181
239,2008,4.01151585197088,0.164830160668345
240,2008,4.00440686088666,0.16634341750634
241,2008,3.99747301900121,0.167838505397887
242,2008,3.9907619066132,0.169266246836684
243,2008,3.98432110402134,0.170577529936446
244,2008,3.97819819152431,0.171724296504873
245,2008,3.97244037777532,0.172660709137089
246,2008,3.96707257269791,0.173357682171511
247,2008,3.96208512318474,0.173812559272593
248,2008,3.95746540296451,0.174030319441382
249,2008,3.95320078576589,0.174020919435433
250,2008,3.94927864531758,0.173798539406668
251,2008,3.94568635534826,0.173380945672599
252,2008,3.94241128958664,0.172788942677856
253,2008,3.93944082176141,0.172045889497654
254,2008,3.93676232560124,0.171177259240569
255,2008,3.93436317483484,0.170210222424258
256,2008,3.93223074319089,0.169173237945991
257,2008,3.93035240439808,0.168095637838908
258,2008,3.92871553218511,0.167007194810988
259,2008,3.92730750028067,0.165937664814141
260,2008,3.92611568241344,0.164916300742431
261,2008,3.92512745231212,0.163971337871152
262,2008,3.9243301837054,0.163129456736826
263,2008,3.92371125032197,0.162415234551729
264,2008,3.92325802589052,0.161850601477506
265,2008,3.92295788413974,0.161454322514756
266,2008,3.92279819879832,0.161241528681223
267,2008,3.92276634359495,0.161223321887377
268,2008,3.92284969225833,0.161406476033153
269,2008,3.92303561851714,0.161793252273572
270,2008,3.92331149610007,0.162381339520081
271,2008,3.92366469873582,0.16316392287708
272,2008,3.92408260015308,0.164129873971778
273,2008,3.92455257408053,0.165264049203449
274,2008,3.92506199424687,0.166547675826919
275,2008,3.92559823438079,0.167958802142037
276,2008,3.92614866821097,0.169472787079179
277,2008,3.92670066946612,0.17106280591538
278,2008,3.92724161187492,0.172700352179775
279,2008,3.92775886916606,0.174355720313336
280,2008,3.92823981506823,0.1759984586437
281,2008,3.92867182331012,0.177597787147608
282,2008,3.92904226762043,0.17912297890697
283,2008,3.92933852172784,0.18054370791501
284,2008,3.92954795936104,0.181830368916516
285,2008,3.92965840086877,0.182956026276736
286,2008,3.92966121351806,0.183908516457483
287,2008,3.92954945600284,0.184684597088797
288,2008,3.92931619743386,0.185283649778395
289,2008,3.92895450692184,0.185707305947596
290,2008,3.92845745357752,0.185959158798739
291,2008,3.92781810651162,0.186044516422414
292,2008,3.92702953483489,0.185970189363009
293,2008,3.92608480765806,0.185744306681952
294,2008,3.92497699409185,0.185376155239544
295,2008,3.923699163247,0.184876037530233
296,2008,3.92224438423425,0.184255143943598
297,2008,3.92060572616432,0.183525435786666
298,2008,3.91877625814795,0.182699535802286
299,2008,3.91674904929588,0.181790623266842
300,2008,3.91451716871883,0.180812331065294
301,2008,3.91207368552754,0.179778642440003
302,2008,3.90941166883274,0.178703785410771
303,2008,3.90652418774516,0.177602123184952
304,2008,3.90340431137555,0.176488039235384
305,2008,3.90004510883462,0.175375816134403
306,2008,3.89643964923311,0.174279507704157
307,2008,3.89258100168176,0.17321280458041
308,2008,3.8884622352913,0.172188893884234
309,2008,3.88407641917247,0.171220314338626
310,2008,3.87941662243598,0.170318808828973
311,2008,3.87447591419258,0.169495177050252
312,2008,3.86924736355301,0.168759131462971
313,2008,3.86372403962798,0.168119160241292
314,2008,3.85789901152825,0.167582401187033
315,2008,3.85176534836453,0.167154530655254
316,2008,3.84531611924756,0.166839671357662
317,2008,3.83854439328808,0.166640322466682
318,2008,3.83144323959682,0.166557314748907
319,2008,3.82400572728451,0.166589792551928
320,2008,3.81622492546188,0.166735223417891
321,2008,3.80809390323966,0.166989434982876
322,2008,3.7996057297286,0.167346677733764
323,2008,3.79075347403942,0.167799711220877
324,2008,3.78153020528285,0.168339910538796
325,2008,3.77192899256963,0.168957389340762
326,2008,3.76194290501049,0.169641135368949
327,2008,3.75156501171617,0.170379154461775
328,2008,3.74078838179739,0.171158619215175
329,2008,3.72960608436489,0.171966018885114
330,2008,3.71801118852941,0.172787307671705
331,2008,3.70599676340167,0.173608049167028
332,2008,3.69355587809241,0.174413555429168
333,2008,3.68068160171236,0.17518901982254
334,2008,3.66736700337225,0.175919643408935
335,2008,3.65360515218282,0.176590755266185
336,2008,3.6393891172548,0.177187927644395
337,2008,3.62471196769892,0.177697087345363
338,2008,3.60956677262592,0.17810462513896
339,2008,3.59394660114653,0.178397505426201
340,2008,3.57784452237148,0.178563378742208
341,2008,3.5612536054115,0.178590700085211
342,2008,3.54416691937733,0.178468856483865
343,2008,3.5265775333797,0.178188307698773
344,2008,3.50847851652935,0.177740744519075
345,2008,3.489862937937,0.17711926978381
346,2008,3.47072386671339,0.176318608049054
347,2008,3.45105825740272,0.175338320403487
348,2008,3.43087860628313,0.174191721826154
349,2008,3.41020129506621,0.172896579854037
350,2008,3.38904270546355,0.17147193669927
351,2008,3.36741921918675,0.169937954796812
352,2008,3.34534721794742,0.16831576483946
353,2008,3.32284308345715,0.166627309761916
354,2008,3.29992319742754,0.164895178485509
355,2008,3.27660394157018,0.163142423665636
356,2008,3.25290169759668,0.161392358297472
357,2008,3.22883284721864,0.159668326940435
358,2008,3.20441377214764,0.157993448622052
359,2008,3.17966085409529,0.15639033025967
360,2008,3.1545904747732,0.15488075173256
361,2008,3.12921901589294,0.153485326515227
362,2008,3.10356285916613,0.152223144917458
363,2008,3.07763838630436,0.151111410228055
364,2008,3.05146197901924,0.150165081078555
365,2008,3.02505001902235,0.149396535703119
1,2009,3.41977698177678,0.178504246727503
2,2009,3.40116140318443,0.177938255863912
3,2009,3.38202233196082,0.177197037174479
4,2009,3.36235672265016,0.17628036616687
5,2009,3.34217707153056,0.175201596278308
6,2009,3.32149976031364,0.173978478520578
7,2009,3.30034117071098,0.172630022158906
8,2009,3.27871768443419,0.171176333210565
9,2009,3.25664568319486,0.169638454934848
10,2009,3.23414154870459,0.168038203892856
11,2009,3.21122166267497,0.166397995592441
12,2009,3.18790240681762,0.164740654268343
13,2009,3.16420016284412,0.163089202077802
14,2009,3.14013131246607,0.161466624016253
15,2009,3.11571223739507,0.159895606264824
16,2009,3.09095931934273,0.158398247532669
17,2009,3.06588894002063,0.156995745265943
18,2009,3.04051748114038,0.155708061303121
19,2009,3.01486132441357,0.154553574513789
20,2009,2.9889368515518,0.153548730915797
21,2009,2.96276044426667,0.152707704384938
22,2009,2.93634848426978,0.152042082960044
23,2009,2.90971735327273,0.151560596520264
24,2009,2.88288343298711,0.151268900974048
25,2009,2.85586310512453,0.151169431922479
26,2009,2.82867275139657,0.151261337140909
27,2009,2.80132875351485,0.15154049250049
28,2009,2.77384749319095,0.151999600662421
29,2009,2.74624535213647,0.152628366666902
30,2009,2.71853871206302,0.153413740037235
31,2009,2.69074395468219,0.154340209727793
32,2009,2.66287746170558,0.155390136450276
33,2009,2.63495561484479,0.156544106660479
34,2009,2.60699479581142,0.157781293604338
35,2009,2.57901138631706,0.159079812981569
36,2009,2.55102176807331,0.160417063591994
37,2009,2.52304232279177,0.161770046395723
38,2009,2.49508943218404,0.163115658420883
39,2009,2.46717947796171,0.164430960664022
40,2009,2.43932884183639,0.165693421422455
41,2009,2.41155390551968,0.166881138337641
42,2009,2.38387105072316,0.167973043845121
43,2009,2.35629665915845,0.168949099794813
44,2009,2.32884711253713,0.169790487823944
45,2009,2.3015387925708,0.170479802739201
46,2009,2.27438808097107,0.171001256796155
47,2009,2.24741135944953,0.171340903443266
48,2009,2.22062500971779,0.171486889899777
49,2009,2.19404541348742,0.171429748916625
50,2009,2.16768895247005,0.171162741255099
51,2009,2.14157208310843,0.17068230804222
52,2009,2.11572339631851,0.169995856009893
53,2009,2.0901969289785,0.169129234906354
54,2009,2.06504992206538,0.168112005266367
55,2009,2.04033961655612,0.166975002754661
56,2009,2.0161232534277,0.165749920609456
57,2009,1.99245807365711,0.164468880193399
58,2009,1.9694013182213,0.163163979036662
59,2009,1.94701022809727,0.161866809630824
60,2009,1.92534204426199,0.160607946738061
61,2009,1.90445400769243,0.159416406166135
62,2009,1.88440335936558,0.158319083686549
63,2009,1.86524734025841,0.157340188678983
64,2009,1.84704319134789,0.156500692583587
65,2009,1.82984815361101,0.155817816577088
66,2009,1.81371946802474,0.155304585251718
67,2009,1.79871437556606,0.154969472784105
68,2009,1.78489011721194,0.154816164770037
69,2009,1.77230393393936,0.154843452680902
70,2009,1.76101306672531,0.155045269413087
71,2009,1.75107475654675,0.155410864753374
72,2009,1.74254624438066,0.155925110121033
73,2009,1.73548477120402,0.156568913987594
74,2009,1.72994757799381,0.157319723929251
75,2009,1.725991905727,0.158152088858058
76,2009,1.72367499538057,0.159038255596395
77,2009,1.7230540879315,0.159948777146823
78,2009,1.72418642435677,0.160853115033422
79,2009,1.72712924563335,0.161720224140367
80,2009,1.73193979273821,0.162519114827267
81,2009,1.73867530664835,0.163219393232465
82,2009,1.74739302834072,0.163791786293916
83,2009,1.75815019879232,0.164208663052949
84,2009,1.77100405898011,0.164444568366108
85,2009,1.78601184988107,0.164476789458421
86,2009,1.80323081247219,0.164285980087728
87,2009,1.82271818773043,0.163856871727516
88,2009,1.84453121663278,0.163179106307975
89,2009,1.86872714015621,0.162248230689848
90,2009,1.89535395130383,0.161068895600439
91,2009,1.92435213538262,0.1596764689323
92,2009,1.95559281789557,0.158126198922364
93,2009,1.98894596834895,0.156476663545423
94,2009,2.02428155624902,0.154788345601462
95,2009,2.06146955110206,0.1531223483531
96,2009,2.10037992241432,0.151538957612029
97,2009,2.14088263969208,0.150096038770119
98,2009,2.1828476724416,0.148847291092871
99,2009,2.22614499016914,0.147840421028876
100,2009,2.27064456238098,0.147115336138246
101,2009,2.31621635858339,0.14670249325269
102,2009,2.36273034828262,0.146621549093426
103,2009,2.41005650098494,0.146880451122622
104,2009,2.45806478619662,0.147475068709348
105,2009,2.50662517342393,0.148389405276415
106,2009,2.55560763217314,0.14959636345461
107,2009,2.60488213195051,0.151058973014454
108,2009,2.6543186422623,0.15273194885498
109,2009,2.70378713261478,0.154563430496818
110,2009,2.75315757251423,0.156496764451651
111,2009,2.8022999314669,0.158472219614657
112,2009,2.85108417897907,0.160428564013621
113,2009,2.89938028455699,0.162304470219993
114,2009,2.94705821770694,0.164039750673969
115,2009,2.99398794793519,0.165576450576923
116,2009,3.04003944474799,0.166859845030634
117,2009,3.08508345299565,0.167839698882798
118,2009,3.1290372381707,0.16848901906369
119,2009,3.17189017276105,0.168815327673845
120,2009,3.21363783200696,0.168834967795861
121,2009,3.25427579114865,0.168569580582753
122,2009,3.29379962542636,0.168045144537375
123,2009,3.33220491008031,0.16729116712299
124,2009,3.36948722035075,0.16633998135075
125,2009,3.40564213147791,0.16522610809554
126,2009,3.44066521870201,0.163985651625706
127,2009,3.47455205726331,0.162655701754575
128,2009,3.50729822240202,0.161273721722709
129,2009,3.53889928935838,0.159876906950994
130,2009,3.56935083337263,0.158501506606521
131,2009,3.598648429685,0.157182107738588
132,2009,3.62678765353572,0.155950890518259
133,2009,3.65376408016503,0.154836872416057
134,2009,3.67957328481316,0.153865168124428
135,2009,3.70421084272035,0.153056299461029
136,2009,3.72767232912682,0.152425593990951
137,2009,3.74995331927282,0.151982711435937
138,2009,3.77104938839857,0.151731332364303
139,2009,3.79095611174431,0.15166903427738
140,2009,3.80966906455027,0.15178736709785
141,2009,3.82718382205669,0.15207212512999
142,2009,3.8434959595038,0.152503798149373
143,2009,3.85860105213184,0.153058172634173
144,2009,3.87249467518103,0.153707046902141
145,2009,3.88517240389162,0.154419021773585
146,2009,3.89662981350383,0.155160331096107
147,2009,3.90686247925789,0.155895683066688
148,2009,3.91586597639406,0.156589092428499
149,2009,3.92363588015254,0.157204693962247
150,2009,3.93016776577359,0.157707538169529
151,2009,3.93545720849743,0.158064380008453
152,2009,3.9394997835643,0.158244480766864
153,2009,3.94229106621443,0.158220451773554
154,2009,3.94382663168806,0.157969177002468
155,2009,3.94410205522541,0.157472860133436
156,2009,3.94312371871331,0.156725185543335
157,2009,3.94095847482456,0.155754315566414
158,2009,3.93769419853667,0.154602867702656
159,2009,3.93341878593385,0.153316820285405
160,2009,3.92822013310033,0.151944299635025
161,2009,3.92218613612033,0.150534369849109
162,2009,3.91540469107807,0.14913577911517
163,2009,3.90796369405777,0.147795645346233
164,2009,3.89995104114366,0.146558085961166
165,2009,3.89145462841996,0.145462820842482
166,2009,3.88256235197089,0.144543801700023
167,2009,3.87336210788068,0.14382794160568
168,2009,3.86394179223354,0.143334030875532
169,2009,3.85438930111369,0.143071925685615
170,2009,3.84479253060537,0.143042081660745
171,2009,3.83523937679279,0.143235477195628
172,2009,3.82581773576018,0.143633934978882
173,2009,3.81661550359175,0.144210812158771
174,2009,3.80772057637173,0.14493199742568
175,2009,3.79922085018435,0.145757132920521
176,2009,3.79120422111381,0.146640973029372
177,2009,3.78375858524436,0.147534800022773
178,2009,3.7769718386602,0.148387834780771
179,2009,3.77093187744556,0.149148605065612
180,2009,3.76572659768467,0.149766259880411
181,2009,3.76144389546174,0.150191843605915
182,2009,3.758171666861,0.150379566686078
183,2009,3.75599780796667,0.150288130957054
184,2009,3.75501021486297,0.14988218867247
185,2009,3.75529678363413,0.149134036838716
186,2009,3.7569402946784,0.148027426926548
187,2009,3.75993169159961,0.146589034725496
188,2009,3.76418248162994,0.144882814444187
189,2009,3.76960155277035,0.142981600835891
190,2009,3.77609779302179,0.140964650260307
191,2009,3.78358009038525,0.138915969941385
192,2009,3.79195733286167,0.136922365038592
193,2009,3.80113840845201,0.135071073442499
194,2009,3.81103220515725,0.133446916063278
195,2009,3.82154761097834,0.132128982872954
196,2009,3.83259351391625,0.131187000266988
197,2009,3.84407880197194,0.130677664336222
198,2009,3.85591236314636,0.130641339293893
199,2009,3.86800308544048,0.131099562959819
200,2009,3.88025985685528,0.132053736147878
201,2009,3.89259156539169,0.133485200030231
202,2009,3.9049070990507,0.135356670037833
203,2009,3.91711534583326,0.137614770305795
204,2009,3.92912519374033,0.140193267047666
205,2009,3.94084553077288,0.143016564233427
206,2009,3.95218524493186,0.146003088098405
207,2009,3.96305322421825,0.149068307170289
208,2009,3.97335835663299,0.152127266062096
209,2009,3.98300953017707,0.155096621937812
210,2009,3.99191563285143,0.157896248699218
211,2009,3.99998555265704,0.160450516755868
212,2009,4.00712817759486,0.162689374657687
213,2009,4.01325239566586,0.164549363677403
214,2009,4.01829021025394,0.165985788554988
215,2009,4.02226608627485,0.167007119212616
216,2009,4.02522760402728,0.167641353100401
217,2009,4.02722234380992,0.16792330626613
218,2009,4.02829788592145,0.167893197391369
219,2009,4.02850181066056,0.167595470885879
220,2009,4.02788169832596,0.167077766675349
221,2009,4.02648512921631,0.166389964593592
222,2009,4.02435968363033,0.165583247546047
223,2009,4.02155294186669,0.16470914198824
224,2009,4.01811248422408,0.163818508508165
225,2009,4.0140858910012,0.162960470640688
226,2009,4.00952074249673,0.162181286997411
227,2009,4.00446461900937,0.161523189983594
228,2009,3.9989651008378,0.161023232376626
229,2009,3.99306976828072,0.160712198481338
230,2009,3.98682620163681,0.16061364651615
231,2009,3.98028198120476,0.160743150551713
232,2009,3.97348468728328,0.161107802049083
233,2009,3.96648190017103,0.161706013062282
234,2009,3.95932120016672,0.162527637943514
235,2009,3.95205016756903,0.163554402210571
236,2009,3.94471638267666,0.164760601165672
237,2009,3.93736742578829,0.166114011370776
238,2009,3.93005087720261,0.167576947954103
239,2009,3.92281431721832,0.169107400504585
240,2009,3.9157053261341,0.170660188580319
241,2009,3.90877148424864,0.172188091956497
242,2009,3.90206037186064,0.173642927692163
243,2009,3.89561956926878,0.174976563364527
244,2009,3.88949665677175,0.17614187172786
245,2009,3.88373884302275,0.177093869878477
246,2009,3.87837103794535,0.177804135998244
247,2009,3.87338358843218,0.178270384519594
248,2009,3.86876386821194,0.178497787696157
249,2009,3.86449925101332,0.178496354215192
250,2009,3.86057711056501,0.178280195018175
251,2009,3.8569848205957,0.177866901750152
252,2009,3.85370975483408,0.177277011201558
253,2009,3.85073928700884,0.176533532308875
254,2009,3.84806079084867,0.175661515197446
255,2009,3.84566164008227,0.174687644383013
256,2009,3.84352920843832,0.17363984070866
257,2009,3.84165086964552,0.172546859050015
258,2009,3.84001399743255,0.17143787146604
259,2009,3.8386059655281,0.170342028488972
260,2009,3.83741414766088,0.169287994774106
261,2009,3.83642591755956,0.16830345942392
262,2009,3.83562864895284,0.167414625893156
263,2009,3.83500971556941,0.166645691246303
264,2009,3.83455649113795,0.166018329281658
265,2009,3.83425634938717,0.165551196115433
266,2009,3.83409666404575,0.165259479615466
267,2009,3.83406480884239,0.165154515001149
268,2009,3.83414815750576,0.165243487570185
269,2009,3.83433408376457,0.165529239762834
270,2009,3.83460996134751,0.166010193903203
271,2009,3.83496316398326,0.166680394617974
272,2009,3.83538106540051,0.167529667058366
273,2009,3.83585103932796,0.168543879676112
274,2009,3.8363604594943,0.169705294360021
275,2009,3.83689669962822,0.170992982877542
276,2009,3.83744713345841,0.172383287058117
277,2009,3.83799913471355,0.173850300892625
278,2009,3.83854007712235,0.175366355296063
279,2009,3.83905733441349,0.176902490107584
280,2009,3.83953828031566,0.178428902367081
281,2009,3.83997028855755,0.179915364469807
282,2009,3.84034073286786,0.181331610061106
283,2009,3.84063698697527,0.182647689257757
284,2009,3.84084642460848,0.183834297889626
285,2009,3.84095686611621,0.18486470138336
286,2009,3.84095967876549,0.185726609580615
287,2009,3.84084792125028,0.186416505110181
288,2009,3.84061466268129,0.186933494002582
289,2009,3.84025297216927,0.187278938762436
290,2009,3.83975591882495,0.187456174667058
291,2009,3.83911657175906,0.187470265703966
292,2009,3.83832800008232,0.187327793892456
293,2009,3.83738327290549,0.187036676349286
294,2009,3.83627545933928,0.186606005057427
295,2009,3.83499762849443,0.186045904847264
296,2009,3.83354284948168,0.185367405588291
297,2009,3.83190419141175,0.184582325015522
298,2009,3.83007472339538,0.183703158985233
299,2009,3.82804751454331,0.182742976281043
300,2009,3.82581563396626,0.181715315388485
301,2009,3.82337215077497,0.180634080940713
302,2009,3.82071013408017,0.179513437827532
303,2009,3.8178226529926,0.178367701272143
304,2009,3.81470277662298,0.177211221531485
305,2009,3.81134357408205,0.176058262281136
306,2009,3.80773811448055,0.174922872214308
307,2009,3.8038794669292,0.173818749920585
308,2009,3.79976070053874,0.172759102709243
309,2009,3.7953748844199,0.171756500689835
310,2009,3.79071508768341,0.170822728093282
311,2009,3.78577437944002,0.169968634472681
312,2009,3.78054582880044,0.169203989017065
313,2009,3.77502250487542,0.168537341689656
314,2009,3.76919747677568,0.167975895209867
315,2009,3.76306381361196,0.16752539198664
316,2009,3.756614584495,0.167190019944447
317,2009,3.74984285853552,0.166972340748318
318,2009,3.74274170484425,0.166873243242162
319,2009,3.73530419253194,0.166891924005003
320,2009,3.72752339070931,0.167025895867242
321,2009,3.7193923684871,0.167271024097039
322,2009,3.71090419497603,0.167621588857667
323,2009,3.70205193928685,0.168070371539738
324,2009,3.69282867053028,0.168608761763433
325,2009,3.68322745781706,0.16922688127899
326,2009,3.67324137025793,0.169913720695385
327,2009,3.6628634769636,0.170657284936491
328,2009,3.65208684704482,0.171444743536129
329,2009,3.64090454961233,0.172262582295588
330,2009,3.62930965377684,0.173096753386497
331,2009,3.6172952286491,0.173932821633058
332,2009,3.60485434333984,0.174756105399159
333,2009,3.59198006695979,0.175551811195125
334,2009,3.57866546861968,0.176305161774228
335,2009,3.56490361743025,0.177001518091174
336,2009,3.55068758250223,0.177626496035466
337,2009,3.53601043294636,0.178166079333459
338,2009,3.52086523787336,0.17860673044363
339,2009,3.50524506639396,0.178935501665247
340,2009,3.48914298761891,0.179140149060445
341,2009,3.47255207065893,0.179209252175322
342,2009,3.45546538462477,0.179132342959757
343,2009,3.43787599862714,0.178900047751284
344,2009,3.41977698177678,0.178504246727503
345,2009,3.40116140318443,0.177938255863912
346,2009,3.38202233196082,0.177197037174479
347,2009,3.36235672265016,0.17628036616687
348,2009,3.34217707153056,0.175201596278308
349,2009,3.32149976031364,0.173978478520578
350,2009,3.30034117071098,0.172630022158906
351,2009,3.27871768443419,0.171176333210565
352,2009,3.25664568319486,0.169638454934848
353,2009,3.23414154870459,0.168038203892856
354,2009,3.21122166267497,0.166397995592441
355,2009,3.18790240681762,0.164740654268343
356,2009,3.16420016284412,0.163089202077802
357,2009,3.14013131246607,0.161466624016253
358,2009,3.11571223739507,0.159895606264824
359,2009,3.09095931934273,0.158398247532669
360,2009,3.06588894002063,0.156995745265943
361,2009,3.04051748114038,0.155708061303121
362,2009,3.01486132441357,0.154553574513789
363,2009,2.9889368515518,0.153548730915797
364,2009,2.96276044426667,0.152707704384938
365,2009,2.93634848426978,0.152042082960044
1,2010,3.34197120180753,0.178717207303182
2,2010,3.32335562321518,0.178201341180649
3,2010,3.30421655199157,0.177512746453371
4,2010,3.28455094268091,0.17665135433148
5,2010,3.26437129156132,0.175630570227797
6,2010,3.24369398034439,0.174468161033395
7,2010,3.22253539074173,0.17318313742734
8,2010,3.20091190446494,0.171795587250145
9,2010,3.17883990322561,0.170326510543845
10,2010,3.15633576873534,0.168797649918658
11,2010,3.13341588270572,0.167231310409738
12,2010,3.11009662684837,0.16565016359953
13,2010,3.08639438287487,0.164077031595569
14,2010,3.06232553249682,0.162534647561701
15,2010,3.03790645742583,0.161045390980133
16,2010,3.01315353937348,0.159630997719045
17,2010,2.98808316005138,0.158312247291583
18,2010,2.96271170117113,0.157108632340922
19,2010,2.93705554444432,0.156038018209954
20,2010,2.91113107158255,0.1551163031991
21,2010,2.88495466429742,0.154357092452727
22,2010,2.85854270430053,0.153771399977759
23,2010,2.83191157330348,0.15336739374588
24,2010,2.80507765301786,0.153150197919939
25,2010,2.77805732515528,0.153121763900874
26,2010,2.75086697142732,0.153280818251813
27,2010,2.7235229735456,0.15362289097529
28,2010,2.6960417132217,0.154140422619879
29,2010,2.66843957216722,0.154822943874365
30,2010,2.64073293209377,0.155657317238413
31,2010,2.61293817471295,0.156628027471394
32,2010,2.58507168173634,0.157717506045995
33,2010,2.55714983487555,0.158906474779875
34,2010,2.52918901584217,0.160174295004578
35,2010,2.50120560634781,0.161499310744059
36,2010,2.47321598810406,0.16285917704935
37,2010,2.44523654282252,0.164231167518775
38,2010,2.41728365221479,0.165592457835749
39,2010,2.38937369799246,0.166920384677796
40,2010,2.36152306186715,0.168192681482019
41,2010,2.33374812555043,0.169387694264887
42,2010,2.30606527075391,0.170484582019567
43,2010,2.2784908791892,0.17146350722307
44,2010,2.25104133256788,0.172305822769793
45,2010,2.22373301260155,0.172994262305535
46,2010,2.19658230100182,0.173513141561003
47,2010,2.16960557948029,0.173848578960846
48,2010,2.14281922974854,0.173988744584107
49,2010,2.11623963351818,0.173924147527331
50,2010,2.0898831725008,0.173647972900622
51,2010,2.06376630313918,0.173156527327614
52,2010,2.03791761634926,0.172457022069983
53,2010,2.01239114900925,0.171575067749684
54,2010,1.98724414209613,0.17053995236973
55,2010,1.96253383658687,0.169382212728444
56,2010,1.93831747345845,0.168133225188974
57,2010,1.91465229368786,0.166824785914936
58,2010,1.89159553825205,0.165488670254157
59,2010,1.86920444812802,0.164156164631448
60,2010,1.84753626429274,0.162857568569255
61,2010,1.82664822772318,0.161621669345129
62,2010,1.80659757939633,0.16047519720005
63,2010,1.78744156028916,0.159442274610262
64,2010,1.76923741137864,0.158543878397538
65,2010,1.75204237364176,0.157797337685668
66,2010,1.73591368805549,0.157215893162156
67,2010,1.72090859559681,0.156808343118773
68,2010,1.70708433724269,0.156578798943328
69,2010,1.69449815397011,0.156526567164402
70,2010,1.68320728675606,0.156646167349934
71,2010,1.6732689765775,0.156927486106985
72,2010,1.66474046441141,0.157356058364231
73,2010,1.65767899123477,0.157913459290831
74,2010,1.65214179802456,0.158577784619219
75,2010,1.64818612575775,0.15932419436791
76,2010,1.64586921541132,0.160125495081601
77,2010,1.64524830796226,0.160952738361643
78,2010,1.64638064438752,0.161775818004874
79,2010,1.6493234656641,0.162564053750533
80,2010,1.65413401276897,0.163286755757113
81,2010,1.6608695266791,0.163913769963338
82,2010,1.66958724837147,0.164416010115669
83,2010,1.68034441882307,0.164765987367284
84,2010,1.69319827901086,0.164938353045143
85,2010,1.70820606991182,0.164910474639373
86,2010,1.72542503250294,0.164663069552535
87,2010,1.74491240776118,0.164180925914887
88,2010,1.76672543666353,0.163453745009344
89,2010,1.79092136018696,0.16247714555546
90,2010,1.81754817133458,0.161255851509174
91,2010,1.84654635541337,0.159825096179479
92,2010,1.87778703792632,0.158239895324178
93,2010,1.9111401883797,0.156558653513654
94,2010,1.94647577627977,0.154841734922387
95,2010,1.98366377113281,0.153150171067831
96,2010,2.02257414244507,0.151544213692575
97,2010,2.06307685972283,0.150081721000075
98,2010,2.10504189247235,0.148816399552566
99,2010,2.1483392101999,0.147795963992706
100,2010,2.19283878241174,0.147060317089603
101,2010,2.23841057861414,0.146639885057166
102,2010,2.28492456831337,0.146554257932496
103,2010,2.33225072101569,0.146811274231117
104,2010,2.38025900622738,0.147406650892964
105,2010,2.42881939345469,0.148324199320123
106,2010,2.47780185220389,0.149536598796161
107,2010,2.52707635198126,0.151006635629465
108,2010,2.57651286229305,0.152688773545309
109,2010,2.62598135264553,0.154530905100656
110,2010,2.67535179254498,0.156476144219177
111,2010,2.72449415149765,0.158464549266796
112,2010,2.77327839900982,0.160434704807336
113,2010,2.82157450458774,0.162325129554084
114,2010,2.86925243773769,0.164075512215588
115,2010,2.91618216796594,0.165627803414376
116,2010,2.96223366477874,0.166927210846612
117,2010,3.00727767302641,0.167923456990204
118,2010,3.05123145820145,0.168589553939765
119,2010,3.09408439279181,0.168933076927607
120,2010,3.13583205203771,0.168970421349173
121,2010,3.1764700111794,0.16872327417157
122,2010,3.21599384545711,0.168217651558983
123,2010,3.25439913011106,0.167483088739352
124,2010,3.2916814403815,0.166551934715304
125,2010,3.32783635150866,0.16545871258281
126,2010,3.36285943873277,0.164239513009725
127,2010,3.39674627729406,0.162931394405217
128,2010,3.42949244243277,0.161571769069148
129,2010,3.46109350938913,0.160197760693907
130,2010,3.49154505340338,0.158845525431636
131,2010,3.52084264971575,0.157549536567588
132,2010,3.54898187356648,0.156341841589104
133,2010,3.57595830019579,0.155251309662625
134,2010,3.60176750484392,0.154302896370093
135,2010,3.6264050627511,0.153516959805897
136,2010,3.64986654915757,0.152908666434817
137,2010,3.67214753930357,0.15248752525201
138,2010,3.69324360842932,0.152257084078679
139,2010,3.71315033177506,0.152214812409358
140,2010,3.73186328458103,0.152352182188275
141,2010,3.74937804208745,0.152654943132864
142,2010,3.76569017953456,0.15310357505564
143,2010,3.78079527216259,0.153673888254673
144,2010,3.79468889521178,0.154337736025645
145,2010,3.80736662392237,0.155063801362185
146,2010,3.81882403353458,0.155818422692772
147,2010,3.82905669928865,0.15656643008119
148,2010,3.83806019642481,0.157271972370967
149,2010,3.84583010018329,0.157899325967788
150,2010,3.85236198580434,0.158413686287116
151,2010,3.85765142852819,0.158781952714465
152,2010,3.86169400359505,0.158973527018012
153,2010,3.86448528624519,0.158961153643721
154,2010,3.86602085171881,0.15872183855328
155,2010,3.86629627525616,0.158237891636063
156,2010,3.86531793874406,0.157503064080629
157,2010,3.86315269485531,0.156545457742638
158,2010,3.85988841856742,0.155407561382281
159,2010,3.8556130059646,0.154135190526196
160,2010,3.85041435313108,0.152776276223135
161,2010,3.84438035615108,0.151379657809721
162,2010,3.83759891110882,0.149993834355176
163,2010,3.83015791408852,0.148665658173315
164,2010,3.82214526117441,0.147438975511759
165,2010,3.81364884845071,0.146353243286586
166,2010,3.80475657200164,0.145442174354145
167,2010,3.79555632791143,0.144732483750944
168,2010,3.78613601226429,0.144242820267908
169,2010,3.77658352114445,0.143982967743791
170,2010,3.76698675063612,0.14395338652647
171,2010,3.75743359682354,0.144145138695002
172,2010,3.74801195579093,0.144540205263282
173,2010,3.7388097236225,0.145112166538357
174,2010,3.72991479640248,0.145827185444334
175,2010,3.7214150702151,0.14664521369243
176,2010,3.71339844114457,0.147521334838932
177,2010,3.70595280527511,0.148407165822881
178,2010,3.69916605869095,0.149252256298474
179,2010,3.69312609747631,0.150005448687985
180,2010,3.68792081771542,0.150616187419854
181,2010,3.68363811549249,0.151035790565917
182,2010,3.68036588689175,0.151218719900194
183,2010,3.67819202799742,0.151123906547828
184,2010,3.67720443489373,0.150716210199567
185,2010,3.67749100366488,0.149968112225015
186,2010,3.67913451470915,0.148863516330824
187,2010,3.68212591163036,0.147429130101652
188,2010,3.68637670166069,0.145728829061529
189,2010,3.6917957728011,0.14383532835055
190,2010,3.69829201305255,0.141827720423228
191,2010,3.705774310416,0.13978979863544
192,2010,3.71415155289242,0.137808101403158
193,2010,3.72333262848277,0.13596954981976
194,2010,3.733226425188,0.134358609482652
195,2010,3.7437418310091,0.133053998937127
196,2010,3.754787733947,0.13212509044156
197,2010,3.76627302200269,0.131628284696646
198,2010,3.77810658317711,0.13160375246198
199,2010,3.79019730547124,0.13207297639607
200,2010,3.80245407688603,0.133037461696814
201,2010,3.81478578542245,0.134478814654541
202,2010,3.82710131908145,0.136360157993515
203,2010,3.83930956586401,0.138628632437137
204,2010,3.85131941377108,0.141218591237422
205,2010,3.86303975080363,0.144055059371017
206,2010,3.87437946496261,0.14705708992698
207,2010,3.885247444249,0.150140767156831
208,2010,3.89555257666375,0.153221734401924
209,2010,3.90520375020782,0.156217234007074
210,2010,3.91410985288218,0.159047721783848
211,2010,3.92217977268779,0.16163816146384
212,2010,3.92932239762561,0.16391912340774
213,2010,3.93544661569661,0.165827817062237
214,2010,3.94048443028469,0.167320092913971
215,2010,3.94446030630561,0.168404278120881
216,2010,3.94742182405803,0.169108056163755
217,2010,3.94941656384067,0.169465920924313
218,2010,3.9504921059522,0.16951774023759
219,2010,3.95069603069132,0.169307557704689
220,2010,3.95007591835671,0.168882541385062
221,2010,3.94867934924707,0.168292008464293
222,2010,3.94655390366108,0.167586471584156
223,2010,3.94374716189744,0.166816667265137
224,2010,3.94030670425483,0.166032541374674
225,2010,3.93628011103195,0.165282181982124
226,2010,3.93171496252748,0.164610706572136
227,2010,3.92665883904012,0.16405912796807
228,2010,3.92115932086855,0.163663240006103
229,2010,3.91526398831147,0.163452577739361
230,2010,3.90902042166756,0.163449515080101
231,2010,3.90247620123552,0.163668562944867
232,2010,3.89567890731403,0.164115921911651
233,2010,3.88867612020178,0.164789325670078
234,2010,3.88151542019747,0.165678187657988
235,2010,3.87424438759978,0.166764037266298
236,2010,3.86691060270741,0.168021208425065
237,2010,3.85956164581904,0.169417726165631
238,2010,3.85224509723336,0.170916328195884
239,2010,3.84500853724907,0.172475558963734
240,2010,3.83789954616485,0.174050881731536
241,2010,3.83096570427939,0.175595767414807
242,2010,3.82425459189139,0.177062734687076
243,2010,3.81781378929953,0.178404331866212
244,2010,3.8116908768025,0.179574065897503
245,2010,3.8059330630535,0.180527520247749
246,2010,3.8005652579761,0.181236721905123
247,2010,3.79557780846293,0.181699664040486
248,2010,3.79095808824269,0.181921665650843
249,2010,3.78669347104407,0.181912774137028
250,2010,3.78277133059576,0.181687047940849
251,2010,3.77917904062645,0.181261948471924
252,2010,3.77590397486483,0.18065781567474
253,2010,3.77293350703959,0.179897404705306
254,2010,3.77025501087942,0.179005464018394
255,2010,3.76785586011302,0.17800833771502
256,2010,3.76572342846907,0.176933577368991
257,2010,3.76384508967627,0.175809550897697
258,2010,3.7622082174633,0.174665038543721
259,2010,3.76080018555885,0.173528808860507
260,2010,3.75960836769163,0.17242917087857
261,2010,3.75862013759031,0.171393502426458
262,2010,3.75782286898359,0.170447758840953
263,2010,3.75720393560016,0.169615970831819
264,2010,3.75675071116871,0.168919744723157
265,2010,3.75645056941793,0.168377782195319
266,2010,3.75629088407651,0.168005439437954
267,2010,3.75625902887314,0.167814346751806
268,2010,3.75634237753652,0.167812108697909
269,2010,3.75652830379532,0.168002101739414
270,2010,3.75680418137826,0.168383381144355
271,2010,3.75715738401401,0.168950702258288
272,2010,3.75757528543126,0.169694653929653
273,2010,3.75804525935871,0.170601894820256
274,2010,3.75855467952505,0.171655477443901
275,2010,3.75909091965897,0.172835240709288
276,2010,3.75964135348916,0.174118249830301
277,2010,3.76019335474431,0.17547926268683
278,2010,3.7607342971531,0.176891203756602
279,2010,3.76125155444424,0.178325630090586
280,2010,3.76173250034641,0.179753177906532
281,2010,3.7621645085883,0.181143982706706
282,2010,3.76253495289861,0.182468069982666
283,2010,3.76283120700602,0.18369571729543
284,2010,3.76304064463923,0.184797791702262
285,2010,3.76315108614696,0.185747655801339
286,2010,3.76315389879624,0.186532873661169
287,2010,3.76304214128103,0.187149678639471
288,2010,3.76280888271205,0.18759693547425
289,2010,3.76244719220003,0.187875777946152
290,2010,3.7619501388557,0.18798932773944
291,2010,3.76131079178981,0.187942451953181
292,2010,3.76052222011308,0.187741553307626
293,2010,3.75957749293624,0.187394387626774
294,2010,3.75846967937003,0.186909903715765
295,2010,3.75719184852518,0.186298101254897
296,2010,3.75573706951243,0.18556990278437
297,2010,3.7540984114425,0.184737036251789
298,2010,3.75226894342614,0.183811924942909
299,2010,3.75024173457406,0.182807581925037
300,2010,3.74800985399701,0.181737506415775
301,2010,3.74556637080572,0.180615579763179
302,2010,3.74290435411092,0.179455959004283
303,2010,3.74001687302335,0.178272966274818
304,2010,3.73689699665373,0.177080972690736
305,2010,3.7335377941128,0.175894275726333
306,2010,3.7299323345113,0.174726969584913
307,2010,3.72607368695995,0.173592808600391
308,2010,3.72195492056949,0.172505064318021
309,2010,3.71756910445065,0.171476377565013
310,2010,3.71290930771417,0.170518607511064
311,2010,3.70796859947077,0.169642680396329
312,2010,3.70274004883119,0.168858441221395
313,2010,3.69721672490617,0.168174512194352
314,2010,3.69139169680643,0.167598162056818
315,2010,3.68525803364271,0.167135190512285
316,2010,3.67880880452575,0.166789831818851
317,2010,3.67203707856627,0.16656468116858
318,2010,3.664935924875,0.166460646768383
319,2010,3.65749841256269,0.166476929602839
320,2010,3.64971761074006,0.166611031764515
321,2010,3.64158658851785,0.166858793068751
322,2010,3.63309841500678,0.167214454523611
323,2010,3.6242461593176,0.167670746195176
324,2010,3.61502289056103,0.168218996172772
325,2010,3.60542167784782,0.168849256754132
326,2010,3.59543559028868,0.169550443664512
327,2010,3.58505769699435,0.170310484095188
328,2010,3.57428106707558,0.171116469569413
329,2010,3.56309876964308,0.171954810072693
330,2010,3.55150387380759,0.172811386464016
331,2010,3.53948944867985,0.173671698857486
332,2010,3.52704856337059,0.17452100937633
333,2010,3.51417428699054,0.175344478389059
334,2010,3.50085968865044,0.176127294008234
335,2010,3.48709783746101,0.176854795245779
336,2010,3.47288180253299,0.17751258976699
337,2010,3.45820465297711,0.178086667670061
338,2010,3.44305945790411,0.178563513149036
339,2010,3.42743928642472,0.178930216291044
340,2010,3.41133720764966,0.179174587632911
341,2010,3.39474629068969,0.17928527847936
342,2010,3.37765960465552,0.179251910387415
343,2010,3.36007021865789,0.179065217671625
344,2010,3.34197120180753,0.178717207303182
345,2010,3.32335562321518,0.178201341180649
346,2010,3.30421655199157,0.17751274645337
347,2010,3.28455094268091,0.17665135433148
348,2010,3.26437129156132,0.175630570227797
349,2010,3.24369398034439,0.174468161033395
350,2010,3.22253539074173,0.17318313742734
351,2010,3.20091190446494,0.171795587250145
352,2010,3.17883990322561,0.170326510543845
353,2010,3.15633576873534,0.168797649918658
354,2010,3.13341588270572,0.167231310409738
355,2010,3.11009662684837,0.16565016359953
356,2010,3.08639438287487,0.164077031595569
357,2010,3.06232553249682,0.162534647561701
358,2010,3.03790645742583,0.161045390980133
359,2010,3.01315353937348,0.159630997719045
360,2010,2.98808316005138,0.158312247291583
361,2010,2.96271170117113,0.157108632340922
362,2010,2.93705554444432,0.156038018209954
363,2010,2.91113107158255,0.1551163031991
364,2010,2.88495466429742,0.154357092452727
365,2010,2.85854270430053,0.153771399977759
1,2011,3.27458147502502,0.177260648109686
2,2011,3.25596589643267,0.17677976368817
3,2011,3.23682682520906,0.17612612579212
4,2011,3.2171612158984,0.17529973462904
5,2011,3.19698156477881,0.174314112860879
6,2011,3.17630425356188,0.173187155512734
7,2011,3.15514566395922,0.171938000362861
8,2011,3.13352217768243,0.170586859393097
9,2011,3.1114501764431,0.169154851687068
10,2011,3.08894604195283,0.167663831351049
11,2011,3.06602615592322,0.166136204565059
12,2011,3.04270690006586,0.164594730519211
13,2011,3.01900465609236,0.163062301848096
14,2011,2.99493580571431,0.161561701336537
15,2011,2.97051673064332,0.160115333209732
16,2011,2.94576381259097,0.158744929282673
17,2011,2.92069343326887,0.157471232617069
18,2011,2.89532197438862,0.156313664033499
19,2011,2.86966581766181,0.155289979677715
20,2011,2.84374134480004,0.154415930577412
21,2011,2.81756493751491,0.153704937410755
22,2011,2.79115297751802,0.153167795171105
23,2011,2.76452184652097,0.152812422717015
24,2011,2.73768792623535,0.152643671113926
25,2011,2.71066759837277,0.15266320215232
26,2011,2.68347724464481,0.152869444632565
27,2011,2.65613324676309,0.153257631320039
28,2011,2.62865198643919,0.153819914436678
29,2011,2.60104984538471,0.154545552773552
30,2011,2.57334320531126,0.155421159543445
31,2011,2.54554844793044,0.156430997355936
32,2011,2.51768195495383,0.157557305394217
33,2011,2.48976010809304,0.15878064398534
34,2011,2.46179928905966,0.16008024307964
35,2011,2.4338158795653,0.161434343365297
36,2011,2.40582626132155,0.162820521470048
37,2011,2.37784681604001,0.164215993595375
38,2011,2.34989392543228,0.165597894708835
39,2011,2.32198397120996,0.166943532897779
40,2011,2.29413333508464,0.168230620564211
41,2011,2.26635839876792,0.169437485796012
42,2011,2.2386755439714,0.170543268522265
43,2011,2.21110115240669,0.171528107024904
44,2011,2.18365160578537,0.172373321129122
45,2011,2.15634328581904,0.17306159902932
46,2011,2.12919257421931,0.173577195320384
47,2011,2.10221585269778,0.17390614848021
48,2011,2.07542950296603,0.174036526860228
49,2011,2.04884990673567,0.173958713240307
50,2011,2.02249344571829,0.173665739224499
51,2011,1.99637657635667,0.173153728994776
52,2011,1.97052788956675,0.172429768811708
53,2011,1.94500142222674,0.171519508101424
54,2011,1.91985441531362,0.170452290519831
55,2011,1.89514410980436,0.169258710752126
56,2011,1.87092774667595,0.16797021348157
57,2011,1.84726256690535,0.16661868179929
58,2011,1.82420581146954,0.165236004515783
59,2011,1.80181472134551,0.163853615394354
60,2011,1.78014653751023,0.162502001469641
61,2011,1.75925850094068,0.16121018241406
62,2011,1.73920785261382,0.160005168278701
63,2011,1.72005183350665,0.158911408566506
64,2011,1.70184768459613,0.15795025098442
65,2011,1.68465264685925,0.157139432680881
66,2011,1.66852396127298,0.156492629539386
67,2011,1.6535188688143,0.156019089475588
68,2011,1.63969461046018,0.155723373237444
69,2011,1.62710842718761,0.155605220915078
70,2011,1.61581755997355,0.15565955470881
71,2011,1.60587924979499,0.155876619422902
72,2011,1.5973507376289,0.156242252889972
73,2011,1.59028926445226,0.156738270374618
74,2011,1.58475207124205,0.157342941022193
75,2011,1.58079639897524,0.158031531255866
76,2011,1.57847948862882,0.158776889823288
77,2011,1.57785858117975,0.159550051636319
78,2011,1.57899091760501,0.160320842001038
79,2011,1.58193373888159,0.161058468538266
80,2011,1.58674428598646,0.161732094324852
81,2011,1.59347979989659,0.162311391982277
82,2011,1.60219752158896,0.162767084259449
83,2011,1.61295469204056,0.163071481980131
84,2011,1.62580855222835,0.163199035117446
85,2011,1.64081634312931,0.163126917415929
86,2011,1.65803530572043,0.162835669673604
87,2011,1.67752268097867,0.162309931795886
88,2011,1.69933570988102,0.161539299239078
89,2011,1.72353163340445,0.160519345484465
90,2011,1.75015844455207,0.159254840462695
91,2011,1.77915662863086,0.157781251627327
92,2011,1.81039731114381,0.156154003021618
93,2011,1.84375046159719,0.154432033093137
94,2011,1.87908604949727,0.152676358976837
95,2011,1.9162740443503,0.150948770735779
96,2011,1.95518441566256,0.149310359960618
97,2011,1.99568713294032,0.14781986879281
98,2011,2.03765216568984,0.146531881214951
99,2011,2.08094948341739,0.145494920847461
100,2011,2.12544905562923,0.144749562903744
101,2011,2.17102085183163,0.144326703275871
102,2011,2.21753484153086,0.144246144235023
103,2011,2.26486099423318,0.144515645227433
104,2011,2.31286927944487,0.145130546164991
105,2011,2.36142966667218,0.146074005610209
106,2011,2.41041212542138,0.147317821378668
107,2011,2.45968662519875,0.148823733790231
108,2011,2.50912313551054,0.15054506684534
109,2011,2.55859162586303,0.152428547237979
110,2011,2.60796206576247,0.154416153796285
111,2011,2.65710442471514,0.156446882554475
112,2011,2.70588867222731,0.158458354575729
113,2011,2.75418477780523,0.160388235447175
114,2011,2.80186271095518,0.162175470966053
115,2011,2.84879244118343,0.163761370525747
116,2011,2.89484393799623,0.165090588581276
117,2011,2.9398879462439,0.166112370859611
118,2011,2.98384173141894,0.166799581465021
119,2011,3.0266946660093,0.167160102124196
120,2011,3.0684423252552,0.167210682820952
121,2011,3.10908028439689,0.166973371175691
122,2011,3.1486041186746,0.166474548960805
123,2011,3.18700940332855,0.165744123277394
124,2011,3.22429171359899,0.164814823824952
125,2011,3.26044662472615,0.163721566123534
126,2011,3.29546971195026,0.162500847488724
127,2011,3.32935655051155,0.161190148622377
128,2011,3.36210271565026,0.159827319497112
129,2011,3.39370378260662,0.158449934364225
130,2011,3.42415532662087,0.15709460766947
131,2011,3.45345292293324,0.15579627067795
132,2011,3.48159214678397,0.154587417636954
133,2011,3.50856857341328,0.153497339891451
134,2011,3.53437777806141,0.1525513756183
135,2011,3.55901533596859,0.15177021049239
136,2011,3.58247682237507,0.15116926919275
137,2011,3.60475781252106,0.150758237902494
138,2011,3.62585388164681,0.150540753101268
139,2011,3.64576060499255,0.150514282120549
140,2011,3.66447355779852,0.15067020727711
141,2011,3.68198831530494,0.150994109932932
142,2011,3.69830045275205,0.151466236007331
143,2011,3.71340554538008,0.152062112611439
144,2011,3.72729916842927,0.152753278243051
145,2011,3.73997689713986,0.153508087049629
146,2011,3.75143430675207,0.154292550725391
147,2011,3.76166697250614,0.155071188596711
148,2011,3.7706704696423,0.155807865951528
149,2011,3.77844037340079,0.156466611291231
150,2011,3.78497225902183,0.15701241384021
151,2011,3.79026170174568,0.157412012690269
152,2011,3.79430427681255,0.157634698177589
153,2011,3.79709555946268,0.1576531546369
154,2011,3.7986311249363,0.157444381917373
155,2011,3.79890654847366,0.156990741399339
156,2011,3.79792821196155,0.156286111477122
157,2011,3.7957629680728,0.155358846422299
158,2011,3.79249869178491,0.15425172961671
159,2011,3.78822327918209,0.153010872423224
160,2011,3.78302462634857,0.151684492196596
161,2011,3.77699062936857,0.150321693227956
162,2011,3.77020918432631,0.14897120500829
163,2011,3.76276818730601,0.147680061465622
164,2011,3.7547555343919,0.14649222711177
165,2011,3.7462591216682,0.145447200326839
166,2011,3.73736684521913,0.144578648028478
167,2011,3.72816660112892,0.143913146029876
168,2011,3.71874628548178,0.14346911104831
169,2011,3.70919379436194,0.143256009636719
170,2011,3.69959702385361,0.143273914330368
171,2011,3.69004387004103,0.14351344928814
172,2011,3.68062222900842,0.143956131360837
173,2011,3.67141999683999,0.144575074938226
174,2011,3.66252506961997,0.145335997602152
175,2011,3.65402534343259,0.146198444242703
176,2011,3.64600871436206,0.147117142344321
177,2011,3.6385630784926,0.148043409661806
178,2011,3.63177633190844,0.148926554044611
179,2011,3.6257363706938,0.149715229315455
180,2011,3.62053109093291,0.150358736879262
181,2011,3.61624838870998,0.150808287463225
182,2011,3.61297616010924,0.151018260005497
183,2011,3.61080230121491,0.150947515589172
184,2011,3.60981470811122,0.150560844859547
185,2011,3.61010127688237,0.149830649514564
186,2011,3.61174478792664,0.148740745806747
187,2011,3.61473618484785,0.147317974382529
188,2011,3.61898697487818,0.145626524154885
189,2011,3.62440604601859,0.14373940054664
190,2011,3.63090228627004,0.14173596879656
191,2011,3.63838458363349,0.139700290100878
192,2011,3.64676182610991,0.137719177427012
193,2011,3.65594290170026,0.135879843009602
194,2011,3.66583669840549,0.1342670670653
195,2011,3.67635210422659,0.132959908742505
196,2011,3.68739800716449,0.132028103823565
197,2011,3.69888329522018,0.131528430391213
198,2011,3.7107168563946,0.131501436228395
199,2011,3.72280757868873,0.131968963597289
200,2011,3.73506435010352,0.13293284335565
201,2011,3.74739605863994,0.134374961033349
202,2011,3.75971159229894,0.136258666275722
203,2011,3.7719198390815,0.138531275898468
204,2011,3.78392968698857,0.141127276349483
205,2011,3.79565002402112,0.143971795183706
206,2011,3.8069897381801,0.146983971687098
207,2011,3.81785771746649,0.150079974143914
208,2011,3.82816284988124,0.15317554074386
209,2011,3.83781402342531,0.15618803078296
210,2011,3.84672012609967,0.15903804883677
211,2011,3.85479004590528,0.161650747784984
212,2011,3.8619326708431,0.163956935501259
213,2011,3.8680568889141,0.165894115199693
214,2011,3.87309470350218,0.167418395032724
215,2011,3.8770705795231,0.168538017444615
216,2011,3.88003209727553,0.169280513903842
217,2011,3.88202683705816,0.169680240813773
218,2011,3.88310237916969,0.169776927745902
219,2011,3.88330630390881,0.169614464962125
220,2011,3.8826861915742,0.169239838704028
221,2011,3.88128962246456,0.168702143472301
222,2011,3.87916417687857,0.168051617397087
223,2011,3.87635743511493,0.16733866182183
224,2011,3.87291697747232,0.166612820975011
225,2011,3.86889038424944,0.165921713114952
226,2011,3.86432523574497,0.165309921115843
227,2011,3.85926911225761,0.164817867568009
228,2011,3.85376959408604,0.164480715627972
229,2011,3.84787426152896,0.164327349849778
230,2011,3.84163069488505,0.164379498507972
231,2011,3.83508647445301,0.164651058297189
232,2011,3.82828918053152,0.165147672722529
233,2011,3.82128639341927,0.165866597681348
234,2011,3.81412569341496,0.166796864255349
235,2011,3.80685466081727,0.167919723546823
236,2011,3.7995208759249,0.169209335883877
237,2011,3.79217191903653,0.170633650553259
238,2011,3.78485537045085,0.17215541448662
239,2011,3.77761881046656,0.173733249230345
240,2011,3.77050981938234,0.175322743659861
241,2011,3.76357597749688,0.17687752289729
242,2011,3.75686486510888,0.178350269208269
243,2011,3.75042406251702,0.179693686158974
244,2011,3.74430115001999,0.180861411626454
245,2011,3.73854333627099,0.18180912277183
246,2011,3.73317553119359,0.182508972432334
247,2011,3.72818808168042,0.182959142402766
248,2011,3.72356836146018,0.183165083781877
249,2011,3.71930374426156,0.183136919052753
250,2011,3.71538160381325,0.18288873460424
251,2011,3.71178931384394,0.182437981487892
252,2011,3.70851424808232,0.181804959097425
253,2011,3.70554378025708,0.18101235956554
254,2011,3.70286528409691,0.180084853471195
255,2011,3.70046613333051,0.179048699948496
256,2011,3.69833370168656,0.177931366589985
257,2011,3.69645536289376,0.17676114679744
258,2011,3.69481849068079,0.17556676462858
259,2011,3.69341045877634,0.174376959889261
260,2011,3.69221864090912,0.173220049364257
261,2011,3.6912304108078,0.17212346373425
262,2011,3.69043314220108,0.171113263857878
263,2011,3.68981420881765,0.170213644537233
264,2011,3.6893609843862,0.169446438314525
265,2011,3.68906084263542,0.168830635809734
266,2011,3.688901157294,0.168381942057411
267,2011,3.68886930209063,0.168112389687933
268,2011,3.68895265075401,0.168030029193632
269,2011,3.68913857701282,0.168138713729709
270,2011,3.68941445459575,0.168437991055952
271,2011,3.6897676572315,0.168923108809689
272,2011,3.69018555864875,0.169585132083265
273,2011,3.6906555325762,0.170411165183764
274,2011,3.69116495274254,0.171384663375464
275,2011,3.69170119287646,0.172485816047013
276,2011,3.69225162670665,0.173691980491845
277,2011,3.6928036279618,0.174978145378352
278,2011,3.69334457037059,0.176317404746554
279,2011,3.69386182766173,0.177681426526479
280,2011,3.6943427735639,0.179040903573848
281,2011,3.69477478180579,0.180365979532737
282,2011,3.6951452261161,0.181626646040138
283,2011,3.69544148022351,0.182793111604887
284,2011,3.69565091785672,0.183836145791106
285,2011,3.69576135936445,0.184728983905843
286,2011,3.69576417201374,0.185458992766277
287,2011,3.69565241449852,0.186022196594429
288,2011,3.69541915592954,0.186417274430399
289,2011,3.69505746541752,0.186645197653714
290,2011,3.69456041207319,0.186708948310171
291,2011,3.6939210650073,0.1866132760359
292,2011,3.69313249333057,0.18636448771332
293,2011,3.69218776615373,0.185970264492561
294,2011,3.69107995258752,0.185439501321949
295,2011,3.68980212174267,0.184782164613156
296,2011,3.68834734272992,0.184009164102186
297,2011,3.68670868465999,0.183132235351234
298,2011,3.68487921664363,0.182163829672539
299,2011,3.68285200779155,0.181117008553029
300,2011,3.6806201272145,0.180005339931362
301,2011,3.67817664402321,0.178842793943032
302,2011,3.67551462732841,0.17764363602231
303,2011,3.67262714624084,0.176422315550463
304,2011,3.66950726987122,0.175193348585886
305,2011,3.66614806733029,0.173971193619571
306,2011,3.66254260772879,0.172770119780534
307,2011,3.65868396017744,0.171604067476311
308,2011,3.65456519378698,0.170486502089997
309,2011,3.65017937766814,0.16943026205352
310,2011,3.64551958093166,0.168447403349357
311,2011,3.64057887268826,0.16754904321948
312,2011,3.63535032204868,0.166745206528103
313,2011,3.62982699812366,0.166044678773111
314,2011,3.62400197002392,0.165454870106598
315,2011,3.61786830686021,0.16498169485041
316,2011,3.61141907774324,0.164629470835411
317,2011,3.60464735178376,0.164400842434383
318,2011,3.59754619809249,0.164296730408674
319,2011,3.59010868578018,0.164316310690888
320,2011,3.58232788395755,0.164457023052637
321,2011,3.57419686173534,0.164714609352318
322,2011,3.56570868822427,0.165083179828265
323,2011,3.55685643253509,0.165555304799752
324,2011,3.54763316377853,0.166122128248626
325,2011,3.53803195106531,0.166773499138169
326,2011,3.52804586350617,0.167498116012131
327,2011,3.51766797021184,0.168283680402713
328,2011,3.50689134029307,0.169117054831217
329,2011,3.49570904286057,0.169984421658456
330,2011,3.48411414702508,0.170871439672645
331,2011,3.47209972189734,0.171763396026752
332,2011,3.45965883658808,0.172645351897507
333,2011,3.44678456020803,0.173502280986714
334,2011,3.43346996186793,0.174319200688352
335,2011,3.4197081106785,0.175081296381529
336,2011,3.40549207575048,0.175774039872251
337,2011,3.3908149261946,0.176383303499131
338,2011,3.3756697311216,0.176895471851024
339,2011,3.36004955964221,0.17729755343519
340,2011,3.34394748086715,0.177577295003921
341,2011,3.32735656390718,0.177723301618391
342,2011,3.31026987787301,0.177725165924266
343,2011,3.29268049187538,0.177573610557278
344,2011,3.27458147502502,0.177260648109686
345,2011,3.25596589643267,0.17677976368817
346,2011,3.23682682520906,0.17612612579212
347,2011,3.2171612158984,0.17529973462904
348,2011,3.19698156477881,0.174314112860879
349,2011,3.17630425356188,0.173187155512734
350,2011,3.15514566395922,0.171938000362861
351,2011,3.13352217768243,0.170586859393097
352,2011,3.1114501764431,0.169154851687068
353,2011,3.08894604195283,0.167663831351049
354,2011,3.06602615592322,0.166136204565059
355,2011,3.04270690006586,0.164594730519211
356,2011,3.01900465609236,0.163062301848096
357,2011,2.99493580571431,0.161561701336537
358,2011,2.97051673064332,0.160115333209732
359,2011,2.94576381259097,0.158744929282673
360,2011,2.92069343326887,0.157471232617069
361,2011,2.89532197438862,0.156313664033499
362,2011,2.86966581766181,0.155289979677715
363,2011,2.84374134480004,0.154415930577412
364,2011,2.81756493751491,0.153704937410755
365,2011,2.79115297751802,0.153167795171105
1,2012,3.2180811650211,0.175575820443098
2,2012,3.19946558642875,0.175116542772908
3,2012,3.18032651520514,0.174483286348284
4,2012,3.16066090589448,0.173676063406479
5,2012,3.14048125477489,0.172708512373591
6,2012,3.11980394355796,0.17159867114607
7,2012,3.0986453539553,0.170365823136401
8,2012,3.07702186767851,0.169030328767233
9,2012,3.05494986643918,0.167613458292352
10,2012,3.03244573194891,0.1661372193938
11,2012,3.0095258459193,0.16462417354395
12,2012,2.98620659006194,0.163097235777812
13,2012,2.96250434608844,0.161579453394071
14,2012,2.93843549571039,0.160093760289487
15,2012,2.9140164206394,0.158662705209908
16,2012,2.88926350258705,0.157308154217196
17,2012,2.86419312326495,0.156050970113493
18,2012,2.8388216643847,0.154910674343271
19,2012,2.81316550765789,0.153905099827079
20,2012,2.78724103479612,0.153050045991423
21,2012,2.76106462751099,0.152358949593855
22,2012,2.73465266751411,0.151842586417136
23,2012,2.70802153651705,0.151508819173666
24,2012,2.68118761623144,0.151362405789069
25,2012,2.65416728836885,0.151404879576312
26,2012,2.62697693464089,0.151634508851973
27,2012,2.59963293675917,0.152046338689509
28,2012,2.57215167643527,0.15263231231892
29,2012,2.5445495353808,0.15338146479847
30,2012,2.51684289530735,0.154280177576472
31,2012,2.48904813792652,0.155312479845365
32,2012,2.46118164494991,0.156460381361298
33,2012,2.43325979808912,0.157704221625274
34,2012,2.40529897905574,0.159023021771482
35,2012,2.37731556956138,0.160394827839824
36,2012,2.34932595131763,0.161797036937727
37,2012,2.32134650603609,0.163206700764321
38,2012,2.29339361542836,0.164600803795622
39,2012,2.26548366120604,0.165956515925482
40,2012,2.23763302508072,0.167251421431138
41,2012,2.209858088764,0.168463727771144
42,2012,2.18217523396749,0.169572458972053
43,2012,2.15460084240277,0.170557639299172
44,2012,2.12715129578145,0.171400473634361
45,2012,2.09984297581513,0.17208353160206
46,2012,2.0726922642154,0.172590943090779
47,2012,2.04571554269386,0.172908613498129
48,2012,2.01892919296211,0.173024467857102
49,2012,1.99234959673175,0.172928734037379
50,2012,1.96599313571437,0.172614276493657
51,2012,1.93987626635275,0.172077040994505
52,2012,1.91402757956283,0.171324029093653
53,2012,1.88850111222282,0.170381021641084
54,2012,1.8633541053097,0.169277530944897
55,2012,1.83864379980044,0.168044337551973
56,2012,1.81442743667203,0.166713096018938
57,2012,1.79076225690143,0.165315929564106
58,2012,1.76770550146563,0.163885002637914
59,2012,1.74531441134159,0.162452063930198
60,2012,1.72364622750631,0.161047956425079
61,2012,1.70275819093676,0.159702095915989
62,2012,1.6827075426099,0.158441924836004
63,2012,1.66355152350273,0.157292354063661
64,2012,1.64534737459222,0.156275211025493
65,2012,1.62815233685533,0.155408717229615
66,2012,1.61202365126906,0.15470702152169
67,2012,1.59701855881038,0.154179816098966
68,2012,1.58319430045626,0.153832060138582
69,2012,1.57060811718369,0.153663830705861
70,2012,1.55931724996963,0.153670312847825
71,2012,1.54937893979107,0.153841931392963
72,2012,1.54085042762498,0.154164617260833
73,2012,1.53378895444834,0.154620192405204
74,2012,1.52825176123813,0.155186851035262
75,2012,1.52429608897132,0.155839711209258
76,2012,1.5219791786249,0.156551410466261
77,2012,1.52135827117583,0.15729272154958
78,2012,1.52249060760109,0.158033168826081
79,2012,1.52543342887767,0.158741631913272
80,2012,1.53024397598254,0.159386929519377
81,2012,1.53697948989267,0.159938382976478
82,2012,1.54569721158504,0.160366365031994
83,2012,1.55645438203664,0.160642845025281
84,2012,1.56930824222443,0.160741946681464
85,2012,1.5843160331254,0.16064053961479
86,2012,1.60153499571651,0.16031889053889
87,2012,1.62102237097475,0.159761405431111
88,2012,1.6428353998771,0.158957499719071
89,2012,1.66703132340053,0.157902639983137
90,2012,1.69365813454816,0.156601608409757
91,2012,1.72265631862694,0.155090235246851
92,2012,1.7538970011399,0.153424587686761
93,2012,1.78725015159327,0.151664387984757
94,2012,1.82258573949335,0.149871572111032
95,2012,1.85977373434638,0.148108970669842
96,2012,1.89868410565865,0.146438810087137
97,2012,1.9391868229364,0.144921017157933
98,2012,1.98115185568592,0.143611347979177
99,2012,2.02444917341347,0.142559408029976
100,2012,2.06894874562531,0.141806677681601
101,2012,2.11452054182771,0.141384696635507
102,2012,2.16103453152694,0.141313579615626
103,2012,2.20836068422926,0.141601024114135
104,2012,2.25636896944095,0.142241926058492
105,2012,2.30492935666826,0.143218647828843
106,2012,2.35391181541746,0.1445019009871
107,2012,2.40318631519483,0.146052133042859
108,2012,2.45262282550662,0.14782125992587
109,2012,2.50209131585911,0.149754571183919
110,2012,2.55146175575855,0.151792650910689
111,2012,2.60060411471122,0.153873194471812
112,2012,2.64938836222339,0.155932647223357
113,2012,2.69768446780131,0.157907636315521
114,2012,2.74536240095127,0.159736203991941
115,2012,2.79229213117951,0.161358878314364
116,2012,2.83834362799231,0.162719635852256
117,2012,2.88338763623998,0.163767132419078
118,2012,2.92734142141502,0.16447405471878
119,2012,2.97019435600538,0.164848685727995
120,2012,3.01194201525128,0.164908237079817
121,2012,3.05257997439297,0.164675226228387
122,2012,3.09210380867068,0.164176513215844
123,2012,3.13050909332463,0.16344249519839
124,2012,3.16779140359507,0.162506408655751
125,2012,3.20394631472223,0.16140369796024
126,2012,3.23896940194634,0.160171416089231
127,2012,3.27285624050763,0.158847629400943
128,2012,3.30560240564634,0.157470804245761
129,2012,3.3372034726027,0.156079159393435
130,2012,3.36765501661695,0.154709975339724
131,2012,3.39695261292932,0.153398859819845
132,2012,3.42509183678005,0.152178978278707
133,2012,3.45206826340936,0.151080268175288
134,2012,3.47787746805749,0.150128665892478
135,2012,3.50251502596467,0.149345383318925
136,2012,3.52597651237115,0.148746276282847
137,2012,3.54825750251714,0.148341347506741
138,2012,3.56935357164289,0.148134421752383
139,2012,3.58926029498863,0.148123020432417
140,2012,3.6079732477946,0.14829844839756
141,2012,3.62548800530102,0.148646089052115
142,2012,3.64180014274813,0.149145888085023
143,2012,3.65690523537616,0.149772993461245
144,2012,3.67079885842536,0.150498511691341
145,2012,3.68347658713594,0.151290338494112
146,2012,3.69493399674815,0.152114025405632
147,2012,3.70516666250222,0.152933651478086
148,2012,3.71417015963838,0.153712679389545
149,2012,3.72194006339687,0.154414786536777
150,2012,3.72847194901792,0.155004672842963
151,2012,3.73376139174176,0.155448857403412
152,2012,3.73780396680863,0.155716485516781
153,2012,3.74059524945876,0.155780176284757
154,2012,3.74213081493238,0.155616949211342
155,2012,3.74240623846974,0.155209276542563
156,2012,3.74142790195763,0.15455125767401
157,2012,3.73926265806888,0.153671610533156
158,2012,3.73599838178099,0.152613529575746
159,2012,3.73172296917817,0.151423537770517
160,2012,3.72652431634465,0.150150246019361
161,2012,3.72049031936465,0.148843113954322
162,2012,3.71370887432239,0.147551166288444
163,2012,3.70626787730209,0.14632164903336
164,2012,3.69825522438799,0.145198633054483
165,2012,3.68975881166428,0.144221597518648
166,2012,3.68086653521522,0.143424050322848
167,2012,3.671666291125,0.142832262669682
168,2012,3.66224597547786,0.142464205977568
169,2012,3.65269348435802,0.142328777324726
170,2012,3.6430967138497,0.142425382887601
171,2012,3.63354356003712,0.142743919005339
172,2012,3.6241219190045,0.143265152756363
173,2012,3.61491968683607,0.143961465751694
174,2012,3.60602475961606,0.144797893858817
175,2012,3.59752503342867,0.145733377316646
176,2012,3.58950840435814,0.146722132292512
177,2012,3.58206276848868,0.147715064989632
178,2012,3.57527602190452,0.148661169167206
179,2012,3.56923606068989,0.149508872800593
180,2012,3.56403078092899,0.150207325595546
181,2012,3.55974807870606,0.150707643618479
182,2012,3.55647585010532,0.150964149502353
183,2012,3.55430199121099,0.150935667046709
184,2012,3.5533143981073,0.150586949055483
185,2012,3.55360096687845,0.149890338962718
186,2012,3.55524447792272,0.148829569686033
187,2012,3.55823587484393,0.147431618307703
188,2012,3.56248666487426,0.145760969249095
189,2012,3.56790573601467,0.143890849393721
190,2012,3.57440197626612,0.14190077825187
191,2012,3.58188427362957,0.139874920848363
192,2012,3.59026151610599,0.137900162786957
193,2012,3.59944259169634,0.136063780012579
194,2012,3.60933638840158,0.134450632500584
195,2012,3.61985179422267,0.133139901317025
196,2012,3.63089769716057,0.132201510522275
197,2012,3.64238298521626,0.131692510923305
198,2012,3.65421654639068,0.131653815082941
199,2012,3.66630726868481,0.132107716254386
200,2012,3.6785640400996,0.133056563067661
201,2012,3.69089574863602,0.13448279588356
202,2012,3.70321128229502,0.136350322151133
203,2012,3.71541952907758,0.138606987696655
204,2012,3.72742937698465,0.141187755110351
205,2012,3.7391497140172,0.144018161597068
206,2012,3.75048942817618,0.147017686447674
207,2012,3.76135740746257,0.150102773690672
208,2012,3.77166253987732,0.153189384141724
209,2012,3.78131371342139,0.156195060815463
210,2012,3.79021981609575,0.159040568310553
211,2012,3.79828973590136,0.161651210754079
212,2012,3.80543236083918,0.163957952510412
213,2012,3.81155657891018,0.165898471525291
214,2012,3.81659439349827,0.167428996153022
215,2012,3.82057026951918,0.168557590964025
216,2012,3.82353178727161,0.169311565841192
217,2012,3.82552652705424,0.169725085451648
218,2012,3.82660206916577,0.169837706127377
219,2012,3.82680599390489,0.169693153057327
220,2012,3.82618588157028,0.169338246165123
221,2012,3.82478931246064,0.168821903887642
222,2012,3.82266386687465,0.168194171078299
223,2012,3.81985712511101,0.167505232420323
224,2012,3.8164166674684,0.166804387609448
225,2012,3.81239007424552,0.166138980150693
226,2012,3.80782492574105,0.165553288190916
227,2012,3.80276880225369,0.165087402798549
228,2012,3.79726928408212,0.164776135027052
229,2012,3.79137395152504,0.16464800574972
230,2012,3.78513038488113,0.164724379129821
231,2012,3.77858616444909,0.165018799585905
232,2012,3.7717888705276,0.165536582280952
233,2012,3.76478608341535,0.166274689287327
234,2012,3.75762538341104,0.167221900265188
235,2012,3.75035435081335,0.168359261676576
236,2012,3.74302056592098,0.169660776537119
237,2012,3.73567160903261,0.171094281037309
238,2012,3.72835506044693,0.17262244703344
239,2012,3.72111850046264,0.174203850552491
240,2012,3.71400950937842,0.175794054648846
241,2012,3.70707566749296,0.177346667861296
242,2012,3.70036455510496,0.178814354649635
243,2012,3.6939237525131,0.180149789467358
244,2012,3.68780084001607,0.181306560215732
245,2012,3.68204302626707,0.182240265850002
246,2012,3.67667522118967,0.182923044406964
247,2012,3.6716877716765,0.183353178749191
248,2012,3.66706805145626,0.183536197745672
249,2012,3.66280343425764,0.183482271693321
250,2012,3.65888129380933,0.183205511349339
251,2012,3.65528900384002,0.18272337487594
252,2012,3.6520139380784,0.182056157527395
253,2012,3.64904347025316,0.181226542010933
254,2012,3.646364974093,0.180259190224801
255,2012,3.64396582332659,0.179180359531847
256,2012,3.64183339168264,0.178017528970292
257,2012,3.63995505288984,0.176799022990996
258,2012,3.63831818067687,0.175553622620817
259,2012,3.63691014877243,0.174310156560009
260,2012,3.6357183309052,0.173097067772655
261,2012,3.63473010080388,0.171941954704048
262,2012,3.63393283219716,0.170871090339609
263,2012,3.63331389881373,0.169908926756072
264,2012,3.63286067438228,0.169077597305321
265,2012,3.6325605326315,0.168396432667328
266,2012,3.63240084729008,0.167881510162865
267,2012,3.63236899208671,0.167545257364274
268,2012,3.63245234075009,0.167396130719512
269,2012,3.6326382670089,0.167438387372297
270,2012,3.63291414459183,0.167671963704233
271,2012,3.63326734722758,0.168092467786056
272,2012,3.63368524864483,0.168691285656255
273,2012,3.63415522257229,0.169455794075614
274,2012,3.63466464273863,0.170369666064185
275,2012,3.63520088287254,0.171413250860388
276,2012,3.63575131670273,0.172564007388667
277,2012,3.63630331795788,0.173796969962754
278,2012,3.63684426036667,0.175085226544553
279,2012,3.63736151765781,0.176400392958907
280,2012,3.63784246355998,0.177713070467916
281,2012,3.63827447180188,0.178993278488195
282,2012,3.63864491611218,0.180210858544949
283,2012,3.63894117021959,0.181335849497508
284,2012,3.6391506078528,0.182338837492637
285,2012,3.63926104936053,0.183192864906044
286,2012,3.63926386200982,0.183885101789797
287,2012,3.6391521044946,0.184411396372666
288,2012,3.63891884592562,0.184770278800453
289,2012,3.6385571554136,0.184962596675643
290,2012,3.63806010206927,0.184991231623307
291,2012,3.63742075500338,0.184860854745295
292,2012,3.63663218332665,0.18457771510302
293,2012,3.63568745614981,0.184149455848933
294,2012,3.6345796425836,0.183584953123703
295,2012,3.63330181173876,0.182894173308706
296,2012,3.631847032726,0.182088044651188
297,2012,3.63020837465608,0.181178339656353
298,2012,3.62837890663971,0.180177564969668
299,2012,3.62635169778763,0.179098855763098
300,2012,3.62411981721058,0.17795587190448
301,2012,3.62167633401929,0.176762693446283
302,2012,3.6190143173245,0.175533713237299
303,2012,3.61612683623692,0.174283524757875
304,2012,3.6130069598673,0.173026803625563
305,2012,3.60964775732638,0.171778181631124
306,2012,3.60604229772487,0.170552112658124
307,2012,3.60218365017352,0.169362730420122
308,2012,3.59806488378306,0.168223698615302
309,2012,3.59367906766422,0.167148054835144
310,2012,3.58901927092774,0.166148050342962
311,2012,3.58407856268434,0.165234988616676
312,2012,3.57885001204477,0.164419066271415
313,2012,3.57332668811974,0.163709220574896
314,2012,3.56750166002001,0.163112988172731
315,2012,3.56136799685629,0.162636379787914
316,2012,3.55491876773932,0.162283775501198
317,2012,3.54814704177984,0.162057844734585
318,2012,3.54104588808858,0.161959494259634
319,2012,3.53360837577626,0.161987846482015
320,2012,3.52582757395363,0.162140248993352
321,2012,3.51769655173142,0.162412315034579
322,2012,3.50920837822036,0.162797993197382
323,2012,3.50035612253117,0.163289663513621
324,2012,3.49113285377461,0.163878256140619
325,2012,3.48153164106139,0.164553388207452
326,2012,3.47154555350225,0.165303514073262
327,2012,3.46116766020793,0.166116084257435
328,2012,3.45039103028915,0.166977708597368
329,2012,3.43920873285665,0.167874319715517
330,2012,3.42761383702117,0.168791333565154
331,2012,3.41559941189342,0.169713804604549
332,2012,3.40315852658416,0.170626573959476
333,2012,3.39028425020411,0.171514409723784
334,2012,3.37696965186401,0.172362139281723
335,2012,3.36320780067458,0.17315477419355
336,2012,3.34899176574656,0.173877628761009
337,2012,3.33431461619068,0.174516433886352
338,2012,3.31916942111768,0.175057448270888
339,2012,3.30354924963829,0.175487569385683
340,2012,3.28744717086324,0.175794447010694
341,2012,3.27085625390326,0.175966602503631
342,2012,3.25376956786909,0.175993557350982
343,2012,3.23618018187146,0.175865974994906
344,2012,3.2180811650211,0.175575820443098
345,2012,3.19946558642875,0.175116542772908
346,2012,3.18032651520514,0.174483286348284
347,2012,3.16066090589448,0.173676063406479
348,2012,3.14048125477489,0.172708512373591
349,2012,3.11980394355796,0.17159867114607
350,2012,3.0986453539553,0.170365823136401
351,2012,3.07702186767851,0.169030328767233
352,2012,3.05494986643918,0.167613458292352
353,2012,3.03244573194891,0.1661372193938
354,2012,3.0095258459193,0.16462417354395
355,2012,2.98620659006194,0.163097235777812
356,2012,2.96250434608844,0.161579453394071
357,2012,2.93843549571039,0.160093760289487
358,2012,2.9140164206394,0.158662705209908
359,2012,2.88926350258705,0.157308154217196
360,2012,2.86419312326495,0.156050970113493
361,2012,2.8388216643847,0.154910674343271
362,2012,2.81316550765789,0.153905099827079
363,2012,2.78724103479612,0.153050045991423
364,2012,2.76106462751099,0.152358949593855
365,2012,2.73465266751411,0.151842586417136
1,2013,3.17352782234009,0.174410194090956
2,2013,3.15491224374774,0.173960251711595
3,2013,3.13577317252412,0.173334577053667
4,2013,3.11610756321346,0.172533148845737
5,2013,3.09592791209387,0.171569680856697
6,2013,3.07525060087695,0.170462313430441
7,2013,3.05409201127429,0.169230433706542
8,2013,3.03246852499749,0.167894508538142
9,2013,3.01039652375816,0.166475918740974
10,2013,2.98789238926789,0.164996788030166
11,2013,2.96497250323828,0.163479800531396
12,2013,2.94165324738092,0.161948001397958
13,2013,2.91795100340742,0.160424575928533
14,2013,2.89388215302938,0.158932603762095
15,2013,2.86946307795838,0.157494786310647
16,2013,2.84471015990603,0.156133147626939
17,2013,2.81963978058393,0.154868711385358
18,2013,2.79426832170368,0.15372115949246
19,2013,2.76861216497687,0.152708480855038
20,2013,2.7426876921151,0.151846621734775
21,2013,2.71651128482998,0.151149151545578
22,2013,2.69009932483309,0.15062695950395
23,2013,2.66346819383603,0.150287997860385
24,2013,2.63663427355042,0.150137086274413
25,2013,2.60961394568783,0.150175789194218
26,2013,2.58242359195988,0.15040237404781
27,2013,2.55507959407815,0.150811853063625
28,2013,2.52759833375425,0.151396106202332
29,2013,2.49999619269978,0.15214407765313
30,2013,2.47228955262633,0.153042034223713
31,2013,2.4444947952455,0.154073871165038
32,2013,2.41662830226889,0.155221449721142
33,2013,2.3887064554081,0.156464950942096
34,2013,2.36074563637472,0.157783231808512
35,2013,2.33276222688036,0.159154172129076
36,2013,2.30477260863661,0.160555003588178
37,2013,2.27679316335507,0.161962615369892
38,2013,2.24884027274734,0.163353833676941
39,2013,2.22093031852502,0.164705675008345
40,2013,2.1930796823997,0.165995575164747
41,2013,2.16530474608298,0.167201597605411
42,2013,2.13762189128647,0.168302626034566
43,2013,2.11004749972175,0.169278547032202
44,2013,2.08259795310043,0.170110429268295
45,2013,2.05528963313411,0.170780706455602
46,2013,2.02813892153438,0.171273371805304
47,2013,2.00116220001284,0.171574192442246
48,2013,1.97437585028109,0.171670953089672
49,2013,1.94779625405073,0.171553739408552
50,2013,1.92143979303336,0.171215272714026
51,2013,1.89532292367173,0.170651357345672
52,2013,1.86947423688181,0.169868941328216
53,2013,1.8439477695418,0.168893938653695
54,2013,1.81880076262868,0.167756037391624
55,2013,1.79409045711942,0.166486219586778
56,2013,1.76987409399101,0.165116371507951
57,2013,1.74620891422041,0.16367888205917
58,2013,1.72315215878461,0.162206217916393
59,2013,1.70076106866058,0.160730467387385
60,2013,1.67909288482529,0.159282849076164
61,2013,1.65820484825574,0.157893186287744
62,2013,1.63815419992889,0.156589353686519
63,2013,1.61899818082171,0.155396708755632
64,2013,1.6007940319112,0.154337526583512
65,2013,1.58359899417432,0.153430461695072
66,2013,1.56747030858804,0.15269006418748
67,2013,1.55246521612936,0.152126378496097
68,2013,1.53864095777524,0.151744651118195
69,2013,1.52605477450267,0.151545168414889
70,2013,1.51476390728861,0.151523237614453
71,2013,1.50482559711005,0.151669314326222
72,2013,1.49629708494396,0.151969269606842
73,2013,1.48923561176732,0.152404780371918
74,2013,1.48369841855711,0.152953819981432
75,2013,1.4797427462903,0.153591221952602
76,2013,1.47742583594388,0.154289289196893
77,2013,1.47680492849481,0.155018423625537
78,2013,1.47793726492008,0.155747755723877
79,2013,1.48088008619665,0.156445759894666
80,2013,1.48569063330152,0.157080848184781
81,2013,1.49242614721165,0.157621941790038
82,2013,1.50114386890403,0.158039026082168
83,2013,1.51190103935562,0.158303700680493
84,2013,1.52475489954341,0.158389741375434
85,2013,1.53976269044438,0.158273695733322
86,2013,1.55698165303549,0.157935539289668
87,2013,1.57646902829374,0.157359424701523
88,2013,1.59828205719608,0.156534562336935
89,2013,1.62247798071951,0.155456277591379
90,2013,1.64910479186714,0.154129322332516
91,2013,1.67810297594593,0.152589886543128
92,2013,1.70934365845888,0.150894694604776
93,2013,1.74269680891225,0.149104249757019
94,2013,1.77803239681233,0.147281389996544
95,2013,1.81522039166536,0.145489959690948
96,2013,1.85413076297763,0.14379328786927
97,2013,1.89463348025538,0.142252453154649
98,2013,1.9365985130049,0.140924355264386
99,2013,1.97989583073245,0.139859661992042
100,2013,2.02439540294429,0.139100752209479
101,2013,2.06996719914669,0.138679818625517
102,2013,2.11648118884592,0.138617315326948
103,2013,2.16380734154825,0.13892092321541
104,2013,2.21181562675993,0.139585157746932
105,2013,2.26037601398724,0.14059166550628
106,2013,2.30935847273645,0.14191016686908
107,2013,2.35863297251381,0.143499923245261
108,2013,2.4080694828256,0.145311557131073
109,2013,2.45753797317809,0.147289039385996
110,2013,2.50690841307753,0.149371677539771
111,2013,2.55605077203021,0.151495980463704
112,2013,2.60483501954237,0.153597324999062
113,2013,2.6531311251203,0.15561139799234
114,2013,2.70080905827025,0.157475426072769
115,2013,2.74773878849849,0.159129233430668
116,2013,2.79379028531129,0.16051618612398
117,2013,2.83883429355896,0.161584407774823
118,2013,2.882788078734,0.162306431950225
119,2013,2.92564101332436,0.162690923170307
120,2013,2.96738867257027,0.162755530399278
121,2013,3.00802663171195,0.162523216697975
122,2013,3.04755046598966,0.162021297103982
123,2013,3.08595575064362,0.161280637136902
124,2013,3.12323806091405,0.160334960437601
125,2013,3.15939297204121,0.159220223095639
126,2013,3.19441605926532,0.157974019466618
127,2013,3.22830289782661,0.15663499046627
128,2013,3.26104906296532,0.155242211195365
129,2013,3.29265012992169,0.153834540994147
130,2013,3.32310167393594,0.152449926221829
131,2013,3.35239927024831,0.151124654561123
132,2013,3.38053849409903,0.149892569471698
133,2013,3.40751492072834,0.148784264107655
134,2013,3.43332412537647,0.147826284588674
135,2013,3.45796168328366,0.14704038150692
136,2013,3.48142316969013,0.146442854233219
137,2013,3.50370415983612,0.146044033353693
138,2013,3.52480022896187,0.145847941432211
139,2013,3.54470695230762,0.14585216130947
140,2013,3.56341990511358,0.146047925611567
141,2013,3.58093466262,0.146420423419472
142,2013,3.59724680006711,0.146949303069249
143,2013,3.61235189269514,0.147609336572511
144,2013,3.62624551574434,0.14837120310665
145,2013,3.63892324445492,0.149202347163512
146,2013,3.65038065406713,0.150067870802161
147,2013,3.6606133198212,0.150931427690642
148,2013,3.66961681695736,0.151756097518967
149,2013,3.67738672071585,0.152505231274601
150,2013,3.6839186063369,0.153143269547405
151,2013,3.68920804906074,0.153636546767166
152,2013,3.69325062412761,0.153954103885767
153,2013,3.69604190677774,0.154068540707238
154,2013,3.69757747225137,0.153956947278594
155,2013,3.69785289578872,0.153601961955396
156,2013,3.69687455927661,0.152997953931777
157,2013,3.69470931538787,0.152173998475133
158,2013,3.69144503909997,0.151173667679717
159,2013,3.68716962649715,0.150043850913159
160,2013,3.68197097366363,0.148833493259515
161,2013,3.67593697668363,0.147592334195915
162,2013,3.66915553164137,0.146369600862812
163,2013,3.66171453462108,0.145212641317871
164,2013,3.65370188170697,0.144165507180399
165,2013,3.64520546898327,0.143267520835769
166,2013,3.6363131925342,0.142551887192959
167,2013,3.62711294844398,0.142044429763749
168,2013,3.61769263279684,0.141762540856901
169,2013,3.608140141677,0.141714432082076
170,2013,3.59854337116868,0.14189875270681
171,2013,3.5889902173561,0.142304611835631
172,2013,3.57956857632348,0.142912001538108
173,2013,3.57036634415506,0.143692579729203
174,2013,3.56147141693504,0.144610741437527
175,2013,3.55297169074765,0.145624890352685
176,2013,3.54495506167712,0.146688820883035
177,2013,3.53750942580766,0.147753132567009
178,2013,3.53072267922351,0.148766619501116
179,2013,3.52468271800887,0.149677602793616
180,2013,3.51947743824797,0.150435199999356
181,2013,3.51519473602505,0.150990549633285
182,2013,3.51192250742431,0.151298030454878
183,2013,3.50974864852998,0.151316534909705
184,2013,3.50876105542628,0.151010875493482
185,2013,3.50904762419744,0.150353423916664
186,2013,3.51069113524171,0.149327896653888
187,2013,3.51368253216292,0.147961370542076
188,2013,3.51793332219324,0.146318486341558
189,2013,3.52335239333365,0.144472513018739
190,2013,3.5298486335851,0.142502903575702
191,2013,3.53733093094855,0.140493662866795
192,2013,3.54570817342497,0.138531443586245
193,2013,3.55488924901532,0.13670324542602
194,2013,3.56478304572056,0.135093648024701
195,2013,3.57529845154165,0.13378159632805
196,2013,3.58634435447956,0.132836875777551
197,2013,3.59782964253524,0.132316546771295
198,2013,3.60966320370967,0.132261717876116
199,2013,3.62175392600379,0.132695080880462
200,2013,3.63401069741858,0.133619573805615
201,2013,3.646342405955,0.135018378637802
202,2013,3.65865793961401,0.136856238799532
203,2013,3.67086618639656,0.139081865314989
204,2013,3.68287603430363,0.14163105517003
205,2013,3.69459637133618,0.144430103281795
206,2013,3.70593608549517,0.147399142295076
207,2013,3.71680406478155,0.150455155208533
208,2013,3.7271091971963,0.153514531515381
209,2013,3.73676037074037,0.156495146180533
210,2013,3.74566647341473,0.159318017713287
211,2013,3.75373639322034,0.161908646583202
212,2013,3.76087901815816,0.164198156024092
213,2013,3.76700323622916,0.166124363950792
214,2013,3.77204105081725,0.167643552822412
215,2013,3.77601692683816,0.168763528100674
216,2013,3.77897844459059,0.169511297290477
217,2013,3.78097318437322,0.169920758125833
218,2013,3.78204872648475,0.170031227446588
219,2013,3.78225265122387,0.169886210887657
220,2013,3.78163253888926,0.169532321960564
221,2013,3.78023596977962,0.169018279863948
222,2013,3.77811052419363,0.16839393235672
223,2013,3.77530378242999,0.167709265209344
224,2013,3.77186332478738,0.16701337464648
225,2013,3.7678367315645,0.166353394783234
226,2013,3.76327158306004,0.16577338859959
227,2013,3.75821545957267,0.165313227902569
228,2013,3.75271594140111,0.165007503515377
229,2013,3.74682060884402,0.164884519412064
230,2013,3.74057704220012,0.164965431214938
231,2013,3.73403282176807,0.16526358832559
232,2013,3.72723552784658,0.165784129063787
233,2013,3.72023274073434,0.166523860350314
234,2013,3.71307204073003,0.167471430299014
235,2013,3.70580100813234,0.168607777488671
236,2013,3.69846722323996,0.169906818913966
237,2013,3.69111826635159,0.171336323167335
238,2013,3.68380171776592,0.17285890822537
239,2013,3.67656515778162,0.174433104422061
240,2013,3.6694561666974,0.176014431364576
241,2013,3.66252232481195,0.177556450374883
242,2013,3.65581121242394,0.179011769055383
243,2013,3.64937040983208,0.180332989732693
244,2013,3.64324749733505,0.181473607516908
245,2013,3.63748968358605,0.182389104068256
246,2013,3.63212187850865,0.18305155449864
247,2013,3.62713442899548,0.183459282721134
248,2013,3.62251470877525,0.183617849580444
249,2013,3.61825009157663,0.183537441980479
250,2013,3.61432795112831,0.183232176536582
251,2013,3.610735661159,0.182719510982352
252,2013,3.60746059539738,0.182019738261984
253,2013,3.60449012757215,0.181155541323777
254,2013,3.60181163141198,0.180151589372951
255,2013,3.59941248064558,0.179034158756497
256,2013,3.59728004900163,0.177830763845267
257,2013,3.59540171020882,0.176569785405654
258,2013,3.59376483799585,0.175280086195864
259,2013,3.59235680609141,0.173990606059874
260,2013,3.59116498822418,0.172729931778208
261,2013,3.59017675812286,0.17152584046079
262,2013,3.58937948951614,0.170404819328517
263,2013,3.58876055613271,0.16939156919076
264,2013,3.58830733170126,0.168508503494804
265,2013,3.58800718995048,0.167775259057843
266,2013,3.58784750460906,0.167208237937988
267,2013,3.58781564940569,0.166820201773676
268,2013,3.58789899806907,0.166619939825169
269,2013,3.58808492432788,0.166612029609704
270,2013,3.58836080191081,0.166796704479762
271,2013,3.58871400454656,0.167169836167594
272,2013,3.58913190596382,0.16772303295171
273,2013,3.58960187989127,0.168443846636637
274,2013,3.59011130005761,0.169316074937857
275,2013,3.59064754019153,0.170320140922123
276,2013,3.59119797402171,0.171433528352126
277,2013,3.59174997527686,0.172631251238306
278,2013,3.59229091768566,0.173886337386167
279,2013,3.5928081749768,0.175170308780352
280,2013,3.59328912087897,0.176453645690495
281,2013,3.59372112912086,0.177706225850985
282,2013,3.59409157343117,0.178897734490075
283,2013,3.59438782753858,0.179998045043175
284,2013,3.59459726517178,0.180977573918196
285,2013,3.59470770667951,0.181809193294699
286,2013,3.5947105193288,0.182479909439851
287,2013,3.59459876181358,0.182985429361416
288,2013,3.5943655032446,0.183324166788732
289,2013,3.59400381273258,0.183496875273366
290,2013,3.59350675938826,0.183506362652894
291,2013,3.59286741232236,0.183357244753597
292,2013,3.59207884064563,0.183055732449413
293,2013,3.59113411346879,0.182609446663243
294,2013,3.59002629990259,0.182027256387269
295,2013,3.58874846905774,0.181319135267504
296,2013,3.58729369004498,0.180496032722601
297,2013,3.58565503197506,0.179569755941116
298,2013,3.58382556395869,0.178552859427458
299,2013,3.58179835510662,0.177458539053965
300,2013,3.57956647452957,0.176300527838644
301,2013,3.57712299133828,0.175092990922138
302,2013,3.57446097464348,0.173850417482717
303,2013,3.5715734935559,0.172587507625048
304,2013,3.56845361718629,0.171319052627617
305,2013,3.56509441464536,0.170059807353708
306,2013,3.56148895504385,0.16882435413638
307,2013,3.5576303074925,0.167626958047026
308,2013,3.55351154110204,0.166481414147853
309,2013,3.5491257249832,0.165400888096585
310,2013,3.54446592824672,0.164397752287057
311,2013,3.53952522000332,0.163483420526727
312,2013,3.53429666936375,0.162668185011142
313,2013,3.52877334543872,0.161961059985353
314,2013,3.52294831733899,0.161369636908728
315,2013,3.51681465417527,0.16089995609449
316,2013,3.5103654250583,0.1605563996273
317,2013,3.50359369909882,0.160341609847974
318,2013,3.49649254540756,0.160256436845813
319,2013,3.48905503309524,0.1602999172664
320,2013,3.48127423127261,0.160469285411915
321,2013,3.4731432090504,0.160760016193463
322,2013,3.46465503553934,0.161165898114239
323,2013,3.45580277985016,0.16167913323712
324,2013,3.44657951109359,0.16229046011902
325,2013,3.43697829838037,0.162989295043387
326,2013,3.42699221082123,0.16376388658001
327,2013,3.41661431752691,0.164601478538546
328,2013,3.40583768760813,0.165488476718197
329,2013,3.39465539017563,0.166410615427796
330,2013,3.38306049434015,0.167353120484921
331,2013,3.37104606921241,0.168300866225682
332,2013,3.35860518390315,0.169238524902986
333,2013,3.3457309075231,0.170150707668567
334,2013,3.33241630918299,0.171022097086939
335,2013,3.31865445799356,0.171837571798162
336,2013,3.30443842306554,0.172582324525566
337,2013,3.28976127350966,0.173241975120739
338,2013,3.27461607843666,0.173802680766062
339,2013,3.25899590695727,0.174251245835665
340,2013,3.24289382818222,0.174575234272836
341,2013,3.22630291122224,0.174763087701397
342,2013,3.20921622518807,0.17480425287603
343,2013,3.19162683919044,0.174689322516985
344,2013,3.17352782234009,0.174410194090956
345,2013,3.15491224374774,0.173960251711595
346,2013,3.13577317252412,0.173334577053667
347,2013,3.11610756321346,0.172533148845737
348,2013,3.09592791209387,0.171569680856697
349,2013,3.07525060087695,0.170462313430441
350,2013,3.05409201127429,0.169230433706542
351,2013,3.03246852499749,0.167894508538142
352,2013,3.01039652375816,0.166475918740974
353,2013,2.98789238926789,0.164996788030166
354,2013,2.96497250323828,0.163479800531396
355,2013,2.94165324738092,0.161948001397958
356,2013,2.91795100340742,0.160424575928533
357,2013,2.89388215302938,0.158932603762095
358,2013,2.86946307795838,0.157494786310647
359,2013,2.84471015990603,0.156133147626939
360,2013,2.81963978058393,0.154868711385358
361,2013,2.79426832170368,0.15372115949246
362,2013,2.76861216497687,0.152708480855038
363,2013,2.7426876921151,0.151846621734775
364,2013,2.71651128482998,0.151149151545578
365,2013,2.69009932483309,0.15062695950395
1,2014,3.14248324579528,0.174294380742072
2,2014,3.12386766720293,0.173845525475896
3,2014,3.10472859597932,0.173219504135459
4,2014,3.08506298666866,0.17241624278129
5,2014,3.06488333554907,0.17144946479227
6,2014,3.04420602433214,0.170337331706869
7,2014,3.02304743472948,0.16909924760572
8,2014,3.00142394845269,0.167755693738658
9,2014,2.97935194721336,0.166328064595826
10,2014,2.95684781272309,0.164838498779573
11,2014,2.93392792669348,0.163309698550454
12,2014,2.91060867083612,0.161764732547354
13,2014,2.88690642686262,0.160226817021992
14,2014,2.86283757648457,0.158719072083482
15,2014,2.83841850141358,0.157264251005598
16,2014,2.81366558336123,0.155884442661143
17,2014,2.78859520403913,0.154600749611404
18,2014,2.76322374515888,0.153432947212241
19,2014,2.73756758843207,0.152399132123148
20,2014,2.7116431155703,0.15151537154211
21,2014,2.68546670828517,0.150795366974324
22,2014,2.65905474828829,0.15025014797474
23,2014,2.63242361729123,0.149887811710744
24,2014,2.60558969700562,0.149713323113317
25,2014,2.57856936914303,0.149728387754534
26,2014,2.55137901541507,0.149931405576998
27,2014,2.52403501753335,0.150317508614567
28,2014,2.49655375720945,0.150878680470079
29,2014,2.46895161615498,0.151603950214979
30,2014,2.44124497608153,0.15247964915735
31,2014,2.4134502187007,0.153489716036332
32,2014,2.38558372572409,0.154616034858804
33,2014,2.3576618788633,0.155838789772052
34,2014,2.32970105982992,0.157136822833869
35,2014,2.30171765033556,0.15848798293992
36,2014,2.27372803209181,0.159869457093228
37,2014,2.24574858681027,0.161258078276357
38,2014,2.21779569620254,0.162630607115854
39,2014,2.18988574198022,0.163963987113384
40,2014,2.1620351058549,0.165235575361519
41,2014,2.13426016953818,0.166423352350781
42,2014,2.10657731474167,0.16750611575607
43,2014,2.07900292317695,0.168463664050369
44,2014,2.05155337655563,0.169276976535461
45,2014,2.02424505658931,0.16992839701105
46,2014,1.99709434498958,0.170401828927958
47,2014,1.97011762346804,0.170682950580769
48,2014,1.94333127373629,0.17075945977028
49,2014,1.91675167750593,0.170621358470516
50,2014,1.89039521648855,0.170261289411992
51,2014,1.86427834712693,0.169674986287715
52,2014,1.83842966033701,0.168869368780297
53,2014,1.812903192997,0.167870404799807
54,2014,1.78775618608388,0.16670786675455
55,2014,1.76304588057462,0.165412845043918
56,2014,1.73882951744621,0.164017359643012
57,2014,1.71516433767561,0.162553959356251
58,2014,1.69210758223981,0.161055296970535
59,2014,1.66971649211577,0.159553671957682
60,2014,1.64804830828049,0.158080536473691
61,2014,1.62716027171094,0.156665965315493
62,2014,1.60710962338408,0.155338096188608
63,2014,1.58795360427691,0.154122552849196
64,2014,1.5697494553664,0.153041869891637
65,2014,1.55255441762951,0.152114943401388
66,2014,1.53642573204324,0.15135653548104
67,2014,1.52142063958456,0.150776861906712
68,2014,1.50759638123044,0.150381290246031
69,2014,1.49501019795787,0.150170170488565
70,2014,1.48371933074381,0.150138812019116
71,2014,1.47378102056525,0.150277610607094
72,2014,1.46525250839916,0.150572318414513
73,2014,1.45819103522252,0.151004440388081
74,2014,1.45265384201231,0.151551733132435
75,2014,1.4486981697455,0.152188778314106
76,2014,1.44638125939908,0.152887602061153
77,2014,1.44576035195001,0.15361831437104
78,2014,1.44689268837527,0.154349747484501
79,2014,1.44983550965185,0.155050078615204
80,2014,1.45464605675672,0.155687429473137
81,2014,1.46138157066685,0.156230442006259
82,2014,1.47009929235922,0.156648836299409
83,2014,1.48085646281082,0.156913962471705
84,2014,1.49371032299861,0.156999363790705
85,2014,1.50871811389958,0.156881373321861
86,2014,1.52593707649069,0.156539771592748
87,2014,1.54542445174893,0.155958538325256
88,2014,1.56723748065128,0.155126737555002
89,2014,1.59143340417471,0.154039582495858
90,2014,1.61806021532234,0.152701776261472
91,2014,1.64705839940112,0.151149720987165
92,2014,1.67829908191407,0.149440545135873
93,2014,1.71165223236745,0.147635222733937
94,2014,1.74698782026753,0.145797129073758
95,2014,1.78417581512056,0.143990708814649
96,2014,1.82308618643282,0.142279942807369
97,2014,1.86358890371058,0.140726591628551
98,2014,1.9055539364601,0.139388234917965
99,2014,1.94885125418765,0.138316176511361
100,2014,1.99335082639949,0.137553339455355
101,2014,2.03892262260189,0.137132320645904
102,2014,2.08543661230112,0.137073797703277
103,2014,2.13276276500344,0.137385468657283
104,2014,2.18077105021513,0.138061654106436
105,2014,2.22933143744244,0.1390836097821
106,2014,2.27831389619164,0.140420503807822
107,2014,2.32758839596901,0.142030930715476
108,2014,2.3770249062808,0.14386478243923
109,2014,2.42649339663329,0.145865283220708
110,2014,2.47586383653273,0.147971016813766
111,2014,2.5250061954854,0.150117818590731
112,2014,2.57379044299757,0.152240457867369
113,2014,2.62208654857549,0.154274085352173
114,2014,2.66976448172545,0.156155460403261
115,2014,2.71669421195369,0.157824000902105
116,2014,2.76274570876649,0.159222716594722
117,2014,2.80778971701416,0.160299416054433
118,2014,2.8517435021892,0.161026545981059
119,2014,2.89459643677956,0.161413011665529
120,2014,2.93634409602546,0.161476737192427
121,2014,2.97698205516715,0.161240967017022
122,2014,3.01650588944486,0.160733305544108
123,2014,3.05491117409881,0.159984918940984
124,2014,3.09219348436925,0.159029846860507
125,2014,3.12834839549641,0.157904380951257
126,2014,3.16337148272052,0.156646474342183
127,2014,3.19725832128181,0.155295152482738
128,2014,3.23000448642052,0.153889901577294
129,2014,3.26160555337688,0.152470017106488
130,2014,3.29205709739113,0.151073902190788
131,2014,3.3213546937035,0.149738314213591
132,2014,3.34949391755423,0.148497568219314
133,2014,3.37647034418354,0.147382716686719
134,2014,3.40227954883167,0.146420736334344
135,2014,3.42691710673885,0.145633762107113
136,2014,3.45037859314533,0.14503841458744
137,2014,3.47265958329132,0.14464526805103
138,2014,3.49375565241707,0.144458501164373
139,2014,3.51366237576281,0.144475760920906
140,2014,3.53237532856878,0.144688254184632
141,2014,3.5498900860752,0.145081062656726
142,2014,3.56620222352231,0.145633659302236
143,2014,3.58130731615034,0.146320590197851
144,2014,3.59520093919954,0.147112277432516
145,2014,3.60787866791012,0.147975896868932
146,2014,3.61933607752233,0.148876288735336
147,2014,3.6295687432764,0.149776867720632
148,2014,3.63857224041256,0.150640510650915
149,2014,3.64634214417105,0.15143041219064
150,2014,3.6528740297921,0.15211091103391
151,2014,3.65816347251594,0.152648300003449
152,2014,3.66220604758281,0.153011643174463
153,2014,3.66499733023294,0.153173631815128
154,2014,3.66653289570656,0.153111519037912
155,2014,3.66680831924392,0.152808181064374
156,2014,3.66582998273181,0.1522582800281
157,2014,3.66366473884306,0.151491112307105
158,2014,3.66040046255517,0.150550423215378
159,2014,3.65612504995235,0.149483243710138
160,2014,3.65092639711883,0.148338609269556
161,2014,3.64489240013883,0.147166279279226
162,2014,3.63811095509657,0.14601541222747
163,2014,3.63066995807627,0.144933183660485
164,2014,3.62265730516217,0.143963358368876
165,2014,3.61416089243846,0.143144854228714
166,2014,3.6052686159894,0.14251035965924
167,2014,3.59606837189918,0.142085085585526
168,2014,3.58664805625204,0.1418857414578
169,2014,3.5770955651322,0.141919819644809
170,2014,3.56749879462388,0.142185252348107
171,2014,3.5579456408113,0.142670472636141
172,2014,3.54852399977868,0.143354872230856
173,2014,3.53932176761025,0.144209611133777
174,2014,3.53042684039024,0.145198705462517
175,2014,3.52192711420285,0.146280304837244
176,2014,3.51391048513232,0.147408070534658
177,2014,3.50646484926286,0.148532578289306
178,2014,3.4996781026787,0.149602690886687
179,2014,3.49363814146407,0.150566870935621
180,2014,3.48843286170317,0.151374429665265
181,2014,3.48415015948024,0.151976731042606
182,2014,3.4808779308795,0.152328391350703
183,2014,3.47870407198517,0.152388533332371
184,2014,3.47771647888148,0.152122172689086
185,2014,3.47800304765263,0.151501835144641
186,2014,3.4796465586969,0.150511317316819
187,2014,3.48263795561811,0.149177701296142
188,2014,3.48688874564844,0.147565517371713
189,2014,3.49230781678885,0.145747771038682
190,2014,3.4988040570403,0.143803502457969
191,2014,3.50628635440375,0.141816164452194
192,2014,3.51466359688017,0.139871739090286
193,2014,3.52384467247052,0.138056472875763
194,2014,3.53373846917576,0.136454164791721
195,2014,3.54425387499685,0.135143026125237
196,2014,3.55529977793475,0.134192244434473
197,2014,3.56678506599044,0.133658509646716
198,2014,3.57861862716486,0.133582865090757
199,2014,3.59070934945899,0.133988288697188
200,2014,3.60296612087378,0.134878357421081
201,2014,3.6152978294102,0.136237198728618
202,2014,3.6276133630692,0.138030723212728
203,2014,3.63982160985176,0.14020892536598
204,2014,3.65183145775883,0.142708896846766
205,2014,3.66355179479138,0.145458150825277
206,2014,3.67489150895036,0.148377901300704
207,2014,3.68575948823675,0.15138604418444
208,2014,3.6960646206515,0.154399706849821
209,2014,3.70571579419557,0.157337338660012
210,2014,3.71462189686993,0.160120391592158
211,2014,3.72269181667554,0.162674686229769
212,2014,3.72983444161336,0.164931580905461
213,2014,3.73595865968436,0.166829070084915
214,2014,3.74099647427245,0.168323476967351
215,2014,3.74497235029336,0.169422246078429
216,2014,3.74793386804579,0.17015196016959
217,2014,3.74992860782842,0.170546129720732
218,2014,3.75100414993995,0.170643716112137
219,2014,3.75120807467907,0.170487895184948
220,2014,3.75058796234446,0.170124970540639
221,2014,3.74919139323482,0.16960336639717
222,2014,3.74706594764883,0.16897264666202
223,2014,3.74425920588519,0.168282521973632
224,2014,3.74081874824258,0.167581821286122
225,2014,3.7367921550197,0.166917420070645
226,2014,3.73222700651523,0.166333133624361
227,2014,3.72717088302787,0.165868600720946
228,2014,3.7216713648563,0.165558198441886
229,2014,3.71577603229922,0.165430041331929
230,2014,3.70953246565531,0.165505124598379
231,2014,3.70298824522327,0.165796669900317
232,2014,3.69619095130178,0.166309722471687
233,2014,3.68918816418953,0.167041030696621
234,2014,3.68202746418522,0.167979216378066
235,2014,3.67475643158753,0.169105219658128
236,2014,3.66742264669516,0.170392981039228
237,2014,3.66007368980679,0.171810307667522
238,2014,3.65275714122111,0.173319863897631
239,2014,3.64552058123682,0.17488022728974
240,2014,3.6384115901526,0.176446959210034
241,2014,3.63147774826714,0.177973651847279
242,2014,3.62476663587914,0.179412928294933
243,2014,3.61832583328728,0.18071738735982
244,2014,3.61220292079025,0.181840498642631
245,2014,3.60644510704125,0.182737694402384
246,2014,3.60107730196385,0.183381014199467
247,2014,3.59608985245068,0.183768786374301
248,2014,3.59147013223044,0.183906565958397
249,2014,3.58720551503182,0.183804523047063
250,2014,3.58328337458351,0.183476750288688
251,2014,3.5796910846142,0.182940677670901
252,2014,3.57641601885258,0.182216569711508
253,2014,3.57344555102734,0.181327083207847
254,2014,3.57076705486718,0.180296866401731
255,2014,3.56836790410077,0.179152182791794
256,2014,3.56623547245682,0.177920544975313
257,2014,3.56435713366402,0.176630345983232
258,2014,3.56272026145105,0.175310477765935
259,2014,3.56131222954661,0.173989928975118
260,2014,3.56012041167938,0.172697357125135
261,2014,3.55913218157806,0.171460633703739
262,2014,3.55833491297134,0.170306364840686
263,2014,3.55771597958791,0.169259394606163
264,2014,3.55726275515646,0.168342302616859
265,2014,3.55696261340568,0.167574911937938
266,2014,3.55680292806426,0.166973826728048
267,2014,3.55677107286089,0.166552021087892
268,2014,3.55685442152427,0.166318500626655
269,2014,3.55704034778308,0.166278056052572
270,2014,3.55731622536601,0.166431123644975
271,2014,3.55766942800176,0.166773761170658
272,2014,3.55808732941901,0.16729774040107
273,2014,3.55855730334647,0.167990749817837
274,2014,3.55906672351281,0.168836694342548
275,2014,3.55960296364672,0.169816073812561
276,2014,3.56015339747691,0.170906418959348
277,2014,3.56070539873206,0.172082762968368
278,2014,3.56124634114085,0.173318128100744
279,2014,3.56176359843199,0.174584009876492
280,2014,3.56224454433416,0.175850845374416
281,2014,3.56267655257606,0.177088456716332
282,2014,3.56304699688636,0.178266465291761
283,2014,3.56334325099377,0.179354676411457
284,2014,3.56355268862698,0.180323437681626
285,2014,3.56366313013471,0.181145550579975
286,2014,3.563665942784,0.181807923123504
287,2014,3.56355418526878,0.18230616303112
288,2014,3.5633209266998,0.182638600942391
289,2014,3.56295923618778,0.182805922032681
290,2014,3.56246218284345,0.18281087900623
291,2014,3.56182283577756,0.182658044470238
292,2014,3.56103426410083,0.182353596806674
293,2014,3.56008953692399,0.181905134116275
294,2014,3.55898172335778,0.181321511292961
295,2014,3.55770389251294,0.180612695751367
296,2014,3.55624911350018,0.179789637752669
297,2014,3.55461045543026,0.178864151646784
298,2014,3.55278098741389,0.17784880467458
299,2014,3.55075377856181,0.176756810261127
300,2014,3.54852189798476,0.175601922993982
301,2014,3.54607841479347,0.174398332736259
302,2014,3.54341639809868,0.173160555592345
303,2014,3.5405289170111,0.171903319745375
304,2014,3.53740904064148,0.170641444540723
305,2014,3.53404983810056,0.16938971161775
306,2014,3.53044437849905,0.168162727407667
307,2014,3.5265857309477,0.16697477692639
308,2014,3.52246696455724,0.165839669495457
309,2014,3.5180811484384,0.164770577805981
310,2014,3.51342135170192,0.163779872569376
311,2014,3.50848064345852,0.162878955827093
312,2014,3.50325209281895,0.162078096757807
313,2014,3.49772876889392,0.161386274451831
314,2014,3.49190374079419,0.160811032543289
315,2014,3.48577007763047,0.16035835073179
316,2014,3.4793208485135,0.160032538036042
317,2014,3.47254912255402,0.159836152080036
318,2014,3.46544796886276,0.159769947832402
319,2014,3.45801045655044,0.159832858055044
320,2014,3.45022965472781,0.160022006357517
321,2014,3.4420986325056,0.160332752313882
322,2014,3.43361045899454,0.160758766704879
323,2014,3.42475820330535,0.161292133720341
324,2014,3.41553493454879,0.161923475992973
325,2014,3.40593372183557,0.162642097699909
326,2014,3.39594763427643,0.163436140688725
327,2014,3.38556974098211,0.164292748647517
328,2014,3.37479311106333,0.165198234700518
329,2014,3.36361081363083,0.16613824840613
330,2014,3.35201591779535,0.167097938887879
331,2014,3.3400014926676,0.168062111665951
332,2014,3.32756060735834,0.169015377611834
333,2014,3.31468633097829,0.169942293269715
334,2014,3.30137173263819,0.170827492540635
335,2014,3.28760988144876,0.171655810390459
336,2014,3.27339384652074,0.172412399816162
337,2014,3.25871669696486,0.173082843794191
338,2014,3.24357150189186,0.173653264355458
339,2014,3.22795133041247,0.17411043130524
340,2014,3.21184925163742,0.174441873457415
341,2014,3.19525833467744,0.174635995607154
342,2014,3.17817164864327,0.174682204850324
343,2014,3.16058226264564,0.174571050296824
344,2014,3.14248324579528,0.174294380742072
345,2014,3.12386766720293,0.173845525475896
346,2014,3.10472859597932,0.173219504135459
347,2014,3.08506298666866,0.17241624278129
348,2014,3.06488333554907,0.17144946479227
349,2014,3.04420602433214,0.170337331706869
350,2014,3.02304743472948,0.16909924760572
351,2014,3.00142394845269,0.167755693738658
352,2014,2.97935194721336,0.166328064595826
353,2014,2.95684781272309,0.164838498779573
354,2014,2.93392792669348,0.163309698550454
355,2014,2.91060867083612,0.161764732547354
356,2014,2.88690642686262,0.160226817021992
357,2014,2.86283757648457,0.158719072083482
358,2014,2.83841850141358,0.157264251005598
359,2014,2.81366558336123,0.155884442661143
360,2014,2.78859520403913,0.154600749611404
361,2014,2.76322374515888,0.153432947212241
362,2014,2.73756758843207,0.152399132123148
363,2014,2.7116431155703,0.15151537154211
364,2014,2.68546670828517,0.150795366974324
365,2014,2.65905474828829,0.15025014797474
1,2015,3.12240682262232,0.175090321555027
2,2015,3.10379124402997,0.174636076773999
3,2015,3.08465217280636,0.174004020164671
4,2015,3.0649865634957,0.173194028002779
5,2015,3.0448069123761,0.172219775470823
6,2015,3.02412960115918,0.171099370375507
7,2015,3.00297101155652,0.169852155505479
8,2015,2.98134752527973,0.168498544504871
9,2015,2.9592755240404,0.167059859349607
10,2015,2.93677138955013,0.165558162861003
11,2015,2.91385150352051,0.164016080197689
12,2015,2.89053224766316,0.162456603877837
13,2015,2.86683000368966,0.16090287770042
14,2015,2.84276115331161,0.159377956056731
15,2015,2.81834207824061,0.157904536637318
16,2015,2.79358916018827,0.156504666499052
17,2015,2.76851878086617,0.155199423862659
18,2015,2.74314732198592,0.15400858078685
19,2015,2.71749116525911,0.152950254841345
20,2015,2.69156669239734,0.152040560808671
21,2015,2.66539028511221,0.151293275931333
22,2015,2.63897832511532,0.150719533892868
23,2015,2.61234719411827,0.150327563208836
24,2015,2.58551327383265,0.150122484742915
25,2015,2.55849294597007,0.150106180572478
26,2015,2.53130259224211,0.150277242557687
27,2015,2.50395859436039,0.150631004103122
28,2015,2.47647733403649,0.15115965330733
29,2015,2.44887519298201,0.151852420620625
30,2015,2.42116855290856,0.152695829882249
31,2015,2.39337379552773,0.153673998640193
32,2015,2.36550730255112,0.154768972203783
33,2015,2.33758545569033,0.155961075934014
34,2015,2.30962463665696,0.157229271628474
35,2015,2.2816412271626,0.158551506161771
36,2015,2.25365160891885,0.159905043402189
37,2015,2.22567216363731,0.161266773466754
38,2015,2.19771927302958,0.1626134962988
39,2015,2.16980931880725,0.163922179151081
40,2015,2.14195868268193,0.165170189728798
41,2015,2.11418374636522,0.166335508470458
42,2015,2.0865008915687,0.167396924762573
43,2015,2.05892650000399,0.168334222878578
44,2015,2.03147695338267,0.169128364204708
45,2015,2.00416863341634,0.16976167297288
46,2015,1.97701792181661,0.170218033365841
47,2015,1.95004120029507,0.170483106586313
48,2015,1.92325485056333,0.170544577370529
49,2015,1.89667525433296,0.170392440542188
50,2015,1.87031879331559,0.170019339589395
51,2015,1.84420192395397,0.169421018907968
52,2015,1.81835323716405,0.168604398553757
53,2015,1.79282676982404,0.167595414264643
54,2015,1.76767976291092,0.166423816127484
55,2015,1.74296945740166,0.165120686542075
56,2015,1.71875309427324,0.163718050071804
57,2015,1.69508791450265,0.162248470816865
58,2015,1.67203115906684,0.160744625446313
59,2015,1.64964006894281,0.159238843461948
60,2015,1.62797188510753,0.157762610395683
61,2015,1.60708384853797,0.156346034600607
62,2015,1.58703320021112,0.155017284048153
63,2015,1.56787718110395,0.153802005822744
64,2015,1.54967303219343,0.152722747283012
65,2015,1.53247799445655,0.151798403365971
66,2015,1.51634930887028,0.151043718331464
67,2015,1.5013442164116,0.150468871487222
68,2015,1.48751995805748,0.150079174456366
69,2015,1.4749337747849,0.149874902171633
70,2015,1.46364290757085,0.149851271431572
71,2015,1.45370459739229,0.149998570558474
72,2015,1.4451760852262,0.15030243290511
73,2015,1.43811461204956,0.150744237236981
74,2015,1.43257741883935,0.151301610717323
75,2015,1.42862174657254,0.151949006196889
76,2015,1.42630483622611,0.15265832499134
77,2015,1.42568392877704,0.153399558967812
78,2015,1.42681626520231,0.154141430805003
79,2015,1.42975908647889,0.154852017810957
80,2015,1.43456963358375,0.155499351798493
81,2015,1.44130514749389,0.156051994548023
82,2015,1.45002286918626,0.156479594922286
83,2015,1.46078003963786,0.156753439601447
84,2015,1.47363389982565,0.156847014773687
85,2015,1.48864169072661,0.1567366012002
86,2015,1.50586065331773,0.156401930217756
87,2015,1.52534802857597,0.155826933803687
88,2015,1.54716105747832,0.155000628091401
89,2015,1.57135698100175,0.15391817677459
90,2015,1.59798379214937,0.152584235969486
91,2015,1.62698197622816,0.151035218766628
92,2015,1.65822265874111,0.149328298994691
93,2015,1.69157580919449,0.147524492277288
94,2015,1.72691139709456,0.145687213185488
95,2015,1.7640993919476,0.143880945405228
96,2015,1.80300976325986,0.142169710418304
97,2015,1.84351248053762,0.140615312487344
98,2015,1.88547751328714,0.139275378815245
99,2015,1.92877483101468,0.138201264664189
100,2015,1.97327440322652,0.137435947390022
101,2015,2.01884619942893,0.137012079145886
102,2015,2.06536018912816,0.136950391065544
103,2015,2.11268634183048,0.137258629873515
104,2015,2.16069462704216,0.137931157062414
105,2015,2.20925501426947,0.138949259030563
106,2015,2.25823747301868,0.140282122796863
107,2015,2.30751197279605,0.141888349470579
108,2015,2.35694848310784,0.14371782559801
109,2015,2.40641697346032,0.145713759064783
110,2015,2.45578741335977,0.147814707622078
111,2015,2.50492977231244,0.149956472337148
112,2015,2.55371401982461,0.152073781056123
113,2015,2.60201012540253,0.154101736646625
114,2015,2.64968805855248,0.155977044649171
115,2015,2.69661778878073,0.157639063156779
116,2015,2.74266928559353,0.159030735828567
117,2015,2.78771329384119,0.160099799168246
118,2015,2.83166707901624,0.160818674510494
119,2015,2.87452001360659,0.161196323264955
120,2015,2.9162676728525,0.161250736160961
121,2015,2.95690563199419,0.161005229786144
122,2015,2.9964294662719,0.16048748827871
123,2015,3.03483475092585,0.159728767321274
124,2015,3.07211706119629,0.158763208012425
125,2015,3.10827197232345,0.157627217371707
126,2015,3.14329505954755,0.156358879511568
127,2015,3.17718189810885,0.154997367666421
128,2015,3.20992806324756,0.153582333093391
129,2015,3.24152913020392,0.15215325309462
130,2015,3.27198067421817,0.150748727683047
131,2015,3.30127827053054,0.149405723126967
132,2015,3.32941749438126,0.148158770810983
133,2015,3.35639392101057,0.147039141095359
134,2015,3.3822031256587,0.14607402311645
135,2015,3.40684068356589,0.145285751183343
136,2015,3.43030216997236,0.144691124712703
137,2015,3.45258316011836,0.144300869734444
138,2015,3.47367922924411,0.144119284769218
139,2015,3.49358595258985,0.144144102328714
140,2015,3.51229890539581,0.144366580787111
141,2015,3.52981366290223,0.144771822471705
142,2015,3.54612580034934,0.145339295696789
143,2015,3.56123089297738,0.146043524116961
144,2015,3.57512451602657,0.146854898298472
145,2015,3.58780224473716,0.147740562571949
146,2015,3.59925965434937,0.148665334495808
147,2015,3.60949232010343,0.149592623140807
148,2015,3.6184958172396,0.150485324011531
149,2015,3.62626572099808,0.151306680966091
150,2015,3.63279760661913,0.152021117648392
151,2015,3.63808704934297,0.152595051965201
152,2015,3.64212962440984,0.152997716834367
153,2015,3.64492090705997,0.153202019024204
154,2015,3.6464564725336,0.15318547584226
155,2015,3.64673189607095,0.152931277173627
156,2015,3.64575355955885,0.152434394820839
157,2015,3.6435883156701,0.151724168050424
158,2015,3.64032403938221,0.150844257078087
159,2015,3.63604862677939,0.149841555687797
160,2015,3.63084997394587,0.148764892456579
161,2015,3.62481597696587,0.147663734519154
162,2015,3.61803453192361,0.146586850923418
163,2015,3.61059353490331,0.145580924529036
164,2015,3.6025808819892,0.144689125974291
165,2015,3.5940844692655,0.143949688796113
166,2015,3.58519219281643,0.14339454840676
167,2015,3.57599194872622,0.143048125156467
168,2015,3.56657163307908,0.142926338721462
169,2015,3.55701914195923,0.143035934301604
170,2015,3.54742237145091,0.143374179993386
171,2015,3.53786921763833,0.143928962114205
172,2015,3.52844757660572,0.144679267230754
173,2015,3.51924534443729,0.145596003797691
174,2015,3.51035041721727,0.146643089595494
175,2015,3.50185069102989,0.147778717913331
176,2015,3.49383406195935,0.148956716495939
177,2015,3.4863884260899,0.150127926383703
178,2015,3.47960167950574,0.151241548810973
179,2015,3.4735617182911,0.152246432875529
180,2015,3.46835643853021,0.153092301232559
181,2015,3.46407373630728,0.153730933572667
182,2015,3.46080150770654,0.154117347624899
183,2015,3.45862764881221,0.154211035627804
184,2015,3.45764005570851,0.153977332184153
185,2015,3.45792662447967,0.153389009076865
186,2015,3.45957013552394,0.152430000306772
187,2015,3.46256153244515,0.151127267629949
188,2015,3.46681232247548,0.149544945434095
189,2015,3.47223139361589,0.147755456899013
190,2015,3.47872763386734,0.145837077561956
191,2015,3.48620993123079,0.143872321868514
192,2015,3.49458717370721,0.141946083056315
193,2015,3.50376824929755,0.140143413362378
194,2015,3.51366204600279,0.138546883929263
195,2015,3.52417745182388,0.137233544005014
196,2015,3.53522335476179,0.136271605281008
197,2015,3.54670864281748,0.13571709414697
198,2015,3.5585422039919,0.135610812186081
199,2015,3.57063292628603,0.135975985613165
200,2015,3.58288969770082,0.136816938053647
201,2015,3.59522140623723,0.1381189850694
202,2015,3.60753693989624,0.139849555189562
203,2015,3.6197451866788,0.141960347904464
204,2015,3.63175503458587,0.144390201056482
205,2015,3.64347537161842,0.147068290277298
206,2015,3.6548150857774,0.149917318814933
207,2015,3.66568306506379,0.15285644834333
208,2015,3.67598819747853,0.155803833057689
209,2015,3.68563937102261,0.158678720818995
210,2015,3.69454547369697,0.161403160806307
211,2015,3.70261539350258,0.163903404565006
212,2015,3.7097580184404,0.166111112032604
213,2015,3.7158822365114,0.167964484622428
214,2015,3.72092005109948,0.169419869461757
215,2015,3.72489592712039,0.170484244343249
216,2015,3.72785744487282,0.171183644012766
217,2015,3.72985218465546,0.171551074224126
218,2015,3.73092772676699,0.171625030930586
219,2015,3.73113165150611,0.171448258545783
220,2015,3.7305115391715,0.171066657906801
221,2015,3.72911497006186,0.170528274556018
222,2015,3.72698952447587,0.169882314515837
223,2015,3.72418278271223,0.169178149635747
224,2015,3.72074232506962,0.168464289262032
225,2015,3.71671573184674,0.167787310319156
226,2015,3.71215058334227,0.167190754122182
227,2015,3.70709445985491,0.166714014769925
228,2015,3.70159494168334,0.166391259359328
229,2015,3.69569960912626,0.166250432391954
230,2015,3.68945604248235,0.166312403237285
231,2015,3.68291182205031,0.166590314395134
232,2015,3.67611452812882,0.167089178698034
233,2015,3.66911174101657,0.167805756295168
234,2015,3.66195104101226,0.168728719771897
235,2015,3.65468000841457,0.169839091845074
236,2015,3.6473462235222,0.171110918832707
237,2015,3.63999726663383,0.172512127925084
238,2015,3.63268071804815,0.174005509099167
239,2015,3.62544415806386,0.175549763480343
240,2015,3.61833516697964,0.177100567734913
241,2015,3.61140132509418,0.178611616465944
242,2015,3.60469021270618,0.180035619203216
243,2015,3.59824941011432,0.181325243430349
244,2015,3.59212649761729,0.182434008881164
245,2015,3.58636868386829,0.183317379128635
246,2015,3.58100087879089,0.183947398622539
247,2015,3.57601342927772,0.184322372105816
248,2015,3.57139370905748,0.18444781843522
249,2015,3.56712909185886,0.184333863775433
250,2015,3.56320695141055,0.183994551789247
251,2015,3.55961466144124,0.18344726037924
252,2015,3.55633959567962,0.182712200325765
253,2015,3.55336912785438,0.181811974158501
254,2015,3.55069063169421,0.180771176260926
255,2015,3.54829148092781,0.1796160175495
256,2015,3.54615904928386,0.178373960193476
257,2015,3.54428071049106,0.177073349900006
258,2015,3.54264383827809,0.17574303546093
259,2015,3.54123580637364,0.174411967722224
260,2015,3.54004398850642,0.173108773049515
261,2015,3.5390557584051,0.171861299821739
262,2015,3.53825848979838,0.170696140494568
263,2015,3.53763955641495,0.169638136211384
264,2015,3.5371863319835,0.168709875523982
265,2015,3.53688619023271,0.167931203084983
266,2015,3.5367265048913,0.167318757637764
267,2015,3.53669464968793,0.166885560666864
268,2015,3.5367779983513,0.166640677168226
269,2015,3.53696392461011,0.166588967848289
270,2015,3.53723980219305,0.166730947676933
271,2015,3.5375930048288,0.167062759486308
272,2015,3.53801090624605,0.167576263948797
273,2015,3.5384808801735,0.168259239723107
274,2015,3.53899030033984,0.169095680804229
275,2015,3.53952654047376,0.170066172972016
276,2015,3.54007697430395,0.171148328222355
277,2015,3.54062897555909,0.17231725533238
278,2015,3.54116991796789,0.173546046057502
279,2015,3.54168717525903,0.17480625943072
280,2015,3.5421681211612,0.176068390656205
281,2015,3.54260012940309,0.177302315582593
282,2015,3.5429705737134,0.17847770622429
283,2015,3.54326682782081,0.179564416936456
284,2015,3.54347626545402,0.180532844464799
285,2015,3.54358670696175,0.181355833458983
286,2015,3.54358951961103,0.182020276218213
287,2015,3.54347776209582,0.18252173876482
288,2015,3.54324450352683,0.182858513596702
289,2015,3.54288281301481,0.183031251371484
290,2015,3.54238575967049,0.18304267360191
291,2015,3.5417464126046,0.182897324595954
292,2015,3.54095784092786,0.182601356791605
293,2015,3.54001311375103,0.182162344083254
294,2015,3.53890530018482,0.181589118212746
295,2015,3.53762746933997,0.180891623757783
296,2015,3.53617269032722,0.180080787670164
297,2015,3.53453403225729,0.179168399688472
298,2015,3.53270456424092,0.178167000276304
299,2015,3.53067735538885,0.177089773026881
300,2015,3.5284454748118,0.175950438741569
301,2015,3.52600199162051,0.174763148650451
302,2015,3.52333997492571,0.173542374517006
303,2015,3.52045249383814,0.17230279367651
304,2015,3.51733261746852,0.171059167419345
305,2015,3.51397341492759,0.169826211564175
306,2015,3.51036795532609,0.168618458585897
307,2015,3.50650930777474,0.167450111276192
308,2015,3.50239054138428,0.166334888617103
309,2015,3.49800472526544,0.165285865323912
310,2015,3.49334492852895,0.164315307331139
311,2015,3.48840422028556,0.163434506307384
312,2015,3.48317566964598,0.162653617029269
313,2015,3.47765234572096,0.161981502050773
314,2015,3.47182731762122,0.161425588497972
315,2015,3.4656936544575,0.160991741934496
316,2015,3.45924442534054,0.160684162032182
317,2015,3.45247269938106,0.160505304225403
318,2015,3.44537154568979,0.160455830643227
319,2015,3.43793403337748,0.160534592455977
320,2015,3.43015323155485,0.160738644431015
321,2015,3.42202220933264,0.161063291080022
322,2015,3.41353403582157,0.161502162419605
323,2015,3.40468178013239,0.162047316174869
324,2015,3.39545851137582,0.162689362325893
325,2015,3.3858572986626,0.163417605291209
326,2015,3.37587121110347,0.164220198783685
327,2015,3.36549331780914,0.165084308449251
328,2015,3.35471668789036,0.165996277763783
329,2015,3.34353439045787,0.166941793254024
330,2015,3.33193949462238,0.167906045851132
331,2015,3.31992506949464,0.16887388600766
332,2015,3.30748418418538,0.169829971046881
333,2015,3.29460990780533,0.170758904017606
334,2015,3.28129530946522,0.171645364064369
335,2015,3.26753345827579,0.172474228974307
336,2015,3.25331742334777,0.173230691124412
337,2015,3.2386402737919,0.173900368533454
338,2015,3.2234950787189,0.174469413137238
339,2015,3.2078749072395,0.174924618774983
340,2015,3.19177282846445,0.175253531722588
341,2015,3.17518191150447,0.175444566960814
342,2015,3.15809522547031,0.175487133748743
343,2015,3.14050583947268,0.17537177451007
344,2015,3.12240682262232,0.175090321555027
345,2015,3.10379124402997,0.174636076773999
346,2015,3.08465217280636,0.174004020164671
347,2015,3.0649865634957,0.173194028002779
348,2015,3.0448069123761,0.172219775470823
349,2015,3.02412960115918,0.171099370375507
350,2015,3.00297101155652,0.169852155505479
351,2015,2.98134752527973,0.168498544504871
352,2015,2.9592755240404,0.167059859349607
353,2015,2.93677138955013,0.165558162861003
354,2015,2.91385150352051,0.164016080197689
355,2015,2.89053224766316,0.162456603877837
356,2015,2.86683000368966,0.16090287770042
357,2015,2.84276115331161,0.159377956056731
358,2015,2.81834207824061,0.157904536637318
359,2015,2.79358916018827,0.156504666499052
360,2015,2.76851878086617,0.155199423862659
361,2015,2.74314732198592,0.15400858078685
362,2015,2.71749116525911,0.152950254841345
363,2015,2.69156669239734,0.152040560808671
364,2015,2.66539028511221,0.151293275931333
365,2015,2.63897832511532,0.150719533892868
1,2016,3.10649648652124,0.176326373909987
2,2016,3.08788090792889,0.175859331749539
3,2016,3.06874183670527,0.175214588844529
4,2016,3.04907622739461,0.174391980455427
5,2016,3.02889657627502,0.173405099039361
6,2016,3.0082192650581,0.172271955032988
7,2016,2.98706067545544,0.171011787894619
8,2016,2.96543718917864,0.169644902710661
9,2016,2.94336518793931,0.168192508560019
10,2016,2.92086105344904,0.166676552174118
11,2016,2.89794116741943,0.165119540928115
12,2016,2.87462191156207,0.163544349796677
13,2016,2.85091966758857,0.161974007703857
14,2016,2.82685081721053,0.160431459788198
15,2016,2.80243174213953,0.158939303575004
16,2016,2.77767882408718,0.157519498951438
17,2016,2.75260844476509,0.15619305417942
18,2016,2.72723698588483,0.154979692885402
19,2016,2.70158082915802,0.153897509874052
20,2016,2.67565635629625,0.152962626467452
21,2016,2.64947994901113,0.152188858533568
22,2016,2.62306798901424,0.151587412055367
23,2016,2.59643685801719,0.151166621642725
24,2016,2.56960293773157,0.150931746538477
25,2016,2.54258260986898,0.150884836325747
26,2016,2.51539225614103,0.151024674836939
27,2016,2.4880482582593,0.151346806055255
28,2016,2.4605669979354,0.151843640627663
29,2016,2.43296485688093,0.152504636601677
30,2016,2.40525821680748,0.153316543754601
31,2016,2.37746345942665,0.154263697861972
32,2016,2.34959696645004,0.155328349698241
33,2016,2.32167511958925,0.156491013491163
34,2016,2.29371430055587,0.157730820772386
35,2016,2.26573089106151,0.159025867753962
36,2016,2.23774127281776,0.160353547129941
37,2016,2.20976182753622,0.161690858185018
38,2016,2.18180893692849,0.163014691986579
39,2016,2.15389898270617,0.164302091034028
40,2016,2.12604834658085,0.165530484928223
41,2016,2.09827341026413,0.166677905376644
42,2016,2.07059055546762,0.167723185202265
43,2016,2.0430161639029,0.168646147052669
44,2016,2.01556661728158,0.16942778830893
45,2016,1.98825829731526,0.170050469375906
46,2016,1.96110758571553,0.170498113198643
47,2016,1.93413086419399,0.170756424586275
48,2016,1.90734451446224,0.17081313881535
49,2016,1.88076491823188,0.170658310092974
50,2016,1.85440845721451,0.17028465182873
51,2016,1.82829158785288,0.169687989934886
52,2016,1.80244290106297,0.168875280441093
53,2016,1.77691643372296,0.167872383718337
54,2016,1.75176942680983,0.166708965845235
55,2016,1.72705912130058,0.165416027796309
56,2016,1.70284275817216,0.164025511175857
57,2016,1.67917757840156,0.162569891575087
58,2016,1.65612082296576,0.161081747806594
59,2016,1.63372973284173,0.159593298757583
60,2016,1.61206154900645,0.158135903780802
61,2016,1.59117351243689,0.156739527537546
62,2016,1.57112286411004,0.155432175971374
63,2016,1.55196684500286,0.154239316345353
64,2016,1.53376269609235,0.153183300481955
65,2016,1.51656765835547,0.152282815731852
66,2016,1.5004389727692,0.151552391858401
67,2016,1.48543388031051,0.151001993087523
68,2016,1.4716096219564,0.150636722425511
69,2016,1.45902343868382,0.150456659847322
70,2016,1.44773257146976,0.150456847562226
71,2016,1.4377942612912,0.150627425312537
72,2016,1.42926574912511,0.150953907998408
73,2016,1.42220427594848,0.151417588392224
74,2016,1.41666708273826,0.151996040620785
75,2016,1.41271141047146,0.152663696265751
76,2016,1.41039450012503,0.153392464562498
77,2016,1.40977359267596,0.154152370899402
78,2016,1.41090592910123,0.154912192877918
79,2016,1.4138487503778,0.155640079672984
80,2016,1.41865929748267,0.15630414746917
81,2016,1.4253948113928,0.15687305067755
82,2016,1.43411253308518,0.157316535066552
83,2016,1.44486970353677,0.157605984740646
84,2016,1.45772356372456,0.157714980169559
85,2016,1.47273135462553,0.15761988945974
86,2016,1.48995031721664,0.157300520105659
87,2016,1.50943769247489,0.156740863909086
88,2016,1.53125072137723,0.155929973884138
89,2016,1.55544664490066,0.154863018852327
90,2016,1.58207345604829,0.153544611605998
91,2016,1.61107164012708,0.152011009599187
92,2016,1.64231232264003,0.150319133948104
93,2016,1.67566547309341,0.148529686000945
94,2016,1.71100106099348,0.146705707560207
95,2016,1.74818905584651,0.144911257978825
96,2016,1.78709942715878,0.143209895960177
97,2016,1.82760214443654,0.141662945106248
98,2016,1.86956717718605,0.140327562333292
99,2016,1.9128644949136,0.139254677630593
100,2016,1.95736406712544,0.138486925905571
101,2016,2.00293586332784,0.138056735694158
102,2016,2.04944985302707,0.137984761620644
103,2016,2.0967760057294,0.138278836084118
104,2016,2.14478429094108,0.138933566888921
105,2016,2.19334467816839,0.139930628984374
106,2016,2.2423271369176,0.141239708077637
107,2016,2.29160163669496,0.142819973918206
108,2016,2.34103814700675,0.144621909872863
109,2016,2.39050663735924,0.146589311204342
110,2016,2.43987707725868,0.148661283985962
111,2016,2.48901943621136,0.150774118602238
112,2016,2.53780368372352,0.15286296266441
113,2016,2.58609978930145,0.15486326659092
114,2016,2.6337777224514,0.156712014396669
115,2016,2.68070745267964,0.15834878039527
116,2016,2.72675894949244,0.159716670893851
117,2016,2.77180295774011,0.160763539503572
118,2016,2.81575674291515,0.16146182549384
119,2016,2.85860967750551,0.161820393785813
120,2016,2.90035733675142,0.161857131278411
121,2016,2.94099529589311,0.161595256824622
122,2016,2.98051913017081,0.161062365425624
123,2016,3.01892441482477,0.160289633550054
124,2016,3.05620672509521,0.159311133646388
125,2016,3.09236163622236,0.158163214926713
126,2016,3.12738472344647,0.156883914665574
127,2016,3.16127156200776,0.155512370338102
128,2016,3.19401772714647,0.154088208692496
129,2016,3.22561879410284,0.152650894046115
130,2016,3.25607033811709,0.151239025331726
131,2016,3.28536793442946,0.149889580102027
132,2016,3.31350715828018,0.148637113873564
133,2016,3.34048358490949,0.147512934410975
134,2016,3.36629278955762,0.146544281798112
135,2016,3.39093034746481,0.145753554855271
136,2016,3.41439183387128,0.145157630768943
137,2016,3.43667282401727,0.144767325933377
138,2016,3.45776889314303,0.144587040831576
139,2016,3.47767561648877,0.144614620301256
140,2016,3.49638856929473,0.144841444090172
141,2016,3.51390332680115,0.145252743745739
142,2016,3.53021546424826,0.145828123769924
143,2016,3.5453205568763,0.14654225059957
144,2016,3.55921417992549,0.147365664444854
145,2016,3.57189190863607,0.14826566711825
146,2016,3.58334931824828,0.149207243185238
147,2016,3.59358198400235,0.150153980590018
148,2016,3.60258548113851,0.151068968468053
149,2016,3.610355384897,0.151915662365963
150,2016,3.61688727051805,0.152658719207188
151,2016,3.62217671324189,0.153264815313006
152,2016,3.62621928830876,0.153703470406611
153,2016,3.62901057095889,0.153947908994085
154,2016,3.63054613643252,0.15397599824638
155,2016,3.63082155996987,0.153771308922583
156,2016,3.62984322345776,0.153329141212478
157,2016,3.62767797956902,0.152678724364214
158,2016,3.62441370328112,0.151863410454085
159,2016,3.6201382906783,0.150929715765899
160,2016,3.61493963784478,0.149926005521814
161,2016,3.60890564086478,0.148901184782053
162,2016,3.60212419582252,0.14790335495873
163,2016,3.59468319880223,0.146978427214375
164,2016,3.58667054588812,0.146168708254621
165,2016,3.57817413316442,0.14551149871108
166,2016,3.56928185671535,0.145037766502279
167,2016,3.56008161262513,0.144770973273174
168,2016,3.55066129697799,0.144726137186307
169,2016,3.54110880585815,0.144909207208345
170,2016,3.53151203534983,0.145316802462407
171,2016,3.52195888153725,0.145936338329291
172,2016,3.51253724050464,0.146746524711063
173,2016,3.50333500833621,0.147718188390538
174,2016,3.49444008111619,0.148815347070673
175,2016,3.4859403549288,0.149996451242244
176,2016,3.47792372585827,0.151215712020028
177,2016,3.47047808998881,0.152424446196444
178,2016,3.46369134340466,0.153572390080312
179,2016,3.45765138219002,0.154608957117206
180,2016,3.45244610242913,0.155484437604091
181,2016,3.4481634002062,0.156151160188737
182,2016,3.44489117160546,0.156564653875852
183,2016,3.44271731271113,0.156684866670996
184,2016,3.44172971960743,0.156477514237903
185,2016,3.44201628837859,0.155915650811554
186,2016,3.44365979942286,0.154983349472771
187,2016,3.44665119634407,0.153707324451591
188,2016,3.4509019863744,0.152151077925203
189,2016,3.4563210575148,0.150386189778228
190,2016,3.46281729776625,0.148489888960308
191,2016,3.4702995951297,0.146543451569124
192,2016,3.47867683760612,0.144630370318435
193,2016,3.48785791319647,0.142834190265326
194,2016,3.49775170990171,0.141235955640781
195,2016,3.5082671157228,0.139911287513034
196,2016,3.51931301866071,0.13892720993383
197,2016,3.53079830671639,0.138338949313262
198,2016,3.54263186789082,0.138187021260365
199,2016,3.55472259018494,0.138494957447606
200,2016,3.56697936159973,0.139267985622481
201,2016,3.57931107013615,0.140492855012615
202,2016,3.59162660379516,0.142138824146021
203,2016,3.60383485057771,0.144159648514068
204,2016,3.61584469848479,0.146496273143529
205,2016,3.62756503551733,0.149079881082805
206,2016,3.63890474967632,0.151834973637054
207,2016,3.6497727289627,0.154682238076049
208,2016,3.66007786137745,0.157541060482763
209,2016,3.66972903492152,0.160331637460585
210,2016,3.67863513759589,0.162976714743679
211,2016,3.68670505740149,0.165403029486907
212,2016,3.69384768233932,0.167542560198397
213,2016,3.69997190041031,0.169333701376199
214,2016,3.7050097149984,0.170732777032024
215,2016,3.70898559101931,0.171746205502329
216,2016,3.71194710877174,0.172399378099818
217,2016,3.71394184855437,0.17272471112895
218,2016,3.7150173906659,0.172760162989497
219,2016,3.71522131540502,0.172547988351781
220,2016,3.71460120307041,0.172133641634227
221,2016,3.71320463396077,0.171564761350048
222,2016,3.71107918837478,0.170890183046078
223,2016,3.70827244661114,0.170158943192891
224,2016,3.70483198896853,0.169419250847382
225,2016,3.70080539574565,0.168717419057951
226,2016,3.69624024724119,0.168096764026152
227,2016,3.69118412375382,0.167596496391507
228,2016,3.68568460558226,0.167250644253174
229,2016,3.67978927302517,0.167087059598336
230,2016,3.67354570638127,0.167126566331505
231,2016,3.66700148594922,0.167382307131004
232,2016,3.66020419202773,0.167859337025426
233,2016,3.65320140491549,0.168554494621284
234,2016,3.64604070491118,0.169456559763142
235,2016,3.63876967231349,0.170546682756318
236,2016,3.63143588742111,0.171799049172099
237,2016,3.62408693053274,0.173181729064266
238,2016,3.61677038194707,0.174657652089658
239,2016,3.60953382196277,0.176185650755085
240,2016,3.60242483087855,0.177721521537044
241,2016,3.5954909889931,0.179219065783464
242,2016,3.58877987660509,0.1806310867587
243,2016,3.58233907401323,0.18191033394888
244,2016,3.5762161615162,0.183010399498853
245,2016,3.57045834776721,0.183886811705985
246,2016,3.5650905426898,0.18451163061914
247,2016,3.56010309317663,0.184883103964839
248,2016,3.5554833729564,0.18500668596735
249,2016,3.55121875575778,0.184892438112552
250,2016,3.54729661530947,0.184554339940472
251,2016,3.54370432534015,0.18400970563026
252,2016,3.54042925957853,0.183278681939795
253,2016,3.5374587917533,0.182383806001097
254,2016,3.53478029559313,0.18134960410176
255,2016,3.53238114482673,0.18020221490842
256,2016,3.53024871318278,0.178969022708206
257,2016,3.52837037438997,0.177678288307707
258,2016,3.526733502177,0.176358767410576
259,2016,3.52532547027256,0.175039308769853
260,2016,3.52413365240533,0.173748427329555
261,2016,3.52314542230401,0.172513851024475
262,2016,3.52234815369729,0.17136204389696
263,2016,3.52172922031386,0.170317712585829
264,2016,3.52127599588241,0.169403307765861
265,2016,3.52097585413163,0.168638536335884
266,2016,3.52081616879021,0.168039903525932
267,2016,3.52078431358684,0.167620306041028
268,2016,3.52086766225022,0.167388697382959
269,2016,3.52105358850903,0.167349844301715
270,2016,3.52132946609196,0.167504188949984
271,2016,3.52168266872771,0.167847825135676
272,2016,3.52210057014497,0.168372589805709
273,2016,3.52257054407242,0.169066263474182
274,2016,3.52307996423876,0.169912866685003
275,2016,3.52361620437268,0.170893034572704
276,2016,3.52416663820286,0.171984448656896
277,2016,3.52471863945801,0.17316230431465
278,2016,3.52525958186681,0.174399793721912
279,2016,3.52577683915795,0.175668586994484
280,2016,3.52625778506012,0.176939298225281
281,2016,3.52668979330201,0.178181927542523
282,2016,3.52706023761232,0.179366274731598
283,2016,3.52735649171973,0.180462324043324
284,2016,3.52756592935293,0.181440603380691
285,2016,3.52767637086066,0.182274082044192
286,2016,3.52767918350995,0.182949716535005
287,2016,3.52756742599473,0.183463100288628
288,2016,3.52733416742575,0.18381254371131
289,2016,3.52697247691373,0.183998707263156
290,2016,3.52647542356941,0.184024315011422
291,2016,3.52583607650351,0.183893907106314
292,2016,3.52504750482678,0.183613625377478
293,2016,3.52410277764994,0.183191026690852
294,2016,3.52299496408374,0.182634919177259
295,2016,3.52171713323889,0.181955216900511
296,2016,3.52026235422614,0.181162808951179
297,2016,3.51862369615621,0.180269439324535
298,2016,3.51679422813984,0.179287594269547
299,2016,3.51476701928777,0.178230394089008
300,2016,3.51253513871072,0.177111486642182
301,2016,3.51009165551943,0.175944940067438
302,2016,3.50742963882463,0.17474513252185
303,2016,3.50454215773705,0.173526637047331
304,2016,3.50142228136744,0.172304100037812
305,2016,3.49806307882651,0.171092112216329
306,2016,3.494457619225,0.169905071547274
307,2016,3.49059897167365,0.168757038113139
308,2016,3.48648020528319,0.167661581672372
309,2016,3.48209438916436,0.166631623368667
310,2016,3.47743459242787,0.165679273850646
311,2016,3.47249388418447,0.164815670838307
312,2016,3.4672653335449,0.164050819879589
313,2016,3.46174200961987,0.163393442608979
314,2016,3.45591698152014,0.162850837180917
315,2016,3.44978331835642,0.1624287556423
316,2016,3.44333408923945,0.162131302787086
317,2016,3.43656236327997,0.161960860485896
318,2016,3.42946120958871,0.161918040622601
319,2016,3.4220236972764,0.162001668651827
320,2016,3.41424289545377,0.162208798501784
321,2016,3.40611187323155,0.162534758193351
322,2016,3.39762369972049,0.162973224245502
323,2016,3.38877144403131,0.163516321798166
324,2016,3.37954817527474,0.164154746495503
325,2016,3.36994696256152,0.164877903592881
326,2016,3.35996087500238,0.165674059501714
327,2016,3.34958298170806,0.166530501055245
328,2016,3.33880635178928,0.167433698124181
329,2016,3.32762405435678,0.168369465773554
330,2016,3.3160291585213,0.169323122861796
331,2016,3.30401473339356,0.17027964477129
332,2016,3.2915738480843,0.171223808765806
333,2016,3.27869957170425,0.172140331246964
334,2016,3.26538497336414,0.173013996896458
335,2016,3.25162312217471,0.173829780325986
336,2016,3.23740708724669,0.174572961408254
337,2016,3.22272993769081,0.175229235936742
338,2016,3.20758474261781,0.1757848236735
339,2016,3.19196457113842,0.176226576213029
340,2016,3.17586249236337,0.176542087439206
341,2016,3.15927157540339,0.176719809705922
342,2016,3.14218488936922,0.176749179255402
343,2016,3.12459550337159,0.176620754825368
344,2016,3.10649648652124,0.176326373909987
345,2016,3.08788090792889,0.175859331749539
346,2016,3.06874183670528,0.175214588844529
347,2016,3.04907622739461,0.174391980455427
348,2016,3.02889657627502,0.173405099039361
349,2016,3.0082192650581,0.172271955032988
350,2016,2.98706067545544,0.171011787894619
351,2016,2.96543718917864,0.169644902710661
352,2016,2.94336518793931,0.168192508560019
353,2016,2.92086105344904,0.166676552174118
354,2016,2.89794116741943,0.165119540928115
355,2016,2.87462191156207,0.163544349796677
356,2016,2.85091966758857,0.161974007703857
357,2016,2.82685081721053,0.160431459788198
358,2016,2.80243174213953,0.158939303575004
359,2016,2.77767882408718,0.157519498951438
360,2016,2.75260844476509,0.15619305417942
361,2016,2.72723698588483,0.154979692885402
362,2016,2.70158082915802,0.153897509874052
363,2016,2.67565635629625,0.152962626467452
364,2016,2.64947994901113,0.152188858533568
365,2016,2.62306798901424,0.151587412055367
1,2017,3.08951165513557,0.177877598002751
2,2017,3.07089607654322,0.177390659631221
3,2017,3.05175700531961,0.17672672731049
4,2017,3.03209139600895,0.175885602115166
5,2017,3.01191174488936,0.174880768448609
6,2017,2.99123443367243,0.173730107997495
7,2017,2.97007584406977,0.172452727632157
8,2017,2.94845235779298,0.171068796408312
9,2017,2.92638035655365,0.169599384472632
10,2017,2.90387622206338,0.168066297525725
11,2017,2.88095633603376,0.166491900985264
12,2017,2.85763708017641,0.164898928577624
13,2017,2.83393483620291,0.163310270863629
14,2017,2.80986598582486,0.161748740266345
15,2017,2.78544691075387,0.160236810597765
16,2017,2.76069399270152,0.158796330929205
17,2017,2.73562361337942,0.157448215921115
18,2017,2.71025215449917,0.156212117355916
19,2017,2.68459599777236,0.155106084449442
20,2017,2.65867152491059,0.154146223307505
21,2017,2.63249511762546,0.153346368318676
22,2017,2.60608315762857,0.152717779963968
23,2017,2.57945202663152,0.152268884125786
24,2017,2.5526181063459,0.152005067229318
25,2017,2.52559777848332,0.151928539349598
26,2017,2.49840742475536,0.152038273879591
27,2017,2.47106342687364,0.152330027813387
28,2017,2.44358216654974,0.152796441667193
29,2017,2.41598002549526,0.153427213144387
30,2017,2.38827338542181,0.154209334434052
31,2017,2.36047862804098,0.15512737997338
32,2017,2.33261213506437,0.156163829861024
33,2017,2.30469028820358,0.157299413913711
34,2017,2.27672946917021,0.158513462445104
35,2017,2.24874605967585,0.15978425190758
36,2017,2.2207564414321,0.161089336204863
37,2017,2.19277699615056,0.162405857395015
38,2017,2.16482410554283,0.163710832358544
39,2017,2.1369141513205,0.164981414592807
40,2017,2.10906351519518,0.166195132493355
41,2017,2.08128857887847,0.167330107259997
42,2017,2.05360572408195,0.168365254948943
43,2017,2.02603133251724,0.169280478253117
44,2017,1.99858178589592,0.170056854424419
45,2017,1.97127346592959,0.170676826456073
46,2017,1.94412275432986,0.171124405319662
47,2017,1.91714603280832,0.171385391791208
48,2017,1.89035968307658,0.171447627281822
49,2017,1.86378008684622,0.17130128417299
50,2017,1.83742362582884,0.170939207482913
51,2017,1.81130675646722,0.170357368360532
52,2017,1.7854580696773,0.169562794466724
53,2017,1.75993160233729,0.168581242241686
54,2017,1.73478459542417,0.167442249298424
55,2017,1.71007428991491,0.166176680143227
56,2017,1.68585792678649,0.164816325707076
57,2017,1.6621927470159,0.163393490804259
58,2017,1.63913599158009,0.161940558072851
59,2017,1.61674490145606,0.160489520518976
60,2017,1.59507671762078,0.159071479029319
61,2017,1.57418868105122,0.157716106240987
62,2017,1.55413803272437,0.156451083893615
63,2017,1.5349820136172,0.155301526937209
64,2017,1.51677786470668,0.154289413683122
65,2017,1.4995828269698,0.153433046400466
66,2017,1.48345414138353,0.152746570096685
67,2017,1.46844904892485,0.152239577957785
68,2017,1.45462479057073,0.151916829510871
69,2017,1.44203860729815,0.1517781019287
70,2017,1.4307477400841,0.151818186522442
71,2017,1.42080942990554,0.152027032413531
72,2017,1.41228091773945,0.152390029051264
73,2017,1.40521944456281,0.152888410130325
74,2017,1.3996822513526,0.15349975479344
75,2017,1.39572657908579,0.154198558519159
76,2017,1.39340966873936,0.154956845943981
77,2017,1.39278876129029,0.155744800669092
78,2017,1.39392109771556,0.156531392112101
79,2017,1.39686391899214,0.157284985799923
80,2017,1.401674466097,0.157973930336444
81,2017,1.40840998000714,0.158567120990655
82,2017,1.41712770169951,0.159034546068365
83,2017,1.42788487215111,0.159347827839346
84,2017,1.4407387323389,0.159480774887711
85,2017,1.45574652323986,0.159409967578956
86,2017,1.47296548583098,0.159115403212175
87,2017,1.49245286108922,0.158581232677857
88,2017,1.51426588999157,0.157796626323174
89,2017,1.538461813515,0.156756813297476
90,2017,1.56508862466262,0.15546637488114
91,2017,1.59408680874141,0.153961277253144
92,2017,1.62532749125436,0.152297938386475
93,2017,1.65868064170774,0.150536443866391
94,2017,1.69401622960781,0.148739111466827
95,2017,1.73120422446085,0.146969179098211
96,2017,1.77011459577311,0.145289308955085
97,2017,1.81061731305087,0.14375988937351
98,2017,1.85258234580039,0.142437154198238
99,2017,1.89587966352793,0.14137118600619
100,2017,1.94037923573978,0.14060391831716
101,2017,1.98595103194218,0.140167292652208
102,2017,2.03246502164141,0.140081746478669
103,2017,2.07979117434373,0.140355197231629
104,2017,2.12779945955541,0.14098264229104
105,2017,2.17635984678273,0.14194642188412
106,2017,2.22534230553193,0.143217107648184
107,2017,2.2746168053093,0.144754904369265
108,2017,2.32405331562109,0.146511403213731
109,2017,2.37352180597357,0.148431509574026
110,2017,2.42289224587302,0.150455385044476
111,2017,2.47203460482569,0.152520281132033
112,2017,2.52081885233786,0.154562189647056
113,2017,2.56911495791578,0.156517280682314
114,2017,2.61679289106573,0.158323137150514
115,2017,2.66372262129398,0.159919822779985
116,2017,2.70977411810678,0.16125083923845
117,2017,2.75481812635445,0.162264355331416
118,2017,2.79877191152949,0.162932891795265
119,2017,2.84162484611984,0.163265096677383
120,2017,2.88337250536575,0.163278612385977
121,2017,2.92401046450744,0.162996416458286
122,2017,2.96353429878515,0.162445868860618
123,2017,3.0019395834391,0.161657918015038
124,2017,3.03922189370954,0.160666414660542
125,2017,3.0753768048367,0.159507491372945
126,2017,3.1103998920608,0.158218972554764
127,2017,3.1442867306221,0.156839785681676
128,2017,3.17703289576081,0.155409350296206
129,2017,3.20863396271717,0.153966927376021
130,2017,3.23908550673142,0.152550918867689
131,2017,3.26838310304379,0.151198115747204
132,2017,3.29652232689451,0.14994290298054
133,2017,3.32349875352382,0.148816440767013
134,2017,3.34930795817195,0.147845852453491
135,2017,3.37394551607914,0.147053458989001
136,2017,3.39740700248561,0.146456105928905
137,2017,3.41968799263161,0.146064630083098
138,2017,3.44078406175736,0.145883507842364
139,2017,3.4606907851031,0.145910716008776
140,2017,3.47940373790906,0.146137819909386
141,2017,3.49691849541548,0.146550285148693
142,2017,3.5132306328626,0.147127991623294
143,2017,3.52833572549063,0.147845914298777
144,2017,3.54222934853982,0.148674926792157
145,2017,3.55490707725041,0.149582681802095
146,2017,3.56636448686262,0.150534526399684
147,2017,3.57659715261669,0.151494418721363
148,2017,3.58560064975285,0.15242582386566
149,2017,3.59337055351133,0.1532925790411
150,2017,3.59990243913238,0.154059729918351
151,2017,3.60519188185622,0.154694350940739
152,2017,3.60923445692309,0.155166371810431
153,2017,3.61202573957322,0.155449440653995
154,2017,3.61356130504685,0.155521861848792
155,2017,3.6138367285842,0.155367653527604
156,2017,3.6128583920721,0.154982459330489
157,2017,3.61069314818335,0.154395238576729
158,2017,3.60742887189546,0.153648803864217
159,2017,3.60315345929264,0.152789045486643
160,2017,3.59795480645912,0.151863601881777
161,2017,3.59192080947912,0.150920541498849
162,2017,3.58513936443686,0.150007018471187
163,2017,3.57769836741656,0.14916789586038
164,2017,3.56968571450245,0.148444353735257
165,2017,3.56118930177875,0.147872522697112
166,2017,3.55229702532968,0.147482203786569
167,2017,3.54309678123947,0.147295749303185
168,2017,3.53367646559233,0.147327182349793
169,2017,3.52412397447249,0.147581623667279
170,2017,3.51452720396416,0.148055072840966
171,2017,3.50497405015158,0.148734560485253
172,2017,3.49555240911897,0.149598654196619
173,2017,3.48635017695054,0.150618270468837
174,2017,3.47745524973052,0.151757723010778
175,2017,3.46895552354314,0.152975928207358
176,2017,3.4609388944726,0.154227691074791
177,2017,3.45349325860315,0.155465007752838
178,2017,3.44670651201899,0.156638339757024
179,2017,3.44066655080435,0.157697837172959
180,2017,3.43546127104346,0.1585945098205
181,2017,3.43117856882053,0.159281365520399
182,2017,3.42790634021979,0.159714552609325
183,2017,3.42573248132546,0.15985456043956
184,2017,3.42474488822176,0.159667548098622
185,2017,3.42503145699292,0.159126889617282
186,2017,3.42667496803719,0.158216800442942
187,2017,3.4296663649584,0.156963621213711
188,2017,3.43391715498873,0.155429986653184
189,2017,3.43933622612914,0.153686374844913
190,2017,3.44583246638059,0.151808690453629
191,2017,3.45331476374404,0.149876677390531
192,2017,3.46169200622046,0.14797212371794
193,2017,3.47087308181081,0.146176762231889
194,2017,3.48076687851604,0.144569817250301
195,2017,3.49128228433713,0.143225217023127
196,2017,3.50232818727504,0.142208579977368
197,2017,3.51381347533073,0.141574179480076
198,2017,3.52564703650515,0.141362172663731
199,2017,3.53773775879928,0.141596414957463
200,2017,3.54999453021407,0.142283149820285
201,2017,3.56232623875048,0.143410758467514
202,2017,3.57464177240949,0.144950599149098
203,2017,3.58685001919205,0.146858802363172
204,2017,3.59885986709912,0.14907876301808
205,2017,3.61058020413167,0.15154401270411
206,2017,3.62191991829065,0.154181168712444
207,2017,3.63278789757704,0.156912722761665
208,2017,3.64309302999179,0.159659523133475
209,2017,3.65274420353586,0.162342893345517
210,2017,3.66165030621022,0.16488640270344
211,2017,3.66972022601583,0.167217353851892
212,2017,3.67686285095365,0.169268082226868
213,2017,3.68298706902465,0.170977178304988
214,2017,3.68802488361273,0.172300906932333
215,2017,3.69200075963364,0.173245037350009
216,2017,3.69496227738607,0.173834220547042
217,2017,3.69695701716871,0.174100194560446
218,2017,3.69803255928024,0.17408030230044
219,2017,3.69823648401935,0.173816243605849
220,2017,3.69761637168475,0.173352975730924
221,2017,3.69621980257511,0.172737694974573
222,2017,3.69409435698912,0.172018847786385
223,2017,3.69128761522548,0.171245133952175
224,2017,3.68784715758287,0.170464478642942
225,2017,3.68382056435999,0.169722965025669
226,2017,3.67925541585552,0.16906373497921
227,2017,3.67419929236816,0.168525881659991
228,2017,3.66869977419659,0.168143372833504
229,2017,3.66280444163951,0.167944055975206
230,2017,3.6565608749956,0.167948802828034
231,2017,3.65001665456356,0.168170850417544
232,2017,3.64321936064207,0.168615386556553
233,2017,3.63621657352982,0.169279411285962
234,2017,3.62905587352551,0.170151883853627
235,2017,3.62178484092782,0.171214141345057
236,2017,3.61445105603545,0.17244055395663
237,2017,3.60710209914708,0.173799366534526
238,2017,3.5997855505614,0.175253668379631
239,2017,3.59254899057711,0.176762433723578
240,2017,3.58543999949289,0.178281582511338
241,2017,3.57850615760743,0.179765023072486
242,2017,3.57179504521943,0.181165652594869
243,2017,3.56535424262757,0.182436306038533
244,2017,3.55923133013054,0.183530657914784
245,2017,3.55347351638154,0.184404320160214
246,2017,3.54810571130414,0.185029365252346
247,2017,3.54311826179097,0.18540394026088
248,2017,3.53849854157073,0.18553339748122
249,2017,3.53423392437211,0.185427705325682
250,2017,3.5303117839238,0.185100757707843
251,2017,3.52671949395449,0.184569788460923
252,2017,3.52344442819287,0.183854866556309
253,2017,3.52047396036763,0.182978450769664
254,2017,3.51779546420746,0.181964985042716
255,2017,3.51539631344106,0.180840518109531
256,2017,3.51326388179711,0.17963233308976
257,2017,3.51138554300431,0.178368574842884
258,2017,3.50974867079134,0.177077865096114
259,2017,3.50834063888689,0.175788897873262
260,2017,3.50714882101967,0.174530010704193
261,2017,3.50616059091835,0.173328730566777
262,2017,3.50536332231163,0.172211297493816
263,2017,3.5047443889282,0.171202173127322
264,2017,3.50429116449675,0.170323545935139
265,2017,3.50399102274597,0.16959484889017
266,2017,3.50383133740455,0.169032308616114
267,2017,3.50379948220118,0.168648546767502
268,2017,3.50388283086455,0.168452254266359
269,2017,3.50406875712336,0.168447956704721
270,2017,3.5043446347063,0.16863588479424
271,2017,3.50469783734205,0.169011957605798
272,2017,3.5051157387593,0.169567879208834
273,2017,3.50558571268675,0.17029134209732
274,2017,3.50609513285309,0.171166324398756
275,2017,3.50663137298701,0.172173463064577
276,2017,3.5071818068172,0.173290482500904
277,2017,3.50773380807234,0.174492657532804
278,2017,3.50827475048114,0.175753290995171
279,2017,3.50879200777228,0.177044189169039
280,2017,3.50927295367445,0.178336122183046
281,2017,3.50970496191634,0.179599260831002
282,2017,3.51007540622665,0.180803585565507
283,2017,3.51037166033406,0.181919267401583
284,2017,3.51058109796727,0.182917023940206
285,2017,3.510691539475,0.183770008791449
286,2017,3.51069435212428,0.184465309881886
287,2017,3.51058259460907,0.184998610281842
288,2017,3.51034933604009,0.185368289397615
289,2017,3.50998764552807,0.185575058477153
290,2017,3.50949059218374,0.185621675960337
291,2017,3.50885124511785,0.185512701301871
292,2017,3.50806267344112,0.185254281519724
293,2017,3.50711794626428,0.184853965164211
294,2017,3.50601013269807,0.184320538873753
295,2017,3.50473230185322,0.18366388213893
296,2017,3.50327752284047,0.182894836314883
297,2017,3.50163886477054,0.182025084295782
298,2017,3.49980939675418,0.18106703759624
299,2017,3.4977821879021,0.180033727881741
300,2017,3.49555030732505,0.178938700266464
301,2017,3.49310682413376,0.177795905968172
302,2017,3.49044480743896,0.176619592194093
303,2017,3.48755732635139,0.17542418744727
304,2017,3.48443744998177,0.174224180807861
305,2017,3.48107824744084,0.173033994173683
306,2017,3.47747278783934,0.171867846950222
307,2017,3.47361414028799,0.170739613266583
308,2017,3.46949537389753,0.169662672455236
309,2017,3.46510955777869,0.168649754252932
310,2017,3.46044976104221,0.167712780927479
311,2017,3.45550905279881,0.16686270926629
312,2017,3.45028050215923,0.166109376022233
313,2017,3.44475717823421,0.165461350937345
314,2017,3.43893215013447,0.164925801791604
315,2017,3.43279848697075,0.164508375996328
316,2017,3.42634925785379,0.164213103030793
317,2017,3.41957753189431,0.164042321493096
318,2017,3.41247637820304,0.163996633719784
319,2017,3.40503886589073,0.164074889873957
320,2017,3.3972580640681,0.164274202187756
321,2017,3.38912704184589,0.164589988772013
322,2017,3.38063886833482,0.165016045180846
323,2017,3.37178661264564,0.165544640843368
324,2017,3.36256334388907,0.166166636631103
325,2017,3.35296213117586,0.166871619272429
326,2017,3.34297604361672,0.1676480480763
327,2017,3.33259815032239,0.168483409476608
328,2017,3.32182152040362,0.169364375219341
329,2017,3.31063922297112,0.170276960532534
330,2017,3.29904432713563,0.171206679280274
331,2017,3.28702990200789,0.172138693842929
332,2017,3.27458901669863,0.173057958229845
333,2017,3.26171474031858,0.173949353672542
334,2017,3.24840014197847,0.174797816634743
335,2017,3.23463829078904,0.175588459792722
336,2017,3.22042225586102,0.176306687080332
337,2017,3.20574510630515,0.176938304362889
338,2017,3.19059991123215,0.177469627715652
339,2017,3.17497973975275,0.177887591654217
340,2017,3.1588776609777,0.178179860017317
341,2017,3.14228674401773,0.178334942560507
342,2017,3.12520005798356,0.178342320705972
343,2017,3.10761067198593,0.178192586332503
344,2017,3.08951165513557,0.177877598002751
345,2017,3.07089607654322,0.177390659631221
346,2017,3.05175700531961,0.17672672731049
347,2017,3.03209139600895,0.175885602115166
348,2017,3.01191174488936,0.174880768448609
349,2017,2.99123443367243,0.173730107997495
350,2017,2.97007584406977,0.172452727632157
351,2017,2.94845235779298,0.171068796408312
352,2017,2.92638035655365,0.169599384472632
353,2017,2.90387622206338,0.168066297525725
354,2017,2.88095633603376,0.166491900985264
355,2017,2.85763708017641,0.164898928577624
356,2017,2.83393483620291,0.163310270863629
357,2017,2.80986598582486,0.161748740266345
358,2017,2.78544691075387,0.160236810597765
359,2017,2.76069399270152,0.158796330929205
360,2017,2.73562361337942,0.157448215921115
361,2017,2.71025215449917,0.156212117355916
362,2017,2.68459599777236,0.155106084449442
363,2017,2.65867152491059,0.154146223307505
364,2017,2.63249511762546,0.153346368318676
365,2017,2.60608315762857,0.152717779963968
1,2018,3.07170983396135,0.178443062492253
2,2018,3.053094255369,0.177925632182021
3,2018,3.03395518414539,0.177230793176856
4,2018,3.01428957483473,0.176358274115071
5,2018,2.99410992371513,0.17532149093277
6,2018,2.97343261249821,0.174138262485442
7,2018,2.95227402289555,0.172827638766217
8,2018,2.93065053661876,0.171409739866751
9,2018,2.90857853537943,0.169905597006912
10,2018,2.88607440088916,0.168336989297792
11,2018,2.86315451485954,0.166726270362612
12,2018,2.83983525900219,0.165096179492111
13,2018,2.81613301502869,0.163469632750129
14,2018,2.79206416465064,0.161869490466401
15,2018,2.76764508957964,0.160318298941595
16,2018,2.7428921715273,0.158838006001993
17,2018,2.7178217922052,0.157449652288576
18,2018,2.69245033332494,0.156173042789663
19,2018,2.66679417659814,0.155026405982488
20,2018,2.64086970373637,0.154026050797646
21,2018,2.61469329645124,0.153186034137183
22,2018,2.58828133645435,0.152517853488346
23,2018,2.5616502054573,0.152030179915308
24,2018,2.53481628517168,0.151728646098554
25,2018,2.5077959573091,0.151615702003646
26,2018,2.48060560358114,0.151690547289386
27,2018,2.45326160569941,0.151949145029625
28,2018,2.42578034537552,0.152384316232645
29,2018,2.39817820432104,0.152985909610221
30,2018,2.37047156424759,0.153741036679209
31,2018,2.34267680686676,0.154634359054757
32,2018,2.31481031389015,0.155648412999408
33,2018,2.28688846702936,0.156763955979259
34,2018,2.25892764799599,0.157960320991263
35,2018,2.23094423850163,0.159215766460396
36,2018,2.20295462025788,0.160507812186481
37,2018,2.17497517497634,0.161813554776114
38,2018,2.14702228436861,0.163109958912111
39,2018,2.11911233014628,0.16437412346749
40,2018,2.09126169402096,0.165583523735767
41,2018,2.06348675770425,0.166716232883333
42,2018,2.03580390290773,0.167751127158483
43,2018,2.00822951134302,0.168668080485573
44,2018,1.9807799647217,0.169448154926376
45,2018,1.95347164475537,0.170073794207161
46,2018,1.92632093315564,0.170529028190771
47,2018,1.8993442116341,0.170799696909993
48,2018,1.87255786190236,0.170873703650817
49,2018,1.84597826567199,0.170741307642706
50,2018,1.81962180465462,0.170395468214103
51,2018,1.793504935293,0.169832300601828
52,2018,1.76765624850308,0.169058958738674
53,2018,1.74212978116307,0.16810124312045
54,2018,1.71698277424995,0.166988730579151
55,2018,1.69227246874069,0.165752326210346
56,2018,1.66805610561227,0.164423856266798
57,2018,1.64439092584168,0.163035648652526
58,2018,1.62133417040587,0.161620089650088
59,2018,1.59894308028184,0.160209149202171
60,2018,1.57727489644656,0.158833871442019
61,2018,1.556386859877,0.157523832318781
62,2018,1.53633621155015,0.156306572001383
63,2018,1.51718019244298,0.155207015943149
64,2018,1.49897604353246,0.154246904474873
65,2018,1.48178100579558,0.153444255781704
66,2018,1.46565232020931,0.152812890225465
67,2018,1.45064722775063,0.152362044395591
68,2018,1.43682296939651,0.152096100502076
69,2018,1.42423678612393,0.152014450743383
70,2018,1.41294591890988,0.152111507657643
71,2018,1.40300760873132,0.15237686129891
72,2018,1.39447909656523,0.152795573809379
73,2018,1.38741762338859,0.153348593052013
74,2018,1.38188043017838,0.154013260612709
75,2018,1.37792475791157,0.154763886352857
76,2018,1.37560784756514,0.155572361876945
77,2018,1.37498694011607,0.156408788341912
78,2018,1.37611927654134,0.157242099204979
79,2018,1.37906209781792,0.158040664897522
80,2018,1.38387264492278,0.158772873215352
81,2018,1.39060815883292,0.159407685827639
82,2018,1.39932588052529,0.159915177384629
83,2018,1.41008305097689,0.160267069155217
84,2018,1.42293691116468,0.160437274059129
85,2018,1.43794470206564,0.160402474622618
86,2018,1.45516366465676,0.160142760099335
87,2018,1.474651039915,0.159642354080383
88,2018,1.49646406881735,0.158890469613538
89,2018,1.52065999234078,0.157882335215305
90,2018,1.5472868034884,0.156622470971425
91,2018,1.57628498756719,0.15514669936971
92,2018,1.60752567008014,0.153511202551723
93,2018,1.64087882053352,0.151775740907749
94,2018,1.67621440843359,0.150002223533544
95,2018,1.71340240328663,0.148253407463876
96,2018,1.75231277459889,0.146591420547605
97,2018,1.79281549187665,0.145076090875708
98,2018,1.83478052462617,0.143763102726952
99,2018,1.87807784235371,0.142702043681281
100,2018,1.92257741456555,0.141934454110118
101,2018,1.96814921076796,0.14149202895639
102,2018,2.01466320046719,0.141395140827366
103,2018,2.06198935316951,0.141651843127204
104,2018,2.10999763838119,0.142257469020469
105,2018,2.1585580256085,0.143194872812619
106,2018,2.20754048435771,0.144435280051812
107,2018,2.25681498413508,0.145939640413307
108,2018,2.30625149444687,0.147660329405768
109,2018,2.35571998479935,0.149543029013833
110,2018,2.4050904246988,0.151528631703192
111,2018,2.45423278365147,0.153555047720451
112,2018,2.50301703116364,0.155558840643475
113,2018,2.55131313674156,0.157476660493562
114,2018,2.59899106989151,0.159246480980074
115,2018,2.64592080011976,0.160808675235084
116,2018,2.69197229693256,0.162106983442142
117,2018,2.73701630518022,0.163089751810702
118,2018,2.78097009035527,0.163729531844372
119,2018,2.82382302494562,0.164034828243352
120,2018,2.86557068419153,0.164023128671278
121,2018,2.90620864333322,0.163717263975793
122,2018,2.94573247761093,0.163144458683196
123,2018,2.98413776226488,0.162335538815913
124,2018,3.02142007253532,0.161324246761692
125,2018,3.05757498366248,0.160146621426933
126,2018,3.09259807088658,0.158840408748145
127,2018,3.12648490944788,0.157444473507766
128,2018,3.15923107458659,0.155998189026405
129,2018,3.19083214154295,0.154540787375205
130,2018,3.2212836855572,0.153110659856859
131,2018,3.25058128186957,0.151744606020291
132,2018,3.27872050572029,0.15047703943917
133,2018,3.3056969323496,0.149339169461419
134,2018,3.33150613699773,0.148358189133087
135,2018,3.35614369490492,0.14755650900545
136,2018,3.37960518131139,0.146951082735914
137,2018,3.40188617145739,0.146552871575982
138,2018,3.42298224058314,0.146366489898643
139,2018,3.44288896392888,0.146390062828201
140,2018,3.46160191673484,0.146615311080909
141,2018,3.47911667424126,0.147027859743526
142,2018,3.49542881168837,0.147607749967089
143,2018,3.51053390431641,0.148330118355986
144,2018,3.5244275273656,0.149166000263961
145,2018,3.53710525607619,0.150083211082723
146,2018,3.5485626656884,0.15104726346538
147,2018,3.55879533144246,0.152022286868372
148,2018,3.56779882857863,0.15297192699987
149,2018,3.57556873233711,0.153860214978427
150,2018,3.58210061795816,0.154652407893794
151,2018,3.587390060682,0.155315813239485
152,2018,3.59143263574887,0.155820619099309
153,2018,3.594223918399,0.156140760155567
154,2018,3.59575948387263,0.156254856885612
155,2018,3.59603490740998,0.156147272060477
156,2018,3.59505657089788,0.155813936681122
157,2018,3.59289132700913,0.155283645108417
158,2018,3.58962705072124,0.154598846563161
159,2018,3.58535163811842,0.153805004776049
160,2018,3.5801529852849,0.152949253348171
161,2018,3.5741189883049,0.152079066523682
162,2018,3.56733754326264,0.151240909904435
163,2018,3.55989654624234,0.150478866811821
164,2018,3.55188389332823,0.149833259071025
165,2018,3.54338748060453,0.149339303451413
166,2018,3.53449520415546,0.149025863997636
167,2018,3.52529496006525,0.148914372509247
168,2018,3.51587464441811,0.14901799121748
169,2018,3.50632215329826,0.149341081457718
170,2018,3.49672538278994,0.149879020473736
171,2018,3.48717222897736,0.150618378798574
172,2018,3.47775058794475,0.151537438437427
173,2018,3.46854835577632,0.152607003499702
174,2018,3.4596534285563,0.153791435112571
175,2018,3.45115370236892,0.155049834176465
176,2018,3.44313707329838,0.156337298817775
177,2018,3.43569143742893,0.157606196025909
178,2018,3.42890469084477,0.158807405515806
179,2018,3.42286472963013,0.159891514876764
180,2018,3.41765944986924,0.160809965896948
181,2018,3.41337674764631,0.161516171122651
182,2018,3.41010451904557,0.161966636939461
183,2018,3.40793066015124,0.162122145408075
184,2018,3.40694306704754,0.161949063021188
185,2018,3.4072296358187,0.161420862011171
186,2018,3.40887314686297,0.160521709446655
187,2018,3.41186454378418,0.159277611098785
188,2018,3.41611533381451,0.157750592484616
189,2018,3.42153440495492,0.156010355161265
190,2018,3.42803064520636,0.154131877417003
191,2018,3.43551294256982,0.152193850249294
192,2018,3.44389018504624,0.150276920439904
193,2018,3.45307126063658,0.1484616488395
194,2018,3.46296505734182,0.146826136486707
195,2018,3.47348046316291,0.145443335586411
196,2018,3.48452636610082,0.144378145035203
197,2018,3.49601165415651,0.143684480187152
198,2018,3.50784521533093,0.143402582968796
199,2018,3.51993593762505,0.143556874766098
200,2018,3.53219270903985,0.144154628738297
201,2018,3.54452441757626,0.145185645066724
202,2018,3.55683995123527,0.146622970507584
203,2018,3.56904819801783,0.148424550311539
204,2018,3.5810580459249,0.150535578418513
205,2018,3.59277838295745,0.152891250141235
206,2018,3.60411809711643,0.155419626578084
207,2018,3.61498607640282,0.158044376897281
208,2018,3.62529120881756,0.160687247939052
209,2018,3.63494238236164,0.163270195880621
210,2018,3.643848485036,0.165717185916647
211,2018,3.65191840484161,0.167955716797376
212,2018,3.65906102977943,0.169918158956041
213,2018,3.66518524785042,0.1715430132051
214,2018,3.67022306243851,0.172786300562082
215,2018,3.67419893845942,0.17365327311438
216,2018,3.67716045621185,0.174168061308389
217,2018,3.67915519599449,0.174361956865171
218,2018,3.68023073810602,0.174271933046109
219,2018,3.68043466284513,0.173939397752428
220,2018,3.67981455051053,0.173409094561779
221,2018,3.67841798140088,0.172728084677111
222,2018,3.6762925358149,0.171944757944574
223,2018,3.67348579405125,0.171107835056824
224,2018,3.67004533640865,0.170265337043037
225,2018,3.66601874318577,0.16946351298651
226,2018,3.6614535946813,0.168745732825106
227,2018,3.65639747119394,0.168151368527632
228,2018,3.65089795302237,0.167714702513945
229,2018,3.64500262046529,0.1674639148069
230,2018,3.63875905382138,0.16742020766524
231,2018,3.63221483338933,0.167597126260244
232,2018,3.62541753946785,0.168000125281543
233,2018,3.6184147523556,0.16862641475843
234,2018,3.61125405235129,0.169465096192741
235,2018,3.6039830197536,0.170497575997235
236,2018,3.59664923486123,0.171698221363186
237,2018,3.58930027797286,0.173035207598776
238,2018,3.58198372938718,0.174471497817825
239,2018,3.57474716940289,0.175965895981408
240,2018,3.56763817831867,0.177474121508164
241,2018,3.56070433643321,0.178949865811234
242,2018,3.55399322404521,0.180345805775517
243,2018,3.54755242145335,0.18161456428067
244,2018,3.54142950895632,0.182709622007244
245,2018,3.53567169520732,0.183586423604529
246,2018,3.53030389012992,0.184216894475372
247,2018,3.52531644061675,0.184599055428146
248,2018,3.52069672039651,0.184738172663785
249,2018,3.51643210319789,0.184644164031121
250,2018,3.51250996274958,0.184330902418995
251,2018,3.50891767278027,0.183815624810952
252,2018,3.50564260701865,0.18311842257087
253,2018,3.50267213919341,0.182261791412336
254,2018,3.49999364303324,0.181270222122039
255,2018,3.49759449226684,0.18016981545564
256,2018,3.49546206062289,0.178987906796109
257,2018,3.49358372183009,0.177752688305349
258,2018,3.49194684961712,0.176492818580525
259,2018,3.49053881771267,0.175237012415897
260,2018,3.48934699984545,0.174013606308301
261,2018,3.48835876974413,0.172850098906351
262,2018,3.48756150113741,0.171772669668109
263,2018,3.48694256775398,0.170805683406534
264,2018,3.48648934332252,0.1699711928636
265,2018,3.48618920157174,0.16928845551645
266,2018,3.48602951623032,0.168773483937612
267,2018,3.48599766102696,0.168438650646303
268,2018,3.48608100969033,0.168292368041683
269,2018,3.48626693594914,0.168338861468193
270,2018,3.48654281353208,0.168578048816303
271,2018,3.48689601616783,0.169005533751576
272,2018,3.48731391758508,0.169612712438543
273,2018,3.48778389151253,0.17038698640578
274,2018,3.48829331167887,0.171312067904535
275,2018,3.48882955181279,0.172368359485204
276,2018,3.48937998564298,0.173533386986951
277,2018,3.48993198689812,0.174782264784375
278,2018,3.49047292930692,0.176088173721433
279,2018,3.49099018659806,0.177422835225663
280,2018,3.49147113250023,0.178756969075794
281,2018,3.49190314074212,0.180060726650709
282,2018,3.49227358505243,0.18130409577524
283,2018,3.49256983915984,0.182457277199216
284,2018,3.49277927679305,0.183491036151382
285,2018,3.49288971830078,0.184378593301952
286,2018,3.49289253095006,0.185107154873495
287,2018,3.49278077343485,0.185672533168611
288,2018,3.49254751486586,0.186073221905598
289,2018,3.49218582435384,0.186310031711855
290,2018,3.49168877100952,0.186385805770802
291,2018,3.49104942394363,0.186305174007044
292,2018,3.49026085226689,0.186074340001035
293,2018,3.48931612509006,0.185700895291721
294,2018,3.48820831152385,0.185193656215284
295,2018,3.486930480679,0.18456251889806
296,2018,3.48547570166625,0.183818328451351
297,2018,3.48383704359632,0.182972758798811
298,2018,3.48200757557995,0.182038199906114
299,2018,3.47998036672788,0.181027649486759
300,2018,3.47774848615083,0.179954606540177
301,2018,3.47530500295954,0.17883296435471
302,2018,3.47264298626474,0.1776769008959
303,2018,3.46975550517717,0.176500764817892
304,2018,3.46663562880755,0.175318955699814
305,2018,3.46327642626662,0.174145797534476
306,2018,3.45967096666512,0.172995404994089
307,2018,3.45581231911377,0.171881542570463
308,2018,3.45169355272331,0.170817477329945
309,2018,3.44730773660447,0.169815826719378
310,2018,3.44264793986798,0.168888403579252
311,2018,3.43770723162459,0.168046061221826
312,2018,3.43247868098501,0.167298542062519
313,2018,3.42695535705999,0.166654333792354
314,2018,3.42113032896025,0.166120537387683
315,2018,3.41499666579653,0.16570275131803
316,2018,3.40854743667957,0.165404976097304
317,2018,3.40177571072009,0.16522954281561
318,2018,3.39467455702882,0.165177068505507
319,2018,3.38723704471651,0.165246440185764
320,2018,3.37945624289388,0.165434828262591
321,2018,3.37132522067167,0.165737728747165
322,2018,3.3628370471606,0.166149032570863
323,2018,3.35398479147142,0.16666111924226
324,2018,3.34476152271485,0.167264971271588
325,2018,3.33516031000163,0.167950305241646
326,2018,3.3251742224425,0.168705715151164
327,2018,3.31479632914817,0.1695188236894
328,2018,3.30401969922939,0.170376437386021
329,2018,3.2928374017969,0.171264702067108
330,2018,3.28124250596141,0.172169255676692
331,2018,3.26922808083367,0.173075376232905
332,2018,3.25678719552441,0.173968123424494
333,2018,3.24391291914436,0.17483247307312
334,2018,3.23059832080425,0.175653444358955
335,2018,3.21683646961482,0.176416220313645
336,2018,3.2026204346868,0.177106262620211
337,2018,3.18794328513093,0.17770942222799
338,2018,3.17279809005793,0.178212047704284
339,2018,3.15717791857853,0.1786010936202
340,2018,3.14107583980348,0.178864231627076
341,2018,3.1244849228435,0.178989967244553
342,2018,3.10739823680934,0.178967765775323
343,2018,3.08980885081171,0.178788191208154
344,2018,3.07170983396135,0.178443062492253
345,2018,3.053094255369,0.177925632182021
346,2018,3.03395518414539,0.177230793176856
347,2018,3.01428957483473,0.176358274115071
348,2018,2.99410992371513,0.17532149093277
349,2018,2.97343261249821,0.174138262485442
350,2018,2.95227402289555,0.172827638766217
351,2018,2.93065053661876,0.171409739866751
352,2018,2.90857853537943,0.169905597006912
353,2018,2.88607440088916,0.168336989297792
354,2018,2.86315451485954,0.166726270362612
355,2018,2.83983525900219,0.165096179492111
356,2018,2.81613301502869,0.163469632750129
357,2018,2.79206416465064,0.161869490466401
358,2018,2.76764508957964,0.160318298941595
359,2018,2.7428921715273,0.158838006001993
360,2018,2.7178217922052,0.157449652288576
361,2018,2.69245033332494,0.156173042789663
362,2018,2.66679417659814,0.155026405982488
363,2018,2.64086970373637,0.154026050797646
364,2018,2.61469329645124,0.153186034137183
365,2018,2.58828133645435,0.152517853488346
1,2019,3.05701986459293,0.178422676622038
2,2019,3.03840428600058,0.177862035313905
3,2019,3.01926521477696,0.177122456122406
4,2019,2.9995996054663,0.176203541968141
5,2019,2.97941995434671,0.175118650232065
6,2019,2.95874264312979,0.173885567229036
7,2019,2.93758405352713,0.172523323006055
8,2019,2.91596056725033,0.171052034002092
9,2019,2.893888566011,0.169492748038115
10,2019,2.87138443152073,0.167867285250778
11,2019,2.84846454549112,0.166198068992414
12,2019,2.82514528963376,0.164507941213085
13,2019,2.80144304566026,0.162819957514839
14,2019,2.77737419528222,0.161157158024026
15,2019,2.75295512021122,0.159542311556952
16,2019,2.72820220215887,0.157997632325813
17,2019,2.70313182283677,0.156544470669773
18,2019,2.67776036395652,0.155202981955854
19,2019,2.65210420722971,0.153991780742502
20,2019,2.62617973436794,0.152927590300588
21,2019,2.60000332708282,0.152024900313483
22,2019,2.57359136708593,0.151295647637719
23,2019,2.54696023608887,0.150748936002224
24,2019,2.52012631580326,0.150390810134796
25,2019,2.49310598794067,0.150224097864426
26,2019,2.46591563421272,0.150248330314525
27,2019,2.43857163633099,0.150459745678296
28,2019,2.41109037600709,0.150851376769846
29,2019,2.38348823495262,0.151413217217484
30,2019,2.35578159487917,0.15213245646064
31,2019,2.32798683749834,0.152993770165682
32,2019,2.30012034452173,0.153979650618935
33,2019,2.27219849766094,0.155070761171029
34,2019,2.24423767862756,0.156246299750297
35,2019,2.2162542691332,0.157484358521515
36,2019,2.18826465088945,0.158762269542995
37,2019,2.16028520560791,0.160056929370185
38,2019,2.13233231500018,0.161345098627035
39,2019,2.10442236077786,0.162603675371749
40,2019,2.07657172465254,0.163809943478901
41,2019,2.04879678833582,0.164941799197065
42,2019,2.02111393353931,0.165977960544288
43,2019,1.99353954197459,0.166898165346093
44,2019,1.96608999535327,0.167683364601807
45,2019,1.93878167538695,0.168315918594049
46,2019,1.91163096378722,0.168779803839744
47,2019,1.88465424226568,0.169060839715769
48,2019,1.85786789253393,0.169146944459942
49,2019,1.83128829630357,0.169028431310806
50,2019,1.8049318352862,0.168698356842948
51,2019,1.77881496592457,0.168152981754544
52,2019,1.75296627913465,0.167399638421685
53,2019,1.72743981179464,0.166464304439017
54,2019,1.70229280488152,0.165376751265793
55,2019,1.67758249937226,0.164168093572856
56,2019,1.65336613624385,0.162870374380087
57,2019,1.62970095647325,0.161516136772834
58,2019,1.60664420103745,0.16013797067537
59,2019,1.58425311091342,0.158768027021828
60,2019,1.56258492707813,0.157437496252393
61,2019,1.54169689050858,0.156176053458733
62,2019,1.52164624218172,0.155011278592895
63,2019,1.50249022307455,0.153968066575289
64,2019,1.48428607416404,0.1530680482663
65,2019,1.46709103642716,0.152329048266364
66,2019,1.45096235084088,0.151764608457305
67,2019,1.4359572583822,0.151383606278518
68,2019,1.42213300002808,0.151189993466535
69,2019,1.40954681675551,0.151182674427381
70,2019,1.39825594954145,0.151355534225395
71,2019,1.38831763936289,0.151697615569897
72,2019,1.3797891271968,0.152193433684156
73,2019,1.37272765402016,0.152823409056204
74,2019,1.36719046080995,0.153564391966422
75,2019,1.36323478854314,0.154390249973141
76,2019,1.36091787819672,0.155272490208049
77,2019,1.36029697074765,0.156180891863473
78,2019,1.36142930717291,0.157084129802976
79,2019,1.36437212844949,0.157950376870216
80,2019,1.36918267555436,0.158747879392798
81,2019,1.37591818946449,0.159445506992113
82,2019,1.38463591115687,0.160013283803061
83,2019,1.39539308160846,0.160422913518154
84,2019,1.40824694179625,0.160648315435858
85,2019,1.42325473269722,0.160666193180313
86,2019,1.44047369528833,0.16045666229796
87,2019,1.45996107054658,0.160003967850813
88,2019,1.48177409944892,0.159297328660687
89,2019,1.50597002297235,0.158331951067795
90,2019,1.53259683411998,0.157112301376463
91,2019,1.56159501819877,0.155674210145347
92,2019,1.59283570071172,0.154073865592658
93,2019,1.62618885116509,0.152370952893702
94,2019,1.66152443906517,0.150627229551852
95,2019,1.6987124339182,0.14890523418855
96,2019,1.73762280523047,0.147266823590932
97,2019,1.77812552250822,0.145771521913529
98,2019,1.82009055525774,0.144474702211351
99,2019,1.86338787298529,0.143425663974634
100,2019,1.90788744519713,0.142665715442462
101,2019,1.95345924139953,0.142226406819153
102,2019,1.99997323109876,0.142128078851941
103,2019,2.04729938380109,0.142378881178139
104,2019,2.09530766901277,0.142974373341527
105,2019,2.14386805624008,0.143897754504668
106,2019,2.19285051498929,0.145120690174796
107,2019,2.24212501476665,0.146604634045469
108,2019,2.29156152507844,0.14830249595391
109,2019,2.34103001543093,0.150160490720896
110,2019,2.39040045533037,0.152120015721909
111,2019,2.43954281428305,0.154119438918875
112,2019,2.48832706179521,0.156095722582769
113,2019,2.53662316737314,0.157985851184877
114,2019,2.58430110052309,0.159728068591454
115,2019,2.63123083075133,0.1612629573183
116,2019,2.67728232756413,0.162534411778704
117,2019,2.7223263358118,0.163490883002764
118,2019,2.76628012098684,0.164104941193131
119,2019,2.8091330555772,0.164385021199264
120,2019,2.85088071482311,0.164348535132872
121,2019,2.89151867396479,0.16401824436981
122,2019,2.9310425082425,0.163421313869821
123,2019,2.96944779289646,0.162588523047083
124,2019,3.00673010316689,0.161553583278876
125,2019,3.04288501429405,0.160352520491086
126,2019,3.07790810151816,0.159023087980063
127,2019,3.11179494007945,0.157604180400394
128,2019,3.14454110521816,0.15613522538357
129,2019,3.17614217217453,0.154655535244945
130,2019,3.20659371618878,0.153203608278604
131,2019,3.23589131250115,0.151816377620998
132,2019,3.26403053635187,0.150528415635963
133,2019,3.29100696298118,0.149371112812791
134,2019,3.31681616762931,0.148371861290974
135,2019,3.34145372553649,0.147553282815105
136,2019,3.36491521194297,0.146932547346544
137,2019,3.38719620208896,0.146520829960012
138,2019,3.40829227121471,0.146322948879536
139,2019,3.42819899456046,0.14633721648761
140,2019,3.44691194736642,0.146555519130286
141,2019,3.46442670487284,0.146963622981247
142,2019,3.48073884231995,0.14754168521355
143,2019,3.49584393494798,0.148264935237383
144,2019,3.50973755799718,0.149104481933083
145,2019,3.52241528670776,0.150028200501077
146,2019,3.53387269631997,0.151001656325031
147,2019,3.54410536207404,0.151989031697467
148,2019,3.5531088592102,0.152954032540728
149,2019,3.56087876296869,0.153860764584117
150,2019,3.56741064858974,0.15467458045752
151,2019,3.57270009131358,0.155362910021988
152,2019,3.57674266638045,0.155896095703981
153,2019,3.57953394903058,0.156248262754074
154,2019,3.5810695145042,0.156398261538703
155,2019,3.58134493804156,0.156330725509658
156,2019,3.58036660152945,0.15604183233412
157,2019,3.57820135764071,0.155560287334902
158,2019,3.57493708135281,0.154928306704242
159,2019,3.57066166874999,0.154191078478459
160,2019,3.56546301591647,0.153395401988261
161,2019,3.55942901893647,0.152588345661976
162,2019,3.55264757389421,0.151815889294273
163,2019,3.54520657687392,0.15112154805117
164,2019,3.53719392395981,0.150544998368448
165,2019,3.52869751123611,0.150120747804351
166,2019,3.51980523478704,0.149876908978244
167,2019,3.51060499069682,0.149834148556569
168,2019,3.50118467504968,0.150004882814298
169,2019,3.49163218392984,0.150392780102494
170,2019,3.48203541342152,0.150992608504818
171,2019,3.47248225960894,0.151790437605029
172,2019,3.46306061857632,0.15276417206482
173,2019,3.4538583864079,0.153884367549966
174,2019,3.44496345918788,0.155115261210056
175,2019,3.43646373300049,0.156415941854322
176,2019,3.42844710392996,0.157741588980108
177,2019,3.4210014680605,0.159044722618993
178,2019,3.41421472147635,0.160276424240368
179,2019,3.40817476026171,0.161387509399523
180,2019,3.40296948050081,0.162329652950113
181,2019,3.39868677827789,0.163056486121631
182,2019,3.39541454967715,0.163524701379726
183,2019,3.39324069078282,0.163695216416835
184,2019,3.39225309767912,0.163534464111439
185,2019,3.39253966645028,0.163015892349457
186,2019,3.39418317749455,0.162123526972263
187,2019,3.39717457441576,0.160883091920409
188,2019,3.40142536444608,0.159356191992438
189,2019,3.40684443558649,0.157611983372732
190,2019,3.41334067583794,0.155724792098266
191,2019,3.42082297320139,0.153772574975131
192,2019,3.42920021567781,0.151835198408502
193,2019,3.43838129126816,0.149992445854979
194,2019,3.4482750879734,0.148321706966113
195,2019,3.45879049379449,0.14689536249839
196,2019,3.4698363967324,0.145777957429716
197,2019,3.48132168478808,0.145023340563691
198,2019,3.49315524596251,0.144672022946668
199,2019,3.50524596825663,0.144749044852479
200,2019,3.51750273967142,0.145262620686585
201,2019,3.52983444820784,0.146203746624134
202,2019,3.54214998186685,0.147546822782176
203,2019,3.5543582286494,0.149251194768918
204,2019,3.56636807655647,0.151263398695441
205,2019,3.57808841358902,0.153519828486882
206,2019,3.58942812774801,0.155949542792091
207,2019,3.60029610703439,0.158476978759355
208,2019,3.61060123944914,0.161024418004606
209,2019,3.62025241299321,0.163514132681219
210,2019,3.62915851566757,0.165870210349903
211,2019,3.63722843547318,0.168020108329458
212,2019,3.644371060411,0.169896021866477
213,2019,3.650495278482,0.171436170550106
214,2019,3.65553309307009,0.172596206618888
215,2019,3.659508969091,0.173380967922208
216,2019,3.66247048684343,0.173814224926385
217,2019,3.66446522662606,0.17392698611536
218,2019,3.66554076873759,0.17375602325044
219,2019,3.66574469347671,0.173342629010623
220,2019,3.6651245811421,0.172731522361878
221,2019,3.66372801203246,0.171969834341558
222,2019,3.66160256644647,0.171106121715299
223,2019,3.65879582468283,0.170189369617347
224,2019,3.65535536704022,0.169267958088042
225,2019,3.65132877381734,0.168388582249463
226,2019,3.64676362531288,0.167595131987888
227,2019,3.64170750182551,0.166927553927915
228,2019,3.63620798365395,0.16642073479551
229,2019,3.63031265109686,0.166103458807805
230,2019,3.62406908445296,0.165997499934544
231,2019,3.61752486402091,0.166116910448038
232,2019,3.61072757009942,0.166467558855436
233,2019,3.60372478298718,0.167046953513816
234,2019,3.59656408298286,0.167844365285285
235,2019,3.58929305038518,0.168841237318823
236,2019,3.5819592654928,0.170011846851062
237,2019,3.57461030860443,0.171324166647931
238,2019,3.56729376001876,0.172740864727845
239,2019,3.56005720003446,0.174220380791705
240,2019,3.55294820895024,0.175718025119763
241,2019,3.54601436706479,0.177187058300247
242,2019,3.53930325467678,0.178579725453186
243,2019,3.53286245208492,0.179848234377796
244,2019,3.52673953958789,0.180945681781037
245,2019,3.52098172583889,0.181827171421436
246,2019,3.51561392076149,0.182464364199136
247,2019,3.51062647124832,0.182855120903415
248,2019,3.50600675102809,0.183004619184505
249,2019,3.50174213382947,0.182922745732517
250,2019,3.49781999338115,0.182623390223515
251,2019,3.49422770341184,0.18212384651916
252,2019,3.49095263765022,0.181444296211864
253,2019,3.48798216982498,0.180607352530058
254,2019,3.48530367366482,0.179637645279878
255,2019,3.48290452289842,0.178561429896082
256,2019,3.48077209125447,0.177406205901343
257,2019,3.47889375246166,0.176200332280458
258,2019,3.47725688024869,0.174972629640596
259,2019,3.47584884834425,0.173751961724355
260,2019,3.47465703047702,0.17256679200991
261,2019,3.4736688003757,0.171444714845247
262,2019,3.47287153176898,0.170411964788907
263,2019,3.47225259838555,0.169492912396583
264,2019,3.4717993739541,0.168709559272748
265,2019,3.47149923220332,0.168081049323961
266,2019,3.4713395468619,0.167623216233782
267,2019,3.47130769165853,0.167348188652417
268,2019,3.47139104032191,0.167264074001038
269,2019,3.47157696658072,0.167374738922527
270,2019,3.47185284416365,0.167679699400992
271,2019,3.4722060467994,0.168174126923458
272,2019,3.47262394821666,0.168848969575171
273,2019,3.47309392214411,0.169691179611446
274,2019,3.47360334231045,0.170684032772193
275,2019,3.47413958244437,0.171807520129007
276,2019,3.47469001627455,0.173038790975826
277,2019,3.4752420175297,0.174352625221356
278,2019,3.4757829599385,0.175721915623376
279,2019,3.47630021722963,0.177118143519415
280,2019,3.47678116313181,0.178511835870488
281,2019,3.4772131713737,0.179872995894326
282,2019,3.47758361568401,0.181171503885218
283,2019,3.47787986979142,0.182377488714903
284,2019,3.47808930742462,0.18346167385147
285,2019,3.47819974893235,0.184397275919418
286,2019,3.47820256158164,0.185171616481537
287,2019,3.47809080406642,0.185780668151707
288,2019,3.47785754549744,0.186223073620588
289,2019,3.47749585498542,0.186499779403839
290,2019,3.4769988016411,0.186613750685759
291,2019,3.4763594545752,0.186569725119265
292,2019,3.47557088289847,0.186373999628074
293,2019,3.47462615572163,0.186034244767241
294,2019,3.47351834215543,0.18555934172108
295,2019,3.47224051131058,0.18495923751294
296,2019,3.47078573229782,0.184244814450824
297,2019,3.4691470742279,0.183427770231314
298,2019,3.46731760621153,0.182520505475644
299,2019,3.46529039735946,0.181536015785878
300,2019,3.46305851678241,0.180487785699409
301,2019,3.46061503359112,0.179389682202575
302,2019,3.45795301689632,0.178255845756316
303,2019,3.45506553580874,0.177100577106343
304,2019,3.45194565943913,0.175938218513904
305,2019,3.4485864568982,0.174783028465242
306,2019,3.44498099729669,0.173649049408138
307,2019,3.44112234974534,0.172549968625734
308,2019,3.43700358335488,0.171498972985607
309,2019,3.43261776723604,0.170508598979393
310,2019,3.42795797049956,0.16959058016657
311,2019,3.42301726225616,0.16875569481473
312,2019,3.41778871161659,0.168013617136907
313,2019,3.41226538769156,0.167372776007097
314,2019,3.40644035959183,0.166840225330451
315,2019,3.40030669642811,0.166421530304654
316,2019,3.39385746731114,0.166120673599091
317,2019,3.38708574135166,0.16593998498697
318,2019,3.3799845876604,0.165880097209176
319,2019,3.37254707534808,0.165939929872961
320,2019,3.36476627352545,0.166116702065372
321,2019,3.35663525130324,0.166405973180694
322,2019,3.34814707779218,0.166801710320516
323,2019,3.339294822103,0.167296379616864
324,2019,3.33007155334643,0.16788105802942
325,2019,3.32047034063321,0.168545561628556
326,2019,3.31048425307407,0.169278586119148
327,2019,3.30010635977975,0.170067855379464
328,2019,3.28932972986097,0.170900274054164
329,2019,3.27814743242847,0.171762080702612
330,2019,3.26655253659299,0.172638998606251
331,2019,3.25453811146525,0.17351638202387
332,2019,3.24209722615599,0.174379356398553
333,2019,3.22922294977594,0.175212951722483
334,2019,3.21590835143583,0.17600222892507
335,2019,3.2021465002464,0.176732399748485
336,2019,3.18793046531838,0.177388941106219
337,2019,3.1732533157625,0.177957705388638
338,2019,3.1581081206895,0.178425028595662
339,2019,3.14248794921011,0.178777838557542
340,2019,3.12638587043506,0.17900376587055
341,2019,3.10979495347508,0.179091260547762
342,2019,3.09270826744091,0.179029717789688
343,2019,3.07511888144328,0.178809616739098
344,2019,3.05701986459293,0.178422676622038
345,2019,3.03840428600058,0.177862035313905
346,2019,3.01926521477696,0.177122456122406
347,2019,2.9995996054663,0.176203541968141
348,2019,2.97941995434671,0.175118650232065
349,2019,2.95874264312979,0.173885567229036
350,2019,2.93758405352713,0.172523323006055
351,2019,2.91596056725033,0.171052034002092
352,2019,2.893888566011,0.169492748038115
353,2019,2.87138443152073,0.167867285250778
354,2019,2.84846454549112,0.166198068992414
355,2019,2.82514528963376,0.164507941213085
356,2019,2.80144304566026,0.162819957514839
357,2019,2.77737419528222,0.161157158024026
358,2019,2.75295512021122,0.159542311556952
359,2019,2.72820220215887,0.157997632325813
360,2019,2.70313182283677,0.156544470669773
361,2019,2.67776036395652,0.155202981955854
362,2019,2.65210420722971,0.153991780742502
363,2019,2.62617973436794,0.152927590300588
364,2019,2.60000332708282,0.152024900313483
365,2019,2.57359136708593,0.151295647637719
1,2020,3.05000576306807,0.178074904188351
2,2020,3.03139018447572,0.177455069191597
3,2020,3.01225111325211,0.176653499698523
4,2020,2.99258550394145,0.175669596877081
5,2020,2.97240585282186,0.174516642438112
6,2020,2.95172854160493,0.173212390753494
7,2020,2.93056995200227,0.171775857019493
8,2020,2.90894646572548,0.170227165756686
9,2020,2.88687446448615,0.168587402101933
10,2020,2.86437032999588,0.166878459426211
11,2020,2.84145044396627,0.165122877144508
12,2020,2.81813118810891,0.163343662985222
13,2020,2.79442894413541,0.161564094557464
14,2020,2.77036009375736,0.1598074959026
15,2020,2.74594101868637,0.158096985945937
16,2020,2.72118810063402,0.156455197461774
17,2020,2.69611772131192,0.154903967375883
18,2020,2.67074626243167,0.153464001933109
19,2020,2.64509010570486,0.152154523341375
20,2020,2.61916563284309,0.150992907743714
21,2020,2.59298922555797,0.149994327433485
22,2020,2.56657726556108,0.149171412696302
23,2020,2.53994613456402,0.14853395008959
24,2020,2.51311221427841,0.148088633967416
25,2020,2.48609188641582,0.147838886386195
26,2020,2.45890153268787,0.14778475718143
27,2020,2.43155753480614,0.147922911256549
28,2020,2.40407627448224,0.148246704495756
29,2020,2.37647413342777,0.148746343896819
30,2020,2.34876749335432,0.149409122248746
31,2020,2.32097273597349,0.150219713582767
32,2020,2.29310624299688,0.151160513115977
33,2020,2.26518439613609,0.152212004624995
34,2020,2.23722357710271,0.153353139007442
35,2020,2.20924016760835,0.15456170988605
36,2020,2.1812505493646,0.155814715049911
37,2020,2.15327110408306,0.157088695861572
38,2020,2.12531821347533,0.158360050099488
39,2020,2.09740825925301,0.159605316768334
40,2020,2.06955762312769,0.160801434027295
41,2020,2.04178268681097,0.161925973497914
42,2020,2.01409983201446,0.162957355840908
43,2020,1.98652544044974,0.163875053714253
44,2020,1.95907589382842,0.164659789151919
45,2020,1.9317675738621,0.16529373315372
46,2020,1.90461686226237,0.165760715968843
47,2020,1.87764014074083,0.16604645729375
48,2020,1.85085379100908,0.166138826477714
49,2020,1.82427419477872,0.166028143902012
50,2020,1.79791773376135,0.165707536008118
51,2020,1.77180086439972,0.165173404747648
52,2020,1.7459521776098,0.164433315289292
53,2020,1.72042571026979,0.163513568591364
54,2020,1.69527870335667,0.162444307547577
55,2020,1.67056839784741,0.161257054209923
56,2020,1.646352034719,0.15998428557212
57,2020,1.6226868549484,0.158658993961862
58,2020,1.5996300995126,0.157314220047367
59,2020,1.57723900938856,0.155982550572377
60,2020,1.55557082555328,0.154695577851834
61,2020,1.53468278898373,0.153483323869791
62,2020,1.51463214065687,0.152373638379853
63,2020,1.4954761215497,0.151391587297408
64,2020,1.47727197263919,0.150558854184616
65,2020,1.4600769349023,0.149893182828127
66,2020,1.44394824931603,0.149407891781304
67,2020,1.42894315685735,0.149111491419646
68,2020,1.41511889850323,0.149007430074879
69,2020,1.40253271523066,0.149093988313312
70,2020,1.3912418480166,0.149364330234136
71,2020,1.38130353783804,0.149806709182688
72,2020,1.37277502567195,0.150404814193156
73,2020,1.36571355249531,0.151138234402301
74,2020,1.3601763592851,0.151983012787324
75,2020,1.35622068701829,0.152912258407561
76,2020,1.35390377667187,0.153896787728018
77,2020,1.3532828692228,0.154905769896893
78,2020,1.35441520564806,0.155907357071256
79,2020,1.35735802692464,0.156869288029095
80,2020,1.36216857402951,0.157759460526987
81,2020,1.36890408793964,0.158546474587695
82,2020,1.37762180963201,0.159200154856164
83,2020,1.38837898008361,0.159692065333333
84,2020,1.4012328402714,0.159996034368186
85,2020,1.41624063117237,0.160088712063103
86,2020,1.43345959376348,0.159950186580009
87,2020,1.45294696902172,0.15956469056403
88,2020,1.47475999792407,0.158921434278818
89,2020,1.4989559214475,0.158015608131461
90,2020,1.52558273259513,0.156851665062621
91,2020,1.55458091667391,0.155465632695444
92,2020,1.58582159918686,0.153913981412391
93,2020,1.61917474964024,0.152256598094054
94,2020,1.65451033754032,0.150555363537437
95,2020,1.69169833239335,0.148872867074502
96,2020,1.73060870370562,0.147270951341988
97,2020,1.77111142098337,0.145809071988929
98,2020,1.81307645373289,0.144542493136286
99,2020,1.85637377146044,0.143520382353995
100,2020,1.90087334367228,0.142783913229622
101,2020,1.94644513987468,0.142364520040504
102,2020,1.99295912957391,0.142282466611369
103,2020,2.04028528227623,0.142545881064015
104,2020,2.08829356748792,0.143150366980076
105,2020,2.13685395471523,0.144079235593282
106,2020,2.18583641346443,0.145304327282135
107,2020,2.2351109132418,0.146787321767946
108,2020,2.28454742355359,0.148481390264376
109,2020,2.33401591390608,0.150333026916327
110,2020,2.38338635380552,0.152283909678524
111,2020,2.43252871275819,0.154272674004378
112,2020,2.48131296027036,0.156236525427968
113,2020,2.52960906584828,0.158112659667764
114,2020,2.57728699899824,0.159839495040472
115,2020,2.62421672922648,0.161357749326288
116,2020,2.67026822603928,0.162611412326694
117,2020,2.71531223428695,0.163548991126136
118,2020,2.75926601946199,0.164143085929415
119,2020,2.80211895405235,0.164402156862806
120,2020,2.84386661329825,0.16434363498432
121,2020,2.88450457243994,0.16399029870671
122,2020,2.92402840671765,0.163369333156997
123,2020,2.9624336913716,0.162511545844141
124,2020,2.99971600164204,0.161450688863484
125,2020,3.0358709127692,0.160222846129532
126,2020,3.07089399999331,0.158865850754954
127,2020,3.1047808385546,0.157418703361941
128,2020,3.13752700369331,0.155920967541126
129,2020,3.16912807064968,0.154412124563133
130,2020,3.19957961466393,0.152930876406974
131,2020,3.22887721097629,0.15151439460957
132,2020,3.25701643482702,0.150197522439399
133,2020,3.28399286145633,0.149011949055776
134,2020,3.30980206610446,0.147985385660929
135,2020,3.33443962401164,0.147140783659932
136,2020,3.35790111041812,0.146495641638738
137,2020,3.38018210056411,0.146061449729568
138,2020,3.40127816968986,0.145843315417732
139,2020,3.4211848930356,0.145839803907369
140,2020,3.43989784584157,0.146043010021267
141,2020,3.45741260334799,0.146438859717908
142,2020,3.4737247407951,0.147007620828635
143,2020,3.48882983342313,0.147724587630391
144,2020,3.50272345647233,0.148560894615918
145,2020,3.51540118518291,0.149484412239218
146,2020,3.52685859479512,0.150460681088829
147,2020,3.53709126054919,0.151453849454789
148,2020,3.54609475768535,0.152427590711342
149,2020,3.55386466144384,0.153345989491343
150,2020,3.56039654706489,0.15417439785312
151,2020,3.56568598978873,0.154880273686378
152,2020,3.5697285648556,0.155434023172293
153,2020,3.57251984750573,0.155809877314512
154,2020,3.57405541297935,0.155986839711053
155,2020,3.57433083651671,0.155949749147282
156,2020,3.5733525000046,0.155694996686691
157,2020,3.57118725611585,0.155251277778024
158,2020,3.56792297982796,0.154660709764079
159,2020,3.56364756722514,0.153968362064715
160,2020,3.55844891439162,0.153220878470538
161,2020,3.55241491741162,0.152465119509785
162,2020,3.54563347236936,0.151746792078544
163,2020,3.53819247534907,0.151109064875137
164,2020,3.53017982243496,0.150591191148184
165,2020,3.52168340971126,0.150227181961481
166,2020,3.51279113326219,0.150044590699381
167,2020,3.50359088917197,0.150063479510813
168,2020,3.49417057352483,0.150295637936402
169,2020,3.48461808240499,0.150744111806356
170,2020,3.47502131189667,0.151403077804074
171,2020,3.46546815808409,0.152258069589988
172,2020,3.45604651705147,0.153286530577287
173,2020,3.44684428488304,0.154458642160863
174,2020,3.43794935766303,0.155738358960305
175,2020,3.42944963147564,0.157084576621357
176,2020,3.42143300240511,0.158452362519879
177,2020,3.41398736653565,0.159794192937029
178,2020,3.40720061995149,0.161061158598975
179,2020,3.40116065873686,0.16220412068715
180,2020,3.39595537897596,0.163174819152848
181,2020,3.39167267675304,0.163926953180779
182,2020,3.3884004481523,0.164417269802898
183,2020,3.38622658925797,0.16460671168069
184,2020,3.38523899615427,0.164461690208978
185,2020,3.38552556492542,0.163955566844775
186,2020,3.38716907596969,0.163072198985416
187,2020,3.3901604728909,0.161837111544432
188,2020,3.39441126292123,0.160311667583908
189,2020,3.39983033406164,0.158564687815175
190,2020,3.40632657431309,0.156670083527345
191,2020,3.41380887167654,0.154705339385435
192,2020,3.42218611415296,0.152749821618604
193,2020,3.43136718974331,0.150882823687031
194,2020,3.44126098644855,0.149181302269088
195,2020,3.45177639226964,0.147717315013773
196,2020,3.46282229520754,0.146555246967441
197,2020,3.47430758326323,0.145748995786039
198,2020,3.48614114443765,0.145339358637643
199,2020,3.49823186673178,0.145351902347896
200,2020,3.51048863814657,0.145795582005909
201,2020,3.52282034668299,0.146662294805352
202,2020,3.53513588034199,0.14792742906403
203,2020,3.54734412712455,0.14955132545724
204,2020,3.55935397503162,0.151481447279
205,2020,3.57107431206417,0.153654988452992
206,2020,3.58241402622316,0.156001641681352
207,2020,3.59328200550954,0.158446294193898
208,2020,3.60358713792429,0.160911493024338
209,2020,3.61323831146836,0.163319602563151
210,2020,3.62214441414272,0.165594647792824
211,2020,3.63021433394833,0.167663889509412
212,2020,3.63735695888615,0.169459212865238
213,2020,3.64348117695715,0.170918432076659
214,2020,3.64851899154523,0.17199675606772
215,2020,3.65249486756615,0.172698717608641
216,2020,3.65545638531858,0.173047873488144
217,2020,3.65745112510121,0.17307508675352
218,2020,3.65852666721274,0.172817060475926
219,2020,3.65873059195186,0.172315104108308
220,2020,3.65811047961725,0.171614047616976
221,2020,3.65671391050761,0.170761235442036
222,2020,3.65458846492162,0.169805546704518
223,2020,3.65178172315798,0.168796401391262
224,2020,3.64834126551537,0.167782725829322
225,2020,3.64431467229249,0.166811865563526
226,2020,3.63974952378802,0.165928450137686
227,2020,3.63469340030066,0.165173231807045
228,2020,3.62919388212909,0.164581937490786
229,2020,3.62329854957201,0.164184188049144
230,2020,3.6170549829281,0.164002548474316
231,2020,3.61051076249606,0.16405177422543
232,2020,3.60371346857457,0.164338311151838
233,2020,3.59671068146232,0.164860089447242
234,2020,3.58954998145801,0.165606628148845
235,2020,3.58227894886033,0.166559439849105
236,2020,3.57494516396795,0.167692700279733
237,2020,3.56759620707958,0.16897412851428
238,2020,3.5602796584939,0.170366013412044
239,2020,3.55304309850961,0.171826321231496
240,2020,3.54593410742539,0.17330982683575
241,2020,3.53900026553993,0.174769224151258
242,2020,3.53228915315193,0.176156187723228
243,2020,3.52584835056007,0.177422373900298
244,2020,3.51972543806304,0.178520365727995
245,2020,3.51396762431404,0.179404806610862
246,2020,3.50859981923664,0.180047005008193
247,2020,3.50361236972347,0.180444622672861
248,2020,3.49899264950323,0.180602734188144
249,2020,3.49472803230461,0.180531199313145
250,2020,3.4908058918563,0.18024394482748
251,2020,3.48721360188699,0.179758355910664
252,2020,3.48393853612537,0.17909475147129
253,2020,3.48096806830013,0.178275920819713
254,2020,3.47828957213997,0.177326701798895
255,2020,3.47589042137356,0.17627358294492
256,2020,3.47375798972962,0.175144314541297
257,2020,3.47187965093681,0.173967515718684
258,2020,3.47024277872384,0.172772267220048
259,2020,3.4688347468194,0.171587682282853
260,2020,3.46764292895217,0.170442451430396
261,2020,3.46665469885085,0.169364360885138
262,2020,3.46585743024413,0.168379788773319
263,2020,3.4652384968607,0.167513188087179
264,2020,3.46478527242925,0.166786570144825
265,2020,3.46448513067847,0.166219006520485
266,2020,3.46432544533705,0.165826170496336
267,2020,3.46429359013368,0.165619940406585
268,2020,3.46437693879706,0.165608086344279
269,2020,3.46456286505587,0.165794058400188
270,2020,3.4648387426388,0.166176889094044
271,2020,3.46519194527455,0.166751215524006
272,2020,3.46560984669181,0.167507418891081
273,2020,3.46607982061926,0.168431871484568
274,2020,3.4665892407856,0.169507274912992
275,2020,3.46712548091952,0.170713069052752
276,2020,3.4676759147497,0.172025889216494
277,2020,3.46822791600485,0.173420049377584
278,2020,3.46876885841364,0.174868031565242
279,2020,3.46928611570478,0.176340965206545
280,2020,3.46976706160695,0.177809084614961
281,2020,3.47019906984885,0.179242157445813
282,2020,3.47056951415915,0.18060988132573
283,2020,3.47086576826656,0.181882249748704
284,2020,3.47107520589977,0.183029891607757
285,2020,3.4711856474075,0.184025980577375
286,2020,3.47118846005679,0.184857956974969
287,2020,3.47107670254157,0.185521977853721
288,2020,3.47084344397259,0.186016861225559
289,2020,3.47048175346057,0.186343716775971
290,2020,3.46998470011624,0.18650565904988
291,2020,3.46934535305035,0.186507560261067
292,2020,3.46855678137362,0.186355836562081
293,2020,3.46761205419678,0.186058262179397
294,2020,3.46650424063057,0.185623806386026
295,2020,3.46522640978573,0.185062488813833
296,2020,3.46377163077297,0.184385249084031
297,2020,3.46213297270305,0.183603827153658
298,2020,3.46030350468668,0.182730651143704
299,2020,3.4582762958346,0.181778729741662
300,2020,3.45604441525755,0.180761546571975
301,2020,3.45360093206627,0.179692954218428
302,2020,3.45093891537147,0.178587065880572
303,2020,3.44805143428389,0.177458142969213
304,2020,3.44493155791427,0.176320477310448
305,2020,3.44157235537335,0.175188267047385
306,2020,3.43796689577184,0.174075485813069
307,2020,3.43410824822049,0.172995745300075
308,2020,3.42998948183003,0.171962151966148
309,2020,3.42560366571119,0.170987159274832
310,2020,3.42094386897471,0.170082417547663
311,2020,3.41600316073131,0.169258624160732
312,2020,3.41077461009174,0.168525377404552
313,2020,3.40525128616671,0.16789103778714
314,2020,3.39942625806698,0.167362600841365
315,2020,3.39329259490326,0.166945585551085
316,2020,3.38684336578629,0.166643942303841
317,2020,3.38007163982681,0.166459983800084
318,2020,3.37297048613555,0.166394341616405
319,2020,3.36553297382323,0.166445950176705
320,2020,3.3577521720006,0.166612058799664
321,2020,3.34962114977839,0.166888271349255
322,2020,3.34113297626733,0.167268611910725
323,2020,3.33228072057814,0.167745613936309
324,2020,3.32305745182158,0.1683104295262
325,2020,3.31345623910836,0.168952954981061
326,2020,3.30347015154922,0.169661968504829
327,2020,3.2930922582549,0.170425275945607
328,2020,3.28231562833612,0.171229860709547
329,2020,3.27113333090362,0.172062034422413
330,2020,3.25953843506814,0.172907585491842
331,2020,3.2475240099404,0.173751923384584
332,2020,3.23508312463114,0.174580217126581
333,2020,3.22220884825108,0.175377527218409
334,2020,3.20889424991098,0.176128930804428
335,2020,3.19513239872155,0.176819640523531
336,2020,3.18091636379353,0.177435117996104
337,2020,3.16623921423765,0.177961183368935
338,2020,3.15109401916465,0.178384122758134
339,2020,3.13547384768526,0.178690795815924
340,2020,3.11937176891021,0.178868746020628
341,2020,3.10278085195023,0.178906316672975
342,2020,3.08569416591606,0.178792776000079
343,2020,3.06810477991843,0.178518455245909
344,2020,3.05000576306807,0.178074904188351
345,2020,3.03139018447572,0.177455069191597
346,2020,3.01225111325211,0.176653499698523
347,2020,2.99258550394145,0.175669596877081
348,2020,2.97240585282186,0.174516642438112
349,2020,2.95172854160493,0.173212390753494
350,2020,2.93056995200227,0.171775857019493
351,2020,2.90894646572548,0.170227165756686
352,2020,2.88687446448615,0.168587402101933
353,2020,2.86437032999588,0.166878459426211
354,2020,2.84145044396627,0.165122877144508
355,2020,2.81813118810891,0.163343662985222
356,2020,2.79442894413541,0.161564094557464
357,2020,2.77036009375736,0.1598074959026
358,2020,2.74594101868637,0.158096985945937
359,2020,2.72118810063402,0.156455197461774
360,2020,2.69611772131192,0.154903967375883
361,2020,2.67074626243167,0.153464001933109
362,2020,2.64509010570486,0.152154523341375
363,2020,2.61916563284309,0.150992907743714
364,2020,2.59298922555797,0.149994327433485
365,2020,2.56657726556108,0.149171412696302
1,2021,3.05409048727605,0.177912797310588
2,2021,3.0354749086837,0.177216118901746
3,2021,3.01633583746008,0.176333831933385
4,2021,2.99667022814942,0.175265047385551
5,2021,2.97649057702983,0.17402291503559
6,2021,2.95581326581291,0.172625108803804
7,2021,2.93465467621025,0.17109058038618
8,2021,2.91303118993345,0.169439415622198
9,2021,2.89095918869412,0.167692694416188
10,2021,2.86845505420385,0.165872347705031
11,2021,2.84553516817424,0.164001005198419
12,2021,2.82221591231688,0.16210182789558
13,2021,2.79851366834338,0.160198319806758
14,2021,2.77444481796534,0.15831411399298
15,2021,2.75002574289434,0.156472729102203
16,2021,2.72527282484199,0.15469729413198
17,2021,2.7002024455199,0.153010241264263
18,2021,2.67483098663964,0.151432969312252
19,2021,2.64917482991283,0.149985483515565
20,2021,2.62325035705106,0.148686020923328
21,2021,2.59707394976594,0.147550674089839
22,2021,2.57066198976905,0.146593028834743
23,2021,2.544030858772,0.145823833885896
24,2021,2.51719693848638,0.145250720847961
25,2021,2.49017661062379,0.144877991774397
26,2021,2.46298625689584,0.144706488553501
27,2021,2.43564225901411,0.144733553545562
28,2021,2.40816099869021,0.144953084932378
29,2021,2.38055885763574,0.145355683802206
30,2021,2.35285221756229,0.145928883927958
31,2021,2.32505746018146,0.146657450269253
32,2021,2.29719096720485,0.147523728986615
33,2021,2.26926912034406,0.148508030440384
34,2021,2.24130830131068,0.149589027184423
35,2021,2.21332489181632,0.150744151027768
36,2021,2.18533527357257,0.151949976348134
37,2021,2.15735582829103,0.153182580483906
38,2021,2.1294029376833,0.154417875745955
39,2021,2.10149298346098,0.155631911031124
40,2021,2.07364234733566,0.156801143974243
41,2021,2.04586741101894,0.157902686960231
42,2021,2.01818455622243,0.158914532148166
43,2021,1.99061016465771,0.159815762019013
44,2021,1.96316061803639,0.160586752969924
45,2021,1.93585229807007,0.161209380276046
46,2021,1.90870158647034,0.161667233457883
47,2021,1.8817248649488,0.161945851847282
48,2021,1.85493851521705,0.162032991036733
49,2021,1.82835891898669,0.161918931998065
50,2021,1.80200245796932,0.161596846006617
51,2021,1.77588558860769,0.161063277065246
52,2021,1.75003690181778,0.160326075866763
53,2021,1.72451043447777,0.159411995181324
54,2021,1.69936342756464,0.158351711369129
55,2021,1.67465312205538,0.157177342015504
56,2021,1.65043675892697,0.155922009959822
57,2021,1.62677157915637,0.154619388830901
58,2021,1.60371482372057,0.153303217262542
59,2021,1.58132373359654,0.152006773411766
60,2021,1.55965554976125,0.150762306805076
61,2021,1.5387675131917,0.149600430980517
62,2021,1.51871686486485,0.148549487697685
63,2021,1.49956084575767,0.147634901149545
64,2021,1.48135669684716,0.146878547787294
65,2021,1.46416165911028,0.146298172962849
66,2021,1.448032973524,0.14590688843162
67,2021,1.43302788106532,0.145712783875643
68,2021,1.4192036227112,0.145718680547484
69,2021,1.40661743943863,0.145922046181614
70,2021,1.39532657222457,0.146315078550985
71,2021,1.38538826204601,0.146884952166886
72,2021,1.37685974987992,0.147614210593994
73,2021,1.36979827670328,0.148481277451574
74,2021,1.36426108349307,0.149461053586795
75,2021,1.36030541122627,0.150525566541479
76,2021,1.35798850087984,0.151644640930596
77,2021,1.35736759343077,0.152786563798222
78,2021,1.35849992985604,0.153918726251179
79,2021,1.36144275113261,0.155008230565803
80,2021,1.36625329823748,0.15602245963313
81,2021,1.37298881214761,0.156929612502355
82,2021,1.38170653383999,0.157699215687669
83,2021,1.39246370429158,0.158302624881156
84,2021,1.40531756447937,0.158713536016396
85,2021,1.42032535538034,0.158908528610915
86,2021,1.43754431797145,0.158867668370291
87,2021,1.4570316932297,0.158575200520888
88,2021,1.47884472213204,0.158020370510224
89,2021,1.50304064565547,0.15719841463183
90,2021,1.5296674568031,0.1561138590543
91,2021,1.55866564088189,0.154803104014532
92,2021,1.58990632339484,0.153323115399049
93,2021,1.62325947384821,0.151734174287389
94,2021,1.65859506174829,0.15009845193008
95,2021,1.69578305660132,0.148478725345847
96,2021,1.73469342791359,0.146936923976247
97,2021,1.77519614519135,0.145532493677798
98,2021,1.81716117794086,0.144320600449747
99,2021,1.86045849566841,0.143350238971046
100,2021,1.90495806788025,0.142662354604506
101,2021,1.95052986408265,0.14228812282648
102,2021,1.99704385378188,0.142247546272772
103,2021,2.04437000648421,0.142548518051088
104,2021,2.09237829169589,0.143186458208175
105,2021,2.1409386789232,0.144144564620637
106,2021,2.18992113767241,0.145394644359321
107,2021,2.23919563744977,0.146898424344554
108,2021,2.28863214776156,0.148609195586787
109,2021,2.33810063811405,0.150473630583362
110,2021,2.38747107801349,0.152433626755169
111,2021,2.43661343696617,0.154428061873954
112,2021,2.48539768447833,0.156394389548799
113,2021,2.53369379005626,0.158270044617328
114,2021,2.58137172320621,0.159993663722594
115,2021,2.62830145343445,0.16150615315433
116,2021,2.67435295024725,0.162751654783965
117,2021,2.71939695849492,0.163678787041175
118,2021,2.76335074366996,0.164260248698376
119,2021,2.80620367826032,0.164504609487664
120,2021,2.84795133750623,0.164429387675849
121,2021,2.88858929664791,0.164057429987827
122,2021,2.92811313092562,0.16341597793953
123,2021,2.96651841557958,0.162535890162152
124,2021,3.00380072585001,0.161450971115238
125,2021,3.03995563697717,0.160197364790975
126,2021,3.07497872420128,0.158812978556752
127,2021,3.10886556276257,0.157336907848676
128,2021,3.14161172790128,0.155808837737079
129,2021,3.17321279485765,0.154268403143906
130,2021,3.2036643388719,0.15275449632438
131,2021,3.23296193518427,0.151304518566921
132,2021,3.26110115903499,0.14995358302485
133,2021,3.2880775856643,0.148733686805707
134,2021,3.31388679031243,0.147672881963087
135,2021,3.33852434821962,0.146794485343291
136,2021,3.36198583462609,0.146116374434581
137,2021,3.38426682477208,0.145650418564981
138,2021,3.40536289389784,0.145402090666454
139,2021,3.42526961724358,0.14537029412467
140,2021,3.44398257004954,0.145547423107691
141,2021,3.46149732755596,0.145919655649746
142,2021,3.47780946500307,0.146467459862935
143,2021,3.49291455763111,0.1471662781365
144,2021,3.5068081806803,0.147987344416996
145,2021,3.51948590939088,0.148898586679767
146,2021,3.53094331900309,0.149865570150271
147,2021,3.54117598475716,0.150852445301311
148,2021,3.55017948189332,0.151822876210395
149,2021,3.55794938565181,0.152740937610128
150,2021,3.56448127127286,0.153571981418611
151,2021,3.5697707139967,0.154283484798596
152,2021,3.57381328906357,0.154845901532744
153,2021,3.5766045717137,0.155233546809162
154,2021,3.57814013718733,0.155425552694133
155,2021,3.57841556072468,0.155406937922112
156,2021,3.57743722421257,0.155174288837978
157,2021,3.57527198032383,0.154756308059909
158,2021,3.57200770403593,0.154195056201039
159,2021,3.56773229143311,0.153535543545298
160,2021,3.56253363859959,0.152824335082591
161,2021,3.55649964161959,0.152108176540308
162,2021,3.54971819657733,0.151432609439554
163,2021,3.54227719955704,0.150840574818776
164,2021,3.53426454664293,0.150371028439769
165,2021,3.52576813391923,0.150057611949793
166,2021,3.51687585747016,0.149927441650289
167,2021,3.50767561337994,0.150000085839294
168,2021,3.4982552977328,0.150286800357609
169,2021,3.48870280661296,0.150790078883118
170,2021,3.47910603610464,0.151503551079028
171,2021,3.46955288229206,0.152412231840937
172,2021,3.46013124125944,0.15349309421069
173,2021,3.45092900909102,0.154715912807731
174,2021,3.442034081871,0.156044308245478
175,2021,3.43353435568361,0.157436917902944
176,2021,3.42551772661308,0.158848623998107
177,2021,3.41807209074362,0.160231783639602
178,2021,3.41128534415947,0.161537424056824
179,2021,3.40524538294483,0.162716386354776
180,2021,3.40004010318394,0.163720420617505
181,2021,3.39575740096101,0.164503252847842
182,2021,3.39248517236027,0.165021660013265
183,2021,3.39031131346594,0.16523660412375
184,2021,3.38932372036224,0.165114491071632
185,2021,3.3896102891334,0.164628636412594
186,2021,3.39125380017767,0.16376279653045
187,2021,3.39424519709888,0.162542372190556
188,2021,3.3984959871292,0.161028557697203
189,2021,3.40391505826961,0.159289917307334
190,2021,3.41041129852106,0.157400026418203
191,2021,3.41789359588451,0.155435968311481
192,2021,3.42627083836093,0.153476662355446
193,2021,3.43545191395128,0.151600937317284
194,2021,3.44534571065652,0.149885303123062
195,2021,3.45586111647761,0.148401431224374
196,2021,3.46690701941552,0.147213426839996
197,2021,3.4783923074712,0.146375057127432
198,2021,3.49022586864563,0.145927170526346
199,2021,3.50231659093975,0.145895581326889
200,2021,3.51457336235454,0.146289679664448
201,2021,3.52690507089096,0.147101953161186
202,2021,3.53922060454997,0.148308484723056
203,2021,3.55142885133252,0.149870352087521
204,2021,3.56343869923959,0.151735735995378
205,2021,3.57515903627214,0.15384247448608
206,2021,3.58649875043113,0.156120791246187
207,2021,3.59736672971751,0.158495967202325
208,2021,3.60767186213226,0.160890795843582
209,2021,3.61732303567633,0.163227741685719
210,2021,3.62622913835069,0.165430791349843
211,2021,3.6342990581563,0.167427039986554
212,2021,3.64144168309412,0.169148091687986
213,2021,3.64756590116512,0.170531375098101
214,2021,3.65260371575321,0.171531679714842
215,2021,3.65657959177412,0.172153313600572
216,2021,3.65954110952655,0.17241969405729
217,2021,3.66153584930918,0.172361590783959
218,2021,3.66261139142071,0.172015672642412
219,2021,3.66281531615983,0.171423287039216
220,2021,3.66219520382522,0.170629387076771
221,2021,3.66079863471558,0.169681538021067
222,2021,3.65867318912959,0.168628948535442
223,2021,3.65586644736595,0.167521485019646
224,2021,3.65242598972334,0.166408640643809
225,2021,3.64839939650046,0.165338445320502
226,2021,3.643834247996,0.164356319386827
227,2021,3.63877812450863,0.163503891824352
228,2021,3.63327860633707,0.162817822082367
229,2021,3.62738327377998,0.162328680667481
230,2021,3.62113970713608,0.162059954659656
231,2021,3.61459548670403,0.162027247306219
232,2021,3.60779819278254,0.162237733907769
233,2021,3.6007954056703,0.162689919263564
234,2021,3.59363470566599,0.163373717173476
235,2021,3.5863636730683,0.164270844051187
236,2021,3.57902988817592,0.165355491707473
237,2021,3.57168093128755,0.166595223529733
238,2021,3.56436438270188,0.167952026716574
239,2021,3.55712782271758,0.169383451797851
240,2021,3.55001883163336,0.17084377816134
241,2021,3.54308498974791,0.172285158119384
242,2021,3.5363738773599,0.173658709140781
243,2021,3.52993307476804,0.174915541568326
244,2021,3.52381016227101,0.17600772561321
245,2021,3.51805234852201,0.176889443443258
246,2021,3.51268454344461,0.177531630794795
247,2021,3.50769709393144,0.17793170508812
248,2021,3.50307737371121,0.178094600812572
249,2021,3.49881275651259,0.178030124038463
250,2021,3.49489061606427,0.17775222116049
251,2021,3.49129832609496,0.177278359505411
252,2021,3.48802326033334,0.176628993528361
253,2021,3.48505279250811,0.175827093339563
254,2021,3.48237429634794,0.174897715073914
255,2021,3.47997514558154,0.173867595129744
256,2021,3.47784271393759,0.172764752663806
257,2021,3.47596437514478,0.171618087105146
258,2021,3.47432750293181,0.170456960037198
259,2021,3.47291947102737,0.169310753786924
260,2021,3.47172765316014,0.168208402602634
261,2021,3.47073942305882,0.167177896465829
262,2021,3.4699421544521,0.166245762306986
263,2021,3.46932322106867,0.165436532455887
264,2021,3.46886999663722,0.164772215147061
265,2021,3.46856985488644,0.164271786252168
266,2021,3.46841016954502,0.163950724462873
267,2021,3.46837831434165,0.163820613264386
268,2021,3.46846166300503,0.163888831760232
269,2021,3.46864758926384,0.164158352589546
270,2021,3.46892346684677,0.164627659086876
271,2021,3.46927666948252,0.165290786150722
272,2021,3.46969457089978,0.166137480998491
273,2021,3.47016454482723,0.167153472197964
274,2021,3.47067396499357,0.168320829078496
275,2021,3.47121020512749,0.169618389540851
276,2021,3.47176063895767,0.171022232696655
277,2021,3.47231264021282,0.172506173559716
278,2021,3.47285358262162,0.174042259741055
279,2021,3.47337083991276,0.175601254143535
280,2021,3.47385178581493,0.177153092351656
281,2021,3.47428379405682,0.17866730819195
282,2021,3.47465423836713,0.180113425378279
283,2021,3.47495049247454,0.181461317010164
284,2021,3.47515993010774,0.182681537880412
285,2021,3.47527037161547,0.183747242985547
286,2021,3.47527318426476,0.184646010401778
287,2021,3.47516142674954,0.18537419601867
288,2021,3.47492816818056,0.185930805841613
289,2021,3.47456647766854,0.186317123506761
290,2021,3.47406942432422,0.186536421655743
291,2021,3.47343007725832,0.186593713615512
292,2021,3.47264150558159,0.186495538997657
293,2021,3.47169677840475,0.186249777461893
294,2021,3.47058896483855,0.185865485504475
295,2021,3.4693111339937,0.185352751699989
296,2021,3.46785635498094,0.184722566330542
297,2021,3.46621769691102,0.183986701778995
298,2021,3.46438822889465,0.183157600449388
299,2021,3.46236102004258,0.182248267320148
300,2021,3.46012913946553,0.181272164548955
301,2021,3.45768565627424,0.180243105848928
302,2021,3.45502363957944,0.179175148661669
303,2021,3.45213615849186,0.178082482480814
304,2021,3.44901628212225,0.176979312046054
305,2021,3.44565707958132,0.175879734545222
306,2021,3.44205161997981,0.17479761043965
307,2021,3.43819297242846,0.1737464280679
308,2021,3.434074206038,0.172739162779069
309,2021,3.42968838991917,0.171788131983137
310,2021,3.42502859318268,0.170904848155363
311,2021,3.42008788493928,0.170099872456822
312,2021,3.41485933429971,0.169382672187411
313,2021,3.40933601037468,0.168761485719378
314,2021,3.40351098227495,0.168243198817294
315,2021,3.39737731911123,0.167833236290378
316,2021,3.39092808999426,0.167535472715277
317,2021,3.38415636403478,0.167352165502968
318,2021,3.37705521034352,0.167283912878487
319,2021,3.36961769803121,0.167329638438772
320,2021,3.36183689620858,0.167486602917209
321,2021,3.35370587398636,0.167750442694637
322,2021,3.3452177004753,0.16811523354345
323,2021,3.33636544478612,0.16857357715748
324,2021,3.32714217602955,0.16911670727476
325,2021,3.31754096331633,0.16973461169041
326,2021,3.30755487575719,0.170416166204305
327,2021,3.29717698246287,0.171149276548799
328,2021,3.28640035254409,0.17192102456948
329,2021,3.27521805511159,0.172717815344762
330,2021,3.26362315927611,0.173525522477359
331,2021,3.25160873414837,0.174329629420233
332,2021,3.23916784883911,0.175115365363501
333,2021,3.22629357245906,0.175867834867644
334,2021,3.21297897411895,0.176572141053708
335,2021,3.19921712292952,0.177213502735584
336,2021,3.1850010880015,0.17777736639662
337,2021,3.17032393844562,0.178249514375334
338,2021,3.15517874337262,0.178616171043132
339,2021,3.13955857189323,0.178864109146434
340,2021,3.12345649311818,0.17898075886643
341,2021,3.1068655761582,0.178954322544416
342,2021,3.08977889012403,0.178773898454066
343,2021,3.0721895041264,0.178429617499927
344,2021,3.05409048727605,0.177912797310588
345,2021,3.0354749086837,0.177216118901746
346,2021,3.01633583746008,0.176333831933385
347,2021,2.99667022814942,0.175265047385551
348,2021,2.97649057702983,0.17402291503559
349,2021,2.95581326581291,0.172625108803804
350,2021,2.93465467621025,0.17109058038618
351,2021,2.91303118993345,0.169439415622198
352,2021,2.89095918869412,0.167692694416188
353,2021,2.86845505420385,0.165872347705031
354,2021,2.84553516817424,0.164001005198419
355,2021,2.82221591231688,0.16210182789558
356,2021,2.79851366834338,0.160198319806758
357,2021,2.77444481796534,0.15831411399298
358,2021,2.75002574289434,0.156472729102203
359,2021,2.72527282484199,0.15469729413198
360,2021,2.7002024455199,0.153010241264263
361,2021,2.67483098663964,0.151432969312252
362,2021,2.64917482991283,0.149985483515565
363,2021,2.62325035705106,0.148686020923328
364,2021,2.59707394976594,0.147550674089839
365,2021,2.57066198976905,0.146593028834743
1,2022,3.06762276223564,0.181668439161202
2,2022,3.04900718364329,0.180893337137959
3,2022,3.02986811241967,0.179931837679206
4,2022,3.01020250310901,0.178782824205704
5,2022,2.99002285198942,0.177459130890467
6,2022,2.9693455407725,0.175978087027093
7,2022,2.94818695116984,0.174358289098838
8,2022,2.92656346489304,0.172619461427101
9,2022,2.90449146365371,0.170782321048764
10,2022,2.88198732916344,0.168868440622842
11,2022,2.85906744313383,0.166900103357828
12,2022,2.83574818727647,0.164900144168656
13,2022,2.81204594330297,0.162891771609137
14,2022,2.78797709292493,0.160898365687491
15,2022,2.76355801785393,0.158943247571939
16,2022,2.73880509980158,0.15704941853816
17,2022,2.71373472047949,0.155239267385276
18,2022,2.68836326159923,0.15353424798743
19,2022,2.66270710487242,0.151954531610584
20,2022,2.63678263201065,0.150518641959078
21,2022,2.61060622472553,0.149243084350216
22,2022,2.58419426472864,0.148141983555713
23,2022,2.55756313373159,0.147226747223016
24,2022,2.53072921344597,0.146505772914068
25,2022,2.50370888558338,0.145984216280885
26,2022,2.47651853185543,0.145663835538663
27,2022,2.4491745339737,0.14554292327849
28,2022,2.4216932736498,0.145616331169808
29,2022,2.39409113259533,0.145875586885119
30,2022,2.36638449252188,0.14630909643092
31,2022,2.33858973514105,0.14690241977513
32,2022,2.31072324216444,0.147638603845544
33,2022,2.28280139530365,0.148498554986988
34,2022,2.25484057627027,0.149461432847886
35,2022,2.22685716677591,0.150505049185566
36,2022,2.19886754853216,0.151606257812534
37,2022,2.17088810325062,0.152741325354002
38,2022,2.14293521264289,0.153886276173098
39,2022,2.11502525842057,0.15501720836026
40,2022,2.08717462229525,0.156110580819873
41,2022,2.05939968597853,0.157143474091953
42,2022,2.03171683118202,0.15809382960054
43,2022,2.0041424396173,0.158940673583783
44,2022,1.97669289299598,0.159664333141994
45,2022,1.94938457302966,0.160246652769598
46,2022,1.92223386142993,0.16067122054741
47,2022,1.89525713990839,0.16092361398454
48,2022,1.86847079017664,0.160991676415739
49,2022,1.84189119394628,0.160865835953862
50,2022,1.81553473292891,0.160539480303618
51,2022,1.78941786356728,0.160009448346491
52,2022,1.76356917677737,0.159283832210893
53,2022,1.73804270943735,0.15838940718436
54,2022,1.71289570252423,0.15735688875737
55,2022,1.68818539701497,0.156218469093932
56,2022,1.66396903388656,0.155007362043929
57,2022,1.64030385411596,0.153757328342604
58,2022,1.61724709868016,0.152502168273659
59,2022,1.59485600855613,0.15127517388022
60,2022,1.57318782472084,0.150108538627052
61,2022,1.55229978815129,0.14903272928811
62,2022,1.53224913982444,0.148075832506597
63,2022,1.51309312071726,0.147262896353137
64,2022,1.49488897180675,0.146615294353702
65,2022,1.47769393406987,0.146150144700132
66,2022,1.4615652484836,0.145879819504045
67,2022,1.44656015602491,0.145811577107292
68,2022,1.4327358976708,0.145947344309784
69,2022,1.42014971439822,0.146283665407763
70,2022,1.40885884718416,0.146811822443833
71,2022,1.3989205370056,0.147518117915889
72,2022,1.39039202483951,0.148384299391926
73,2022,1.38333055166287,0.149388096736846
74,2022,1.37779335845266,0.150503838005688
75,2022,1.37383768618586,0.151703109697424
76,2022,1.37152077583943,0.152955430450136
77,2022,1.37089986839036,0.154228913354096
78,2022,1.37203220481563,0.155490899649235
79,2022,1.3749750260922,0.156708554545826
80,2022,1.37978557319707,0.157849423433753
81,2022,1.3865210871072,0.158881953349573
82,2022,1.39523880879958,0.159775990105314
83,2022,1.40599597925117,0.160503266058479
84,2022,1.41884983943896,0.161037897395344
85,2022,1.43385763033993,0.16135691336739
86,2022,1.45107659293104,0.1614408435342
87,2022,1.47056396818929,0.161274393048924
88,2022,1.49237699709163,0.160847240587687
89,2022,1.51657292061506,0.160154998681483
90,2022,1.54319973176269,0.15920244847498
91,2022,1.57219791584148,0.158025816974192
92,2022,1.60343859835443,0.156681481852736
93,2022,1.63679174880781,0.155228856903617
94,2022,1.67212733670788,0.153728960081788
95,2022,1.70931533156091,0.15224313315422
96,2022,1.74822570287318,0.150831613186467
97,2022,1.78872842015094,0.149551948475573
98,2022,1.83069345290045,0.148457285174435
99,2022,1.873990770628,0.14759458900743
100,2022,1.91849034283984,0.147002903853142
101,2022,1.96406213904224,0.146711777584465
102,2022,2.01057612874147,0.146739996581079
103,2022,2.0579022814438,0.147094757160361
104,2022,2.10591056665548,0.147771363661434
105,2022,2.15447095388279,0.148753485111217
106,2022,2.203453412632,0.150013937491458
107,2022,2.25272791240936,0.151515901148861
108,2022,2.30216442272115,0.15321444483234
109,2022,2.35163291307364,0.155058214952445
110,2022,2.40100335297308,0.156991159546617
111,2022,2.45014571192576,0.158954184398691
112,2022,2.49892995943792,0.160886675015989
113,2022,2.54722606501585,0.162727854835276
114,2022,2.5949039981658,0.164417981889072
115,2022,2.64183372839404,0.165899411017966
116,2022,2.68788522520684,0.167117566817647
117,2022,2.73292923345451,0.168022191924275
118,2022,2.77688301862955,0.168586562296682
119,2022,2.81973595321991,0.168819066808877
120,2022,2.86148361246582,0.168736891295467
121,2022,2.90212157160751,0.168362473781757
122,2022,2.94164540588521,0.167722582029625
123,2022,2.98005069053917,0.166847540798416
124,2022,3.01733300080961,0.165770561784816
125,2022,3.05348791193676,0.164527136949566
126,2022,3.08851099916087,0.163154462228322
127,2022,3.12239783772216,0.161690864058544
128,2022,3.15514400286087,0.160175206373406
129,2022,3.18674506981724,0.158646261339323
130,2022,3.21719661383149,0.157142033681717
131,2022,3.24649421014386,0.155699036311361
132,2022,3.27463343399458,0.154351524190443
133,2022,3.30160986062389,0.153130703604028
134,2022,3.32741906527202,0.152063944369791
135,2022,3.35205662317921,0.151174031687833
136,2022,3.37551810958568,0.150478500656706
137,2022,3.39779909973167,0.149989098348471
138,2022,3.41889516885743,0.149711414619597
139,2022,3.43880189220317,0.149644713337215
140,2022,3.45751484500913,0.14978198140105
141,2022,3.47502960251555,0.150110195922337
142,2022,3.49134173996266,0.150610792939317
143,2022,3.5064468325907,0.151260306876032
144,2022,3.52034045563989,0.152031140705247
145,2022,3.53301818435047,0.152892423477595
146,2022,3.54447559396268,0.153810914356884
147,2022,3.55470825971675,0.1547519194372
148,2022,3.56371175685291,0.155680197784353
149,2022,3.5714816606114,0.156560844672532
150,2022,3.57801354623245,0.157360151513678
151,2022,3.58330298895629,0.15804645262056
152,2022,3.58734556402316,0.158590978313059
153,2022,3.59013684667329,0.158968741958373
154,2022,3.59167241214692,0.15915949552181
155,2022,3.59194783568427,0.159148794283437
156,2022,3.59096949917216,0.158933501516457
157,2022,3.58880425528342,0.158541584321979
158,2022,3.58553997899552,0.158013971234023
159,2022,3.5812645663927,0.157394463763733
160,2022,3.57606591355918,0.156728343264854
161,2022,3.57003191657918,0.156061005682875
162,2022,3.56325047153692,0.155436595378732
163,2022,3.55580947451663,0.154896639264428
164,2022,3.54779682160252,0.154478704000658
165,2022,3.53930040887882,0.154215118665461
166,2022,3.53040813242975,0.154131820410771
167,2022,3.52120788833953,0.154247388239092
168,2022,3.51178757269239,0.154572327849674
169,2022,3.50223508157255,0.155108657791377
170,2022,3.49263831106423,0.155849825381959
171,2022,3.48308515725165,0.156780953636082
172,2022,3.47366351621904,0.157879392782345
173,2022,3.46446128405061,0.159115526903462
174,2022,3.45556635683059,0.160453771599927
175,2022,3.4470666306432,0.161853694040573
176,2022,3.43905000157267,0.163271191790544
177,2022,3.43160436570321,0.16465967920976
178,2022,3.42481761911906,0.165971247058469
179,2022,3.41877765790442,0.167157779433459
180,2022,3.41357237814353,0.168172030233301
181,2022,3.4092896759206,0.168968677947024
182,2022,3.40601744731986,0.169505392558019
183,2022,3.40384358842553,0.169743962369932
184,2022,3.40285599532183,0.16965154267881
185,2022,3.40314256409299,0.169202103716033
186,2022,3.40478607513726,0.168379889391777
187,2022,3.40777747205847,0.167209880555042
188,2022,3.41202826208879,0.16575199656399
189,2022,3.4174473332292,0.164073255161879
190,2022,3.42394357348065,0.162245411870525
191,2022,3.4314258708441,0.160343444939834
192,2022,3.43980311332052,0.158443893390951
193,2022,3.44898418891087,0.156622972890855
194,2022,3.45887798561611,0.154954432246254
195,2022,3.4693933914372,0.153507165407295
196,2022,3.48043929437511,0.15234265859759
197,2022,3.49192458243079,0.151512421682259
198,2022,3.50375814360522,0.151055612491992
199,2022,3.51584886589934,0.150997093930447
200,2022,3.52810563731413,0.15134615021023
201,2022,3.54043734585055,0.15209602492847
202,2022,3.55275287950956,0.153224340201875
203,2022,3.56496112629211,0.154694337469732
204,2022,3.57697097419919,0.156456777342798
205,2022,3.58869131123173,0.158452272530772
206,2022,3.60003102539072,0.16061381440395
207,2022,3.6108990046771,0.162869284366288
208,2022,3.62120413709185,0.165143799821396
209,2022,3.63085531063592,0.16736181260793
210,2022,3.63976141331028,0.169448940839681
211,2022,3.64783133311589,0.171333565292415
212,2022,3.65497395805372,0.172948257296991
213,2022,3.66109817612471,0.174231129216573
214,2022,3.6661359907128,0.175137246168027
215,2022,3.67011186673371,0.175670377480053
216,2022,3.67307338448614,0.175853170090387
217,2022,3.67506812426877,0.175715594545829
218,2022,3.6761436663803,0.175293513600194
219,2022,3.67634759111942,0.174627475775535
220,2022,3.67572747878481,0.173761653220083
221,2022,3.67433090967517,0.172742858326449
222,2022,3.67220546408918,0.171619586559948
223,2022,3.66939872232554,0.170441045088567
224,2022,3.66595826468293,0.169256139343525
225,2022,3.66193167146005,0.168112403536458
226,2022,3.65736652295559,0.167054876870499
227,2022,3.65231039946822,0.166124944414552
228,2022,3.64681088129666,0.165359179144746
229,2022,3.64091554873957,0.164788237352418
230,2022,3.63467198209567,0.16443587069671
231,2022,3.62812776166362,0.164318121851696
232,2022,3.62133046774213,0.164442765014504
233,2022,3.61432768062989,0.164809037223134
234,2022,3.60716698062558,0.165407683321354
235,2022,3.59989594802789,0.166221310265697
236,2022,3.59256216313551,0.167225020108035
237,2022,3.58521320624714,0.16838727000411
238,2022,3.57789665766147,0.169670895195252
239,2022,3.57066009767717,0.17103422822514
240,2022,3.56355110659295,0.172432253791822
241,2022,3.5566172647075,0.173817751279257
242,2022,3.54990615231949,0.175142393289734
243,2022,3.54346534972763,0.176357785775357
244,2022,3.5373424372306,0.177416451760754
245,2022,3.53158462348161,0.178272997875629
246,2022,3.5262168184042,0.178898484518121
247,2022,3.52122936889103,0.179290009430441
248,2022,3.5166096486708,0.179452172985216
249,2022,3.51234503147218,0.179394473666922
250,2022,3.50842289102387,0.179130574404372
251,2022,3.50483060105455,0.178677678175972
252,2022,3.50155553529293,0.178055987365297
253,2022,3.4985850674677,0.177288224148042
254,2022,3.49590657130753,0.176399191844527
255,2022,3.49350742054113,0.175415359644683
256,2022,3.49137498889718,0.174364455491477
257,2022,3.48949665010437,0.173275054345924
258,2022,3.4878597778914,0.17217615173067
259,2022,3.48645174598696,0.171096715530004
260,2022,3.48525992811973,0.1700652126367
261,2022,3.48427169801841,0.169109111218223
262,2022,3.48347442941169,0.168254364036426
263,2022,3.48285549602826,0.167524883146742
264,2022,3.48240227159681,0.166942021007669
265,2022,3.48210212984603,0.166524076992179
266,2022,3.48194244450461,0.166285850887497
267,2022,3.48191058930124,0.1662382656275
268,2022,3.48199393796462,0.166388079842767
269,2022,3.48217986422343,0.166737706773864
270,2022,3.48245574180636,0.167285149998507
271,2022,3.48280894444211,0.168024058969404
272,2022,3.48322684585937,0.16894389950217
273,2022,3.48369681978682,0.170030227122871
274,2022,3.48420623995316,0.171265045483956
275,2022,3.48474248008708,0.172627228490128
276,2022,3.48529291391726,0.174092983562978
277,2022,3.48584491517241,0.175636334461663
278,2022,3.48638585758121,0.177229604828374
279,2022,3.48690311487235,0.178843887550518
280,2022,3.48738406077452,0.180449489516063
281,2022,3.48781606901641,0.182016345859524
282,2022,3.48818651332672,0.183514401974644
283,2022,3.48848276743413,0.184913965190727
284,2022,3.48869220506733,0.186186031006019
285,2022,3.48880264657506,0.187304179666622
286,2022,3.48880545922435,0.188256263423115
287,2022,3.48869370170913,0.189038803878494
288,2022,3.48846044314015,0.189650927769111
289,2022,3.48809875262813,0.190093999843838
290,2022,3.48760169928381,0.190371338007867
291,2022,3.48696235221791,0.190487967714527
292,2022,3.48617378054118,0.190450409373433
293,2022,3.48522905336434,0.190266493166145
294,2022,3.48412123979814,0.18994519626838
295,2022,3.48284340895329,0.189496498039274
296,2022,3.48138862994054,0.188931249240726
297,2022,3.47974997187061,0.188261051792944
298,2022,3.47792050385424,0.187498145962814
299,2022,3.47589329500217,0.186655302230904
300,2022,3.47366141442512,0.185745715404686
301,2022,3.47121793123383,0.184782898855152
302,2022,3.46855591453903,0.183780577066898
303,2022,3.46566843345145,0.182752575022974
304,2022,3.46254855708184,0.18171270330846
305,2022,3.45918935454091,0.18067463822131
306,2022,3.4555838949394,0.179651796631332
307,2022,3.45172524738805,0.178657205828495
308,2022,3.44760648099759,0.177703369142783
309,2022,3.44322066487876,0.176802128683874
310,2022,3.43856086814227,0.175964527115548
311,2022,3.43362015989887,0.175200670913862
312,2022,3.4283916092593,0.174519598020558
313,2022,3.42286828533427,0.173929153151146
314,2022,3.41704325723454,0.173435874209588
315,2022,3.41090959407082,0.17304489326413
316,2022,3.40446036495385,0.172759855329968
317,2022,3.39768863899437,0.172582857779652
318,2022,3.39058748530311,0.172514412577534
319,2022,3.3831499729908,0.172553432746914
320,2022,3.37536917116817,0.172697243582662
321,2022,3.36723814894595,0.17294161818537
322,2022,3.35874997543489,0.173280835987723
323,2022,3.34989771974571,0.173707762138486
324,2022,3.34067445098914,0.174213944961419
325,2022,3.33107323827592,0.174789728255442
326,2022,3.32108715071678,0.175424374967652
327,2022,3.31070925742246,0.176106198750955
328,2022,3.29993262750368,0.176822700093483
329,2022,3.28875033007118,0.177560704044956
330,2022,3.2771554342357,0.178306497024842
331,2022,3.26514100910796,0.179045960735957
332,2022,3.2527001237987,0.179764701784975
333,2022,3.23982584741865,0.180448176194375
334,2022,3.22651124907854,0.181081808553504
335,2022,3.21274939788911,0.181651106083478
336,2022,3.19853336296109,0.18214176837476
337,2022,3.18385621340521,0.182539793998234
338,2022,3.16871101833221,0.182831585598433
339,2022,3.15309084685282,0.183004055464185
340,2022,3.13698876807777,0.183044733954666
341,2022,3.12039785111779,0.182941883557991
342,2022,3.10331116508362,0.182684621797711
343,2022,3.08572177908599,0.182263056704444
344,2022,3.06762276223564,0.181668439161202
345,2022,3.04900718364329,0.180893337137959
346,2022,3.02986811241967,0.179931837679206
347,2022,3.01020250310901,0.178782824205704
348,2022,2.99002285198942,0.177459130890467
349,2022,2.9693455407725,0.175978087027093
350,2022,2.94818695116984,0.174358289098838
351,2022,2.92656346489304,0.172619461427101
352,2022,2.90449146365371,0.170782321048764
353,2022,2.88198732916344,0.168868440622842
354,2022,2.85906744313383,0.166900103357828
355,2022,2.83574818727647,0.164900144168656
356,2022,2.81204594330297,0.162891771609137
357,2022,2.78797709292493,0.160898365687491
358,2022,2.76355801785393,0.158943247571939
359,2022,2.73880509980158,0.15704941853816
360,2022,2.71373472047949,0.155239267385276
361,2022,2.68836326159923,0.15353424798743
362,2022,2.66270710487242,0.151954531610584
363,2022,2.63678263201065,0.150518641959078
364,2022,2.61060622472553,0.149243084350216
365,2022,2.58419426472864,0.148141983555713
1,2023,3.08602071582492,0.192952452981711
2,2023,3.06740513723257,0.192122130486191
3,2023,3.04826606600896,0.191111615959316
4,2023,3.0286004566983,0.189919823163886
5,2023,3.0084208055787,0.188559048471162
6,2023,2.98774349436178,0.187045899815198
7,2023,2.96658490475912,0.185398192505195
8,2023,2.94496141848233,0.18363480618514
9,2023,2.92288941724299,0.181775546021652
10,2023,2.90038528275272,0.179841002722809
11,2023,2.87746539672311,0.177852406244726
12,2023,2.85414614086576,0.175831468330475
13,2023,2.83044389689226,0.173800209417689
14,2023,2.80637504651421,0.171780766024392
15,2023,2.78195597144321,0.169795175556396
16,2023,2.75720305339087,0.167865136646553
17,2023,2.73213267406877,0.166011744688217
18,2023,2.70676121518851,0.164255204177455
19,2023,2.68110505846171,0.162614521789546
20,2023,2.65518058559994,0.161107186670801
21,2023,2.62900417831481,0.159748847030267
22,2023,2.60259221831792,0.158552994493315
23,2023,2.57596108732087,0.157530669503499
24,2023,2.54912716703525,0.156690201995709
25,2023,2.52210683917267,0.156037001333145
26,2023,2.49491648544471,0.155573407946213
27,2023,2.46757248756298,0.155298616254655
28,2023,2.44009122723908,0.155208674520125
29,2023,2.41248908618461,0.155296562674845
30,2023,2.38478244611116,0.155552344435752
31,2023,2.35698768873033,0.155963385703901
32,2023,2.32912119575372,0.156514627854017
33,2023,2.30119934889293,0.157188902370533
34,2023,2.27323852985956,0.157967272514456
35,2023,2.24525512036519,0.158829388239928
36,2023,2.21726550212145,0.159753842191731
37,2023,2.18928605683991,0.160718516982327
38,2023,2.16133316623218,0.161700916722192
39,2023,2.13342321200985,0.162678478646609
40,2023,2.10557257588453,0.163628863403886
41,2023,2.07779763956782,0.164530224989207
42,2023,2.0501147847713,0.165361463355053
43,2023,2.02254039320658,0.166102464403129
44,2023,1.99509084658526,0.166734333414377
45,2023,1.96778252661894,0.167239629083143
46,2023,1.94063181501921,0.167602606281689
47,2023,1.91365509349767,0.167809476582798
48,2023,1.88686874376592,0.167848696488795
49,2023,1.86028914753556,0.167711294308033
50,2023,1.83393268651819,0.167391247700891
51,2023,1.80781581715657,0.166885967997615
52,2023,1.78196713036665,0.166203583083211
53,2023,1.75644066302664,0.165369803060395
54,2023,1.73129365611352,0.164414103123891
55,2023,1.70658335060426,0.163367369342078
56,2023,1.68236698747584,0.162261419336152
57,2023,1.65870180770524,0.161128507781942
58,2023,1.63564505226944,0.160000806501909
59,2023,1.61325396214541,0.158909853778633
60,2023,1.59158577831013,0.157885973153929
61,2023,1.57069774174057,0.156957668298752
62,2023,1.55064709341372,0.156151007220698
63,2023,1.53149107430655,0.155489015524164
64,2023,1.51328692539603,0.154991103833791
65,2023,1.49609188765915,0.15467255790812
66,2023,1.47996320207288,0.154544120564878
67,2023,1.4649581096142,0.154611691781902
68,2023,1.45113385126008,0.154876167212781
69,2023,1.4385476679875,0.155333426462584
70,2023,1.42725680077344,0.155974471964091
71,2023,1.41731849059488,0.156785708679077
72,2023,1.4087899784288,0.157749345645327
73,2023,1.40172850525216,0.158843893816
74,2023,1.39619131204195,0.160044731373363
75,2023,1.39223563977514,0.161324707807542
76,2023,1.38991872942871,0.162654761062434
77,2023,1.38929782197964,0.164004527152691
78,2023,1.39043015840491,0.165342927920432
79,2023,1.39337297968149,0.166638729183893
80,2023,1.39818352678635,0.167861067798147
81,2023,1.40491904069648,0.168979951725206
82,2023,1.41363676238886,0.169966741967352
83,2023,1.42439393284045,0.170794629216823
84,2023,1.43724779302824,0.17143912150781
85,2023,1.45225558392921,0.171878562276432
86,2023,1.46947454652033,0.172094701300104
87,2023,1.48896192177857,0.172073344212383
88,2023,1.51077495068092,0.171805109781908
89,2023,1.53497087420435,0.171286327829309
90,2023,1.56159768535197,0.170522060062916
91,2023,1.59059586943076,0.169546983382435
92,2023,1.62183655194371,0.168414548492091
93,2023,1.65518970239709,0.167180736842093
94,2023,1.69052529029716,0.165902638518917
95,2023,1.7277132851502,0.164637204385485
96,2023,1.76662365646246,0.163439901103756
97,2023,1.80712637374022,0.16236327118591
98,2023,1.84909140648974,0.161455426832999
99,2023,1.89238872421728,0.160758534082225
100,2023,1.93688829642912,0.16030736871236
101,2023,1.98246009263153,0.160128042226927
102,2023,2.02897408233075,0.160236999898657
103,2023,2.07630023503308,0.160640380054291
104,2023,2.12430852024476,0.16133379478001
105,2023,2.17286890747207,0.162302551509313
106,2023,2.22185136622128,0.163522290339016
107,2023,2.27112586599864,0.164959972362903
108,2023,2.32056237631044,0.166575127219641
109,2023,2.37003086666292,0.168321257244481
110,2023,2.41940130656237,0.170147300744358
111,2023,2.46854366551504,0.171999074332154
112,2023,2.5173279130272,0.173820638715605
113,2023,2.56562401860513,0.175555558744172
114,2023,2.61330195175508,0.17714805310441
115,2023,2.66023168198332,0.178544049821743
116,2023,2.70628317879613,0.179692180300978
117,2023,2.75132718704379,0.180545044376586
118,2023,2.79528097221884,0.181077297907318
119,2023,2.83813390680919,0.181296603273438
120,2023,2.8798815660551,0.181219038250215
121,2023,2.92051952519679,0.180865753942303
122,2023,2.96004335947449,0.180262073927159
123,2023,2.99844864412845,0.179436727175416
124,2023,3.03573095439889,0.178421174224824
125,2023,3.07188586552605,0.177248992698218
126,2023,3.10690895275015,0.175955293929843
127,2023,3.14079579131145,0.174576147596759
128,2023,3.17354195645016,0.17314799627966
129,2023,3.20514302340652,0.171707047211695
130,2023,3.23559456742077,0.170288634438948
131,2023,3.26489216373314,0.168926551378655
132,2023,3.29303138758386,0.167652361256068
133,2023,3.32000781421317,0.166494700767825
134,2023,3.3458170188613,0.165478599880827
135,2023,3.37045457676849,0.164624846980961
136,2023,3.39391606317496,0.163949432553955
137,2023,3.41619705332096,0.163463105224859
138,2023,3.43729312244671,0.163171070687812
139,2023,3.45719984579245,0.163072856822799
140,2023,3.47591279859841,0.163162357856418
141,2023,3.49342755610483,0.163428058182903
142,2023,3.50973969355194,0.163853424228524
143,2023,3.52484478617998,0.164417442340776
144,2023,3.53873840922917,0.165095273556371
145,2023,3.55141613793976,0.165858993032706
146,2023,3.56287354755196,0.16667838295682
147,2023,3.57310621330603,0.167521752280934
148,2023,3.58210971044219,0.168356763689069
149,2023,3.58987961420068,0.169151256675405
150,2023,3.59641149982173,0.169874064532503
151,2023,3.60170094254557,0.170495831687119
152,2023,3.60574351761244,0.170989845764087
153,2023,3.60853480026257,0.171332905838812
154,2023,3.6100703657362,0.171506254538737
155,2023,3.61034578927355,0.171496606958269
156,2023,3.60936745276144,0.171301234339483
157,2023,3.6072022088727,0.170946077650272
158,2023,3.60393793258481,0.170469053610788
159,2023,3.59966251998199,0.169910732872679
160,2023,3.59446386714847,0.169312992720355
161,2023,3.58842987016846,0.168717712999154
162,2023,3.5816484251262,0.168165492738398
163,2023,3.57420742810591,0.167694390394084
164,2023,3.5661947751918,0.167338707640586
165,2023,3.5576983624681,0.167127851524432
166,2023,3.54880608601903,0.167085320615335
167,2023,3.53960584192882,0.167227865595682
168,2023,3.53018552628168,0.167564872132945
169,2023,3.52063303516183,0.168098003632551
170,2023,3.51103626465351,0.168821124801581
171,2023,3.50148311084093,0.169720506493705
172,2023,3.49206146980832,0.170775291545773
173,2023,3.48285923763989,0.171958183781237
174,2023,3.47396431041987,0.173236310759863
175,2023,3.46546458423248,0.174572206541479
176,2023,3.45744795516195,0.175924863564621
177,2023,3.4500023192925,0.177250811403186
178,2023,3.44321557270834,0.178505192717671
179,2023,3.4371756114937,0.179642821185277
180,2023,3.43197033173281,0.180619221000191
181,2023,3.42768762950988,0.181391661736906
182,2023,3.42441540090914,0.181920215679378
183,2023,3.42224154201481,0.182168877401528
184,2023,3.42125394891111,0.182106798073745
185,2023,3.42154051768227,0.181709700448576
186,2023,3.42318402872654,0.18096315821691
187,2023,3.42617542564775,0.17989104029063
188,2023,3.43042621567808,0.178549925669617
189,2023,3.43584528681848,0.177002920344562
190,2023,3.44234152706993,0.175317308140223
191,2023,3.44982382443339,0.173563012810121
192,2023,3.45820106690981,0.171810959850602
193,2023,3.46738214250015,0.170131284990047
194,2023,3.47727593920539,0.168591370134531
195,2023,3.48779134502648,0.167253729738943
196,2023,3.49883724796439,0.166173818912006
197,2023,3.51032253602007,0.16539788283044
198,2023,3.5221560971945,0.164961005328039
199,2023,3.53424681948862,0.164885531437778
200,2023,3.54650359090341,0.165180025216702
201,2023,3.55883529943983,0.165838878156966
202,2023,3.57115083309884,0.166842612001809
203,2023,3.5833590798814,0.168158838224106
204,2023,3.59536892778847,0.169743763601638
205,2023,3.60708926482101,0.171544083000609
206,2023,3.61842897898,0.173499084370246
207,2023,3.62929695826639,0.175542805402303
208,2023,3.63960209068113,0.177606117682476
209,2023,3.64925326422521,0.179618661115133
210,2023,3.65815936689957,0.181510598860309
211,2023,3.66622928670518,0.183214204449119
212,2023,3.673371911643,0.184665325580142
213,2023,3.67949612971399,0.1858047939532
214,2023,3.68453394430208,0.186589336240256
215,2023,3.68850982032299,0.187021727661241
216,2023,3.69147133807542,0.187122799568737
217,2023,3.69346607785806,0.186920530979528
218,2023,3.69454161996959,0.186448656995338
219,2023,3.6947455447087,0.185745480920921
220,2023,3.69412543237409,0.184852820425672
221,2023,3.69272886326445,0.183815030792683
222,2023,3.69060341767847,0.182678059673233
223,2023,3.68779667591482,0.181488498663166
224,2023,3.68435621827222,0.180292608280841
225,2023,3.68032962504933,0.179135305186706
226,2023,3.67576447654487,0.178059113977547
227,2023,3.67070835305751,0.177103100281664
228,2023,3.66520883488594,0.176301816165787
229,2023,3.65931350232886,0.175684301384849
230,2023,3.65306993568495,0.175273192690632
231,2023,3.6465257152529,0.175083996231773
232,2023,3.63972842133141,0.175124573628401
233,2023,3.63272563421917,0.175394880397699
234,2023,3.62556493421486,0.175886977368346
235,2023,3.61829390161717,0.176585314278353
236,2023,3.6109601167248,0.177467263453262
237,2023,3.60361115983643,0.178503863823905
238,2023,3.59629461125075,0.179660724192697
239,2023,3.58905805126646,0.180899030795206
240,2023,3.58194906018224,0.182176607522921
241,2023,3.57501521829678,0.183448986201546
242,2023,3.56830410590878,0.184670456998034
243,2023,3.56186330331691,0.185795083303318
244,2023,3.55574039081989,0.186777679688159
245,2023,3.54998257707089,0.187574973375774
246,2023,3.54461477199348,0.188159153309299
247,2023,3.53962732248032,0.18852696866957
248,2023,3.53500760226008,0.188682407586599
249,2023,3.53074298506146,0.18863424061093
250,2023,3.52682084461315,0.188395308182262
251,2023,3.52322855464384,0.187981905941079
252,2023,3.51995348888222,0.187413245709142
253,2023,3.51698302105698,0.186710972180648
254,2023,3.51430452489681,0.185898717631325
255,2023,3.51190537413041,0.18500167919947
256,2023,3.50977294248646,0.184046205558622
257,2023,3.50789460369365,0.183059382180843
258,2023,3.50625773148069,0.182068606997159
259,2023,3.50484969957624,0.181101151199744
260,2023,3.50365788170902,0.180183703256222
261,2023,3.5026696516077,0.179341897902072
262,2023,3.50187238300098,0.178599835822168
263,2023,3.50125344961755,0.177979603689493
264,2023,3.50080022518609,0.177500807848023
265,2023,3.50050008343531,0.177180137778131
266,2023,3.50034039809389,0.177030977119827
267,2023,3.50030854289053,0.177063080074889
268,2023,3.5003918915539,0.177282329250403
269,2023,3.50057781781271,0.177690587471173
270,2023,3.50085369539565,0.178285651079758
271,2023,3.50120689803139,0.17906130631241
272,2023,3.50162479944865,0.180007484201184
273,2023,3.5020947733761,0.18111050385523
274,2023,3.50260419354244,0.182353389562798
275,2023,3.50314043367636,0.183716244361873
276,2023,3.50369086750655,0.185176661714842
277,2023,3.50424286876169,0.18671015759206
278,2023,3.50478381117049,0.188290607317322
279,2023,3.50530106846163,0.189890674535608
280,2023,3.5057820143638,0.191482223185611
281,2023,3.50621402260569,0.193036707001276
282,2023,3.506584466916,0.194525534529082
283,2023,3.50688072102341,0.195920410746136
284,2023,3.50709015865662,0.197193659022989
285,2023,3.50720060016434,0.198320040994169
286,2023,3.50720341281363,0.199287896164604
287,2023,3.50709165529842,0.200093826445239
288,2023,3.50685839672943,0.200736932948511
289,2023,3.50649670621741,0.201218469633024
290,2023,3.50599965287309,0.20154157248055
291,2023,3.5053603058072,0.201711023895657
292,2023,3.50457173413046,0.201733046905697
293,2023,3.50362700695363,0.201615124234953
294,2023,3.50251919338742,0.201365837828921
295,2023,3.50124136254257,0.200994724882919
296,2023,3.49978658352982,0.20051214686954
297,2023,3.49814792545989,0.199929168458991
298,2023,3.49631845744352,0.199257443588639
299,2023,3.49429124859145,0.198509106270769
300,2023,3.4920593680144,0.197696664040686
301,2023,3.48961588482311,0.196832892251667
302,2023,3.48695386812831,0.19593072772988
303,2023,3.48406638704074,0.195003160621318
304,2023,3.48094651067112,0.19406312360213
305,2023,3.47758730813019,0.193123377989219
306,2023,3.47398184852869,0.192196396681175
307,2023,3.47012320097734,0.191294244278062
308,2023,3.46600443458688,0.190428455163917
309,2023,3.46161861846804,0.189609910774449
310,2023,3.45695882173155,0.188848717694816
311,2023,3.45201811348816,0.188154088614404
312,2023,3.44678956284858,0.187534228479897
313,2023,3.44126623892356,0.186996228406659
314,2023,3.43544121082382,0.186545970005969
315,2023,3.4293075476601,0.186188042742195
316,2023,3.42285831854314,0.185925676739009
317,2023,3.41608659258365,0.185760693108371
318,2023,3.40898543889239,0.185693473394546
319,2023,3.40154792658008,0.185722949135126
320,2023,3.39376712475745,0.185846611880144
321,2023,3.38563610253523,0.186060543324449
322,2023,3.37714792902417,0.186359464545935
323,2023,3.36829567333499,0.186736802748838
324,2023,3.35907240457842,0.187184773425966
325,2023,3.3494711918652,0.187694475504268
326,2023,3.33948510430606,0.188255996839746
327,2023,3.32910721101174,0.188858527382069
328,2023,3.31833058109296,0.18949047742651
329,2023,3.30714828366047,0.190139598591403
330,2023,3.29555338782498,0.190793105478061
331,2023,3.28353896269724,0.19143779635895
332,2023,3.27109807738798,0.192060171671746
333,2023,3.25822380100793,0.192646549547596
334,2023,3.24490920266782,0.193183178052291
335,2023,3.23114735147839,0.193656344255993
336,2023,3.21693131655037,0.194052480663201
337,2023,3.2022541669945,0.194358269928664
338,2023,3.1871089719215,0.194560749160461
339,2023,3.1714888004421,0.194647415476851
340,2023,3.15538672166705,0.194606334850443
341,2023,3.13879580470707,0.194426256656471
342,2023,3.1217091186729,0.194096736758569
343,2023,3.10411973267528,0.193608272434107
344,2023,3.08602071582492,0.192952452981711
345,2023,3.06740513723257,0.192122130486191
346,2023,3.04826606600896,0.191111615959316
347,2023,3.0286004566983,0.189919823163886
348,2023,3.0084208055787,0.188559048471162
349,2023,2.98774349436178,0.187045899815198
350,2023,2.96658490475912,0.185398192505195
351,2023,2.94496141848233,0.18363480618514
352,2023,2.92288941724299,0.181775546021652
353,2023,2.90038528275272,0.179841002722809
354,2023,2.87746539672311,0.177852406244726
355,2023,2.85414614086576,0.175831468330475
356,2023,2.83044389689226,0.173800209417689
357,2023,2.80637504651421,0.171780766024392
358,2023,2.78195597144321,0.169795175556396
359,2023,2.75720305339087,0.167865136646553
360,2023,2.73213267406877,0.166011744688217
361,2023,2.70676121518851,0.164255204177455
362,2023,2.68110505846171,0.162614521789546
363,2023,2.65518058559994,0.161107186670801
364,2023,2.62900417831481,0.159748847030267
365,2023,2.60259221831792,0.158552994493315
1,2024,3.10570497528978,0.21531035044891
2,2024,3.08708939669743,0.214470404556876
3,2024,3.06795032547381,0.21346502613469
4,2024,3.04828471616315,0.212293473986585
5,2024,3.02810506504356,0.210967257043134
6,2024,3.00742775382664,0.209501826997832
7,2024,2.98626916422398,0.207913723525267
8,2024,2.96464567794718,0.20622042243448
9,2024,2.94257367670785,0.204440187655081
10,2024,2.92006954221758,0.202591922928516
11,2024,2.89714965618797,0.200695019437362
12,2024,2.87383040033061,0.198769196012041
13,2024,2.85012815635711,0.196834329046834
14,2024,2.82605930597907,0.194910269874881
15,2024,2.80164023090807,0.193016648130085
16,2024,2.77688731285572,0.191172660587315
17,2024,2.75181693353363,0.189396846129028
18,2024,2.72644547465337,0.187706848820106
19,2024,2.70078931792656,0.186119172536227
20,2024,2.67486484506479,0.184648932102058
21,2024,2.64868843777967,0.183309607337219
22,2024,2.62227647778278,0.182112807635579
23,2024,2.59564534678573,0.181068055559238
24,2024,2.56881142650011,0.180182598263376
25,2024,2.54179109863752,0.17946125526733
26,2024,2.51460074490957,0.178906310096778
27,2024,2.48725674702784,0.178517451667998
28,2024,2.45977548670394,0.178291769081417
29,2024,2.43217334564947,0.178223800931057
30,2024,2.40446670557602,0.178305637566952
31,2024,2.37667194819519,0.178527072235543
32,2024,2.34880545521858,0.178875794913819
33,2024,2.32088360835779,0.179337621134016
34,2024,2.29292278932441,0.179896747273666
35,2024,2.26493937983005,0.180536023678384
36,2024,2.2369497615863,0.181237237529341
37,2024,2.20897031630476,0.181981398441684
38,2024,2.18101742569703,0.182749021229194
39,2024,2.15310747147471,0.183520401933407
40,2024,2.12525683534939,0.184275884947759
41,2024,2.09748189903267,0.184996120755318
42,2024,2.06979904423616,0.185662315365999
43,2024,2.04222465267144,0.186256473946419
44,2024,2.01477510605012,0.186761642374921
45,2024,1.9874667860838,0.187162151541679
46,2024,1.96031607448407,0.187443870178895
47,2024,1.93333935296253,0.187594472883526
48,2024,1.90655300323078,0.187603730814115
49,2024,1.87997340700042,0.187463833318219
50,2024,1.85361694598305,0.18716974946468
51,2024,1.82750007662142,0.186719676272969
52,2024,1.8016513898315,0.186121358308466
53,2024,1.7761249224915,0.185397955047253
54,2024,1.75097791557837,0.18457595699004
55,2024,1.72626761006912,0.183683065824092
56,2024,1.7020512469407,0.182747707959858
57,2024,1.6783860671701,0.181798544629119
58,2024,1.6553293117343,0.18086397260643
59,2024,1.63293822161027,0.179971613675728
60,2024,1.61127003777499,0.179147795314857
61,2024,1.59038200120543,0.178417029552874
62,2024,1.57033135287858,0.177801501278851
63,2024,1.5511753337714,0.177320581041727
64,2024,1.53297118486089,0.176990380106733
65,2024,1.51577614712401,0.176823366764896
66,2024,1.49964746153774,0.176828062281081
67,2024,1.48464236907905,0.177008832278057
68,2024,1.47081811072494,0.177365784937225
69,2024,1.45823192745236,0.177894781595322
70,2024,1.4469410602383,0.178587558817472
71,2024,1.43700275005974,0.179431954642739
72,2024,1.42847423789365,0.180412226217701
73,2024,1.42141276471702,0.181509442078713
74,2024,1.4158755715068,0.182701930270921
75,2024,1.41191989924,0.183965763359049
76,2024,1.40960298889357,0.185275262983576
77,2024,1.4089820814445,0.186603509553717
78,2024,1.41011441786977,0.187922846471415
79,2024,1.41305723914635,0.189205372486382
80,2024,1.41786778625121,0.190423420011214
81,2024,1.42460330016134,0.191550021216245
82,2024,1.43332102185372,0.192559367339259
83,2024,1.44407819230531,0.19342726985719
84,2024,1.4569320524931,0.19413163502707
85,2024,1.47193984339407,0.19465296590807
86,2024,1.48915880598518,0.19497490843118
87,2024,1.50864618124343,0.195084860463657
88,2024,1.53045921014577,0.194974665124355
89,2024,1.5546551336692,0.194641411713774
90,2024,1.58128194481683,0.194090092878614
91,2024,1.61028012889562,0.193352009730304
92,2024,1.64152081140857,0.192474939352031
93,2024,1.67487396186195,0.191508587604496
94,2024,1.71020954976202,0.190503236888099
95,2024,1.74739754461505,0.189508592344229
96,2024,1.78630791592732,0.188572595550662
97,2024,1.82681063320508,0.187740213372885
98,2024,1.86877566595459,0.187052226672643
99,2024,1.91207298368214,0.186544059488114
100,2024,1.95657255589398,0.186244701927194
101,2024,2.00214435209638,0.186175786952636
102,2024,2.04865834179561,0.186350880471538
103,2024,2.09598449449794,0.186775034755118
104,2024,2.14399277970962,0.187444637919708
105,2024,2.19255316693693,0.18834756944173
106,2024,2.24153562568614,0.189463647196978
107,2024,2.2908101254635,0.190765329454587
108,2024,2.34024663577529,0.192218619142927
109,2024,2.38971512612778,0.193784109633001
110,2024,2.43908556602723,0.195418111598286
111,2024,2.4882279249799,0.197073808010885
112,2024,2.53701217249206,0.198702396867711
113,2024,2.58530827806999,0.200254196394017
114,2024,2.63298621121994,0.201679703155057
115,2024,2.67991594144818,0.202930608295919
116,2024,2.72596743826098,0.20396079035889
117,2024,2.77101144650865,0.204727569004613
118,2024,2.81496523168369,0.205207901309937
119,2024,2.85781816627405,0.205408256461704
120,2024,2.89956582551996,0.205342841232046
121,2024,2.94020378466165,0.205030597611031
122,2024,2.97972761893935,0.204494348370529
123,2024,3.01813290359331,0.20376005228968
124,2024,3.05541521386375,0.202856138448405
125,2024,3.0915701249909,0.201812893940162
126,2024,3.12659321221501,0.200661883941431
127,2024,3.1604800507763,0.199435387456485
128,2024,3.19322621591501,0.198165836419797
129,2024,3.22482728287138,0.196885250351991
130,2024,3.25527882688563,0.195624663529715
131,2024,3.284576423198,0.194413546641605
132,2024,3.31271564704872,0.193279230023816
133,2024,3.33969207367803,0.19224634051356
134,2024,3.36550127832616,0.191336268307868
135,2024,3.39013883623335,0.19056668346067
136,2024,3.41360032263982,0.189951123285066
137,2024,3.43588131278581,0.189498671547651
138,2024,3.45697738191157,0.189213747767016
139,2024,3.47688410525731,0.189096020285297
140,2024,3.49559705806327,0.189140450530319
141,2024,3.51311181556969,0.189337468772692
142,2024,3.5294239530168,0.189673274618005
143,2024,3.54452904564484,0.190130249369753
144,2024,3.55842266869403,0.190687462999093
145,2024,3.57110039740461,0.191321256221054
146,2024,3.58255780701682,0.192005878224432
147,2024,3.59279047277089,0.192714162745579
148,2024,3.60179396990705,0.193418229001828
149,2024,3.60956387366554,0.194090198984617
150,2024,3.61609575928659,0.194702928229072
151,2024,3.62138520201043,0.195230752975104
152,2024,3.6254277770773,0.195650262277458
153,2024,3.62821905972743,0.195941108879346
154,2024,3.62975462520106,0.19608687737279
155,2024,3.63003004873841,0.19607603215678
156,2024,3.6290517122263,0.195906350098073
157,2024,3.62688646833756,0.19560053317014
158,2024,3.62362219204966,0.195191719315142
159,2024,3.61934677944685,0.194715348486486
160,2024,3.61414812661332,0.194207923868199
161,2024,3.60811412963332,0.193705833107845
162,2024,3.60133268459106,0.1932442142134
163,2024,3.59389168757077,0.192855869627663
164,2024,3.58587903465666,0.192570243115761
165,2024,3.57738262193296,0.192412483287943
166,2024,3.56849034548389,0.192402623769295
167,2024,3.55929010139367,0.192554912272867
168,2024,3.54986978574653,0.192877318571543
169,2024,3.54031729462669,0.193371244660205
170,2024,3.53072052411837,0.194031450059592
171,2024,3.52116737030579,0.19484619271654
172,2024,3.51174572927318,0.195797573196756
173,2024,3.50254349710475,0.196862058771759
174,2024,3.49364856988473,0.198011156135759
175,2024,3.48514884369734,0.19921219777146
176,2024,3.47713221462681,0.200429207593596
177,2024,3.46968657875735,0.201623815962103
178,2024,3.4628998321732,0.202756201575366
179,2024,3.45685987095856,0.203786047080982
180,2024,3.45165459119767,0.204673505524874
181,2024,3.44737188897474,0.205380185304262
182,2024,3.444099660374,0.205870171724023
183,2024,3.44192580147967,0.206111113510442
184,2024,3.44093820837597,0.206075412859796
185,2024,3.44122477714713,0.205741568018062
186,2024,3.4428682881914,0.205097147742571
187,2024,3.44585968511261,0.204163980085374
188,2024,3.45011047514294,0.202992995541983
189,2024,3.45552954628334,0.201640803669241
190,2024,3.46202578653479,0.20016742638017
191,2024,3.46950808389824,0.19863478294464
192,2024,3.47788532637466,0.197105137517995
193,2024,3.48706640196501,0.195639480180716
194,2024,3.49696019867025,0.194295838291801
195,2024,3.50747560449134,0.193127543642182
196,2024,3.51852150742925,0.192181510341952
197,2024,3.53000679548493,0.191496604770102
198,2024,3.54184035665936,0.191102207243983
199,2024,3.55393107895348,0.191017070322338
200,2024,3.56618785036827,0.191248567523387
201,2024,3.57851955890469,0.191792398671015
202,2024,3.5908350925637,0.192632778042791
203,2024,3.60304333934625,0.193743086334362
204,2024,3.61505318725333,0.195086925977939
205,2024,3.62677352428587,0.196619489285993
206,2024,3.63811323844486,0.19828913480412
207,2024,3.64898121773124,0.200039069712255
208,2024,3.65928635014599,0.201809052219282
209,2024,3.66893752369006,0.203537052801327
210,2024,3.67784362636442,0.205160841727948
211,2024,3.68591354617003,0.206619498529851
212,2024,3.69305617110786,0.207854864473044
213,2024,3.69918038917885,0.208812980972044
214,2024,3.70421820376694,0.209454052477247
215,2024,3.70819407978785,0.209779688777955
216,2024,3.71115559754028,0.209808014969081
217,2024,3.71315033732291,0.209563882877023
218,2024,3.71422587943444,0.209077557568192
219,2024,3.71442980417356,0.208383572979659
220,2024,3.71380969183895,0.207519703962803
221,2024,3.71241312272931,0.206526011427952
222,2024,3.71028767714332,0.205443926283434
223,2024,3.70748093537968,0.204315346786971
224,2024,3.70404047773707,0.203181733109422
225,2024,3.70001388451419,0.20208319256422
226,2024,3.69544873600973,0.201057559049622
227,2024,3.69039261252236,0.200139480424719
228,2024,3.6848930943508,0.19935953707618
229,2024,3.67899776179371,0.198743422810062
230,2024,3.67275419514981,0.198311224256487
231,2024,3.66620997471776,0.19807683614744
232,2024,3.65941268079627,0.198047546471286
233,2024,3.65240989368403,0.198223817645654
234,2024,3.64524919367972,0.198599278309308
235,2024,3.63797816108203,0.199160926667895
236,2024,3.63064437618965,0.199889532538574
237,2024,3.62329541930128,0.20076021335317
238,2024,3.61597887071561,0.201743151028096
239,2024,3.60874231073131,0.202804412717618
240,2024,3.60163331964709,0.203906839155568
241,2024,3.59469947776164,0.205010968981884
242,2024,3.58798836537363,0.206075975120516
243,2024,3.58154756278177,0.207060598755413
244,2024,3.57542465028474,0.207924076688832
245,2024,3.56966683653575,0.208627252982262
246,2024,3.56429903145834,0.209144698759208
247,2024,3.55931158194517,0.209472930081237
248,2024,3.55469186172494,0.209615114091327
249,2024,3.55042724452632,0.20957887829115
250,2024,3.54650510407801,0.209375651466448
251,2024,3.54291281410869,0.209020082981735
252,2024,3.53963774834707,0.20852952392021
253,2024,3.53666728052184,0.207923554969807
254,2024,3.53398878436167,0.207223547620673
255,2024,3.53158963359527,0.206452247042883
256,2024,3.52945720195132,0.205633366933732
257,2024,3.52757886315851,0.204791188680591
258,2024,3.52594199094554,0.203950159409942
259,2024,3.5245339590411,0.203134485906502
260,2024,3.52334214117387,0.202367723978004
261,2024,3.52235391107256,0.20167236555375
262,2024,3.52155664246583,0.201069428524083
263,2024,3.5209377090824,0.200578056880861
264,2024,3.52048448465095,0.200215140886645
265,2024,3.52018434290017,0.199994968541133
266,2024,3.52002465755875,0.199928920300817
267,2024,3.51999280235538,0.200025218674193
268,2024,3.52007615101876,0.20028874289377
269,2024,3.52026207727757,0.200720916422572
270,2024,3.5205379548605,0.201319671791032
271,2024,3.52089115749625,0.202079493503895
272,2024,3.52130905891351,0.202991535904408
273,2024,3.52177903284096,0.204043809345321
274,2024,3.5222884530073,0.2052214251518
275,2024,3.52282469314122,0.206506887923768
276,2024,3.5233751269714,0.207880422833965
277,2024,3.52392712822655,0.209320325715651
278,2024,3.52446807063535,0.210803324769109
279,2024,3.52498532792649,0.21230494444165
280,2024,3.52546627382866,0.213799864212716
281,2024,3.52589828207055,0.215262267412947
282,2024,3.52626872638086,0.216666177630501
283,2024,3.52656498048827,0.217985782570301
284,2024,3.52677441812147,0.219195747352349
285,2024,3.5268848596292,0.220272891656068
286,2024,3.52688767227849,0.221206328843868
287,2024,3.52677591476328,0.221992693403979
288,2024,3.52654265619429,0.222630933160125
289,2024,3.52618096568227,0.223122000653203
290,2024,3.52568391233795,0.223468608451335
291,2024,3.52504456527205,0.223675012898743
292,2024,3.52425599359532,0.223746822246096
293,2024,3.52331126641849,0.223690825398326
294,2024,3.52220345285228,0.223514837843912
295,2024,3.52092562200743,0.223227561664674
296,2024,3.51947084299468,0.222838456852039
297,2024,3.51783218492475,0.222357621467928
298,2024,3.51600271690838,0.221795678484728
299,2024,3.51397550805631,0.221163667421544
300,2024,3.51174362747926,0.220472939167417
301,2024,3.50930014428797,0.219735052651405
302,2024,3.50663812759317,0.218961672289621
303,2024,3.50375064650559,0.218164465414654
304,2024,3.50063077013598,0.217354999176324
305,2024,3.49727156759505,0.216544636695495
306,2024,3.49366610799354,0.215744432553138
307,2024,3.48980746044219,0.214965028001169
308,2024,3.48568869405173,0.214216546582393
309,2024,3.4813028779329,0.213508491134615
310,2024,3.47664308119641,0.212849643416101
311,2024,3.47170237295301,0.212247967812174
312,2024,3.46647382231344,0.211710520751177
313,2024,3.46095049838841,0.211243367558422
314,2024,3.45512547028868,0.210851508497636
315,2024,3.44899180712496,0.210538815683062
316,2024,3.44254257800799,0.210307982389556
317,2024,3.43577085204851,0.210160486046559
318,2024,3.42866969835725,0.210096565885185
319,2024,3.42123218604494,0.210115215832523
320,2024,3.41345138422231,0.210214192835334
321,2024,3.40532036200009,0.210390040371607
322,2024,3.39683218848903,0.210638126499082
323,2024,3.38797993279985,0.210952695419633
324,2024,3.37875666404328,0.211326931228797
325,2024,3.36915545133006,0.211753032286984
326,2024,3.35916936377092,0.212222294502877
327,2024,3.3487914704766,0.212725201763859
328,2024,3.33801484055782,0.213251521779991
329,2024,3.32683254312532,0.213790405719397
330,2024,3.31523764728984,0.214330490192023
331,2024,3.3032232221621,0.214860000371904
332,2024,3.29078233685284,0.215366853320835
333,2024,3.27790806047279,0.215838760875049
334,2024,3.26459346213268,0.216263331769566
335,2024,3.25083161094325,0.21662817299319
336,2024,3.23661557601523,0.216920990684816
337,2024,3.22193842645935,0.217129691195997
338,2024,3.20679323138635,0.217242483256061
339,2024,3.19117305990696,0.217247982487511
340,2024,3.17507098113191,0.217135319836795
341,2024,3.15848006417193,0.216894255816341
342,2024,3.14139337813776,0.216515302807283
343,2024,3.12380399214013,0.215989858058703
344,2024,3.10570497528978,0.21531035044891
345,2024,3.08708939669743,0.214470404556876
346,2024,3.06795032547382,0.21346502613469
347,2024,3.04828471616315,0.212293473986585
348,2024,3.02810506504356,0.210967257043134
349,2024,3.00742775382664,0.209501826997832
350,2024,2.98626916422398,0.207913723525267
351,2024,2.96464567794718,0.20622042243448
352,2024,2.94257367670785,0.204440187655081
353,2024,2.92006954221758,0.202591922928516
354,2024,2.89714965618797,0.200695019437362
355,2024,2.87383040033061,0.198769196012041
356,2024,2.85012815635711,0.196834329046834
357,2024,2.82605930597907,0.194910269874881
358,2024,2.80164023090807,0.193016648130085
359,2024,2.77688731285572,0.191172660587315
360,2024,2.75181693353363,0.189396846129028
361,2024,2.72644547465337,0.187706848820106
362,2024,2.70078931792656,0.186119172536227
363,2024,2.67486484506479,0.184648932102058
364,2024,2.64868843777967,0.183309607337219
365,2024,2.62227647778278,0.182112807635579
