"day_of_year","year","prediction","standard_error"
1,2005,172.163614639098,21.1846102829554
2,2005,171.161578111775,21.1641531883888
3,2005,170.136147383237,21.1252598978872
4,2005,169.087137883348,21.0674417018489
5,2005,168.014955543326,20.9915890433892
6,2005,166.920153919724,20.8990496619047
7,2005,165.803286569096,20.7913073020029
8,2005,164.664907047997,20.6699640046425
9,2005,163.505568912981,20.5367236306117
10,2005,162.325825720602,20.3933761161058
11,2005,161.126231027414,20.2417820072827
12,2005,159.907338389972,20.0838568658079
13,2005,158.669701364829,19.9215551842569
14,2005,157.413873508539,19.7568535027661
15,2005,156.140408377658,19.5917324803642
16,2005,154.849859528739,19.4281577494277
17,2005,153.542780518336,19.2680594722466
18,2005,152.219724903004,19.1133106258525
19,2005,150.881246239296,18.9657041640486
20,2005,149.527898083766,18.826929340322
21,2005,148.16023399297,18.6985476152688
22,2005,146.778807523461,18.5819687075007
23,2005,145.384172231794,18.4784274653281
24,2005,143.976881674521,18.3889623240029
25,2005,142.557489408199,18.3143961564645
26,2005,141.12654898938,18.2553203134247
27,2005,139.68461397462,18.2120825751045
28,2005,138.232237920471,18.1847796025062
29,2005,136.769974383489,18.1732542888477
30,2005,135.298376920228,18.1770981869546
31,2005,133.817999087241,18.1956589467362
32,2005,132.329394441083,18.228052461664
33,2005,130.833116538308,18.2731792169233
34,2005,129.329718935471,18.3297441730413
35,2005,127.819755189125,18.3962794192543
36,2005,126.303778855825,18.4711687949988
37,2005,124.782343492124,18.5526737026976
38,2005,123.256002654577,18.6389594115563
39,2005,121.725309899739,18.728121267707
40,2005,120.190818784163,18.8182103666579
41,2005,118.653082864403,18.9072583962018
42,2005,117.112655697014,18.9933015104803
43,2005,115.57009083855,19.0744032406186
44,2005,114.025941845565,19.148676579365
45,2005,112.480762274613,19.2143054946522
46,2005,110.935105682249,19.2695662306132
47,2005,109.389525625026,19.3128488468056
48,2005,107.844575659499,19.3426795307795
49,2005,106.300809342222,19.3577442996247
50,2005,104.758780229749,19.3569147864419
51,2005,103.219041878634,19.3392768905416
52,2005,101.682147845432,19.3041631565712
53,2005,100.148718274012,19.2512204209783
54,2005,98.621392776671,19.1813297778417
55,2005,97.1051456834571,19.0966848139161
56,2005,95.6050813777675,18.9997119077359
57,2005,94.126304243,18.8929723603927
58,2005,92.6739186625521,18.7791258377714
59,2005,91.2530290198215,18.6608935406968
60,2005,89.8687396982059,18.5410203436795
61,2005,88.5261550811028,18.4222353939414
62,2005,87.2303795519101,18.3072109475212
63,2005,85.9865174940253,18.1985195399994
64,2005,84.7996732908461,18.0985899387044
65,2005,83.6749513257701,18.0096626838667
66,2005,82.617455982195,17.9337463702898
67,2005,81.6322916435185,17.8725761122614
68,2005,80.7245626931382,17.8275758320231
69,2005,79.8993735144518,17.7998260783126
70,2005,79.1618284908569,17.7900389894531
71,2005,78.5170320057511,17.7985417572598
72,2005,77.9700884425322,17.8252695396186
73,2005,77.5261021845978,17.8697682511851
74,2005,77.1901776153456,17.931207092494
75,2005,76.9674191181732,18.0084001262063
76,2005,76.8629310764782,18.0998357404061
77,2005,76.8818178736583,18.2037125033288
78,2005,77.0291838931112,18.3179797398041
79,2005,77.3101335182346,18.440381150444
80,2005,77.729771132426,18.5684999317733
81,2005,78.2932011190832,18.699804105564
82,2005,79.0055278616038,18.8316910882821
83,2005,79.8718557433854,18.9615308874351
84,2005,80.8972891478257,19.0867076680201
85,2005,82.0869324583225,19.2046597662471
86,2005,83.4458900582732,19.3129185266435
87,2005,84.9792663310756,19.4091465990794
88,2005,86.6921656601274,19.4911765576864
89,2005,88.5896924288262,19.5570509018557
90,2005,90.6769510205696,19.6050646799086
91,2005,92.9590458187553,19.6338121471144
92,2005,95.441081206781,19.6422390363699
93,2005,98.1281615680443,19.6297021802245
94,2005,101.025391285943,19.5960383642988
95,2005,104.137765114495,19.5416647537374
96,2005,107.463700044959,19.4688242527412
97,2005,110.991417536315,19.3820347807166
98,2005,114.708262012508,19.2861373347861
99,2005,118.601577897483,19.1860254796885
100,2005,122.658709615186,19.0865402645552
101,2005,126.867001589563,18.9923616202127
102,2005,131.213798244557,18.9078968426901
103,2005,135.686444004116,18.8371682839248
104,2005,140.272283292183,18.7837038124382
105,2005,144.958660532705,18.7504347911033
106,2005,149.732920149627,18.739607034299
107,2005,154.582406566894,18.7527102650143
108,2005,159.494464208452,18.7904308909504
109,2005,164.456437498245,18.8526314893646
110,2005,169.455670860219,18.9383584175299
111,2005,174.47950871832,19.0458767577427
112,2005,179.515295496492,19.1727297263156
113,2005,184.550375618682,19.3158180553014
114,2005,189.572093508833,19.4714939145304
115,2005,194.567793590893,19.6356637514701
116,2005,199.524820288806,19.8038949162106
117,2005,204.430518026517,19.9715219375168
118,2005,209.272231227972,20.1337496117071
119,2005,214.037304317115,20.2857514613505
120,2005,218.713081717894,20.4227634679481
121,2005,223.286907854251,20.5401741994197
122,2005,227.746127150134,20.6336135189943
123,2005,232.078084029488,20.699043005437
124,2005,236.270122916257,20.7328520957629
125,2005,240.309671570638,20.7319960957675
126,2005,244.189157927908,20.695947845661
127,2005,247.908760194718,20.6277271729114
128,2005,251.469323267728,20.5311302018184
129,2005,254.871692043599,20.4103676228365
130,2005,258.116711418992,20.2699640374726
131,2005,261.205226290568,20.1146630403097
132,2005,264.138081554989,19.9493339950812
133,2005,266.916122108914,19.7788774498128
134,2005,269.540192849006,19.6081271863076
135,2005,272.011138671925,19.4417480680949
136,2005,274.329804474333,19.2841301562989
137,2005,276.497035152889,19.1392809680456
138,2005,278.513675604256,19.0107191553331
139,2005,280.380570725093,18.9013741193924
140,2005,282.098565412063,18.8134969411394
141,2005,283.668504561826,18.7485882991888
142,2005,285.091233071043,18.7073486198695
143,2005,286.367595836375,18.6896545318934
144,2005,287.498437754483,18.6945639043947
145,2005,288.484603722029,18.7203495950285
146,2005,289.326938635672,18.7645598772082
147,2005,290.026287392074,18.8241017098694
148,2005,290.583494887897,18.8953418365552
149,2005,290.999406019801,18.9742202920715
150,2005,291.274865684446,19.056371241912
151,2005,291.410718778495,19.1372470477742
152,2005,291.407810198607,19.2122428414954
153,2005,291.266984841445,19.2768204931547
154,2005,290.989087603669,19.3266325097905
155,2005,290.57496338194,19.3576479945672
156,2005,290.025457072918,19.3662842910357
157,2005,289.341521452244,19.3496176817994
158,2005,288.527381062691,19.3075255311285
159,2005,287.591042953707,19.243000022581
160,2005,286.540724875867,19.159734680039
161,2005,285.384644579747,19.0618400307095
162,2005,284.131019815923,18.95370378557
163,2005,282.788068334971,18.8398570193162
164,2005,281.364007887467,18.7248430012196
165,2005,279.867056223988,18.6130869480722
166,2005,278.305431095109,18.5087666719041
167,2005,276.687350251406,18.4156858136982
168,2005,275.021031443455,18.3371529596465
169,2005,273.314692421832,18.2758712405115
170,2005,271.576550937113,18.2338438032356
171,2005,269.814824739875,18.2123006304054
172,2005,268.037731580693,18.2116514711429
173,2005,266.253489210143,18.2314681814576
174,2005,264.470315378801,18.2704977560359
175,2005,262.696427837243,18.3267050969258
176,2005,260.940044336045,18.3973424912154
177,2005,259.209382625783,18.479041204636
178,2005,257.512660457034,18.5679197687794
179,2005,255.858095580372,18.6597035179495
180,2005,254.253905746375,18.7498506424488
181,2005,252.708308705618,18.8336812937261
182,2005,251.229522208677,18.9065078922119
183,2005,249.825764006128,18.9637665602312
184,2005,248.505251848547,19.0011513965067
185,2005,247.27620348651,19.0147550611362
186,2005,246.146833596374,19.001221963376
187,2005,245.122294932268,18.9590256656653
188,2005,244.198932610589,18.8906538282429
189,2005,243.371517747551,18.7998885136378
190,2005,242.634821459368,18.691086140497
191,2005,241.983614862257,18.5690395113965
192,2005,241.412669072431,18.4388457628668
193,2005,240.916755206105,18.3057747742528
194,2005,240.490644379494,18.1751341359489
195,2005,240.129107708813,18.0521285982201
196,2005,239.826916310276,17.9417140298752
197,2005,239.578841300099,17.8484482469555
198,2005,239.379653794496,17.7763434342909
199,2005,239.224124909683,17.7287269587888
200,2005,239.107025761873,17.7081187627811
201,2005,239.023127467282,17.7161338442631
202,2005,238.967201142124,17.7534173380814
203,2005,238.934017902614,17.8196174273905
204,2005,238.918348864967,17.9133980653676
205,2005,238.914965145398,18.0324898538097
206,2005,238.918637860122,18.173774091609
207,2005,238.924138125353,18.333392568543
208,2005,238.926237057306,18.5068744917584
209,2005,238.919705772197,18.6892720409411
210,2005,238.899315386239,18.8752972347208
211,2005,238.859837015647,19.0594546815826
212,2005,238.796041776637,19.2361669825986
213,2005,238.702700785423,19.399891722441
214,2005,238.57458515822,19.5452309246398
215,2005,238.406466011242,19.6670354805246
216,2005,238.193114460706,19.7605084163075
217,2005,237.929674528214,19.8215562831108
218,2005,237.615625260531,19.8495141468034
219,2005,237.253242494845,19.8462235359404
220,2005,236.844848681517,19.8141501111298
221,2005,236.392766270909,19.7562474916043
222,2005,235.899317713383,19.6758662027319
223,2005,235.366825459301,19.5766726841311
224,2005,234.797611959025,19.4625743271869
225,2005,234.193999662917,19.3376472034209
226,2005,233.558311021337,19.206063804372
227,2005,232.892868484649,19.0720187922525
228,2005,232.199994503214,18.9396515051747
229,2005,231.482011527394,18.8129648011706
230,2005,230.74124200755,18.6957407642722
231,2005,229.980008394045,18.591454799333
232,2005,229.20063313724,18.5031906335722
233,2005,228.405438687497,18.4335596064724
234,2005,227.596747495178,18.3846282265248
235,2005,226.776882010644,18.3578581687154
236,2005,225.948164684258,18.3540625865744
237,2005,225.112917966382,18.373381798321
238,2005,224.273464307376,18.4152801548169
239,2005,223.432126157604,18.4785643756239
240,2005,222.591225967426,18.5614220762674
241,2005,221.753086187205,18.6614778423255
242,2005,220.920029267303,18.7758632278149
243,2005,220.09437765808,18.90129657701
244,2005,219.2784538099,19.034168603633
245,2005,218.474580173123,19.1706301380316
246,2005,217.685079198113,19.3066792466087
247,2005,216.912273335229,19.4382458968135
248,2005,216.158485034835,19.5612733588539
249,2005,215.426036747293,19.671796510203
250,2005,214.717250922963,19.7660180910347
251,2005,214.03444928563,19.8403854845685
252,2005,213.379229887343,19.8924226087292
253,2005,212.751109134045,19.9222642497667
254,2005,212.149231423723,19.9309248706499
255,2005,211.57274115436,19.9198445404082
256,2005,211.02078272394,19.8908214189099
257,2005,210.492500530449,19.8459523266513
258,2005,209.98703897187,19.7875792159425
259,2005,209.503542446187,19.7182396412018
260,2005,209.041155351387,19.6406196044306
261,2005,208.599022085452,19.5575074321316
262,2005,208.176287046367,19.4717476316569
263,2005,207.772094632118,19.3861939885571
264,2005,207.385589240687,19.3036615093725
265,2005,207.01591527006,19.2268771877165
266,2005,206.662217118222,19.1584299678128
267,2005,206.323639183156,19.1007206805274
268,2005,205.999325862846,19.0559131031985
269,2005,205.688421555279,19.0258876083749
270,2005,205.390070658437,19.0121990763562
271,2005,205.103417570306,19.0160408141817
272,2005,204.82760668887,19.0382161236014
273,2005,204.561782412113,19.0791188867123
274,2005,204.305089138019,19.1387241091846
275,2005,204.056671264574,19.2165888207271
276,2005,203.815673189762,19.3118631426815
277,2005,203.581239311566,19.4233107637717
278,2005,203.352514027973,19.5493375831514
279,2005,203.128641736965,19.6880269354996
280,2005,202.908766836528,19.8371796333969
281,2005,202.692033724645,19.9943570498877
282,2005,202.477586799302,20.1569255994372
283,2005,202.264570458483,20.3221012239532
284,2005,202.052129100172,20.4869928111422
285,2005,201.839407122354,20.6486438253943
286,2005,201.625548923013,20.8040717836496
287,2005,201.409698900134,20.9503055372395
288,2005,201.191001451701,21.0844206130254
289,2005,200.968600975698,21.2035731203458
290,2005,200.741656828003,21.3050962794609
291,2005,200.509596888559,21.3876291910041
292,2005,200.272081303454,21.4510605710586
293,2005,200.028777877214,21.4955814265438
294,2005,199.779354414367,21.5216185130505
295,2005,199.523478719439,21.52980431193
296,2005,199.260818596957,21.5209509645592
297,2005,198.991041851447,21.4960274741159
298,2005,198.713816287436,21.4561395572622
299,2005,198.428809709452,21.4025115957358
300,2005,198.135689922021,21.336470199284
301,2005,197.834124729669,21.2594289465437
302,2005,197.523781936924,21.1728739202731
303,2005,197.204329348312,21.0783496992834
304,2005,196.875434768361,20.9774455133476
305,2005,196.536766001596,20.8717813112568
306,2005,196.187990852545,20.7629935380019
307,2005,195.828777125734,20.6527204665449
308,2005,195.458792625691,20.5425869841668
309,2005,195.077705156941,20.4341887937413
310,2005,194.685182524013,20.3290760564721
311,2005,194.280892531432,20.2287365736485
312,2005,193.864502983726,20.1345786786931
313,2005,193.43568168542,20.0479140838753
314,2005,192.994096441043,19.9699409941441
315,2005,192.539415055121,19.9017278583824
316,2005,192.07130533218,19.8441981704404
317,2005,191.589435076747,19.7981167533291
318,2005,191.093472093349,19.7640779557344
319,2005,190.583084186514,19.7424961581546
320,2005,190.057939160767,19.7335989264636
321,2005,189.517704820635,19.7374230662977
322,2005,188.962048970646,19.7538137277797
323,2005,188.390639415326,19.7824265943866
324,2005,187.803143959202,19.8227330712981
325,2005,187.1992304068,19.8740282767354
326,2005,186.578566562648,19.935441543212
327,2005,185.940820231272,20.00594906111
328,2005,185.285659217199,20.0843882489189
329,2005,184.612751324956,20.1694734144285
330,2005,183.92176435907,20.2598122781104
331,2005,183.212366124066,20.3539229606278
332,2005,182.484224424473,20.4502510861434
333,2005,181.737007064817,20.5471867164005
334,2005,180.970381849625,20.6430809019383
335,2005,180.184016583423,20.736261711362
336,2005,179.377579070738,20.8250496733742
337,2005,178.550737116098,20.9077726364862
338,2005,177.703158524028,20.9827801163984
339,2005,176.834511099056,21.0484572604812
340,2005,175.944462645708,21.1032386130855
341,2005,175.032680968512,21.1456219157911
342,2005,174.098833871994,21.174182224933
343,2005,173.14258916068,21.1875866769824
344,2005,172.163614639098,21.1846102829554
345,2005,171.161578111775,21.1641531883888
346,2005,170.136147383237,21.1252598978872
347,2005,169.087137883348,21.0674417018489
348,2005,168.014955543326,20.9915890433892
349,2005,166.920153919724,20.8990496619047
350,2005,165.803286569096,20.7913073020029
351,2005,164.664907047997,20.6699640046425
352,2005,163.505568912981,20.5367236306117
353,2005,162.325825720602,20.3933761161058
354,2005,161.126231027414,20.2417820072827
355,2005,159.907338389972,20.0838568658079
356,2005,158.669701364829,19.9215551842569
357,2005,157.413873508539,19.7568535027661
358,2005,156.140408377658,19.5917324803642
359,2005,154.849859528739,19.4281577494277
360,2005,153.542780518336,19.2680594722466
361,2005,152.219724903004,19.1133106258525
362,2005,150.881246239296,18.9657041640486
363,2005,149.527898083766,18.826929340322
364,2005,148.16023399297,18.6985476152688
365,2005,146.778807523461,18.5819687075007
1,2006,172.806625774082,20.092503577597
2,2006,171.804589246759,20.0748497680084
3,2006,170.779158518221,20.0380575987628
4,2006,169.730149018332,19.9816150095224
5,2006,168.65796667831,19.9064459982261
6,2006,167.563165054708,19.8139497899452
7,2006,166.44629770408,19.7056665608767
8,2006,165.307918182981,19.5832597991891
9,2006,164.148580047965,19.4484999869316
10,2006,162.968836855586,19.3032490432073
11,2006,161.769242162398,19.1494450170416
12,2006,160.550349524956,18.9890865630171
13,2006,159.312712499813,18.8242167785612
14,2006,158.056884643523,18.6569060339203
15,2006,156.783419512642,18.4892334895648
16,2006,155.492870663723,18.3232670759871
17,2006,154.18579165332,18.1610418115965
18,2006,152.862736037988,18.0045364580088
19,2006,151.52425737428,17.8556486581853
20,2006,150.17090921875,17.7161688677606
21,2006,148.803245127954,17.5877535654151
22,2006,147.421818658445,17.4718984017326
23,2006,146.027183366778,17.3699121010764
24,2006,144.619892809505,17.2828920486296
25,2006,143.200500543183,17.211702555875
26,2006,141.769560124364,17.1569567867026
27,2006,140.327625109604,17.1190032339169
28,2006,138.875249055455,17.0979174625503
29,2006,137.412985518473,17.0934995933112
30,2006,135.941388055212,17.1052777082328
31,2006,134.461010222225,17.1325170502527
32,2006,132.972405576067,17.1742345913268
33,2006,131.476127673292,17.2292182901065
34,2006,129.972730070455,17.2960501738827
35,2006,128.462766324109,17.3731322742413
36,2006,126.946789990808,17.4587144244929
37,2006,125.425354627108,17.5509229821784
38,2006,123.899013789561,17.6477896570573
39,2006,122.368321034723,17.7472797851502
40,2006,120.833829919147,17.8473195731116
41,2006,119.296093999387,17.945822027054
42,2006,117.755666831998,18.0407114624032
43,2006,116.213101973534,18.129946657565
44,2006,114.668952980549,18.2115428598359
45,2006,113.123773409597,18.2835929767114
46,2006,111.578116817233,18.3442883921359
47,2006,110.03253676001,18.391939939856
48,2006,108.487586794483,18.4249996504884
49,2006,106.943820477206,18.4420839710394
50,2006,105.401791364733,18.4419992408371
51,2006,103.862053013618,18.4237703004606
52,2006,102.325158980416,18.3866732126815
53,2006,100.791729408996,18.3303059028803
54,2006,99.264403911655,18.2555717725998
55,2006,97.7481568184411,18.1647679593603
56,2006,96.2480925127515,18.0604354894612
57,2006,94.769315377984,17.9452583643539
58,2006,93.316929797536,17.8220280196515
59,2006,91.8960401548055,17.6936072258443
60,2006,90.5117508331899,17.5628925063807
61,2006,89.1691662160868,17.4327744045208
62,2006,87.8733906868941,17.3060952313453
63,2006,86.6295286290093,17.1856042805871
64,2006,85.4426844258301,17.0739108984619
65,2006,84.3179624607541,16.9734362320873
66,2006,83.260467117179,16.8863649171796
67,2006,82.2753027785025,16.8145983593122
68,2006,81.3675738281222,16.7597115587234
69,2006,80.5423846494357,16.7229155714852
70,2006,79.8048396258408,16.7050276459085
71,2006,79.1600431407351,16.7064508016799
72,2006,78.6130995775162,16.7271641420971
73,2006,78.1691133195818,16.7667245536409
74,2006,77.8331887503296,16.8242797281941
75,2006,77.6104302531571,16.8985917337145
76,2006,77.5059422114622,16.9880697495822
77,2006,77.5248290086423,17.0908101445297
78,2006,77.6721950280952,17.2046418482407
79,2006,77.9531446532186,17.3271749573547
80,2006,78.37278226741,17.4558506967049
81,2006,78.9362122540672,17.5879911800691
82,2006,79.6485389965878,17.720847825688
83,2006,80.5148668783694,17.8516477269771
84,2006,81.5403002828097,17.9776377152679
85,2006,82.7299435933065,18.0961262504081
86,2006,84.0889011932572,18.204523622539
87,2006,85.6222774660596,18.3003812426499
88,2006,87.3351767951114,18.3814310478207
89,2006,89.2327035638102,18.445626261867
90,2006,91.3199621555535,18.4911849475696
91,2006,93.6020569537393,18.5166379755345
92,2006,96.0840923417649,18.5208832252186
93,2006,98.7711727030283,18.5032480258225
94,2006,101.668402420927,18.4635620255137
95,2006,104.780776249479,18.4022641866391
96,2006,108.106711179943,18.3217126496401
97,2006,111.634428671299,18.2266611955302
98,2006,115.351273147492,18.1222151698928
99,2006,119.244589032467,18.0135497690906
100,2006,123.30172075017,17.9058000971924
101,2006,127.510012724546,17.8039454400097
102,2006,131.856809379541,17.7126882804967
103,2006,136.3294551391,17.636330437668
104,2006,140.915294427167,17.578650547877
105,2006,145.601671667689,17.5427886767197
106,2006,150.375931284611,17.5311448532965
107,2006,155.225417701878,17.5452984780316
108,2006,160.137475343436,17.5859547052138
109,2006,165.099448633229,17.6529220683016
110,2006,170.098681995203,17.7451230490967
111,2006,175.122519853304,17.8606364228443
112,2006,180.158306631476,17.9967675488175
113,2006,185.193386753666,18.1501407713723
114,2006,190.215104643817,18.3168070315769
115,2006,195.210804725877,18.4923597254964
116,2006,200.16783142379,18.6720526434526
117,2006,205.073529161501,18.8509152199922
118,2006,209.915242362956,19.0238620159288
119,2006,214.680315452099,19.1857950806984
120,2006,219.356092852878,19.331699428272
121,2006,223.929918989235,19.4567332205743
122,2006,228.389138285118,19.5563153885671
123,2006,232.721095164472,19.6262143915277
124,2006,236.913134051241,19.6626427128628
125,2006,240.952682705622,19.6623957153427
126,2006,244.832169062892,19.6249125197339
127,2006,248.551771329702,19.553365571436
128,2006,252.112334402712,19.4517317480165
129,2006,255.514703178583,19.3244167178539
130,2006,258.759722553976,19.1761558048338
131,2006,261.848237425552,19.0119205361748
132,2006,264.781092689973,18.8368262434999
133,2006,267.559133243898,18.6560371060513
134,2006,270.18320398399,18.4746661189223
135,2006,272.654149806909,18.2976687273469
136,2006,274.972815609317,18.1297303360409
137,2006,277.140046287873,17.9751495589409
138,2006,279.15668673924,17.8377208111528
139,2006,281.023581860077,17.7206214608421
140,2006,282.741576547047,17.6263099819147
141,2006,284.31151569681,17.5564420885482
142,2006,285.734244206027,17.5118114630974
143,2006,287.010606971359,17.492320332649
144,2006,288.141448889467,17.4969829378375
145,2006,289.127614857013,17.5239622093291
146,2006,289.969949770656,17.5706371982433
147,2006,290.669298527058,17.633696488125
148,2006,291.226506022881,17.7092513277637
149,2006,291.642417154784,17.7929617482212
150,2006,291.91787681943,17.8801694303632
151,2006,292.053729913479,17.966032369455
152,2006,292.050821333591,18.0456581563237
153,2006,291.909995976429,18.1142346793903
154,2006,291.632098738653,18.1671590339186
155,2006,291.217974516923,18.2001672832557
156,2006,290.668468207902,18.2094694206691
157,2006,289.984532587228,18.1919679263096
158,2006,289.170392197675,18.147525295008
159,2006,288.234054088691,18.0792979908446
160,2006,287.183736010851,17.9911825221376
161,2006,286.02765571473,17.8875193320001
162,2006,284.774030950906,17.7729495486022
163,2006,283.431079469955,17.6522771211906
164,2006,282.007019022451,17.5303322642262
165,2006,280.510067358972,17.4118339720283
166,2006,278.948442230093,17.3012513523718
167,2006,277.33036138639,17.2026656016775
168,2006,275.664042578439,17.1196364541708
169,2006,273.957703556816,17.0550786390112
170,2006,272.219562072097,17.0111549767321
171,2006,270.457835874859,16.9891929642285
172,2006,268.680742715677,16.9896308749123
173,2006,266.896500345126,17.0119975714555
174,2006,265.113326513785,17.0549276535642
175,2006,263.339438972227,17.1162106894444
176,2006,261.583055471029,17.192870632667
177,2006,259.852393760767,17.2812695731093
178,2006,258.155671592018,17.3772290051088
179,2006,256.501106715356,17.4761618858896
180,2006,254.896916881359,17.5732097672602
181,2006,253.351319840602,17.6633809509441
182,2006,251.872533343661,17.7416876473583
183,2006,250.468775141112,17.8032822600875
184,2006,249.148262983531,17.8435950160764
185,2006,247.919214621494,17.8584771583081
186,2006,246.789844731358,17.844357034916
187,2006,245.765306067252,17.7995987199108
188,2006,244.841943745573,17.7268369391408
189,2006,244.014528882535,17.6300762695172
190,2006,243.277832594352,17.5139301854905
191,2006,242.626625997241,17.3834824494739
192,2006,242.055680207415,17.2441540827738
193,2006,241.559766341089,17.1015692948733
194,2006,241.133655514478,16.9614154325413
195,2006,240.772118843797,16.8292940427659
196,2006,240.46992744526,16.710562615442
197,2006,240.221852435083,16.6101694481601
198,2006,240.02266492948,16.5324871390778
199,2006,239.867136044667,16.481153045611
200,2006,239.750036896857,16.4589270757881
201,2006,239.666138602266,16.4675778191926
202,2006,239.610212277108,16.5078068731621
203,2006,239.577029037598,16.5792182526378
204,2006,239.561359999951,16.6803354343736
205,2006,239.557976280382,16.8086637175573
206,2006,239.561648995106,16.9607911793865
207,2006,239.567149260337,17.1325184144213
208,2006,239.56924819229,17.3190059320017
209,2006,239.562716907181,17.514928539871
210,2006,239.542326521223,17.7146278771444
211,2006,239.502848150631,17.9122568978575
212,2006,239.439052911621,18.1019129765796
213,2006,239.345711920407,18.2777589828797
214,2006,239.217596293204,18.434133921418
215,2006,239.049477146226,18.5656565106631
216,2006,238.83612559569,18.6673264589263
217,2006,238.572685663198,18.7348861922502
218,2006,238.258636395515,18.7676774449981
219,2006,237.896253629829,18.7676632255619
220,2006,237.487859816501,18.7374483311228
221,2006,237.035777405893,18.68013925381
222,2006,236.542328848367,18.5992521787574
223,2006,236.009836594285,18.4986317868106
224,2006,235.440623094009,18.3823762935423
225,2006,234.837010797901,18.254764920607
226,2006,234.201322156321,18.1201847043551
227,2006,233.535879619633,17.9830542741637
228,2006,232.843005638198,17.8477430461071
229,2006,232.125022662378,17.7184852240107
230,2006,231.384253142534,17.5992890937011
231,2006,230.623019529029,17.493843303418
232,2006,229.843644272224,17.4054230519211
233,2006,229.048449822481,17.3368002070701
234,2006,228.239758630162,17.2901621645994
235,2006,227.419893145628,17.2670445422881
236,2006,226.591175819242,17.2682824531838
237,2006,225.755929101366,17.2939840801031
238,2006,224.91647544236,17.3435286830053
239,2006,224.075137292588,17.4155892395569
240,2006,223.23423710241,17.508177957367
241,2006,222.396097322189,17.6187112215258
242,2006,221.563040402287,17.7440894015476
243,2006,220.737388793064,17.8807864637898
244,2006,219.921464944884,18.0249445095656
245,2006,219.117591308107,18.1724690655818
246,2006,218.328090333097,18.3191220103499
247,2006,217.555284470213,18.4606102372512
248,2006,216.801496169819,18.5926693735627
249,2006,216.069047882277,18.7111429907977
250,2006,215.360262057947,18.8120587089094
251,2006,214.677460420614,18.8917042103231
252,2006,214.022241022327,18.9475022687611
253,2006,213.394120269029,18.9796279112283
254,2006,212.792242558707,18.9891717009584
255,2006,212.215752289344,18.9776605652747
256,2006,211.663793858924,18.9469888086784
257,2006,211.135511665433,18.8993579886961
258,2006,210.630050106854,18.8372231752613
259,2006,210.146553581171,18.7632434411153
260,2006,209.684166486371,18.6802347401678
261,2006,209.242033220436,18.5911236332147
262,2006,208.819298181351,18.498900631489
263,2006,208.415105767102,18.4065722646048
264,2006,208.028600375671,18.3171113536209
265,2006,207.658926405044,18.2334053880287
266,2006,207.305228253206,18.1582033622531
267,2006,206.96665031814,18.0940619036446
268,2006,206.64233699783,18.0432919857829
269,2006,206.331432690263,18.0079079210541
270,2006,206.033081793421,17.9895806103542
271,2006,205.74642870529,17.9895971430525
272,2006,205.470617823854,18.0088287485387
273,2006,205.204793547097,18.0477087886837
274,2006,204.948100273003,18.106221968173
275,2006,204.699682399558,18.1839052804732
276,2006,204.458684324746,18.2798604810175
277,2006,204.22425044655,18.3927771780263
278,2006,203.995525162957,18.5209650417884
279,2006,203.771652871949,18.6623932204183
280,2006,203.551777971512,18.8147348476984
281,2006,203.335044859629,18.975414536269
282,2006,203.120597934286,19.1416569380644
283,2006,202.907581593467,19.3105347757708
284,2006,202.695140235156,19.4790151496552
285,2006,202.482418257338,19.6440033523014
286,2006,202.268560057997,19.8023838391564
287,2006,202.052710035118,19.9510583787822
288,2006,201.834012586685,20.0869817308262
289,2006,201.611612110682,20.2071954714092
290,2006,201.384667962987,20.3089271093843
291,2006,201.152608023543,20.3907694350322
292,2006,200.915092438438,20.4526193216721
293,2006,200.671789012198,20.4946853878182
294,2006,200.422365549351,20.5174184946585
295,2006,200.166489854423,20.5214807291566
296,2006,199.903829731941,20.5077187149951
297,2006,199.634052986431,20.4771404790052
298,2006,199.35682742242,20.4308951868264
299,2006,199.071820844436,20.3702551397805
300,2006,198.778701057005,20.2965994939236
301,2006,198.477135864653,20.2113992223206
302,2006,198.166793071908,20.1162028941518
303,2006,197.847340483296,20.0126228913818
304,2006,197.518445903345,19.9023217278116
305,2006,197.17977713658,19.7869981790258
306,2006,196.831001987529,19.6683729777016
307,2006,196.471788260718,19.5481738794629
308,2006,196.101803760675,19.4281199621122
309,2006,195.720716291925,19.3099050871758
310,2006,195.328193658997,19.1951805278761
311,2006,194.923903666416,19.0855368512681
312,2006,194.50751411871,18.9824852322042
313,2006,194.078692820404,18.8874384692008
314,2006,193.637107576027,18.8016920616544
315,2006,193.182426190105,18.7264057872793
316,2006,192.714316467164,18.6625862803576
317,2006,192.232446211731,18.6110711476718
318,2006,191.736483228333,18.572515163222
319,2006,191.226095321498,18.5473790506881
320,2006,190.700950295751,18.5359212930316
321,2006,190.160715955619,18.5381933045447
322,2006,189.60506010563,18.5540381689167
323,2006,189.03365055031,18.5830929978361
324,2006,188.446155094186,18.6247948108024
325,2006,187.842241541784,18.6783896913971
326,2006,187.221577697632,18.7429448503227
327,2006,186.583831366256,18.8173631305882
328,2006,185.928670352183,18.9003994311201
329,2006,185.25576245994,18.9906785036216
330,2006,184.564775494054,19.0867135916718
331,2006,183.85537725905,19.1869254257747
332,2006,183.127235559457,19.2896611563011
333,2006,182.380018199801,19.3932128901581
334,2006,181.613392984609,19.4958355889624
335,2006,180.827027718407,19.5957641799133
336,2006,180.020590205722,19.6912298204246
337,2006,179.193748251082,19.7804753405777
338,2006,178.346169659012,19.8617699619926
339,2006,177.47752223404,19.9334234576364
340,2006,176.587473780692,19.9937999754933
341,2006,175.675692103496,20.0413318018364
342,2006,174.741845006978,20.0745333896665
343,2006,173.785600295664,20.0920160276351
344,2006,172.806625774082,20.092503577597
345,2006,171.804589246759,20.0748497680084
346,2006,170.779158518221,20.0380575987628
347,2006,169.730149018332,19.9816150095224
348,2006,168.65796667831,19.9064459982261
349,2006,167.563165054708,19.8139497899452
350,2006,166.44629770408,19.7056665608767
351,2006,165.307918182981,19.5832597991891
352,2006,164.148580047965,19.4484999869316
353,2006,162.968836855586,19.3032490432073
354,2006,161.769242162398,19.1494450170416
355,2006,160.550349524956,18.9890865630171
356,2006,159.312712499813,18.8242167785612
357,2006,158.056884643523,18.6569060339203
358,2006,156.783419512642,18.4892334895648
359,2006,155.492870663723,18.3232670759871
360,2006,154.18579165332,18.1610418115965
361,2006,152.862736037988,18.0045364580088
362,2006,151.52425737428,17.8556486581853
363,2006,150.17090921875,17.7161688677606
364,2006,148.803245127954,17.5877535654151
365,2006,147.421818658445,17.4718984017326
1,2007,173.39766072088,19.3965437392503
2,2007,172.395624193556,19.3822945214915
3,2007,171.370193465018,19.348529112634
4,2007,170.321183965129,19.2947254654443
5,2007,169.249001625107,19.221832258712
6,2007,168.154200001505,19.1312844631299
7,2007,167.037332650877,19.0246612275227
8,2007,165.898953129779,18.9036682059689
9,2007,164.739614994762,18.7701212621768
10,2007,163.559871802383,18.6259309484164
11,2007,162.360277109195,18.4730872058777
12,2007,161.141384471753,18.3136437781779
13,2007,159.90374744661,18.1497018754819
14,2007,158.647919590321,17.9833926793997
15,2007,157.37445445944,17.8168583447676
16,2007,156.08390561052,17.652231239645
17,2007,154.776826600117,17.491611274446
18,2007,153.453770984785,17.3370413082419
19,2007,152.115292321077,17.1904807850028
20,2007,150.761944165548,17.0537779406965
21,2007,149.394280074752,16.9286411243202
22,2007,148.012853605243,16.816609977046
23,2007,146.618218313575,16.7190273937025
24,2007,145.210927756303,16.6370133265959
25,2007,143.79153548998,16.5714415600333
26,2007,142.360595071162,16.5229205658215
27,2007,140.918660056401,16.4917794349222
28,2007,139.466284002253,16.478059669793
29,2007,138.004020465271,16.4815133307659
30,2007,136.532423002009,16.501607685721
31,2007,135.052045169022,16.5375361516416
32,2007,133.563440522864,16.5882349786863
33,2007,132.06716262009,16.6524048478293
34,2007,130.563765017252,16.7285363582341
35,2007,129.053801270906,16.8149382837797
36,2007,127.537824937606,16.9097674793503
37,2007,126.016389573905,17.0110594046408
38,2007,124.490048736359,17.1167583862672
39,2007,122.95935598152,17.224746934206
40,2007,121.424864865944,17.3328736428211
41,2007,119.887128946185,17.4389794203667
42,2007,118.346701778796,17.5409219896061
43,2007,116.804136920332,17.6365987776392
44,2007,115.259987927347,17.7239684621149
45,2007,113.714808356395,17.801071564987
46,2007,112.16915176403,17.8660505881886
47,2007,110.623571706808,17.9171702742547
48,2007,109.07862174128,17.9528386560827
49,2007,107.534855424003,17.9716296407905
50,2007,105.99282631153,17.9723079595548
51,2007,104.453087960415,17.9538574137447
52,2007,102.916193927213,17.9155134610789
53,2007,101.382764355793,17.8568355052619
54,2007,99.8554388584524,17.7787342260286
55,2007,98.3391917652385,17.6835673619708
56,2007,96.839127459549,17.5739420622215
57,2007,95.3603503247814,17.4526123579551
58,2007,93.9079647443335,17.3224448476656
59,2007,92.4870751016029,17.1863836839136
60,2007,91.1027857799873,17.0474138313655
61,2007,89.7602011628842,16.9085218139582
62,2007,88.4644256336915,16.7726534679533
63,2007,87.2205635758067,16.6426685793713
64,2007,86.0337193726275,16.521292710188
65,2007,84.9089974075515,16.4110669943913
66,2007,83.8515020639765,16.3142971815528
67,2007,82.8663377252999,16.2330036730419
68,2007,81.9586087749196,16.1688746716642
69,2007,81.1334195962332,16.1232247819815
70,2007,80.3958745726383,16.0969613975304
71,2007,79.7510780875326,16.0905609587372
72,2007,79.2041345243136,16.1040566650409
73,2007,78.7601482663793,16.1370385232202
74,2007,78.424223697127,16.1886657963163
75,2007,78.2014651999546,16.2576910924481
76,2007,78.0969771582596,16.3424946105669
77,2007,78.1158639554397,16.4411265305657
78,2007,78.2632299748927,16.5513552510105
79,2007,78.544179600016,16.670719148748
80,2007,78.9638172142075,16.796579731537
81,2007,79.5272472008646,16.9261744217387
82,2007,80.2395739433852,17.0566676787485
83,2007,81.1059018251669,17.185199675943
84,2007,82.1313352296072,17.3089322429859
85,2007,83.3209785401039,17.4250922325766
86,2007,84.6799361400547,17.5310128562085
87,2007,86.2133124128571,17.6241738552793
88,2007,87.9262117419089,17.7022416416849
89,2007,89.8237385106076,17.7631107715927
90,2007,91.910997102351,17.8049483251154
91,2007,94.1930919005368,17.826242969071
92,2007,96.6751272885624,17.8258606907355
93,2007,99.3622076498257,17.8031094091494
94,2007,102.259437367724,17.7578148839539
95,2007,105.371811196276,17.6904324805333
96,2007,108.69774612674,17.6033962530217
97,2007,112.225463618096,17.5016121579125
98,2007,115.942308094289,17.390359540028
99,2007,119.835623979264,17.2750025286207
100,2007,123.892755696968,17.1608766025857
101,2007,128.101047671344,17.053167583292
102,2007,132.447844326339,16.9567834761351
103,2007,136.920490085897,16.8762217157886
104,2007,141.506329373965,16.8154365383791
105,2007,146.192706614487,16.777713107139
106,2007,150.966966231409,16.7655562793049
107,2007,155.816452648676,16.7806021587275
108,2007,160.728510290233,16.8235596049426
109,2007,165.690483580026,16.8941866847884
110,2007,170.689716942,16.9913039666134
111,2007,175.713554800101,17.1128431167655
112,2007,180.749341578273,17.2559261059244
113,2007,185.784421700463,17.4169680274893
114,2007,190.806139590615,17.5917954004655
115,2007,195.801839672674,17.7757719155744
116,2007,200.758866370587,17.9639246765085
117,2007,205.664564108298,18.1510657342786
118,2007,210.506277309753,18.3319057325027
119,2007,215.271350398897,18.5011584647899
120,2007,219.947127799675,18.6536368972377
121,2007,224.520953936033,18.7843426546246
122,2007,228.980173231916,18.8885521303533
123,2007,233.312130111269,18.9619033441958
124,2007,237.504168998038,19.0004885592344
125,2007,241.54371765242,19.0009930137373
126,2007,245.42320400969,18.9628322697398
127,2007,249.142806276499,18.8892839095302
128,2007,252.703369349509,18.7844472342243
129,2007,256.10573812538,18.6528584217741
130,2007,259.350757500773,18.4993930934286
131,2007,262.43927237235,18.3291745371778
132,2007,265.37212763677,18.1474825531685
133,2007,268.150168190696,17.9596589081367
134,2007,270.774238930788,17.7710064890041
135,2007,273.245184753707,17.5866805456576
136,2007,275.563850556114,17.4115719802237
137,2007,277.73108123467,17.2501844709684
138,2007,279.747721686037,17.1065092062081
139,2007,281.614616806875,16.9839029231761
140,2007,283.332611493844,16.8849764745813
141,2007,284.902550643607,16.8115019179184
142,2007,286.325279152824,16.7643458361514
143,2007,287.601641918156,16.7434351243513
144,2007,288.732483836265,16.7477589447718
145,2007,289.71864980381,16.7754073597974
146,2007,290.560984717453,16.823643878543
147,2007,291.260333473856,16.8890064075089
148,2007,291.817540969678,16.9674293494649
149,2007,292.233452101582,17.0543790672902
150,2007,292.508911766228,17.1449955672954
151,2007,292.644764860276,17.234234797426
152,2007,292.641856280389,17.3170080409374
153,2007,292.501030923226,17.3883171717152
154,2007,292.22313368545,17.4433867708132
155,2007,291.809009463721,17.4777961537237
156,2007,291.2595031547,17.4876162051721
157,2007,290.575567534026,17.4696328485956
158,2007,289.761427144473,17.4236983968213
159,2007,288.825089035488,17.353079106485
160,2007,287.774770957648,17.2618073689513
161,2007,286.618690661528,17.1543780874798
162,2007,285.365065897704,17.0356035108252
163,2007,284.022114416752,16.9104729771564
164,2007,282.598053969249,16.784012932681
165,2007,281.101102305769,16.6611445786728
166,2007,279.53947717689,16.546538691062
167,2007,277.921396333187,16.4444695004719
168,2007,276.255077525236,16.3586718505702
169,2007,274.548738503614,16.2922078811356
170,2007,272.810597018895,16.2473508433814
171,2007,271.048870821657,16.2254939949468
172,2007,269.271777662474,16.227091619114
173,2007,267.487535291924,16.251637087563
174,2007,265.704361460582,16.2976798478288
175,2007,263.930473919024,16.3628798152029
176,2007,262.174090417826,16.4440945345753
177,2007,260.443428707565,16.5374922226335
178,2007,258.746706538815,16.6386827503101
179,2007,257.092141662154,16.7428588362012
180,2007,255.487951828156,16.8449409985959
181,2007,253.942354787399,16.9397218143106
182,2007,252.463568290458,17.0220073897136
183,2007,251.059810087909,17.0867563686379
184,2007,249.739297930328,17.1292191114798
185,2007,248.510249568291,17.1450818357393
186,2007,247.380879678156,17.1306238173599
187,2007,246.35634101405,17.0841326557644
188,2007,245.432978692371,17.0083452018304
189,2007,244.605563829332,16.9074191072329
190,2007,243.86886754115,16.7861438921392
191,2007,243.217660944038,16.6498029394313
192,2007,242.646715154212,16.5040408336245
193,2007,242.150801287886,16.3547285448529
194,2007,241.724690461275,16.2078206900764
195,2007,241.363153790594,16.0692012549476
196,2007,241.060962392058,15.9445168797618
197,2007,240.812887381881,15.8390001043813
198,2007,240.613699876278,15.7572886039284
199,2007,240.458170991464,15.7032499327748
200,2007,240.341071843654,15.6798239088569
201,2007,240.257173549063,15.6888957378332
202,2007,240.201247223905,15.7312117326383
203,2007,240.168063984395,15.8063459487056
204,2007,240.152394946749,15.9127207753953
205,2007,240.14901122718,16.0476785794995
206,2007,240.152683941904,16.20759617558
207,2007,240.158184207135,16.3880302795214
208,2007,240.160283139088,16.5838807344
209,2007,240.153751853978,16.7895591068884
210,2007,240.13336146802,16.9991526818535
211,2007,240.093883097428,17.2065771649327
212,2007,240.030087858418,17.40571482127
213,2007,239.936746867204,17.5905378329836
214,2007,239.808631240001,17.7552191113627
215,2007,239.640512093024,17.8942346402257
216,2007,239.427160542487,18.0024627914544
217,2007,239.163720609995,18.0755517290957
218,2007,238.849671342312,18.1128558095798
219,2007,238.487288576626,18.1164213594626
220,2007,238.078894763298,18.0889468499166
221,2007,237.62681235269,18.0336402764719
222,2007,237.133363795165,17.9541265358128
223,2007,236.600871541083,17.8543660910172
224,2007,236.031658040807,17.7385799916475
225,2007,235.428045744698,17.6111771318505
226,2007,234.792357103119,17.476680373922
227,2007,234.126914566431,17.3396489267411
228,2007,233.434040584996,17.204595230202
229,2007,232.716057609175,17.075895618972
230,2007,231.975288089332,16.9576952439496
231,2007,231.214054475826,16.8538090835007
232,2007,230.434679219021,16.7676222745938
233,2007,229.639484769278,16.7019942615393
234,2007,228.830793576959,16.6591721732256
235,2007,228.010928092426,16.6407191718273
236,2007,227.18221076604,16.6474631020221
237,2007,226.346964048163,16.6794695708767
238,2007,225.507510389158,16.7360417300654
239,2007,224.666172239385,16.81574679469
240,2007,223.825272049208,16.9164670922561
241,2007,222.987132268987,17.0354715674945
242,2007,222.154075349084,17.1695024559457
243,2007,221.328423739862,17.314871408988
244,2007,220.512499891681,17.4675596684495
245,2007,219.708626254905,17.6233177867681
246,2007,218.919125279894,17.7777616427959
247,2007,218.146319417011,17.9264628894221
248,2007,217.392531116617,18.0650333108157
249,2007,216.660082829074,18.1892037571855
250,2007,215.951297004744,18.2948993252688
251,2007,215.268495367411,18.378314101203
252,2007,214.613275969124,18.43681373366
253,2007,213.985155215827,18.4706059067145
254,2007,213.383277505504,18.4808340065649
255,2007,212.806787236141,18.4690819014519
256,2007,212.254828805722,18.4373044399065
257,2007,211.72654661223,18.3877672950045
258,2007,211.221085053651,18.3229934931933
259,2007,210.737588527969,18.2457143236209
260,2007,210.275201433168,18.1588226520346
261,2007,209.833068167233,18.0653269766273
262,2007,209.410333128149,17.9683048815828
263,2007,209.006140713899,17.8708548882785
264,2007,208.619635322469,17.7760460915505
265,2007,208.249961351842,17.6868654088173
266,2007,207.896263200003,17.6061627607527
267,2007,207.557685264937,17.5365950252378
268,2007,207.233371944628,17.4805701252557
269,2007,206.92246763706,17.440193073526
270,2007,206.624116740219,17.4172161387681
271,2007,206.337463652087,17.4129954574859
272,2007,206.061652770651,17.4284563422253
273,2007,205.795828493894,17.4640692119843
274,2007,205.539135219801,17.5198375110178
275,2007,205.290717346356,17.5952982475017
276,2007,205.049719271543,17.6895349648642
277,2007,204.815285393348,17.801202163405
278,2007,204.586560109754,17.9285595201094
279,2007,204.362687818746,18.0695137873563
280,2007,204.142812918309,18.2216660258904
281,2007,203.926079806427,18.3823618428402
282,2007,203.711632881084,18.5487425264202
283,2007,203.498616540265,18.7177953383476
284,2007,203.286175181954,18.8864016786892
285,2007,203.073453204136,19.0513823166724
286,2007,202.859595004795,19.2095393390318
287,2007,202.643744981916,19.3576948756338
288,2007,202.425047533482,19.4927270077968
289,2007,202.20264705748,19.6116035490078
290,2007,201.975702909784,19.7114827730235
291,2007,201.74364297034,19.790924552452
292,2007,201.506127385235,19.8498267168575
293,2007,201.262823958996,19.8884048520141
294,2007,201.013400496149,19.9071210142631
295,2007,200.75752480122,19.906652159806
296,2007,200.494864678738,19.8878631380372
297,2007,200.225087933228,19.8517834261999
298,2007,199.947862369218,19.7995868773239
299,2007,199.662855791233,19.7325738379102
300,2007,199.369736003802,19.6521550649736
301,2007,199.06817081145,19.5598369344379
302,2007,198.757828018705,19.457207486207
303,2007,198.438375430094,19.345922897908
304,2007,198.109480850142,19.2276940221179
305,2007,197.770812083377,19.1042726639391
306,2007,197.422036934326,18.9774373202537
307,2007,197.062823207515,18.8489781520004
308,2007,196.692838707472,18.7206810192159
309,2007,196.311751238723,18.594310477613
310,2007,195.919228605794,18.471591716405
311,2007,195.514938613214,18.3541915098076
312,2007,195.098549065507,18.2436983572372
313,2007,194.669727767202,18.1416020956117
314,2007,194.228142522824,18.0492733750794
315,2007,193.773461136902,17.9679434886317
316,2007,193.305351413961,17.8986851266853
317,2007,192.823481158528,17.8423946797842
318,2007,192.327518175131,17.7997767270168
319,2007,191.817130268295,17.7713313181662
320,2007,191.291985242548,17.7573445816173
321,2007,190.751750902417,17.7578830703396
322,2007,190.196095052428,17.7727921028289
323,2007,189.624685497108,17.8016981774021
324,2007,189.037190040983,17.8440153525
325,2007,188.433276488582,17.8989553095145
326,2007,187.81261264443,17.9655406636296
327,2007,187.174866313054,18.0426209743951
328,2007,186.519705298981,18.1288908385667
329,2007,185.846797406738,18.2229094251253
330,2007,185.155810440851,18.3231208333678
331,2007,184.446412205848,18.427874712631
332,2007,183.718270506255,18.535446667301
333,2007,182.971053146599,18.6440580731244
334,2007,182.204427931406,18.7518950408849
335,2007,181.418062665204,18.857126373183
336,2007,180.61162515252,18.9579204633868
337,2007,179.784783197879,19.0524611791488
338,2007,178.937204605809,19.1389628546437
339,2007,178.068557180837,19.215684586139
340,2007,177.17850872749,19.2809440863249
341,2007,176.266727050294,19.3331314066151
342,2007,175.332879953775,19.370722886653
343,2007,174.376635242462,19.392295740108
344,2007,173.39766072088,19.3965437392503
345,2007,172.395624193556,19.3822945214915
346,2007,171.370193465018,19.348529112634
347,2007,170.321183965129,19.2947254654443
348,2007,169.249001625107,19.221832258712
349,2007,168.154200001505,19.1312844631299
350,2007,167.037332650877,19.0246612275227
351,2007,165.898953129779,18.9036682059689
352,2007,164.739614994762,18.7701212621768
353,2007,163.559871802383,18.6259309484164
354,2007,162.360277109195,18.4730872058777
355,2007,161.141384471753,18.3136437781779
356,2007,159.90374744661,18.1497018754819
357,2007,158.647919590321,17.9833926793997
358,2007,157.37445445944,17.8168583447676
359,2007,156.08390561052,17.652231239645
360,2007,154.776826600117,17.491611274446
361,2007,153.453770984785,17.3370413082419
362,2007,152.115292321077,17.1904807850028
363,2007,150.761944165548,17.0537779406965
364,2007,149.394280074752,16.9286411243202
365,2007,148.012853605243,16.816609977046
1,2008,173.884363077294,18.9866609468519
2,2008,172.882326549971,18.9762108720245
3,2008,171.856895821432,18.9461247432219
4,2008,170.807886321544,18.895881267578
5,2008,169.735703981521,18.8264465759945
6,2008,168.640902357919,18.7392786764749
7,2008,167.524035007292,18.6359816448231
8,2008,166.385655486193,18.5182877794096
9,2008,165.226317351177,18.3880411576464
10,2008,164.046574158798,18.2471819633159
11,2008,162.84697946561,18.0977310055256
12,2008,161.628086828167,17.9417738965442
13,2008,160.390449803024,17.7814444032992
14,2008,159.134621946735,17.6189065425347
15,2008,157.861156815854,17.4563350594516
16,2008,156.570607966935,17.2958940206907
17,2008,155.263528956532,17.1397133703058
18,2008,153.940473341199,16.9898634452768
19,2008,152.601994677491,16.8483276250157
20,2008,151.248646521962,16.7169734922821
21,2008,149.880982431166,16.5975231001605
22,2008,148.499555961657,16.4915231542384
23,2008,147.104920669989,16.4003161084211
24,2008,145.697630112717,16.3250133113103
25,2008,144.278237846395,16.266471402612
26,2008,142.847297427576,16.2252731257013
27,2008,141.405362412815,16.2017135833266
28,2008,139.952986358667,16.1957927222736
29,2008,138.490722821685,16.2072145085042
30,2008,137.019125358424,16.235392879098
31,2008,135.538747525437,16.2794641721813
32,2008,134.050142879279,16.3383053836973
33,2008,132.553864976504,16.4105573176814
34,2008,131.050467373667,16.4946515105962
35,2008,129.540503627321,16.5888397314527
36,2008,128.02452729402,16.6912248842602
37,2008,126.50309193032,16.7997922519986
38,2008,124.976751092773,16.9124401983121
39,2008,123.446058337935,17.0270096582432
40,2008,121.911567222359,17.1413119780021
41,2008,120.373831302599,17.2531548860605
42,2008,118.83340413521,17.3603665800634
43,2008,117.290839276746,17.4608180888002
44,2008,115.746690283761,17.5524442139861
45,2008,114.201510712809,17.6332634754329
46,2008,112.655854120445,17.7013975807745
47,2008,111.110274063222,17.7550910243893
48,2008,109.565324097695,17.7927314972863
49,2008,108.021557780418,17.8128718681655
50,2008,106.479528667945,17.8142545826558
51,2008,104.93979031683,17.7958394287208
52,2008,103.402896283628,17.7568357355152
53,2008,101.869466712207,17.6967753057648
54,2008,100.342141214867,17.6165662436683
55,2008,98.8258941216529,17.5185937826535
56,2008,97.3258298159634,17.4054938572874
57,2008,95.8470526811958,17.28004990412
58,2008,94.3946671007479,17.1451596462822
59,2008,92.9737774580173,17.0038011528837
60,2008,91.5894881364017,16.8589970966049
61,2008,90.2469035192986,16.7137763689396
62,2008,88.9511279901059,16.5711325003065
63,2008,87.7072659322211,16.4339786865025
64,2008,86.5204217290419,16.3050996483919
65,2008,85.3956997639659,16.1871010382531
66,2008,84.3382044203909,16.0823576252689
67,2008,83.3530400817143,15.9929619959304
68,2008,82.445311131334,15.9206759277226
69,2008,81.6201219526476,15.8668868636167
70,2008,80.8825769290527,15.8325719640313
71,2008,80.237780443947,15.8182719984966
72,2008,79.690836880728,15.8240768559734
73,2008,79.2468506227937,15.849623741909
74,2008,78.9109260535414,15.8941082767124
75,2008,78.688167556369,15.9563078287081
76,2008,78.583679514674,16.0346156252698
77,2008,78.6025663118541,16.1270835904956
78,2008,78.7499323313071,16.2314715200699
79,2008,79.0308819564304,16.3453001406071
80,2008,79.4505195706219,16.4659057849077
81,2008,80.013949557279,16.5904947882465
82,2008,80.7262762997996,16.7161962018683
83,2008,81.5926041815812,16.8401119578324
84,2008,82.6180375860216,16.9593641470486
85,2008,83.8076808965183,17.0711395516627
86,2008,85.166638496469,17.1727319854557
87,2008,86.7000147692715,17.2615833398398
88,2008,88.4129140983233,17.335324518591
89,2008,90.310440867022,17.391817688747
90,2008,92.3976994587654,17.4292014975493
91,2008,94.6797942569511,17.4459411237233
92,2008,97.1618296449768,17.4408852581399
93,2008,99.8489100062401,17.4133323466803
94,2008,102.746139724139,17.3631086636454
95,2008,105.858513552691,17.2906831857507
96,2008,109.184448483155,17.1985338380996
97,2008,112.712165974511,17.0916477742221
98,2008,116.429010450704,16.9754002993199
99,2008,120.322326335679,16.8552627784306
100,2008,124.379458053382,16.7366867329908
101,2008,128.587750027758,16.6249791877887
102,2008,132.934546682753,16.5251696099583
103,2008,137.407192442312,16.4418711055883
104,2008,141.993031730379,16.3791409405553
105,2008,146.679408970901,16.3403475924981
106,2008,151.453668587823,16.3280529852566
107,2008,156.30315500509,16.3439188802593
108,2008,161.215212646648,16.3886453305545
109,2008,166.177185936441,16.4619466579766
110,2008,171.176419298415,16.5625669493447
111,2008,176.200257156516,16.6883332189824
112,2008,181.236043934688,16.8362408946544
113,2008,186.271124056877,17.002563786969
114,2008,191.292841947029,17.1829795553747
115,2008,196.288542029089,17.3727019045037
116,2008,201.245568727002,17.5666120658595
117,2008,206.151266464713,17.7593841202971
118,2008,210.992979666167,17.9456009624513
119,2008,215.758052755311,18.1198598572747
120,2008,220.433830156089,18.2768683886633
121,2008,225.007656292447,18.4115330855131
122,2008,229.46687558833,18.5190441721521
123,2008,233.798832467684,18.5949608350587
124,2008,237.990871354453,18.6353022657036
125,2008,242.030420008834,18.6366859116931
126,2008,245.909906366104,18.5985129340977
127,2008,249.629508632914,18.5241262702901
128,2008,253.190071705924,18.417699672834
129,2008,256.592440481794,18.2838473061425
130,2008,259.837459857188,18.1275276580442
131,2008,262.925974728764,17.9539530947158
132,2008,265.858829993184,17.7684997893605
133,2008,268.63687054711,17.5766137713461
134,2008,271.260941287202,17.3837099410956
135,2008,273.731887110121,17.1950622099134
136,2008,276.050552912528,17.0156845411816
137,2008,278.217783591085,16.8502045996763
138,2008,280.234424042451,16.7027338561195
139,2008,282.101319163289,16.5767401083604
140,2008,283.819313850259,16.4749301129336
141,2008,285.389253000022,16.3991509588392
142,2008,286.811981509239,16.3503186023394
143,2008,288.088344274571,16.328380449101
144,2008,289.219186192679,16.3323161412329
145,2008,290.205352160224,16.3601772143464
146,2008,291.047687073868,16.4091626836276
147,2008,291.74703583027,16.475724587479
148,2008,292.304243326093,16.5556955969477
149,2008,292.720154457996,16.6444302352884
150,2008,292.995614122642,16.7369519776794
151,2008,293.131467216691,16.8281002125913
152,2008,293.128558636803,16.9126733342723
153,2008,292.987733279641,16.9855667139578
154,2008,292.709836041865,17.0419066883237
155,2008,292.295711820135,17.0771838701555
156,2008,291.746205511114,17.0873910176447
157,2008,291.06226989044,17.0692492254097
158,2008,290.248129500887,17.0226056240129
159,2008,289.311791391903,16.9507883866295
160,2008,288.261473314062,16.8579069563734
161,2008,287.105393017942,16.748544248876
162,2008,285.851768254118,16.6276104143642
163,2008,284.508816773167,16.5002012173134
164,2008,283.084756325663,16.3714560528568
165,2008,281.587804662184,16.2464126963198
166,2008,280.026179533304,16.1298581970596
167,2008,278.408098689602,16.026177840011
168,2008,276.741779881651,15.93920663256
169,2008,275.035440860028,15.872090014272
170,2008,273.297299375309,15.8271620200072
171,2008,271.535573178071,15.8058495456588
172,2008,269.758480018889,15.8086104073813
173,2008,267.974237648338,15.8349105609938
174,2008,266.191063816996,15.8832425019037
175,2008,264.417176275438,15.9511831182117
176,2008,262.660792774241,16.035485856192
177,2008,260.930131063979,16.1321996193115
178,2008,259.23340889523,16.2368057354706
179,2008,257.578844018568,16.3443646360207
180,2008,255.974654184571,16.4496653542869
181,2008,254.429057143814,16.5473731726906
182,2008,252.950270646873,16.6321733120958
183,2008,251.546512444324,16.6989111427832
184,2008,250.226000286743,16.7427318258454
185,2008,248.996951924706,16.7592245342305
186,2008,247.86758203457,16.7445798171054
187,2008,246.843043370464,16.6970394743557
188,2008,245.919681048785,16.6194030336364
189,2008,245.092266185747,16.5159204703069
190,2008,244.355569897564,16.3914864682392
191,2008,243.704363300453,16.2515033419347
192,2008,243.133417510626,16.1017491653088
193,2008,242.6375036443,15.9482430636605
194,2008,242.21139281769,15.7971013655832
195,2008,241.849856147008,15.6543805140938
196,2008,241.547664748472,15.5259054932901
197,2008,241.299589738295,15.4170860728701
198,2008,241.100402232692,15.3327271836469
199,2008,240.944873347879,15.2768436696153
200,2008,240.827774200069,15.2524926951879
201,2008,240.743875905477,15.2616383082376
202,2008,240.68794958032,15.3050613833008
203,2008,240.65476634081,15.3823242657387
204,2008,240.639097303163,15.4917935189823
205,2008,240.635713583594,15.6307174924704
206,2008,240.639386298318,15.795349476517
207,2008,240.644886563549,15.981103236643
208,2008,240.646985495502,16.1827263312102
209,2008,240.640454210392,16.3944776839487
210,2008,240.620063824434,16.6102987267596
211,2008,240.580585453843,16.8239711458787
212,2008,240.516790214833,17.0292580412495
213,2008,240.423449223619,17.2200285995583
214,2008,240.295333596416,17.3903689502842
215,2008,240.127214449438,17.5346837382761
216,2008,239.913862898901,17.6477942810459
217,2008,239.65042296641,17.7253083483647
218,2008,239.336373698727,17.7665925424896
219,2008,238.97399093304,17.7737397747993
220,2008,238.565597119712,17.7495007833138
221,2008,238.113514709105,17.6971398614442
222,2008,237.620066151579,17.6203415579079
223,2008,237.087573897497,17.523128926132
224,2008,236.518360397221,17.4097881807505
225,2008,235.914748101113,17.2847954730144
226,2008,235.279059459533,17.1527422695309
227,2008,234.613616922845,17.0182566090268
228,2008,233.92074294141,16.8859184100401
229,2008,233.20275996559,16.7601680755253
230,2008,232.461990445746,16.6452089134628
231,2008,231.700756832241,16.5449053289052
232,2008,230.921381575436,16.4626802285593
233,2008,230.126187125693,16.4014164226316
234,2008,229.317495933374,16.3633677654285
235,2008,228.49763044884,16.3500860999301
236,2008,227.668913122454,16.3623695867762
237,2008,226.833666404578,16.4002366706983
238,2008,225.994212745572,16.4629279148353
239,2008,225.1528745958,16.548935530949
240,2008,224.311974405622,16.6560580638054
241,2008,223.473834625401,16.7814757542862
242,2008,222.640777705498,16.9218408996768
243,2008,221.815126096276,17.0733771685508
244,2008,220.999202248096,17.2319822513902
245,2008,220.195328611319,17.3933292452117
246,2008,219.405827636308,17.5529635311369
247,2008,218.633021773425,17.706393368991
248,2008,217.879233473031,17.8491738217075
249,2008,217.146785185489,17.9769848308271
250,2008,216.437999361159,18.0857052624569
251,2008,215.755197723826,18.1714863945258
252,2008,215.099978325538,18.2316695528153
253,2008,214.471857572241,18.2664860052531
254,2008,213.869979861919,18.2771110440209
255,2008,213.293489592556,18.2651600996934
256,2008,212.741531162136,18.232619344686
257,2008,212.213248968644,18.1817858679961
258,2008,211.707787410065,18.1152146777534
259,2008,211.224290884383,18.0356701616373
260,2008,210.761903789583,17.946079971714
261,2008,210.319770523648,17.8494896164369
262,2008,209.897035484563,17.7490163606167
263,2008,209.492843070314,17.6478013771941
264,2008,209.106337678883,17.548959482474
265,2008,208.736663708256,17.4555262312804
266,2008,208.382965556418,17.3704026500203
267,2008,208.044387621351,17.2962984270511
268,2008,207.720074301042,17.2356749249909
269,2008,207.409169993475,17.1906898743722
270,2008,207.110819096633,17.163145985412
271,2008,206.824166008502,17.1544459061214
272,2008,206.548355127065,17.1655559053379
273,2008,206.282530850308,17.1969803424315
274,2008,206.025837576215,17.2487484161714
275,2008,205.77741970277,17.3204139224869
276,2008,205.536421627957,17.4110678901161
277,2008,205.301987749762,17.5193631188726
278,2008,205.073262466168,17.6435489279421
279,2008,204.849390175161,17.7815139159568
280,2008,204.629515274723,17.930834285112
281,2008,204.412782162841,18.0888252888827
282,2008,204.198335237498,18.2525935901884
283,2008,203.985318896679,18.4190887034492
284,2008,203.772877538368,18.5851521709215
285,2008,203.56015556055,18.7475636273225
286,2008,203.346297361209,18.9030833877063
287,2008,203.13044733833,19.048491620679
288,2008,202.911749889897,19.1806245289892
289,2008,202.689349413894,19.2964082537323
290,2008,202.462405266198,19.3929605492727
291,2008,202.230345326755,19.4688183523837
292,2008,201.99282974165,19.5238738707094
293,2008,201.74952631541,19.5583406708988
294,2008,201.500102852563,19.5726815356456
295,2008,201.244227157635,19.5675766502623
296,2008,200.981567035152,19.543896475019
297,2008,200.711790289642,19.5026784580516
298,2008,200.434564725632,19.4451068415366
299,2008,200.149558147648,19.3724949005522
300,2008,199.856438360216,19.2862690283877
301,2008,199.554873167865,19.1879541446958
302,2008,199.24453037512,19.0791599556095
303,2008,198.925077786508,18.9615676402973
304,2008,198.596183206556,18.8369165794125
305,2008,198.257514439792,18.7069907808362
306,2008,197.908739290741,18.5736047005448
307,2008,197.54952556393,18.4385882048996
308,2008,197.179541063887,18.3037704785039
309,2008,196.798453595137,18.1709627518172
310,2008,196.405930962209,18.0419398067894
311,2008,196.001640969628,17.9184203172647
312,2008,195.585251421921,17.8020461921641
313,2008,195.156430123616,17.6943612094351
314,2008,194.714844879239,17.5967893507116
315,2008,194.260163493316,17.5106133612914
316,2008,193.792053770375,17.436954156219
317,2008,193.310183514943,17.3767517590075
318,2008,192.814220531545,17.3307484837602
319,2008,192.30383262471,17.2994750458634
320,2008,191.778687598963,17.2832402073153
321,2008,191.238453258831,17.2821244324037
322,2008,190.682797408842,17.2959778564978
323,2008,190.111387853522,17.324422669622
324,2008,189.523892397398,17.3668598056406
325,2008,188.919978844996,17.4224796271609
326,2008,188.299315000844,17.4902761240709
327,2008,187.661568669468,17.5690640143751
328,2008,187.006407655395,17.6574980583123
329,2008,186.333499763152,17.7540938728433
330,2008,185.642512797266,17.8572495597284
331,2008,184.933114562262,17.9652675282019
332,2008,184.204972862669,18.0763759915475
333,2008,183.457755503013,18.1887497336843
334,2008,182.691130287821,18.3005298659787
335,2008,181.904765021619,18.4098424166515
336,2008,181.098327508934,18.5148157086865
337,2008,180.271485554294,18.6135965831135
338,2008,179.423906962224,18.7043656114753
339,2008,178.555259537252,18.785351514785
340,2008,177.665211083904,18.854845068457
341,2008,176.753429406708,18.9112128266947
342,2008,175.81958231019,18.9529110494043
343,2008,174.863337598876,18.9785002639251
344,2008,173.884363077294,18.9866609468519
345,2008,172.882326549971,18.9762108720245
346,2008,171.856895821432,18.9461247432219
347,2008,170.807886321544,18.895881267578
348,2008,169.735703981521,18.8264465759945
349,2008,168.640902357919,18.7392786764749
350,2008,167.524035007292,18.6359816448231
351,2008,166.385655486193,18.5182877794096
352,2008,165.226317351177,18.3880411576464
353,2008,164.046574158798,18.2471819633159
354,2008,162.84697946561,18.0977310055256
355,2008,161.628086828167,17.9417738965442
356,2008,160.390449803024,17.7814444032992
357,2008,159.134621946735,17.6189065425347
358,2008,157.861156815854,17.4563350594516
359,2008,156.570607966935,17.2958940206907
360,2008,155.263528956532,17.1397133703058
361,2008,153.940473341199,16.9898634452768
362,2008,152.601994677491,16.8483276250157
363,2008,151.248646521962,16.7169734922821
364,2008,149.880982431166,16.5975231001605
365,2008,148.499555961657,16.4915231542384
1,2009,174.209960732859,18.7434129781928
2,2009,173.207924205535,18.7368737654124
3,2009,172.182493476997,18.7107216136863
4,2009,171.133483977108,18.6644418155892
5,2009,170.061301637086,18.5990132984349
6,2009,168.966500013484,18.5159092052958
7,2009,167.849632662856,18.4167497822134
8,2009,166.711253141757,18.3032842749909
9,2009,165.551915006741,18.1773742325162
10,2009,164.372171814362,18.0409775674736
11,2009,163.172577121174,17.8961327795505
12,2009,161.953684483732,17.7449427954165
13,2009,160.716047458589,17.5895579303974
14,2009,159.4602196023,17.4321575358874
15,2009,158.186754471418,17.2749299713503
16,2009,156.896205622499,17.1200506370201
17,2009,155.589126612096,16.9696579286713
18,2009,154.266070996764,16.8258271321534
19,2009,152.927592333056,16.6905424620613
20,2009,151.574244177527,16.5656676600215
21,2009,150.20658008673,16.452915791518
22,2009,148.825153617221,16.3538190974703
23,2009,147.430518325554,16.2696999440711
24,2009,146.023227768282,16.2016440450773
25,2009,144.603835501959,16.1504771794979
26,2009,143.17289508314,16.1167465753437
27,2009,141.73096006838,16.1007079688429
28,2009,140.278584014231,16.1023190849528
29,2009,138.816320477249,16.1212399412838
30,2009,137.344723013988,16.1568399889968
31,2009,135.864345181001,16.2082117138673
32,2009,134.375740534843,16.2741899719716
33,2009,132.879462632068,16.3533760638244
34,2009,131.376065029231,16.4441653820464
35,2009,129.866101282885,16.54477740907
36,2009,128.350124949585,16.6532868863419
37,2009,126.828689585884,16.7676551066342
38,2009,125.302348748337,16.8857604712527
39,2009,123.771655993499,17.0054276772247
40,2009,122.237164877923,17.1244551315261
41,2009,120.699428958163,17.2406404109346
42,2009,119.159001790774,17.3518037845384
43,2009,117.61643693231,17.4558099850956
44,2009,116.072287939325,17.5505885545876
45,2009,114.527108368373,17.6341532018065
46,2009,112.981451776009,17.7046207017012
47,2009,111.435871718786,17.7602299449476
48,2009,109.890921753259,17.799361819787
49,2009,108.347155435982,17.8205606843628
50,2009,106.805126323509,17.8225582737149
51,2009,105.265387972394,17.8043009872708
52,2009,103.728493939192,17.7649816244974
53,2009,102.195064367772,17.7041124140782
54,2009,100.667738870431,17.6225944531695
55,2009,99.1514917772172,17.5228218719503
56,2009,97.6514274715276,17.4074385610233
57,2009,96.1726503367601,17.2792347824395
58,2009,94.7202647563121,17.1411148430856
59,2009,93.2993751135816,16.996064073011
60,2009,91.915085791966,16.8471140222604
61,2009,90.5725011748629,16.6973050143679
62,2009,89.2767256456702,16.5496454692267
63,2009,88.0328635877854,16.407067748694
64,2009,86.8460193846062,16.2723806917395
65,2009,85.7212974195302,16.1482194847903
66,2009,84.6638020759551,16.036994031547
67,2009,83.6786377372786,15.940837499276
68,2009,82.7709087868983,15.8615571619961
69,2009,81.9457196082118,15.8005899617796
70,2009,81.2081745846169,15.7589652978647
71,2009,80.5633780995112,15.7372773802079
72,2009,80.0164345362923,15.7356690369443
73,2009,79.5724482783579,15.7538281779951
74,2009,79.2365237091057,15.7909972696271
75,2009,79.0137652119332,15.8459952797889
76,2009,78.9092771702383,15.9172507345276
77,2009,78.9281639674184,16.0028438894544
78,2009,79.0755299868713,16.1005556384669
79,2009,79.3564796119947,16.2079206789838
80,2009,79.7761172261861,16.3222826074996
81,2009,80.3395472128433,16.4408489760667
82,2009,81.0518739553639,16.5607448270864
83,2009,81.9182018371455,16.6790637678857
84,2009,82.9436352415858,16.7929161875757
85,2009,84.1332785520826,16.8994747151853
86,2009,85.4922361520333,16.996017448866
87,2009,87.0256124248357,17.079969847477
88,2009,88.7385117538875,17.148946477387
89,2009,90.6360385225863,17.2007940658551
90,2009,92.7232971143296,17.2336375477477
91,2009,95.0053919125154,17.245931023096
92,2009,97.487427300541,17.2365157822468
93,2009,100.174507661804,17.2046878062008
94,2009,103.071737379703,17.1502773986825
95,2009,106.184111208255,17.073766044664
96,2009,109.510046138719,16.9776561956272
97,2009,113.037763630075,16.8669724196988
98,2009,116.754608106268,16.7471370014353
99,2009,120.647923991243,16.6236763730714
100,2009,124.705055708946,16.5021033728224
101,2009,128.913347683323,16.3877900423638
102,2009,133.260144338317,16.2858312609554
103,2009,137.732790097876,16.2009019613992
104,2009,142.318629385943,16.1371132251124
105,2009,147.005006626466,16.0978748458522
106,2009,151.779266243387,16.0857735097319
107,2009,156.628752660654,16.1024760961261
108,2009,161.540810302212,16.1486664608075
109,2009,166.502783592005,16.2240214350548
110,2009,171.502016953979,16.327228054747
111,2009,176.52585481208,16.4560399186213
112,2009,181.561641590252,16.6073668741328
113,2009,186.596721712442,16.7773896253176
114,2009,191.618439602594,16.9616897202458
115,2009,196.614139684653,17.1553857026707
116,2009,201.571166382566,17.3532676942432
117,2009,206.476864120277,17.5499248431181
118,2009,211.318577321732,17.7398624631092
119,2009,216.083650410875,17.9176079349415
120,2009,220.759427811654,18.0778063431712
121,2009,225.333253948012,18.2153083223647
122,2009,229.792473243895,18.3252537381348
123,2009,234.124430123248,18.4031557533346
124,2009,238.316469010017,18.444990678339
125,2009,242.356017664398,18.4473356847902
126,2009,246.235504021669,18.4095838521661
127,2009,249.955106288478,18.3351182399973
128,2009,253.515669361488,18.228156971868
129,2009,256.918038137359,18.0933594958441
130,2009,260.163057512752,17.9357314303913
131,2009,263.251572384328,17.7605350412196
132,2009,266.184427648749,17.5731999570635
133,2009,268.962468202674,17.3792297430691
134,2009,271.586538942766,17.184101042572
135,2009,274.057484765685,16.9931533146225
136,2009,276.376150568093,16.8114688339429
137,2009,278.543381246649,16.6437446004803
138,2009,280.560021698016,16.49416002807
139,2009,282.426916818853,16.3662465046096
140,2009,284.144911505823,16.2627667669263
141,2009,285.714850655586,16.1856130723884
142,2009,287.137579164803,16.1357329876765
143,2009,288.413941930135,16.1130900598036
144,2009,289.544783848243,16.1166638021148
145,2009,290.530949815789,16.1444897694917
146,2009,291.373284729432,16.1937367014378
147,2009,292.072633485834,16.2608145154881
148,2009,292.629840981657,16.3415049088926
149,2009,293.04575211356,16.4311057370559
150,2009,293.321211778206,16.5245811091325
151,2009,293.457064872255,16.6167109471666
152,2009,293.454156292367,16.7022361567164
153,2009,293.313330935205,16.77599814311
154,2009,293.035433697429,16.8330738864545
155,2009,292.621309475699,16.8689100194234
156,2009,292.071803166678,16.8794613288941
157,2009,291.387867546004,16.8614183710109
158,2009,290.573727156451,16.8146267345029
159,2009,289.637389047467,16.7424453360707
160,2009,288.587070969627,16.6490223516881
161,2009,287.430990673507,16.5389852743245
162,2009,286.177365909683,16.4172939792592
163,2009,284.834414428731,16.2890982540316
164,2009,283.410353981227,16.1595946291289
165,2009,281.913402317748,16.0338794722983
166,2009,280.351777188869,15.9167976938719
167,2009,278.733696345166,15.8127890162961
168,2009,277.067377537215,15.7257364074009
169,2009,275.361038515592,15.6588236308705
170,2009,273.622897030873,15.6144104897583
171,2009,271.861170833635,15.593934792583
172,2009,270.084077674453,15.5978490718945
173,2009,268.299835303903,15.6255976407479
174,2009,266.516661472561,15.6756360489956
175,2009,264.742773931003,15.7454910617054
176,2009,262.986390429805,15.8318557101415
177,2009,261.255728719543,15.9307114397287
178,2009,259.559006550794,16.0374682889139
179,2009,257.904441674132,16.1471144102162
180,2009,256.300251840135,16.2543678217993
181,2009,254.754654799378,16.353825624256
182,2009,253.275868302437,16.4401085933746
183,2009,251.872110099888,16.508001730256
184,2009,250.551597942307,16.5525938365904
185,2009,249.32254958027,16.5694214608812
186,2009,248.193179690134,16.5546260275952
187,2009,247.168641026029,16.5064237986312
188,2009,246.245278704349,16.4276509117144
189,2009,245.417863841311,16.3226098008337
190,2009,244.681167553129,16.1962538829963
191,2009,244.029960956017,16.0540513589349
192,2009,243.459015166191,15.901854144737
193,2009,242.963101299865,15.7457635941319
194,2009,242.536990473254,15.5919864042746
195,2009,242.175453802573,15.4466763152351
196,2009,241.873262404036,15.3157601338739
197,2009,241.625187393859,15.2047502926353
198,2009,241.425999888257,15.1185503744147
199,2009,241.270471003443,15.0612642301048
200,2009,241.153371855633,15.0360226076133
201,2009,241.069473561042,15.0448426063958
202,2009,241.013547235884,15.0885340037839
203,2009,240.980363996374,15.1666624021626
204,2009,240.964694958727,15.2775728632802
205,2009,240.961311239159,15.4184705752484
206,2009,240.964983953882,15.5855487654788
207,2009,240.970484219113,15.7741498765732
208,2009,240.972583151066,15.9789446088542
209,2009,240.966051865957,16.1941146445309
210,2009,240.945661479999,16.4135279504661
211,2009,240.906183109407,16.6308995266885
212,2009,240.842387870397,16.8399344524526
213,2009,240.749046879183,17.0344535088778
214,2009,240.62093125198,17.2085042922872
215,2009,240.452812105003,17.3564626092196
216,2009,240.239460554466,17.4731302598096
217,2009,239.976020621974,17.5541053696941
218,2009,239.661971354291,17.5987635839389
219,2009,239.299588588605,17.609218909181
220,2009,238.891194775277,17.5882465018939
221,2009,238.439112364669,17.539137213756
222,2009,237.945663807143,17.465603497278
223,2009,237.413171553062,17.3716969877238
224,2009,236.843958052785,17.2617325115083
225,2009,236.240345756677,17.140214153156
226,2009,235.604657115098,17.0117598099316
227,2009,234.939214578409,16.8810214788987
228,2009,234.246340596974,16.7525994485935
229,2009,233.528357621154,16.630949674837
230,2009,232.78758810131,16.5202849312568
231,2009,232.026354487805,16.4244717986828
232,2009,231.246979231,16.3469270724617
233,2009,230.451784781257,16.2905185223921
234,2009,229.643093588938,16.2574758832533
235,2009,228.823228104404,16.2493182343992
236,2009,227.994510778019,16.2668033722736
237,2009,227.159264060142,16.3099033673591
238,2009,226.319810401136,16.3778083922954
239,2009,225.478472251364,16.4689584451578
240,2009,224.637572061186,16.5811001977205
241,2009,223.799432280965,16.7113642806244
242,2009,222.966375361063,16.8563571607804
243,2009,222.14072375184,17.0122614742957
244,2009,221.32479990366,17.174939173584
245,2009,220.520926266883,17.3400329247275
246,2009,219.731425291873,17.5030625925046
247,2009,218.958619428989,17.6595151349252
248,2009,218.204831128596,17.8049276187565
249,2009,217.472382841053,17.9349642643538
250,2009,216.763597016723,18.0454894080271
251,2009,216.08079537939,18.1326399112745
252,2009,215.425575981103,18.1937505603838
253,2009,214.797455227806,18.2290693381229
254,2009,214.195577517483,18.2397900178486
255,2009,213.61908724812,18.2275439809821
256,2009,213.0671288177,18.1943312320106
257,2009,212.538846624209,18.1424610539754
258,2009,212.03338506563,18.0744995393005
259,2009,211.549888539948,17.9932216110397
260,2009,211.087501445147,17.9015654882086
261,2009,210.645368179212,17.8025878636916
262,2009,210.222633140128,17.699418377356
263,2009,209.818440725878,17.595212304491
264,2009,209.431935334447,17.4931007614464
265,2009,209.06226136382,17.3961381698885
266,2009,208.708563211982,17.3072472197505
267,2009,208.369985276916,17.2291621135248
268,2009,208.045671956607,17.1643714263808
269,2009,207.734767649039,17.1150624241037
270,2009,207.436416752197,17.0830690767371
271,2009,207.149763664066,17.0698262197368
272,2009,206.87395278263,17.0763322880768
273,2009,206.608128505873,17.103122751948
274,2009,206.351435231779,17.1502558261952
275,2009,206.103017358334,17.2173112654492
276,2009,205.862019283522,17.3034021875621
277,2009,205.627585405326,17.4071990052863
278,2009,205.398860121733,17.5269638039961
279,2009,205.174987830725,17.6605929708691
280,2009,204.955112930288,17.8056656072926
281,2009,204.738379818405,17.9594952453246
282,2009,204.523932893062,18.1191826057657
283,2009,204.310916552243,18.2816675191231
284,2009,204.098475193932,18.4437786112326
285,2009,203.885753216114,18.6022798668707
286,2009,203.671895016774,18.753913675908
287,2009,203.456044993894,18.895440404455
288,2009,203.237347545461,19.0236749034901
289,2009,203.014947069459,19.1355206704235
290,2009,202.788002921763,19.2280721001663
291,2009,202.555942982319,19.2998491863072
292,2009,202.318427397214,19.3507346355625
293,2009,202.075123970975,19.3809348005273
294,2009,201.825700508127,19.3909072157672
295,2009,201.569824813199,19.3813287060716
296,2009,201.307164690717,19.3530682335017
297,2009,201.037387945207,19.3071636321175
298,2009,200.760162381196,19.2448014770402
299,2009,200.475155803212,19.1672994209579
300,2009,200.182036015781,19.0760904049891
301,2009,199.880470823429,18.9727082125585
302,2009,199.570128030684,18.8587738864082
303,2009,199.250675442072,18.7359825726024
304,2009,198.921780862121,18.6060903944659
305,2009,198.583112095356,18.4709009972861
306,2009,198.234336946305,18.332251445024
307,2009,197.875123219494,18.1919971970688
308,2009,197.505138719451,18.0519959499149
309,2009,197.124051250702,17.9140901988019
310,2009,196.731528617773,17.780088460103
311,2009,196.327238625192,17.6517451973917
312,2009,195.910849077486,17.5307396113153
313,2009,195.48202777918,17.4186535816781
314,2009,195.040442534803,17.3169491825016
315,2009,194.585761148881,17.2269463173596
316,2009,194.11765142594,17.1498011306985
317,2009,193.635781170507,17.0864859277772
318,2009,193.13981818711,17.0377713685451
319,2009,192.629430280274,17.0042116793953
320,2009,192.104285254527,16.986133546377
321,2009,191.564050914396,16.9836292159223
322,2009,191.008395064407,16.9965541434656
323,2009,190.436985509086,17.0245293122296
324,2009,189.849490052962,17.0669481143467
325,2009,189.245576500561,17.1229874666123
326,2009,188.624912656408,17.1916226442853
327,2009,187.987166325033,17.2716451747232
328,2009,187.33200531096,17.3616830480155
329,2009,186.659097418716,17.4602224765796
330,2009,185.96811045283,17.5656304655848
331,2009,185.258712217827,17.6761775315264
332,2009,184.530570518233,17.7900600146645
333,2009,183.783353158577,17.9054215589065
334,2009,183.016727943385,18.0203734675509
335,2009,182.230362677183,18.1330137749481
336,2009,181.423925164498,18.2414449953599
337,2009,180.597083209858,18.3437906169482
338,2009,179.749504617788,18.438210499526
339,2009,178.880857192816,18.5229154102996
340,2009,177.990808739469,18.5961809947992
341,2009,177.079027062272,18.6563615340758
342,2009,176.145179965754,18.7019038881442
343,2009,175.18893525444,18.7313620739491
344,2009,174.209960732859,18.7434129781928
345,2009,173.207924205535,18.7368737654124
346,2009,172.182493476997,18.7107216136863
347,2009,171.133483977108,18.6644418155892
348,2009,170.061301637086,18.5990132984349
349,2009,168.966500013484,18.5159092052958
350,2009,167.849632662856,18.4167497822134
351,2009,166.711253141757,18.3032842749909
352,2009,165.551915006741,18.1773742325162
353,2009,164.372171814362,18.0409775674736
354,2009,163.172577121174,17.8961327795505
355,2009,161.953684483732,17.7449427954165
356,2009,160.716047458589,17.5895579303974
357,2009,159.4602196023,17.4321575358874
358,2009,158.186754471418,17.2749299713503
359,2009,156.896205622499,17.1200506370201
360,2009,155.589126612096,16.9696579286713
361,2009,154.266070996764,16.8258271321534
362,2009,152.927592333056,16.6905424620613
363,2009,151.574244177527,16.5656676600215
364,2009,150.20658008673,16.452915791518
365,2009,148.825153617221,16.3538190974703
1,2010,174.297556899372,18.595915444155
2,2010,173.295520372048,18.5930188787212
3,2010,172.27008964351,18.5705990752379
4,2010,171.221080143622,18.5281499598002
5,2010,170.148897803599,18.466659830378
6,2010,169.054096179997,18.3876118128564
7,2010,167.93722882937,18.2926366783612
8,2010,166.798849308271,18.1834944551977
9,2010,165.639511173255,18.0620574428453
10,2010,164.459767980876,17.9302939670372
11,2010,163.260173287688,17.7902522719796
12,2010,162.041280650245,17.6440439980214
13,2010,160.803643625102,17.4938267473427
14,2010,159.547815768813,17.3417853036848
15,2010,158.274350637932,17.1901111520751
16,2010,156.983801789013,17.0409800476245
17,2010,155.67672277861,16.8965275140499
18,2010,154.353667163277,16.7588223151828
19,2010,153.015188499569,16.62983813485
20,2010,151.66184034404,16.5114239152716
21,2010,150.294176253244,16.4052735282992
22,2010,148.912749783735,16.3128956679312
23,2010,147.518114492067,16.2355850320723
24,2010,146.110823934795,16.17439597982
25,2010,144.691431668472,16.130119883104
26,2010,143.260491249654,16.1032673208739
27,2010,141.818556234893,16.0940560846754
28,2010,140.366180180745,16.1024056857706
29,2010,138.903916643763,16.1279387006218
30,2010,137.432319180501,16.1699889005686
31,2010,135.951941347514,16.2276157263867
32,2010,134.463336701357,16.2996243317055
33,2010,132.967058798582,16.3845901654391
34,2010,131.463661195744,16.4808869135513
35,2010,129.953697449398,16.5867165801741
36,2010,128.437721116098,16.7001405484031
37,2010,126.916285752397,16.8191106022149
38,2010,125.389944914851,16.9414990871849
39,2010,123.859252160012,17.0651276124049
40,2010,122.324761044436,17.1877939256332
41,2010,120.787025124677,17.3072968102582
42,2010,119.246597957288,17.4214590446532
43,2010,117.704033098824,17.5281486267446
44,2010,116.159884105839,17.6252985991277
45,2010,114.614704534887,17.7109259166837
46,2010,113.069047942523,17.7831498856525
47,2010,111.5234678853,17.8402107780417
48,2010,109.978517919773,17.8804892960148
49,2010,108.434751602495,17.9025276351996
50,2010,106.892722490022,17.905052980723
51,2010,105.352984138908,17.8870043712358
52,2010,103.816090105705,17.8475639887221
53,2010,102.282660534285,17.7862300386355
54,2010,100.755335036945,17.7038954727881
55,2010,99.2390879437307,17.6029543976254
56,2010,97.7390236380411,17.4860488515162
57,2010,96.2602465032736,17.3559654403434
58,2010,94.8078609228257,17.2156037011918
59,2010,93.3869712800951,17.067943820641
60,2010,92.0026819584795,16.9160126289541
61,2010,90.6600973413764,16.7628470065584
62,2010,89.3643218121837,16.6114541017194
63,2010,88.1204597542989,16.4647680847984
64,2010,86.9336155511197,16.3256035627487
65,2010,85.8088935860437,16.1966062420815
66,2010,84.7513982424686,16.0802019364418
67,2010,83.7662339037921,15.9785455236068
68,2010,82.8585049534118,15.8934719055901
69,2010,82.0333157747254,15.826451343111
70,2010,81.2957707511305,15.7785516520444
71,2010,80.6509742660247,15.7504096126514
72,2010,80.1040307028058,15.7422135346092
73,2010,79.6600444448715,15.7536982693493
74,2010,79.3241198756192,15.7841531390484
75,2010,79.1013613784468,15.8324423665194
76,2010,78.9968733367518,15.8970367634771
77,2010,79.0157601339319,15.9760547758919
78,2010,79.1631261533848,16.0673105706933
79,2010,79.4440757785082,16.1683667086987
80,2010,79.8637133926997,16.2765890692792
81,2010,80.4271433793568,16.3892020224537
82,2010,81.1394701218774,16.5033423139774
83,2010,82.005798003659,16.616110666183
84,2010,83.0312314080994,16.7246206399909
85,2010,84.2208747185961,16.8260448078809
86,2010,85.5798323185468,16.9176587300604
87,2010,87.1132085913493,16.9968836008402
88,2010,88.826107920401,17.0613287471255
89,2010,90.7236346890998,17.1088354320495
90,2010,92.8108932808432,17.137523663657
91,2010,95.0929880790289,17.1458439497013
92,2010,97.5750234670546,17.1326361883781
93,2010,100.262103828318,17.0971981443416
94,2010,103.159333546216,17.0393662157688
95,2010,106.271707374769,16.9596335579452
96,2010,109.597642305233,16.8605164036915
97,2010,113.125359796588,16.7470528572621
98,2010,116.842204272781,16.6246847903256
99,2010,120.735520157757,16.4989638596706
100,2010,124.79265187546,16.3754323533972
101,2010,129.000943849836,16.2594941687538
102,2010,133.347740504831,16.1562762038861
103,2010,137.820386264389,16.0704829724297
104,2010,142.406225552457,16.0062498959869
105,2010,147.092602792979,15.9670031129945
106,2010,151.866862409901,15.9553352638579
107,2010,156.716348827168,15.9729070788534
108,2010,161.628406468725,16.0203833924023
109,2010,166.590379758518,16.097409454278
110,2010,171.589613120493,16.2026295230385
111,2010,176.613450978593,16.3337454474961
112,2010,181.649237756766,16.4876091194504
113,2010,186.684317878955,16.6603400252081
114,2010,191.706035769107,16.8474580094158
115,2010,196.701735851167,17.0440217718578
116,2010,201.658762549079,17.2447652079548
117,2010,206.56446028679,17.4442259805512
118,2010,211.406173488245,17.6368631846699
119,2010,216.171246577389,17.8171632693334
120,2010,220.847023978167,17.9797353076284
121,2010,225.420850114525,18.1193982081684
122,2010,229.880069410408,18.231263600966
123,2010,234.212026289761,18.3108190376548
124,2010,238.40406517653,18.3540169780347
125,2010,242.443613830912,18.3574120200707
126,2010,246.323100188182,18.3203937370164
127,2010,250.042702454991,18.2463701020236
128,2010,253.603265528001,18.139585664873
129,2010,257.005634303872,18.0047258177633
130,2010,260.250653679265,17.8468222288953
131,2010,263.339168550842,17.6711638914549
132,2010,266.272023815262,17.483208340855
133,2010,269.050064369188,17.2884886010214
134,2010,271.67413510928,17.0925125085809
135,2010,274.145080932199,16.9006523799611
136,2010,276.463746734606,16.7180246340575
137,2010,278.630977413163,16.5493609851437
138,2010,280.647617864529,16.39887508012
139,2010,282.514512985367,16.2701307278288
140,2010,284.232507672337,16.1659197758929
141,2010,285.802446822099,16.0881587796858
142,2010,287.225175331317,16.0378134745995
143,2010,288.501538096649,16.0148585008714
144,2010,289.632380014757,16.0182769523482
145,2010,290.618545982302,16.0461005852856
146,2010,291.460880895946,16.0954876379231
147,2010,292.160229652348,16.1628319350087
148,2010,292.717437148171,16.2438948748692
149,2010,293.133348280074,16.3339512921704
150,2010,293.40880794472,16.4279409809711
151,2010,293.544661038768,16.52061951184
152,2010,293.541752458881,16.6067044312956
153,2010,293.400927101719,16.6810155688364
154,2010,293.123029863942,16.7386106973213
155,2010,292.708905642213,16.7749200535391
156,2010,292.159399333192,16.7858852235893
157,2010,291.475463712518,16.7681873913654
158,2010,290.661323322965,16.7216731798132
159,2010,289.72498521398,16.6497136281299
160,2010,288.67466713614,16.5564724640206
161,2010,287.51858684002,16.4465952153289
162,2010,286.264962076196,16.3250617805977
163,2010,284.922010595245,16.1970434068015
164,2010,283.497950147741,16.0677588362211
165,2010,282.000998484261,15.9423265374322
166,2010,280.439373355382,15.8256123542367
167,2010,278.821292511679,15.7220745551752
168,2010,277.154973703728,15.6356109607007
169,2010,275.448634682106,15.5694152239015
170,2010,273.710493197387,15.5258509928541
171,2010,271.948767000149,15.5063531391921
172,2010,270.171673840966,15.5113642064989
173,2010,268.387431470416,15.5403117244712
174,2010,266.604257639074,15.5916284290444
175,2010,264.830370097516,15.6628134080877
176,2010,263.073986596319,15.7505285612539
177,2010,261.343324886057,15.8507222126482
178,2010,259.646602717307,15.9587706378703
179,2010,257.992037840646,16.0696286864365
180,2010,256.387848006649,16.1779823138944
181,2010,254.842250965891,16.2783982402512
182,2010,253.36346446895,16.3654686729592
183,2010,251.959706266401,16.4339517344101
184,2010,250.63919410882,16.4789107384122
185,2010,249.410145746784,16.4958577481832
186,2010,248.280775856648,16.4809103346419
187,2010,247.256237192542,16.4322722582908
188,2010,246.332874870863,16.3527994904649
189,2010,245.505460007824,16.246821528438
190,2010,244.768763719642,16.1193211140294
191,2010,244.11755712253,15.9757987536322
192,2010,243.546611332704,15.8221423304647
193,2010,243.050697466378,15.6644933364309
194,2010,242.624586639767,15.5091029724658
195,2010,242.263049969086,15.3621735804356
196,2010,241.96085857055,15.2296838091586
197,2010,241.712783560373,15.1171996507969
198,2010,241.51359605477,15.0296777991589
199,2010,241.358067169956,14.9712721050316
200,2010,241.240968022146,14.9451573323689
201,2010,241.157069727555,14.953385919218
202,2010,241.101143402397,14.9967922100608
203,2010,241.067960162888,15.0749544597732
204,2010,241.052291125241,15.1862184652233
205,2010,241.048907405672,15.3277793492655
206,2010,241.052580120396,15.4958114921724
207,2010,241.058080385627,15.685632280135
208,2010,241.06017931758,15.8918838923896
209,2010,241.05364803247,16.1087186110773
210,2010,241.033257646512,16.3299763245832
211,2010,240.993779275921,16.5493469844628
212,2010,240.92998403691,16.7605148639963
213,2010,240.836643045696,16.9572849654548
214,2010,240.708527418493,17.1336945966815
215,2010,240.540408271516,17.2841150259678
216,2010,240.327056720979,17.4033494339878
217,2010,240.063616788488,17.4870028242688
218,2010,239.749567520805,17.5344565339045
219,2010,239.387184755118,17.5478294298141
220,2010,238.97879094179,17.5299035399512
221,2010,238.526708531182,17.4839777103909
222,2010,238.033259973657,17.4137726682059
223,2010,237.500767719575,17.3233478109092
224,2010,236.931554219299,17.2170244284838
225,2010,236.32794192319,17.0993109664336
226,2010,235.692253281611,16.9748267561961
227,2010,235.026810744923,16.8482214770268
228,2010,234.333936763488,16.7240885639577
229,2010,233.615953787667,16.606871905852
230,2010,232.875184267824,16.5007665061539
231,2010,232.113950654318,16.409615260526
232,2010,231.334575397513,16.3368055136488
233,2010,230.53938094777,16.2851703877438
234,2010,229.730689755451,16.2569007745098
235,2010,228.910824270918,16.2534741048719
236,2010,228.082106944532,16.2756053953541
237,2010,227.246860226655,16.3232246071786
238,2010,226.40740656765,16.3954822226659
239,2010,225.566068417877,16.4907824853406
240,2010,224.7251682277,16.6068413913326
241,2010,223.887028447479,16.7407646590352
242,2010,223.053971527576,16.8891398126847
243,2010,222.228319918354,17.048136282453
244,2010,221.412396070173,17.2136079611912
245,2010,220.608522433397,17.3811937562711
246,2010,219.819021458386,17.5464130771967
247,2010,219.046215595503,17.7047546700309
248,2010,218.292427295109,17.8517585767876
249,2010,217.559979007566,17.9830921696523
250,2010,216.851193183236,18.0946221663727
251,2010,216.168391545903,18.1824861593524
252,2010,215.513172147616,18.2440215520647
253,2010,214.885051394319,18.2794880366213
254,2010,214.283173683997,18.2900894482333
255,2010,213.706683414633,18.2774638116399
256,2010,213.154724984214,18.2436148907672
257,2010,212.626442790722,18.1908533618354
258,2010,212.120981232143,18.1217448560502
259,2010,211.637484706461,18.0390624992699
260,2010,211.17509761166,17.9457419132765
261,2010,210.732964345725,17.8448369547008
262,2010,210.310229306641,17.7394747764734
263,2010,209.906036892391,17.6328091270275
264,2010,209.519531500961,17.5279711755809
265,2010,209.149857530334,17.4280175817939
266,2010,208.796159378495,17.3358760173231
267,2010,208.457581443429,17.2542888815658
268,2010,208.13326812312,17.1857565014092
269,2010,207.822363815552,17.1324816133188
270,2010,207.524012918711,17.0963173296734
271,2010,207.23735983058,17.0787210199222
272,2010,206.961548949143,17.0807165314617
273,2010,206.695724672386,17.1028669023405
274,2010,206.439031398293,17.1452591848823
275,2010,206.190613524848,17.2075022578502
276,2010,205.949615450035,17.2887376458271
277,2010,205.71518157184,17.3876625019452
278,2010,205.486456288246,17.502563158045
279,2010,205.262583997238,17.6313570962245
280,2010,205.042709096801,17.7716409001413
281,2010,204.825975984919,17.9207417112724
282,2010,204.611529059576,18.0757699129498
283,2010,204.398512718757,18.2336711348753
284,2010,204.186071360446,18.3912761435326
285,2010,203.973349382628,18.5453476934047
286,2010,203.759491183287,18.6926239075517
287,2010,203.543641160408,18.8298581994941
288,2010,203.324943711975,18.9538561254987
289,2010,203.102543235972,19.0615098669709
290,2010,202.875599088276,19.1499008347442
291,2010,202.643539148832,19.2175361327797
292,2010,202.406023563728,19.2642873481917
293,2010,202.162720137488,19.2903512020804
294,2010,201.913296674641,19.2961770670758
295,2010,201.657420979713,19.2824350867095
296,2010,201.39476085723,19.2499890468249
297,2010,201.12498411172,19.1998731511656
298,2010,200.84775854771,19.1332719491161
299,2010,200.562751969725,19.0515027484227
300,2010,200.269632182294,18.9559999180764
301,2010,199.968066989943,18.8483005468433
302,2010,199.657724197197,18.7300309728725
303,2010,199.338271608586,18.6028937418999
304,2010,199.009377028634,18.4686545888678
305,2010,198.670708261869,18.3291290738214
306,2010,198.321933112818,18.1861685415468
307,2010,197.962719386008,18.0416451196213
308,2010,197.592734885964,17.8974355252909
309,2010,197.211647417215,17.7554035214355
310,2010,196.819124784286,17.6173809484696
311,2010,196.414834791706,17.4851473634833
312,2010,195.998445243999,17.3604084392097
313,2010,195.569623945694,17.2447734096222
314,2010,195.128038701317,17.1397319890207
315,2010,194.673357315394,17.046631326983
316,2010,194.205247592453,16.9666536794907
317,2010,193.723377337021,16.9007955623869
318,2010,193.227414353623,16.8498491931098
319,2010,192.717026446787,16.8143870092239
320,2010,192.19188142104,16.7947499717825
321,2010,191.651647080909,16.7910402192678
322,2010,191.09599123092,16.8031184430056
323,2010,190.5245816756,16.8306061241675
324,2010,189.937086219476,16.8728925276941
325,2010,189.333172667074,16.9291461137929
326,2010,188.712508822922,16.9983298256873
327,2010,188.074762491546,17.0792195607987
328,2010,187.419601477473,17.1704250421943
329,2010,186.74669358523,17.2704122805891
330,2010,186.055706619343,17.3775268497035
331,2010,185.34630838434,17.4900172789101
332,2010,184.618166684747,17.6060579831208
333,2010,183.870949325091,17.7237712861121
334,2010,183.104324109898,17.8412482365052
335,2010,182.317958843696,17.9565680544844
336,2010,181.511521331012,18.0678161744047
337,2010,180.684679376371,18.1731009594028
338,2010,179.837100784302,18.2705692576493
339,2010,178.96845335933,18.3584210470079
340,2010,178.078404905982,18.4349234783582
341,2010,177.166623228786,18.4984246814842
342,2010,176.232776132267,18.5473677456437
343,2010,175.276531420954,18.5803053342589
344,2010,174.297556899372,18.595915444155
345,2010,173.295520372048,18.5930188787212
346,2010,172.27008964351,18.5705990752379
347,2010,171.221080143622,18.5281499598002
348,2010,170.148897803599,18.466659830378
349,2010,169.054096179997,18.3876118128564
350,2010,167.93722882937,18.2926366783612
351,2010,166.798849308271,18.1834944551977
352,2010,165.639511173255,18.0620574428453
353,2010,164.459767980876,17.9302939670372
354,2010,163.260173287688,17.7902522719796
355,2010,162.041280650245,17.6440439980214
356,2010,160.803643625102,17.4938267473427
357,2010,159.547815768813,17.3417853036848
358,2010,158.274350637932,17.1901111520751
359,2010,156.983801789013,17.0409800476245
360,2010,155.67672277861,16.8965275140499
361,2010,154.353667163277,16.7588223151828
362,2010,153.015188499569,16.62983813485
363,2010,151.66184034404,16.5114239152716
364,2010,150.294176253244,16.4052735282992
365,2010,148.912749783735,16.3128956679312
1,2011,174.061015015677,18.4773817190174
2,2011,173.058978488353,18.4775138776403
3,2011,172.033547759815,18.4582034112698
4,2011,170.984538259926,18.4189514761757
5,2011,169.912355919904,18.3607539918636
6,2011,168.817554296302,18.2851021451529
7,2011,167.700686945674,18.1936351959665
8,2011,166.562307424575,18.0881218430207
9,2011,165.402969289559,17.9704429873623
10,2011,164.22322609718,17.8425752231723
11,2011,163.023631403992,17.7065744447288
12,2011,161.80473876655,17.5645590133932
13,2011,160.567101741407,17.418691985926
14,2011,159.311273885118,17.2711619726648
15,2011,158.037808754236,17.1241622784497
16,2011,156.747259905317,16.9798680872708
17,2011,155.440180894914,16.8404115884578
18,2011,154.117125279582,16.7078551099134
19,2011,152.778646615874,16.5841625202453
20,2011,151.425298460345,16.471169378922
21,2011,150.057634369548,16.370552537664
22,2011,148.676207900039,16.2838001069039
23,2011,147.281572608372,16.2121828733504
24,2011,145.8742820511,16.1567283619411
25,2011,144.454889784777,16.1181987540385
26,2011,143.023949365958,16.0970737877499
27,2011,141.582014351198,16.0935395722689
28,2011,140.129638297049,16.107483957798
29,2011,138.667374760067,16.1384987425683
30,2011,137.195777296806,16.1858886069241
31,2011,135.715399463819,16.2486862850476
32,2011,134.226794817661,16.3256731592796
33,2011,132.730516914887,16.415404222783
34,2011,131.227119312049,16.516236222305
35,2011,129.717155565703,16.6263577673245
36,2011,128.201179232403,16.7438202642435
37,2011,126.679743868702,16.8665686836301
38,2011,125.153403031155,16.9924713688928
39,2011,123.622710276317,17.1193483198652
40,2011,122.088219160741,17.2449976118573
41,2011,120.550483240981,17.3672198227291
42,2011,119.010056073592,17.4838405269754
43,2011,117.467491215128,17.5927310722567
44,2011,115.923342222143,17.6918279808754
45,2011,114.378162651191,17.7791514205618
46,2011,112.832506058827,17.8528232720367
47,2011,111.286926001604,17.9110853927194
48,2011,109.741976036077,17.9523187444913
49,2011,108.1982097188,17.9750641262201
50,2011,106.656180606327,17.9780453357396
51,2011,105.116442255212,17.960195687178
52,2011,103.57954822201,17.9206889324933
53,2011,102.04611865059,17.8590120059157
54,2011,100.518793153249,17.7760511582836
55,2011,99.0025460600353,17.6742001652292
56,2011,97.5024817543457,17.5560991509326
57,2011,96.0237046195781,17.4245312451457
58,2011,94.5713190391302,17.2823915005093
59,2011,93.1504293963996,17.1326552054686
60,2011,91.766140074784,16.9783445219835
61,2011,90.423555457681,16.8224925848582
62,2011,89.1277799284883,16.6681044524176
63,2011,87.8839178706034,16.518114613265
64,2011,86.6970736674242,16.3753411395645
65,2011,85.5723517023483,16.2424370296804
66,2011,84.5148563587732,16.1218397811962
67,2011,83.5296920200967,16.0157207392666
68,2011,82.6219630697164,15.9259362168454
69,2011,81.7967738910299,15.8539827127694
70,2011,81.059228867435,15.800958691278
71,2011,80.4144323823293,15.7675352784911
72,2011,79.8674888191104,15.7539378559427
73,2011,79.423502561176,15.7599399102743
74,2011,79.0875779919237,15.7848696990293
75,2011,78.8648194947513,15.8276294184172
76,2011,78.7603314530563,15.8867257291943
77,2011,78.7792182502365,15.9603098221124
78,2011,78.9265842696894,16.04622476464
79,2011,79.2075338948127,16.1420577017422
80,2011,79.6271715090042,16.2451945756659
81,2011,80.1906014956614,16.3528753365871
82,2011,80.902928238182,16.462248070236
83,2011,81.7692561199636,16.5704209983766
84,2011,82.7946895244039,16.6745118505318
85,2011,83.9843328349007,16.7716946151075
86,2011,85.3432904348514,16.8592441293924
87,2011,86.8766667076538,16.9345793532811
88,2011,88.5895660367056,16.9953064973914
89,2011,90.4870928054043,17.0392634578134
90,2011,92.5743513971477,17.0645672661674
91,2011,94.8564461953335,17.069666513446
92,2011,97.3384815833591,17.0534009626215
93,2011,100.025561944622,17.0150708314012
94,2011,102.922791662521,16.954518488537
95,2011,106.035165491073,16.8722475900862
96,2011,109.361100421537,16.7707858536103
97,2011,112.888817912893,16.6551815116804
98,2011,116.605662389086,16.5308913134098
99,2011,120.498978274061,16.4034862565604
100,2011,124.556109991764,16.2785312427691
101,2011,128.764401966141,16.161454540938
102,2011,133.111198621135,16.0574073342329
103,2011,137.583844380694,15.971116217713
104,2011,142.169683668762,15.9067342360006
105,2011,146.856060909284,15.8676985064893
106,2011,151.630320526205,15.8566041430403
107,2011,156.479806943472,15.8751045646361
108,2011,161.39186458503,15.923847016327
109,2011,166.353837874823,16.0024492698071
110,2011,171.353071236797,16.1095194486044
111,2011,176.376909094898,16.2427165106868
112,2011,181.41269587307,16.3988450044279
113,2011,186.44777599526,16.573975023337
114,2011,191.469493885412,16.7635771970207
115,2011,196.465193967471,16.9626630339803
116,2011,201.422220665384,17.1659226131063
117,2011,206.327918403095,17.3678539850358
118,2011,211.16963160455,17.5628811862541
119,2011,215.934704693694,17.7454601126284
120,2011,220.610482094472,17.9101734429228
121,2011,225.18430823083,18.0518173031977
122,2011,229.643527526713,18.1654834903897
123,2011,233.975484406066,18.2466419638099
124,2011,238.167523292835,18.2912291300184
125,2011,242.207071947216,18.2957846553507
126,2011,246.086558304487,18.2596974166917
127,2011,249.806160571296,18.1863955574904
128,2011,253.366723644306,18.0801444964134
129,2011,256.769092420177,17.9456496901777
130,2011,260.01411179557,17.7879624776238
131,2011,263.102626667146,17.6123915196272
132,2011,266.035481931567,17.4244143524349
133,2011,268.813522485493,17.2295845797479
134,2011,271.437593225584,17.033431315707
135,2011,273.908539048503,16.841348808041
136,2011,276.227204850911,16.6584758246162
137,2011,278.394435529467,16.4895664030249
138,2011,280.411075980834,16.338855845873
139,2011,282.277971101671,16.2099281493969
140,2011,283.995965788641,16.105592994913
141,2011,285.565904938404,16.0277815505911
142,2011,286.988633447621,15.9774702117803
143,2011,288.264996212953,15.9546398384394
144,2011,289.395838131061,15.9582751389092
145,2011,290.382004098607,15.9864050645802
146,2011,291.22433901225,16.0361811391221
147,2011,291.923687768653,16.1039873217269
148,2011,292.480895264475,16.1855728984969
149,2011,292.896806396379,16.2761992863525
150,2011,293.172266061024,16.3707924408628
151,2011,293.308119155073,16.4640944375564
152,2011,293.305210575186,16.5508102843282
153,2011,293.164385218023,16.6257486904739
154,2011,292.886487980247,16.683958062514
155,2011,292.472363758518,16.7208612745068
156,2011,291.922857449496,16.7323947684553
157,2011,291.238921828822,16.715237112919
158,2011,290.42478143927,16.669237145265
159,2011,289.488443330285,16.5977727888348
160,2011,288.438125252445,16.505016290215
161,2011,287.282044956325,16.3956227806497
162,2011,286.028420192501,16.2745824737694
163,2011,284.685468711549,16.147077249899
164,2011,283.261408264045,16.0183363531582
165,2011,281.764456600566,15.8934880979552
166,2011,280.202831471687,15.7774069210429
167,2011,278.584750627984,15.674557787763
168,2011,276.918431820033,15.5888426794769
169,2011,275.21209279841,15.5234563073662
170,2011,273.473951313692,15.4807598587306
171,2011,271.712225116453,15.4621820313002
172,2011,269.935131957271,15.4681555553349
173,2011,268.150889586721,15.4980948566571
174,2011,266.367715755379,15.5504168635264
175,2011,264.593828213821,15.6226029009699
176,2011,262.837444712623,15.7112959621168
177,2011,261.106783002361,15.8124250936743
178,2011,259.410060833612,15.9213475720919
179,2011,257.75549595695,16.0329999953284
180,2011,256.151306122953,16.1420510811432
181,2011,254.605709082196,16.2430513941556
182,2011,253.126922585255,16.3305779665621
183,2011,251.723164382706,16.3993744912576
184,2011,250.402652225125,16.4444902758067
185,2011,249.173603863088,16.4614234354558
186,2011,248.044233972952,16.4462772993001
187,2011,247.019695308847,16.3972480668243
188,2011,246.096332987167,16.3172047056944
189,2011,245.268918124129,16.210493835231
190,2011,244.532221835947,16.0821163108346
191,2011,243.881015238835,15.9375923511714
192,2011,243.310069449009,15.7828317328677
193,2011,242.814155582683,15.6240005066173
194,2011,242.388044756072,15.4673773980703
195,2011,242.026508085391,15.3191952629052
196,2011,241.724316686854,15.1854659094406
197,2011,241.476241676677,15.0717903617108
198,2011,241.277054171075,14.9831610041164
199,2011,241.121525286261,14.9237664501227
200,2011,241.004426138451,14.8968134954368
201,2011,240.92052784386,14.9043820926442
202,2011,240.864601518702,14.9473280826075
203,2011,240.831418279192,15.025244225844
204,2011,240.815749241545,15.1364835456155
205,2011,240.812365521977,15.2782415367547
206,2011,240.8160382367,15.4466871365697
207,2011,240.821538501931,15.6371279358137
208,2011,240.823637433885,15.8441936225041
209,2011,240.817106148775,16.0620229318785
210,2011,240.796715762817,16.2844426181847
211,2011,240.757237392225,16.505131123552
212,2011,240.693442153215,16.7177637719376
213,2011,240.600101162001,16.9161398632078
214,2011,240.471985534798,17.0942947442215
215,2011,240.303866387821,17.2466018333378
216,2011,240.090514837284,17.3678708835808
217,2011,239.827074904792,17.4537172506209
218,2011,239.513025637109,17.5035261207247
219,2011,239.150642871423,17.5194159691633
220,2011,238.742249058095,17.5041699336969
221,2011,238.290166647487,17.4610887387197
222,2011,237.796718089961,17.3938949749872
223,2011,237.26422583588,17.3066491333741
224,2011,236.695012335603,17.2036720762057
225,2011,236.091400039495,17.0894695487321
226,2011,235.455711397916,16.9686551690815
227,2011,234.790268861228,16.845869191741
228,2011,234.097394879792,16.7256913089031
229,2011,233.379411903972,16.6125468995299
230,2011,232.638642384128,16.5106074741249
231,2011,231.877408770623,16.4236875433163
232,2011,231.098033513818,16.3551416299543
233,2011,230.302839064075,16.3077664415013
234,2011,229.494147871756,16.2837140710156
235,2011,228.674282387222,16.2844222629215
236,2011,227.845565060837,16.3105671134576
237,2011,227.01031834296,16.36204207897
238,2011,226.170864683955,16.4379650262237
239,2011,225.329526534182,16.53671262318
240,2011,224.488626344004,16.6559790574908
241,2011,223.650486563783,16.792854270786
242,2011,222.817429643881,16.9439158666631
243,2011,221.991778034658,17.1053286657025
244,2011,221.175854186478,17.2729464469466
245,2011,220.371980549702,17.4424115210393
246,2011,219.582479574691,17.6092491724638
247,2011,218.809673711808,17.7689554575128
248,2011,218.055885411414,17.9170781858535
249,2011,217.323437123871,18.0492920598261
250,2011,216.614651299541,18.1614698802759
251,2011,215.931849662208,18.2497533399809
252,2011,215.276630263921,18.3114841568553
253,2011,214.648509510624,18.3469311413522
254,2011,214.046631800301,18.3573049523686
255,2011,213.470141530938,18.3442471554775
256,2011,212.918183100518,18.3097622886995
257,2011,212.389900907027,18.2561595144866
258,2011,211.884439348448,18.1860011225569
259,2011,211.400942822766,18.1020555288428
260,2011,210.938555727965,18.007252750878
261,2011,210.49642246203,17.904640647736
262,2011,210.073687422946,17.7973405162855
263,2011,209.669495008696,17.6885009590817
264,2011,209.282989617265,17.5812493039275
265,2011,208.913315646638,17.4786402755038
266,2011,208.5596174948,17.3836020986726
267,2011,208.221039559734,17.2988807386984
268,2011,207.896726239425,17.226983524644
269,2011,207.585821931857,17.1701239087216
270,2011,207.287471035015,17.1301695221465
271,2011,207.000817946884,17.1085959279285
272,2011,206.725007065448,17.1064484831826
273,2011,206.459182788691,17.1243144732018
274,2011,206.202489514597,17.1623071702303
275,2011,205.954071641152,17.220062749312
276,2011,205.71307356634,17.2967501488674
277,2011,205.478639688144,17.3910931060787
278,2011,205.249914404551,17.5014028401281
279,2011,205.026042113543,17.6256192926823
280,2011,204.806167213106,17.7613585202782
281,2011,204.589434101223,17.9059637790587
282,2011,204.37498717588,18.056558020408
283,2011,204.161970835061,18.2100958705005
284,2011,203.94952947675,18.3634136294445
285,2011,203.736807498932,18.513276330614
286,2011,203.522949299592,18.6564213945241
287,2011,203.307099276712,18.7895988585641
288,2011,203.088401828279,18.9096085467362
289,2011,202.866001352277,19.0133348608375
290,2011,202.639057204581,19.0978496520312
291,2011,202.406997265137,19.161648964676
292,2011,202.169481680032,19.2045935404775
293,2011,201.926178253793,19.226870430649
294,2011,201.676754790945,19.228920569755
295,2011,201.420879096017,19.2114069260748
296,2011,201.158218973535,19.1751874069415
297,2011,200.888442228025,19.1212916764763
298,2011,200.611216664014,19.0509011367585
299,2011,200.32621008603,18.9653314065306
300,2011,200.033090298599,18.8660167023418
301,2011,199.731525106247,18.754495585869
302,2011,199.421182313502,18.6323975896284
303,2011,199.10172972489,18.5014302738242
304,2011,198.772835144939,18.3633663027412
305,2011,198.434166378174,18.2200301634181
306,2011,198.085391229123,18.0732841862554
307,2011,197.726177502312,17.9250135708909
308,2011,197.356193002269,17.7771101752756
309,2011,196.97510553352,17.6314548952299
310,2011,196.582582900591,17.4898985488022
311,2011,196.17829290801,17.3542412859416
312,2011,195.761903360304,17.2262106685356
313,2011,195.333082061999,17.1074387050167
314,2011,194.891496817621,16.9994382703257
315,2011,194.436815431699,16.9035794853323
316,2011,193.968705708758,16.8210667561395
317,2011,193.486835453325,16.7529172676049
318,2011,192.990872469928,16.6999417717841
319,2011,192.480484563092,16.6627284985391
320,2011,191.955339537345,16.6416309354613
321,2011,191.415105197214,16.6367600782853
322,2011,190.859449347225,16.6479815504604
323,2011,190.288039791904,16.674917748867
324,2011,189.70054433578,16.7169549150801
325,2011,189.096630783379,16.7732547838252
326,2011,188.475966939226,16.8427702466113
327,2011,187.838220607851,16.9242643081323
328,2011,187.183059593778,17.0163315174062
329,2011,186.510151701534,17.1174210276846
330,2011,185.819164735648,17.2258604738087
331,2011,185.109766500645,17.3398799416983
332,2011,184.381624801052,17.4576354272946
333,2011,183.634407441395,17.5772313258492
334,2011,182.867782226203,17.6967416426153
335,2011,182.081416960001,17.8142297611813
336,2011,181.274979447316,17.9277667378519
337,2011,180.448137492676,18.0354482051926
338,2011,179.600558900606,18.1354100638127
339,2011,178.731911475634,18.2258432199032
340,2011,177.841863022287,18.3050076899442
341,2011,176.93008134509,18.371246447416
342,2011,175.996234248572,18.4229994339081
343,2011,175.039989537258,18.4588182034661
344,2011,174.061015015677,18.4773817190174
345,2011,173.058978488353,18.4775138776403
346,2011,172.033547759815,18.4582034112698
347,2011,170.984538259926,18.4189514761757
348,2011,169.912355919904,18.3607539918636
349,2011,168.817554296302,18.2851021451529
350,2011,167.700686945674,18.1936351959665
351,2011,166.562307424575,18.0881218430207
352,2011,165.402969289559,17.9704429873623
353,2011,164.22322609718,17.8425752231723
354,2011,163.023631403992,17.7065744447288
355,2011,161.80473876655,17.5645590133932
356,2011,160.567101741407,17.418691985926
357,2011,159.311273885118,17.2711619726648
358,2011,158.037808754236,17.1241622784497
359,2011,156.747259905317,16.9798680872708
360,2011,155.440180894914,16.8404115884578
361,2011,154.117125279582,16.7078551099134
362,2011,152.778646615874,16.5841625202453
363,2011,151.425298460345,16.471169378922
364,2011,150.057634369548,16.370552537664
365,2011,148.676207900039,16.2838001069039
1,2012,173.397567110707,18.3931120104794
2,2012,172.395530583384,18.3954526548396
3,2012,171.370099854845,18.3784188819681
4,2012,170.321090354957,18.341517104364
5,2012,169.248908014934,18.2857485732929
6,2012,168.154106391332,18.2126100887691
7,2012,167.037239040705,18.1237468471129
8,2012,165.898859519606,18.0209336151028
9,2012,164.73952138459,17.9060572984531
10,2012,163.559778192211,17.7811002271211
11,2012,162.360183499023,17.6481235413025
12,2012,161.141290861581,17.5092501190662
13,2012,159.903653836438,17.3666465464879
14,2012,158.647825980148,17.2225037012945
15,2012,157.374360849267,17.0790156087624
16,2012,156.083812000348,16.938356340466
17,2012,154.776732989945,16.8026548672175
18,2012,153.453677374612,16.6739679489072
19,2012,152.115198710904,16.5542513432204
20,2012,150.761850555375,16.4453298339913
21,2012,149.394186464579,16.3488668034957
22,2012,148.01275999507,16.2663342804405
23,2012,146.618124703402,16.1989845615838
24,2012,145.21083414613,16.1478246034361
25,2012,143.791441879808,16.1135943883628
26,2012,142.360501460989,16.0967503719846
27,2012,140.918566446228,16.0974549142029
28,2012,139.46619039208,16.115572297781
29,2012,138.003926855098,16.150671574218
30,2012,136.532329391837,16.2020360856366
31,2012,135.05195155885,16.2686791371711
32,2012,133.563346912692,16.3493649776704
33,2012,132.067069009917,16.4426340185773
34,2012,130.56367140708,16.5468310987064
35,2012,129.053707660734,16.6601355879848
36,2012,127.537731327433,16.780592204118
37,2012,126.016295963733,16.9061415710781
38,2012,124.489955126186,17.0346497511853
39,2012,122.959262371348,17.1639362074584
40,2012,121.424771255772,17.2917998776893
41,2012,119.887035336012,17.4160432500704
42,2012,118.346608168623,17.5344945123571
43,2012,116.804043310159,17.645027998646
44,2012,115.259894317174,17.7455832808925
45,2012,113.714714746222,17.8341833506869
46,2012,112.169058153858,17.9089524170959
47,2012,110.623478096635,17.9681339160984
48,2012,109.078528131108,18.0101093940902
49,2012,107.534761813831,18.033418999617
50,2012,105.992732701358,18.0367844008104
51,2012,104.452994350243,18.0191350469105
52,2012,102.916100317041,17.9796388153888
53,2012,101.38267074562,17.9177746434803
54,2012,99.8553452482798,17.8344239302469
55,2012,98.3390981550659,17.7319800235658
56,2012,96.8390338493764,17.6130813744157
57,2012,95.3602567146088,17.4805082105097
58,2012,93.9078711341609,17.3371518494044
59,2012,92.4869814914303,17.1859834374835
60,2012,91.1026921698147,17.0300210511521
61,2012,89.7601075527117,16.8722942989631
62,2012,88.4643320235189,16.7158058094725
63,2012,87.2204699656341,16.5634892963078
64,2012,86.0336257624549,16.4181642683488
65,2012,84.908903797379,16.2824878959856
66,2012,83.8514084538039,16.1589050347461
67,2012,82.8662441151273,16.0495979069427
68,2012,81.958515164747,15.9564373941668
69,2012,81.1333259860606,15.8809382300949
70,2012,80.3957809624657,15.8242205348993
71,2012,79.75098447736,15.7869800447289
72,2012,79.2040409141411,15.7694690379245
73,2012,78.7600546562067,15.771489361825
74,2012,78.4241300869544,15.7923981833789
75,2012,78.201371589782,15.831126223019
76,2012,78.096883548087,15.8862074017564
77,2012,78.1157703452672,15.9558181471452
78,2012,78.2631363647201,16.0378241468686
79,2012,78.5440859898434,16.1298321486713
80,2012,78.9637236040349,16.2292444763334
81,2012,79.527153590692,16.3333142202966
82,2012,80.2394803332126,16.4391995030485
83,2012,81.1058082149943,16.5440157422906
84,2012,82.1312416194346,16.6448853760773
85,2012,83.3208849299314,16.7389850268225
86,2012,84.6798425298821,16.8235905382287
87,2012,86.2132188026845,16.8961207119059
88,2012,87.9261181317363,16.954180904067
89,2012,89.823644900435,16.9956079317863
90,2012,91.9109034921784,17.01851800165
91,2012,94.1929982903642,17.0213596295403
92,2012,96.6750336783898,17.002973782113
93,2012,99.3621140396531,16.9626637413151
94,2012,102.259343757552,16.9002774584431
95,2012,105.371717586104,16.8163273764057
96,2012,108.697652516568,16.7133497581032
97,2012,112.225370007924,16.5963989188361
98,2012,115.942214484117,16.4709407723407
99,2012,119.835530369092,16.3425584153766
100,2012,123.892662086795,16.2168308827433
101,2012,128.100954061171,16.0992014994275
102,2012,132.447750716166,15.9948361093811
103,2012,136.920396475725,15.9084740975168
104,2012,141.506235763792,15.8442778956409
105,2012,146.192613004314,15.8056891660743
106,2012,150.966872621236,15.7953015538449
107,2012,155.816359038503,15.8147602626656
108,2012,160.728416680061,15.8646974080707
109,2012,165.690389969854,15.9447091619319
110,2012,170.689623331828,16.0533765840336
111,2012,175.713461189929,16.1883275356162
112,2012,180.749247968101,16.3463330947572
113,2012,185.78432809029,16.523429187751
114,2012,190.806045980442,16.7150530891378
115,2012,195.801746062502,16.9161849762552
116,2012,200.758772760415,17.121486471101
117,2012,205.664470498126,17.3254305265592
118,2012,210.50618369958,17.5224195997901
119,2012,215.271256788724,17.7068914242454
120,2012,219.947034189502,17.8734136433925
121,2012,224.52086032586,18.016770065125
122,2012,228.980079621743,18.1320424119385
123,2012,233.312036501097,18.2146923188071
124,2012,237.504075387866,18.2606491347343
125,2012,241.543624042247,18.2664464181358
126,2012,245.423110399517,18.2314753068223
127,2012,249.142712666327,18.1591779293894
128,2012,252.703275739337,18.0538335046767
129,2012,256.105644515207,17.92016019166
130,2012,259.350663890601,17.7632211192228
131,2012,262.439178762177,17.5883359901853
132,2012,265.372034026598,17.4009927645637
133,2012,268.150074580523,17.2067549377815
134,2012,270.774145320615,17.0111610187043
135,2012,273.245091143534,16.8196141323084
136,2012,275.563756945941,16.6372613300176
137,2012,277.730987624498,16.4688642132097
138,2012,279.747628075864,16.3186647660598
139,2012,281.614523196702,16.1902526069835
140,2012,283.332517883672,16.0864418165009
141,2012,284.902457033435,16.0091666202504
142,2012,286.325185542652,15.9594050838191
143,2012,287.601548307984,15.9371383972183
144,2012,288.732390226092,15.9413504033251
145,2012,289.718556193637,15.9700682238688
146,2012,290.560891107281,16.0204408817818
147,2012,291.260239863683,16.0888494863066
148,2012,291.817447359506,16.1710404409864
149,2012,292.233358491409,16.2622725306243
150,2012,292.508818156055,16.3574695603209
151,2012,292.644671250103,16.4513721091151
152,2012,292.641762670216,16.5386844587588
153,2012,292.500937313054,16.6142154331501
154,2012,292.223040075278,16.6730144323635
155,2012,291.808915853548,16.7105062236337
156,2012,291.259409544527,16.7226300582453
157,2012,290.575473923853,16.7060681974576
158,2012,289.7613335343,16.6606723481301
159,2012,288.824995425316,16.589821658011
160,2012,287.774677347475,16.4976893631655
161,2012,286.618597051355,16.3889312524954
162,2012,285.364972287531,16.2685376854638
163,2012,284.02202080658,16.1416900125643
164,2012,282.597960359076,16.0136161280756
165,2012,281.101008695597,15.8894420610117
166,2012,279.539383566717,15.7740389542213
167,2012,277.921302723014,15.6718674559949
168,2012,276.254983915064,15.5868242652354
169,2012,274.548644893441,15.5220979833937
170,2012,272.810503408722,15.4800430771474
171,2012,271.048777211484,15.4620811924699
172,2012,269.271684052302,15.4686379925834
173,2012,267.487441681751,15.4991211369746
174,2012,265.704267850409,15.5519413662094
175,2012,263.930380308852,15.6245746032456
176,2012,262.173996807654,15.7136593392797
177,2012,260.443335097392,15.8151210341722
178,2012,258.746612928643,15.9243142146324
179,2012,257.092048051981,16.0361734117358
180,2012,255.487858217984,16.1453657502288
181,2012,253.942261177227,16.2464404333384
182,2012,252.463474680286,16.3339731057696
183,2012,251.059716477737,16.4027057859458
184,2012,249.739204320156,16.4476855626238
185,2012,248.510155958119,16.4644075362984
186,2012,247.380786067983,16.4489709825007
187,2012,246.356247403877,16.3995698546181
188,2012,245.432885082198,16.3190786237424
189,2012,244.60547021916,16.211850494964
190,2012,243.868773930977,16.0828928584861
191,2012,243.217567333866,15.9377328280188
192,2012,242.646621544039,15.782287830047
193,2012,242.150707677713,15.6227326831667
194,2012,241.724596851103,15.4653563060735
195,2012,241.363060180421,15.3164033889158
196,2012,241.060868781885,15.1818993001222
197,2012,240.812793771708,15.0674602611576
198,2012,240.613606266105,14.9780952018242
199,2012,240.458077381292,14.9180101351093
200,2012,240.340978233482,14.8904294443854
201,2012,240.25707993889,14.8974500915074
202,2012,240.201153613733,14.9399435836438
203,2012,240.167970374223,15.0175163557527
204,2012,240.152301336576,15.1285326791472
205,2012,240.148917617007,15.2701967105375
206,2012,240.152590331731,15.4386835878654
207,2012,240.158090596962,15.629305013576
208,2012,240.160189528915,15.8366932489403
209,2012,240.153658243805,16.0549887126069
210,2012,240.133267857847,16.2780196267398
211,2012,240.093789487256,16.4994663332372
212,2012,240.029994248246,16.7130070787432
213,2012,239.936653257032,16.9124456354344
214,2012,239.808537629829,17.0918238419271
215,2012,239.640418482851,17.2455240571591
216,2012,239.427066932314,17.3683678316398
217,2012,239.163626999823,17.4559843273549
218,2012,238.84957773214,17.507761239302
219,2012,238.487194966453,17.5258121235292
220,2012,238.078801153125,17.5129159929288
221,2012,237.626718742518,17.4723696927986
222,2012,237.133270184992,17.4078914897158
223,2012,236.60077793091,17.3235364170443
224,2012,236.031564430634,17.2236180614372
225,2012,235.427952134526,17.1126324060601
226,2012,234.792263492946,16.9951801963331
227,2012,234.126820956258,16.8758851657642
228,2012,233.433946974823,16.7593064424242
229,2012,232.715963999003,16.6498446112967
230,2012,231.975194479159,16.5516422466177
231,2012,231.213960865654,16.4684811969178
232,2012,230.434585608849,16.4036803708539
233,2012,229.639391159106,16.3599990286507
234,2012,228.830699966787,16.3395513858293
235,2012,228.010834482253,16.3437384539268
236,2012,227.182117155867,16.3732023382244
237,2012,226.346870437991,16.4278066997789
238,2012,225.507416778985,16.50664496265
239,2012,224.666078629213,16.6080754514888
240,2012,223.825178439035,16.7297803921055
241,2012,222.987038658814,16.868843972271
242,2012,222.153981738911,17.0218436850005
243,2012,221.328330129689,17.1849490285352
244,2012,220.512406281509,17.3540222174817
245,2012,219.708532644732,17.5247166590961
246,2012,218.919031669721,17.6925703203117
247,2012,218.146225806838,17.8530925324886
248,2012,217.392437506444,18.0018440934272
249,2012,216.659989218902,18.1345116472084
250,2012,215.951203394572,18.2469782372845
251,2012,215.268401757239,18.3353935275907
252,2012,214.613182358951,18.397105589216
253,2012,213.985061605654,18.432389536641
254,2012,213.383183895332,18.4424593460939
255,2012,212.806693625969,18.4289568103656
256,2012,212.254735195549,18.3938840894029
257,2012,211.726453002057,18.3395457895248
258,2012,211.220991443478,18.2684978615215
259,2012,210.737494917796,18.1835009862232
260,2012,210.275107822996,18.0874764482259
261,2012,209.832974557061,17.9834628024866
262,2012,209.410239517976,17.8745719372864
263,2012,209.006047103727,17.7639434543274
264,2012,208.619541712296,17.6546966435546
265,2012,208.249867741669,17.5498797412616
266,2012,207.896169589831,17.4524166288622
267,2012,207.557591654764,17.3650516450408
268,2012,207.233278334455,17.2902937163253
269,2012,206.922374026888,17.2303615125351
270,2012,206.624023130046,17.1871317416404
271,2012,206.337370041915,17.1620929455877
272,2012,206.061559160478,17.156307184992
273,2012,205.795734883721,17.1703817703151
274,2012,205.539041609628,17.2044527110464
275,2012,205.290623736183,17.2581808563968
276,2012,205.04962566137,17.3307608742095
277,2012,204.815191783175,17.4209423672718
278,2012,204.586466499581,17.5270616697866
279,2012,204.362594208574,17.6470822946639
280,2012,204.142719308136,17.7786416722178
281,2012,203.925986196254,17.919101747642
282,2012,203.711539270911,18.0656011634963
283,2012,203.498522930092,18.2151070912618
284,2012,203.286081571781,18.3644652264275
285,2012,203.073359593963,18.5104469592551
286,2012,202.859501394622,18.6497932246042
287,2012,202.643651371743,18.7792549824058
288,2012,202.42495392331,18.8956306670703
289,2012,202.202553447307,18.9958012667463
290,2012,201.975609299611,19.0768333557561
291,2012,201.743549360168,19.1372143666446
292,2012,201.506033775063,19.1767948147438
293,2012,201.262730348823,19.1957523139523
294,2012,201.013306885976,19.1945192932656
295,2012,200.757431191048,19.1737512003699
296,2012,200.494771068565,19.1342994508363
297,2012,200.224994323056,19.0771882877619
298,2012,199.947768759045,19.0035948078358
299,2012,199.662762181061,18.914831490904
300,2012,199.369642393629,18.8123306392729
301,2012,199.068077201278,18.6976301903894
302,2012,198.757734408533,18.5723604136413
303,2012,198.438281819921,18.4382310411887
304,2012,198.109387239969,18.2970184170047
305,2012,197.770718473205,18.1505522811913
306,2012,197.421943324154,18.0007018421361
307,2012,197.062729597343,17.8493608314341
308,2012,196.6927450973,17.6984312900428
309,2012,196.31165762855,17.5498059028786
310,2012,195.919134995622,17.4053487862026
311,2012,195.514845003041,17.2668747393748
312,2012,195.098455455334,17.136127099305
313,2012,194.669634157029,17.0147544786038
314,2012,194.228048912652,16.9042868198408
315,2012,193.773367526729,16.8061113475172
316,2012,193.305257803788,16.7214491321962
317,2012,192.823387548356,16.6513330815453
318,2012,192.327424564958,16.5965882248612
319,2012,191.817036658123,16.5578151477395
320,2012,191.291891632376,16.5353773543388
321,2012,190.751657292244,16.5293931864599
322,2012,190.196001442255,16.5397327207405
323,2012,189.624591886935,16.5660198155507
324,2012,189.037096430811,16.6076392118735
325,2012,188.433182878409,16.6637483345888
326,2012,187.812519034257,16.7332932177142
327,2012,187.174772702881,16.8150278095698
328,2012,186.519611688808,16.9075358137749
329,2012,185.846703796565,17.00925419258
330,2012,185.155716830679,17.1184974949866
331,2012,184.446318595675,17.2334822616019
332,2012,183.718176896082,17.3523508857142
333,2012,182.970959536426,17.4731944591834
334,2012,182.204334321234,17.5940742873525
335,2012,181.417969055032,17.7130419072405
336,2012,180.611531542347,17.8281575793994
337,2012,179.784689587707,17.9375073414626
338,2012,178.937110995637,18.0392188093112
339,2012,178.068463570665,18.1314759912836
340,2012,177.178415117317,18.212533445125
341,2012,176.266633440121,18.280730160654
342,2012,175.332786343603,18.3345035982088
343,2012,174.376541632289,18.3724043587185
344,2012,173.397567110707,18.3931120104794
345,2012,172.395530583384,18.3954526548396
346,2012,171.370099854845,18.378418881968
347,2012,170.321090354957,18.341517104364
348,2012,169.248908014934,18.2857485732929
349,2012,168.154106391332,18.2126100887691
350,2012,167.037239040705,18.1237468471129
351,2012,165.898859519606,18.0209336151028
352,2012,164.73952138459,17.9060572984531
353,2012,163.559778192211,17.7811002271211
354,2012,162.360183499023,17.6481235413025
355,2012,161.141290861581,17.5092501190662
356,2012,159.903653836438,17.3666465464879
357,2012,158.647825980148,17.2225037012945
358,2012,157.374360849267,17.0790156087624
359,2012,156.083812000348,16.938356340466
360,2012,154.776732989945,16.8026548672175
361,2012,153.453677374612,16.6739679489072
362,2012,152.115198710904,16.5542513432204
363,2012,150.761850555375,16.4453298339913
364,2012,149.394186464579,16.3488668034957
365,2012,148.01275999507,16.2663342804405
1,2013,172.213502704266,18.3370218317708
2,2013,171.211466176943,18.3406103141337
3,2013,170.186035448404,18.3248654563579
4,2013,169.137025948516,18.2892961970389
5,2013,168.064843608493,18.2349069298452
6,2013,166.970041984891,18.1631979660163
7,2013,165.853174634264,18.0758182791579
8,2013,164.714795113165,17.9745465637649
9,2013,163.555456978149,17.8612736865075
10,2013,162.37571378577,17.7379858481364
11,2013,161.176119092582,17.6067478363327
12,2013,159.957226455139,17.4696858081746
13,2013,158.719589429996,17.3289691022666
14,2013,157.463761573707,17.1867906524941
15,2013,156.190296442826,17.0453456651571
16,2013,154.899747593907,16.9068083354305
17,2013,153.592668583504,16.7733065223247
18,2013,152.269612968171,16.646894475092
19,2013,150.931134304463,16.5295239053081
20,2013,149.577786148934,16.4230139188602
21,2013,148.210122058138,16.3290205456263
22,2013,146.828695588629,16.2490068105172
23,2013,145.434060296961,16.1842144523783
24,2013,144.026769739689,16.1356384907
25,2013,142.607377473367,16.1040058415442
26,2013,141.176437054548,16.0897590796525
27,2013,139.734502039787,16.0930462324494
28,2013,138.282125985639,16.1137171879501
29,2013,136.819862448657,16.1513269313302
30,2013,135.348264985395,16.2051454336352
31,2013,133.867887152409,16.2741736444415
32,2013,132.379282506251,16.3571647285685
33,2013,130.883004603476,16.4526494655106
34,2013,129.379607000639,16.5589646151746
35,2013,127.869643254293,16.6742830454577
36,2013,126.353666920992,16.7966445034684
37,2013,124.832231557292,16.9239860708155
38,2013,123.305890719745,17.0541715481407
39,2013,121.775197964907,17.1850192392139
40,2013,120.24070684933,17.3143278286228
41,2013,118.702970929571,17.4399002535305
42,2013,117.162543762182,17.5595656497277
43,2013,115.619978903718,17.6711996018004
44,2013,114.075829910733,17.7727430478973
45,2013,112.530650339781,17.8622202858983
46,2013,110.984993747417,17.9377566063453
47,2013,109.439413690194,17.997596145864
48,2013,107.894463724667,18.0401206207378
49,2013,106.35069740739,18.0638696712664
50,2013,104.808668294917,18.0675636304035
51,2013,103.268929943802,18.0501296308827
52,2013,101.732035910599,18.0107320882431
53,2013,100.198606339179,17.9488452779062
54,2013,98.6712808418387,17.8653482150622
55,2013,97.1550337486248,17.7626349228269
56,2013,95.6549694429353,17.6433438020151
57,2013,94.1761923081677,17.5102542909292
58,2013,92.7238067277198,17.3662564119308
59,2013,91.3029170849892,17.2143197593133
60,2013,89.9186277633736,17.0574608686514
61,2013,88.5760431462705,16.8987081072785
62,2013,87.2802676170778,16.7410634678159
63,2013,86.036405559193,16.5874609487638
64,2013,84.8495613560138,16.4407215774455
65,2013,83.7248393909378,16.3035055685495
66,2013,82.6673440473627,16.1782625975598
67,2013,81.6821797086862,16.0671816652722
68,2013,80.7744507583059,15.9721424822068
69,2013,79.9492615796195,15.8946706424452
70,2013,79.2117165560246,15.8358990162199
71,2013,78.5669200709189,15.7965377140367
72,2013,78.0199765076999,15.7768546364457
73,2013,77.5759902497656,15.7766680386448
74,2013,77.2400656805133,15.7953517687242
75,2013,77.0173071833409,15.8318529802908
76,2013,76.9128191416459,15.8847212907664
77,2013,76.931705938826,15.9521476669208
78,2013,77.0790719582789,16.0320108526582
79,2013,77.3600215834023,16.1219289521865
80,2013,77.7796591975938,16.219313840781
81,2013,78.3430891842509,16.3214263541617
82,2013,79.0554159267715,16.4254306418403
83,2013,79.9217438085531,16.5284465888955
84,2013,80.9471772129935,16.6275997510495
85,2013,82.1368205234902,16.7200687623239
86,2013,83.4957781234409,16.8031306349997
87,2013,85.0291543962434,16.874204768448
88,2013,86.7420537252952,16.930896821363
89,2013,88.6395804939939,16.9710438951711
90,2013,90.7268390857373,16.9927627434422
91,2013,93.008933883923,16.9945029811976
92,2013,95.4909692719487,16.975107532363
93,2013,98.178049633212,16.9338828261964
94,2013,101.075279351111,16.8706815194404
95,2013,104.187653179663,16.7860226848457
96,2013,107.513588110127,16.6824487378927
97,2013,111.041305601482,16.5650180174882
98,2013,114.758150077675,16.4392019030085
99,2013,118.651465962651,16.3105902862378
100,2013,122.708597680354,16.1847697394978
101,2013,126.91688965473,16.0671911736759
102,2013,131.263686309725,15.9630272789606
103,2013,135.736332069283,15.8770227047749
104,2013,140.322171357351,15.8133427374283
105,2013,145.008548597873,15.7754287593929
106,2013,149.782808214795,15.7658704799417
107,2013,154.632294632062,15.7863052796474
108,2013,159.544352273619,15.8373536757627
109,2013,164.506325563413,15.9185969259367
110,2013,169.505558925387,16.0285986137294
111,2013,174.529396783487,16.1649675126137
112,2013,179.56518356166,16.3244550254205
113,2013,184.600263683849,16.5030777918498
114,2013,189.621981574001,16.6962550192216
115,2013,194.617681656061,16.8989506622664
116,2013,199.574708353973,17.1058123644264
117,2013,204.480406091685,17.3113015306372
118,2013,209.322119293139,17.5098115092964
119,2013,214.087192382283,17.6957732399154
120,2013,218.762969783061,17.8637496749999
121,2013,223.336795919419,18.0085217746367
122,2013,227.796015215302,18.1251699791956
123,2013,232.127972094656,18.2091559324153
124,2013,236.320010981424,18.2564100217159
125,2013,240.359559635806,18.2634676700175
126,2013,244.239045993076,18.2297247783694
127,2013,247.958648259886,18.1586314542732
128,2013,251.519211332895,18.05447401745
129,2013,254.921580108766,17.9219764880517
130,2013,258.166599484159,17.7662065890026
131,2013,261.255114355736,17.5924873022901
132,2013,264.187969620156,17.4063084899804
133,2013,266.966010174082,17.2132341073527
134,2013,269.590080914174,17.0188016302202
135,2013,272.061026737093,16.8284116431126
136,2013,274.3796925395,16.6472071959288
137,2013,276.546923218057,16.4799445583779
138,2013,278.563563669423,16.3308592864772
139,2013,280.430458790261,16.2035338169631
140,2013,282.148453477231,16.1007747373569
141,2013,283.718392626994,16.0245089810635
142,2013,285.141121136211,15.9757080573031
143,2013,286.417483901543,15.9543478361813
144,2013,287.548325819651,15.959408485835
145,2013,288.534491787196,15.9889153699277
146,2013,289.37682670084,16.0400177804414
147,2013,290.076175457242,16.1090990735847
148,2013,290.633382953065,16.191909693162
149,2013,291.049294084968,16.2837139769217
150,2013,291.324753749614,16.379442463875
151,2013,291.460606843662,16.4738433064022
152,2013,291.457698263775,16.5616288790801
153,2013,291.316872906613,16.637616338271
154,2013,291.038975668836,16.6968634217963
155,2013,290.624851447107,16.7348030446053
156,2013,290.075345138086,16.7473822427583
157,2013,289.391409517412,16.7312904008918
158,2013,288.577269127859,16.6863818384639
159,2013,287.640931018875,16.6160327903563
160,2013,286.590612941034,16.5244119744048
161,2013,285.434532644914,16.4161693351135
162,2013,284.18090788109,16.2962881154188
163,2013,282.837956400139,16.1699413712745
164,2013,281.413895952635,16.0423476876691
165,2013,279.916944289156,15.9186230260676
166,2013,278.355319160276,15.8036280676903
167,2013,276.737238316573,15.7018130763263
168,2013,275.070919508622,15.617065001169
169,2013,273.364580487,15.5525639303806
170,2013,271.626439002281,15.5106576378237
171,2013,269.864712805043,15.4927633917676
172,2013,268.08761964586,15.4993051295406
173,2013,266.30337727531,15.5296915652995
174,2013,264.520203443968,15.5823371762534
175,2013,262.74631590241,15.6547239940881
176,2013,260.989932401213,15.7434985169422
177,2013,259.259270690951,15.8445955389371
178,2013,257.562548522201,15.9533796519877
179,2013,255.90798364554,16.0647956238227
180,2013,254.303793811543,16.1735205087098
181,2013,252.758196770786,16.2741127570093
182,2013,251.279410273844,16.3611563086171
183,2013,249.875652071295,16.4294003481965
184,2013,248.555139913715,16.4738978939223
185,2013,247.326091551678,16.4901486709826
186,2013,246.196721661542,16.4742552144752
187,2013,245.172182997436,16.4244129615701
188,2013,244.248820675757,16.3434956955251
189,2013,243.421405812719,16.2358550822717
190,2013,242.684709524536,16.1064965671335
191,2013,242.033502927425,15.9609451116793
192,2013,241.462557137598,15.8051159654153
193,2013,240.966643271272,15.645181933781
194,2013,240.540532444661,15.4874302960243
195,2013,240.17899577398,15.3381047141901
196,2013,239.876804375444,15.2032304014115
197,2013,239.628729365267,15.0884245658836
198,2013,239.429541859664,14.9986985148531
199,2013,239.274012974851,14.9382622203041
200,2013,239.156913827041,14.9103456999542
201,2013,239.073015532449,14.917053191431
202,2013,239.017089207291,14.9592649461083
203,2013,238.983905967782,15.036597314522
204,2013,238.968236930135,15.147425274975
205,2013,238.964853210566,15.2889640786439
206,2013,238.96852592529,15.4573999803538
207,2013,238.974026190521,15.6480555482029
208,2013,238.976125122474,15.8555735081654
209,2013,238.969593837364,16.0741043265791
210,2013,238.949203451406,16.2974859643918
211,2013,238.909725080815,16.5194084041104
212,2013,238.845929841805,16.7335597221904
213,2013,238.752588850591,16.9337540493172
214,2013,238.624473223387,17.1140444830005
215,2013,238.45635407641,17.2688259304743
216,2013,238.243002525873,17.392934174718
217,2013,237.979562593382,17.4820133770983
218,2013,237.665513325699,17.5354531389283
219,2013,237.303130560012,17.5553601729853
220,2013,236.894736746684,17.5445067715135
221,2013,236.442654336077,17.5061828032114
222,2013,235.949205778551,17.4440987370297
223,2013,235.416713524469,17.3623004084196
224,2013,234.847500024193,17.2650902290584
225,2013,234.243887728084,17.1569504811653
226,2013,233.608199086505,17.0424651984336
227,2013,232.942756549817,16.9262380185374
228,2013,232.249882568382,16.8128043840774
229,2013,231.531899592562,16.7065376269299
230,2013,230.791130072718,16.6115498041661
231,2013,230.029896459213,16.531589604532
232,2013,229.250521202408,16.4699410788834
233,2013,228.455326752665,16.4293281626863
234,2013,227.646635560345,16.4118307136725
235,2013,226.826770075812,16.4188178636461
236,2013,225.998052749426,16.450903752292
237,2013,225.16280603155,16.507929196041
238,2013,224.323352372544,16.5889707440863
239,2013,223.482014222772,16.6923762266356
240,2013,222.641114032594,16.8158237092309
241,2013,221.802974252373,16.9563990917148
242,2013,220.96991733247,17.1106866619619
243,2013,220.144265723248,17.2748667919746
244,2013,219.328341875068,17.4448155474534
245,2013,218.524468238291,17.6162020665793
246,2013,217.73496726328,17.7845809092377
247,2013,216.962161400397,17.9454779692342
248,2013,216.208373100003,18.0944698262877
249,2013,215.47592481246,18.2272575124035
250,2013,214.767138988131,18.3397365650988
251,2013,214.084337350798,18.4280668279676
252,2013,213.42911795251,18.4896037705274
253,2013,212.800997199213,18.5246264850991
254,2013,212.199119488891,18.5343496703264
255,2013,211.622629219528,18.5204131061345
256,2013,211.070670789108,18.4848146349518
257,2013,210.542388595616,18.4298526043407
258,2013,210.036927037037,18.358075089802
259,2013,209.553430511355,18.2722335915635
260,2013,209.091043416554,18.17523922797
261,2013,208.64891015062,18.0701197485107
262,2013,208.226175111535,17.959975983978
263,2013,207.821982697285,17.84793666304
264,2013,207.435477305855,17.7371108743746
265,2013,207.065803335228,17.630537855965
266,2013,206.712105183389,17.5311342522065
267,2013,206.373527248323,17.4416394845797
268,2013,206.049213928014,17.3645604046235
269,2013,205.738309620447,17.3021168926283
270,2013,205.439958723605,17.2561904713477
271,2013,205.153305635474,17.2282782549078
272,2013,204.877494754037,17.2194545900697
273,2013,204.61167047728,17.230342533507
274,2013,204.354977203187,17.2610968435471
275,2013,204.106559329742,17.3113994885532
276,2013,203.865561254929,17.380467866155
277,2013,203.631127376734,17.4670750926278
278,2013,203.40240209314,17.5695809696138
279,2013,203.178529802132,17.6859716590079
280,2013,202.958654901695,17.8139057553065
281,2013,202.741921789813,17.9507643555272
282,2013,202.52747486447,18.093702868233
283,2013,202.314458523651,18.239702624946
284,2013,202.10201716534,18.3856207948797
285,2013,201.889295187522,18.5282375931294
286,2013,201.675436988181,18.6643002595315
287,2013,201.459586965302,18.7905637331391
288,2013,201.240889516869,18.9038283362173
289,2013,201.018489040866,19.0009751082719
290,2013,200.79154489317,19.0790689050595
291,2013,200.559484953727,19.1365908966433
292,2013,200.321969368622,19.1733824091647
293,2013,200.078665942382,19.1896123352174
294,2013,199.829242479535,19.1857050452351
295,2013,199.573366784607,19.162308652591
296,2013,199.310706662124,19.1202680069314
297,2013,199.040929916614,19.0606015889281
298,2013,198.763704352604,18.9844815682692
299,2013,198.47869777462,18.8932163658725
300,2013,198.185577987188,18.7882351289163
301,2013,197.884012794837,18.6710735833764
302,2013,197.573670002092,18.5433607746977
303,2013,197.25421741348,18.4068062453057
304,2013,196.925322833528,18.2631872308397
305,2013,196.586654066763,18.1143354887988
306,2013,196.237878917712,17.9621234077143
307,2013,195.878665190902,17.8084490863097
308,2013,195.508680690858,17.6552201247902
309,2013,195.127593222109,17.5043359385648
310,2013,194.735070589181,17.3576684917014
311,2013,194.3307805966,17.2170414551181
312,2013,193.914391048893,17.0842079225269
313,2013,193.485569750588,16.9608269619711
314,2013,193.043984506211,16.8484394352838
315,2013,192.589303120288,16.748443670889
316,2013,192.121193397347,16.6620717126148
317,2013,191.639323141915,16.5903669720038
318,2013,191.143360158517,16.5341641673959
319,2013,190.632972251682,16.4940724259881
320,2013,190.107827225935,16.4704623469645
321,2013,189.567592885803,16.4634576745587
322,2013,189.011937035814,16.4729320188027
323,2013,188.440527480494,16.4985108069064
324,2013,187.85303202437,16.5395783745278
325,2013,187.249118471968,16.5952898414758
326,2013,186.628454627816,16.6645871871152
327,2013,185.99070829644,16.7462187679835
328,2013,185.335547282367,16.8387614166674
329,2013,184.662639390124,16.9406442301852
330,2013,183.971652424237,17.0501731925677
331,2013,183.262254189234,17.1655558678759
332,2013,182.534112489641,17.2849255305298
333,2013,181.786895129985,17.4063642525374
334,2013,181.020269914793,17.5279246264725
335,2013,180.233904648591,17.6476499564028
336,2013,179.427467135906,17.7635928878396
337,2013,178.600625181265,17.8738325674936
338,2013,177.753046589196,17.9764905229319
339,2013,176.884399164224,18.0697455325544
340,2013,175.994350710876,18.15184782092
341,2013,175.08256903368,18.2211329677332
342,2013,174.148721937162,18.2760359656408
343,2013,173.192477225848,18.3151059074004
344,2013,172.213502704266,18.3370218317708
345,2013,171.211466176943,18.3406103141337
346,2013,170.186035448404,18.3248654563579
347,2013,169.137025948516,18.2892961970389
348,2013,168.064843608493,18.2349069298452
349,2013,166.970041984891,18.1631979660163
350,2013,165.853174634264,18.0758182791579
351,2013,164.714795113165,17.9745465637649
352,2013,163.555456978149,17.8612736865075
353,2013,162.37571378577,17.7379858481364
354,2013,161.176119092582,17.6067478363327
355,2013,159.957226455139,17.4696858081746
356,2013,158.719589429996,17.3289691022666
357,2013,157.463761573707,17.1867906524941
358,2013,156.190296442826,17.0453456651571
359,2013,154.899747593907,16.9068083354305
360,2013,153.592668583504,16.7733065223247
361,2013,152.269612968171,16.646894475092
362,2013,150.931134304463,16.5295239053081
363,2013,149.577786148934,16.4230139188602
364,2013,148.210122058138,16.3290205456263
365,2013,146.828695588629,16.2490068105172
1,2014,170.480290635303,18.3066922004757
2,2014,169.478254107979,18.3105845805029
3,2014,168.452823379441,18.2951540540453
4,2014,167.403813879552,18.2599093285155
5,2014,166.33163153953,18.2058559796465
6,2014,165.236829915928,18.1344960255825
7,2014,164.1199625653,18.0474803651766
8,2014,162.981583044201,17.9465898014801
9,2014,161.822244909185,17.8337174584064
10,2014,160.642501716806,17.7108519058415
11,2014,159.442907023618,17.5800603712458
12,2014,158.224014386176,17.4434714744645
13,2014,156.986377361033,17.303256984252
14,2014,155.730549504744,17.1616121674727
15,2014,154.457084373863,17.0207343924567
16,2014,153.166535524943,16.8827997630969
17,2014,151.85945651454,16.7499377046189
18,2014,150.536400899208,16.6242035969908
19,2014,149.1979222355,16.5075497545377
20,2014,147.844574079971,16.4017952715449
21,2014,146.476909989175,16.3085954780976
22,2014,145.095483519666,16.229411956685
23,2014,143.700848227998,16.1654842325976
24,2014,142.293557670726,16.1178043434196
25,2014,140.874165404403,16.0870954923506
26,2014,139.443224985585,16.0737958829194
27,2014,138.001289970824,16.0780486182759
28,2014,136.548913916676,16.0996982414477
29,2014,135.086650379693,16.1382941230973
30,2014,133.615052916432,16.1931005103176
31,2014,132.134675083445,16.2631126777721
32,2014,130.646070437287,16.3470783113877
33,2014,129.149792534513,16.4435230350315
34,2014,127.646394931675,16.5507788778781
35,2014,126.136431185329,16.6670144748062
36,2014,124.620454852029,16.7902658810377
37,2014,123.099019488328,16.9184670430793
38,2014,121.572678650782,17.0494791744264
39,2014,120.041985895943,17.1811185106353
40,2014,118.507494780367,17.3111821424777
41,2014,116.969758860607,17.4374718322253
42,2014,115.429331693219,17.5578158973947
43,2014,113.886766834754,17.6700893951868
44,2014,112.342617841769,17.772232960729
45,2014,110.797438270818,17.8622707477597
46,2014,109.251781678453,17.9383279982241
47,2014,107.70620162123,17.9986488349937
48,2014,106.161251655703,18.0416149373354
49,2014,104.617485338426,18.0657658293295
50,2014,103.075456225953,18.0698215940083
51,2014,101.535717874838,18.0527089265173
52,2014,99.9988238416361,18.013591562726
53,2014,98.4653942702159,17.9519428565618
54,2014,96.9380687728753,17.8686422446732
55,2014,95.4218216796614,17.7660857460702
56,2014,93.9217573739719,17.6469135181913
57,2014,92.4429802392043,17.5139064719402
58,2014,90.9905946587564,17.3699558827178
59,2014,89.5697050160258,17.2180324431045
60,2014,88.1854156944102,17.061153698108
61,2014,86.8428310773072,16.9023490028681
62,2014,85.5470555481145,16.7446213843176
63,2014,84.3031934902296,16.5909059895684
64,2014,83.1163492870504,16.444025174169
65,2014,81.9916273219745,16.3066407204456
66,2014,80.9341319783994,16.1812041614574
67,2014,79.9489676397229,16.0699066826245
68,2014,79.0412386893425,15.9746305258301
69,2014,78.2160495106561,15.8969041623068
70,2014,77.4785044870612,15.8378636618762
71,2014,76.8337080019555,15.7982226115966
72,2014,76.2867644387366,15.7782526005393
73,2014,75.8427781808022,15.7777757047367
74,2014,75.5068536115499,15.7961696377319
75,2014,75.2840951143775,15.8323853750235
76,2014,75.1796070726825,15.8849762311832
77,2014,75.1984938698627,15.9521366776476
78,2014,75.3458598893156,16.0317487208716
79,2014,75.6268095144389,16.121433456502
80,2014,76.0464471286304,16.2186054721732
81,2014,76.6098771152875,16.3205280485493
82,2014,77.3222038578081,16.4243675413054
83,2014,78.1885317395898,16.5272458451756
84,2014,79.2139651440301,16.6262903814778
85,2014,80.4036084545269,16.7186815652032
86,2014,81.7625660544776,16.8016981687291
87,2014,83.29594232728,16.8727613966706
88,2014,85.0088416563318,16.9294788249201
89,2014,86.9063684250305,16.9696896505849
90,2014,88.9936270167739,16.9915129667512
91,2014,91.2757218149597,16.9934010349
92,2014,93.7577572029853,16.9741997915298
93,2014,96.4448375642486,16.9332190968914
94,2014,99.3420672821472,16.870315497615
95,2014,102.454441110699,16.7860124078388
96,2014,105.780376041163,16.6828553314762
97,2014,109.308093532519,16.5659031784852
98,2014,113.024938008712,16.4406274105364
99,2014,116.918253893687,16.3126174957041
100,2014,120.975385611391,16.1874588443111
101,2014,125.183677585767,16.0706002563079
102,2014,129.530474240762,15.9672111973044
103,2014,134.00312000032,15.8820318875604
104,2014,138.588959288388,15.8192219890028
105,2014,143.27533652891,15.782216193064
106,2014,148.049596145832,15.773596703666
107,2014,152.899082563099,15.7949929434426
108,2014,157.811140204656,15.8470174562918
109,2014,162.773113494449,15.9292439750029
110,2014,167.772346856423,16.0402294432188
111,2014,172.796184714524,16.1775772399287
112,2014,177.831971492696,16.3380348702259
113,2014,182.867051614886,16.5176167021243
114,2014,187.888769505038,16.7117413117602
115,2014,192.884469587097,16.9153735850323
116,2014,197.84149628501,17.1231635183794
117,2014,202.747194022721,17.3295761198947
118,2014,207.588907224176,17.5290094155353
119,2014,212.35398031332,17.7158999369393
120,2014,217.029757714098,17.8848170116087
121,2014,221.603583850456,18.0305486588779
122,2014,226.062803146339,18.1481829957947
123,2014,230.394760025692,18.2331899185364
124,2014,234.586798912461,18.2815086143523
125,2014,238.626347566843,18.2896837676065
126,2014,242.505833924113,18.2571176970352
127,2014,246.225436190922,18.1872614748329
128,2014,249.785999263932,18.0844008342007
129,2014,253.188368039803,17.953257884193
130,2014,256.433387415196,17.7988969001669
131,2014,259.521902286772,17.6266356532013
132,2014,262.454757551193,17.4419568143976
133,2014,265.232798105119,17.2504149940242
134,2014,267.856868845211,17.0575360773887
135,2014,270.32781466813,16.8687068487704
136,2014,272.646480470537,16.6890545551975
137,2014,274.813711149093,16.5233180746693
138,2014,276.83035160046,16.3757146187816
139,2014,278.697246721298,16.2498081709847
140,2014,280.415241408267,16.1483877559918
141,2014,281.98518055803,16.0733647000224
142,2014,283.407909067247,16.0256978746923
143,2014,284.684271832579,16.0053543203842
144,2014,285.815113750688,16.011309739251
145,2014,286.801279718233,16.041589600187
146,2014,287.643614631876,16.0933477193643
147,2014,288.342963388279,16.162975927304
148,2014,288.900170884101,16.246236391199
149,2014,289.316082016005,16.3384075922538
150,2014,289.59154168065,16.4344357777964
151,2014,289.727394774699,16.529085573819
152,2014,289.724486194812,16.61708590226
153,2014,289.583660837649,16.693269978107
154,2014,289.305763599873,16.7527106687714
155,2014,288.891639378144,16.7908547425321
156,2014,288.342133069123,16.8036615122975
157,2014,287.658197448448,16.7878305505191
158,2014,286.844057058896,16.7432180404652
159,2014,285.907718949911,16.6731925732599
160,2014,284.857400872071,16.5819124952912
161,2014,283.701320575951,16.4740152886003
162,2014,282.447695812127,16.3544698898568
163,2014,281.104744331175,16.2284335125946
164,2014,279.680683883672,16.1011077834451
165,2014,278.183732220192,15.9775911595221
166,2014,276.622107091313,15.8627270064199
167,2014,275.00402624761,15.7609493455947
168,2014,273.337707439659,15.6761309410191
169,2014,271.631368418036,15.611440749686
170,2014,269.893226933318,15.5692193656453
171,2014,268.131500736079,15.5508815054541
172,2014,266.354407576897,15.5568535348761
173,2014,264.570165206347,15.5865515416277
174,2014,262.786991375005,15.6384018957885
175,2014,261.013103833447,15.709902282183
176,2014,259.256720332249,15.7977176260383
177,2014,257.526058621988,15.8978028391783
178,2014,255.829336453238,16.0055432687677
179,2014,254.174771576577,16.1159041543849
180,2014,252.570581742579,16.2235820136913
181,2014,251.024984701822,16.3231532464538
182,2014,249.546198204881,16.40921793143
183,2014,248.142440002332,16.476539459149
184,2014,246.821927844751,16.5201831231027
185,2014,245.592879482714,16.5356590644834
186,2014,244.463509592579,16.5190784526827
187,2014,243.438970928473,16.4686405608516
188,2014,242.515608606794,16.3872128101731
189,2014,241.688193743755,16.2791380903787
190,2014,240.951497455573,16.1494123982594
191,2014,240.300290858461,16.0035506342201
192,2014,239.729345068635,15.8474574213199
193,2014,239.233431202309,15.6872944605862
194,2014,238.807320375698,15.5293376218842
195,2014,238.445783705017,15.3798191481426
196,2014,238.143592306481,15.2447532623236
197,2014,237.895517296304,15.1297471907353
198,2014,237.696329790701,15.039803952184
199,2014,237.540800905887,14.9791276445197
200,2014,237.423701758077,14.9509454828514
201,2014,237.339803463486,14.9573624563352
202,2014,237.283877138328,14.9992633340001
203,2014,237.250693898818,15.0762726381922
204,2014,237.235024861172,15.1867767448481
205,2014,237.231641141603,15.3280048531663
206,2014,237.235313856326,15.4961589068687
207,2014,237.240814121558,15.6865780876086
208,2014,237.242913053511,15.8939219486168
209,2014,237.236381768401,16.1123574677271
210,2014,237.215991382443,16.3357384874458
211,2014,237.176513011851,16.5577701395023
212,2014,237.112717772841,16.7721549976053
213,2014,237.019376781627,16.9727212592708
214,2014,236.891261154424,17.1535359772175
215,2014,236.723142007447,17.3090082779472
216,2014,236.50979045691,17.433988824984
217,2014,236.246350524418,17.5241364150294
218,2014,235.932301256735,17.5788413858582
219,2014,235.569918491049,17.600201899843
220,2014,235.161524677721,17.5909814308174
221,2014,234.709442267113,17.5544605269745
222,2014,234.215993709588,17.4943393892472
223,2014,233.683501455506,17.4146521667448
224,2014,233.11428795523,17.3196876975572
225,2014,232.510675659121,17.213912368481
226,2014,231.874987017542,17.1018916355154
227,2014,231.209544480854,16.9882076373611
228,2014,230.516670499419,16.8773713309066
229,2014,229.798687523598,16.7737287349161
230,2014,229.057918003755,16.6813621916379
231,2014,228.296684390249,16.6039889861776
232,2014,227.517309133444,16.5448610660768
233,2014,226.722114683701,16.5066707784133
234,2014,225.913423491382,16.491468255406
235,2014,225.093558006849,16.5005961218339
236,2014,224.264840680463,16.5346464500543
237,2014,223.429593962586,16.5934433809802
238,2014,222.590140303581,16.6760527603798
239,2014,221.748802153808,16.7808178435156
240,2014,220.907901963631,16.9054179881444
241,2014,220.06976218341,17.0469456336922
242,2014,219.236705263507,17.2019959733272
243,2014,218.411053654285,17.3667636195502
244,2014,217.595129806104,17.5371411434492
245,2014,216.791256169328,17.7088154330331
246,2014,216.001755194317,17.8773591338703
247,2014,215.228949331434,18.0383157972767
248,2014,214.47516103104,18.1872786195102
249,2014,213.742712743497,18.319963732998
250,2014,213.033926919167,18.4322798944987
251,2014,212.351125281834,18.5203979934998
252,2014,211.695905883547,18.5816811770023
253,2014,211.06778513025,18.6164107471544
254,2014,210.465907419927,18.6258003830952
255,2014,209.889417150564,18.6114865220615
256,2014,209.337458720145,18.5754617061134
257,2014,208.809176526653,18.5200173205203
258,2014,208.303714968074,18.4476930711635
259,2014,207.820218442392,18.3612309196576
260,2014,207.357831347591,18.263531520405
261,2014,206.915698081656,18.1576115009824
262,2014,206.492963042572,18.0465602180693
263,2014,206.088770628322,17.9334949283702
264,2014,205.702265236892,17.8215136580286
265,2014,205.332591266265,17.7136454491639
266,2014,204.978893114426,17.6127981125415
267,2014,204.64031517936,17.5217041110285
268,2014,204.316001859051,17.4428657122805
269,2014,204.005097551483,17.3785010364
270,2014,203.706746654642,17.3304930263293
271,2014,203.42009356651,17.3003436208777
272,2014,203.144282685074,17.2891354545833
273,2014,202.878458408317,17.2975032083595
274,2014,202.621765134224,17.3256162873914
275,2014,202.373347260779,17.3731738460553
276,2014,202.132349185966,17.4394123898189
277,2014,201.897915307771,17.5231253627232
278,2014,201.669190024177,17.6226933836647
279,2014,201.445317733169,17.7361232174119
280,2014,201.225442832732,17.861093217017
281,2014,201.00870972085,17.9950028724924
282,2014,200.794262795507,18.1350242272302
283,2014,200.581246454688,18.2781532308875
284,2014,200.368805096377,18.4212595228961
285,2014,200.156083118559,18.5611336211577
286,2014,199.942224919218,18.6945309724634
287,2014,199.726374896339,18.8182127671732
288,2014,199.507677447905,18.9289838105364
289,2014,199.285276971903,19.0237280722999
290,2014,199.058332824207,19.0995117682769
291,2014,198.826272884763,19.1548120847413
292,2014,198.588757299658,19.1894624701526
293,2014,198.345453873419,19.2036241351168
294,2014,198.096030410572,19.1977141889584
295,2014,197.840154715643,19.1723739660334
296,2014,197.577494593161,19.1284420577121
297,2014,197.307717847651,19.0669312316762
298,2014,197.030492283641,18.9890085064794
299,2014,196.745485705656,18.8959777266994
300,2014,196.452365918225,18.7892640502334
301,2014,196.150800725873,18.6703998142865
302,2014,195.840457933128,18.5410112916346
303,2014,195.521005344517,18.4028058860259
304,2014,195.192110764565,18.2575593480377
305,2014,194.8534419978,18.1071026238188
306,2014,194.504666848749,17.9533079828943
307,2014,194.145453121938,17.7980741119119
308,2014,193.775468621895,17.6433099133036
309,2014,193.394381153146,17.4909168155352
310,2014,193.001858520217,17.3427694883388
311,2014,192.597568527636,17.2006949640571
312,2014,192.18117897993,17.0664502946403
313,2014,191.752357681625,16.9416990195487
314,2014,191.310772437247,16.8279868756823
315,2014,190.856091051325,16.7267173354299
316,2014,190.387981328384,16.639127698431
317,2014,189.906111072951,16.5662665698844
318,2014,189.410148089554,16.5089736163397
319,2014,188.899760182718,16.4678624846984
320,2014,188.374615156971,16.4433076931145
321,2014,187.83438081684,16.4354361532985
322,2014,187.278724966851,16.4441237715165
323,2014,186.707315411531,16.4689973185837
324,2014,186.119819955406,16.5094414824557
325,2014,185.515906403005,16.5646107488621
326,2014,184.895242558853,16.6334455227346
327,2014,184.257496227477,16.7146917274615
328,2014,183.602335213404,16.8069230133778
329,2014,182.929427321161,16.908564674905
330,2014,182.238440355274,17.0179184119961
331,2014,181.529042120271,17.1331871637381
332,2014,180.800900420678,17.2524993738876
333,2014,180.053683061022,17.3739322024847
334,2014,179.287057845829,17.4955333587304
335,2014,178.500692579627,17.6153413853602
336,2014,177.694255066943,17.73140436509
337,2014,176.867413112302,17.8417971405968
338,2014,176.019834520232,17.9446372396669
339,2014,175.15118709526,18.0380997780295
340,2014,174.261138641913,18.1204316773227
341,2014,173.349356964717,18.1899655890427
342,2014,172.415509868198,18.2451339621726
343,2014,171.459265156885,18.2844837375189
344,2014,170.480290635303,18.3066922004757
345,2014,169.478254107979,18.3105845805029
346,2014,168.452823379441,18.2951540540453
347,2014,167.403813879552,18.2599093285155
348,2014,166.33163153953,18.2058559796465
349,2014,165.236829915928,18.1344960255825
350,2014,164.1199625653,18.0474803651766
351,2014,162.981583044201,17.9465898014801
352,2014,161.822244909185,17.8337174584064
353,2014,160.642501716806,17.7108519058415
354,2014,159.442907023618,17.5800603712458
355,2014,158.224014386176,17.4434714744645
356,2014,156.986377361033,17.303256984252
357,2014,155.730549504744,17.1616121674727
358,2014,154.457084373863,17.0207343924567
359,2014,153.166535524943,16.8827997630969
360,2014,151.85945651454,16.7499377046189
361,2014,150.536400899208,16.6242035969908
362,2014,149.1979222355,16.5075497545377
363,2014,147.844574079971,16.4017952715449
364,2014,146.476909989175,16.3085954780976
365,2014,145.095483519666,16.229411956685
1,2015,168.237748734101,18.2884786050225
2,2015,167.235712206778,18.291815582245
3,2015,166.210281478239,18.2758037535848
4,2015,165.161271978351,18.2399488563369
5,2015,164.089089638328,18.1852563756366
6,2015,162.994288014726,18.1132291441323
7,2015,161.877420664099,18.0255191233365
8,2015,160.739041143,17.9239084708635
9,2015,159.579703007984,17.8102920039336
10,2015,158.399959815605,17.6866603727957
11,2015,157.200365122417,17.5550833200178
12,2015,155.981472484974,17.4176924596871
13,2015,154.743835459831,17.2766630717348
14,2015,153.488007603542,17.1341944784482
15,2015,152.214542472661,16.9924886602476
16,2015,150.923993623742,16.8537268826473
17,2015,149.616914613339,16.7200442507564
18,2015,148.293858998006,16.5935022833127
19,2015,146.955380334298,16.476059802064
20,2015,145.602032178769,16.3695426554377
21,2015,144.234368087973,16.275613022438
22,2015,142.852941618464,16.1957392520036
23,2015,141.458306326796,16.1311673587074
24,2015,140.051015769524,16.0828953908308
25,2015,138.631623503202,16.0516518883722
26,2015,137.200683084383,16.0378795422501
27,2015,135.758748069622,16.041724950921
28,2015,134.306372015474,16.0630350615797
29,2015,132.844108478492,16.1013605096375
30,2015,131.37251101523,16.1559656726669
31,2015,129.892133182244,16.2258448780417
32,2015,128.403528536086,16.3097438881254
33,2015,126.907250633311,16.4061855638262
34,2015,125.403853030474,16.5134984927321
35,2015,123.893889284128,16.6298473622311
36,2015,122.377912950827,16.7532639477574
37,2015,120.856477587127,16.8816777489615
38,2015,119.33013674958,17.0129455153811
39,2015,117.799443994742,17.1448791318669
40,2015,116.264952879165,17.2752715605111
41,2015,114.727216959406,17.4019207441765
42,2015,113.186789792017,17.5226515575587
43,2015,111.644224933553,17.6353360416825
44,2015,110.100075940568,17.7379122782442
45,2015,108.554896369616,17.8284023560323
46,2015,107.009239777252,17.9049299595224
47,2015,105.463659720029,17.9657381773636
48,2015,103.918709754502,18.0092081936854
49,2015,102.374943437225,18.0338795954919
50,2015,100.832914324751,18.0384731117691
51,2015,99.2931759736367,18.021916700251
52,2015,97.7562819404344,17.9833760207303
53,2015,96.2228523690142,17.922327078778
54,2015,94.6955268716737,17.839652935008
55,2015,93.1792797784598,17.7377539421815
56,2015,91.6792154727702,17.6192748147704
57,2015,90.2004383380027,17.4870011456417
58,2015,88.7480527575547,17.3438289273366
59,2015,87.3271631148242,17.1927334990238
60,2015,85.9428737932085,17.036736857083
61,2015,84.6002891761055,16.8788724681403
62,2015,83.3045136469128,16.7221469674027
63,2015,82.0606515890279,16.5694984293816
64,2015,80.8738073858487,16.4237512718733
65,2015,79.7490854207728,16.2875682946506
66,2015,78.6915900771977,16.1634008427911
67,2015,77.7064257385212,16.0534385832108
68,2015,76.7986967881409,15.9595608360875
69,2015,75.9735076094544,15.8832917424023
70,2015,75.2359625858595,15.8257617055128
71,2015,74.5911661007538,15.7876774632202
72,2015,74.0442225375349,15.7693028019847
73,2015,73.6002362796005,15.7704513335746
74,2015,73.2643117103483,15.7904919784678
75,2015,73.0415532131758,15.8283669385507
76,2015,72.9370651714809,15.8826211110736
77,2015,72.955951968661,15.9514412076364
78,2015,73.1033179881139,16.0327023792322
79,2015,73.3842676132372,16.1240199516876
80,2015,73.8039052274287,16.222803940486
81,2015,74.3673352140859,16.3263142977957
82,2015,75.0796619566065,16.4317152826797
83,2015,75.9459898383881,16.5361278668785
84,2015,76.9714232428284,16.6366796297827
85,2015,78.1610665533252,16.7305521101463
86,2015,79.5200241532759,16.8150260411106
87,2015,81.0534004260783,16.88752528987
88,2015,82.7662997551301,16.9456606587763
89,2015,84.6638265238288,16.9872749951228
90,2015,86.7510851155722,17.0104913207803
91,2015,89.033179913758,17.0137659483601
92,2015,91.5152153017836,16.9959488106712
93,2015,94.202295663047,16.9563534975468
94,2015,97.0995253809455,16.8948397534037
95,2015,100.211899209498,16.8119333084714
96,2015,103.537834139962,16.7101801417874
97,2015,107.065551631317,16.5946369034277
98,2015,110.78239610751,16.4707704885773
99,2015,114.675711992486,16.3441635547416
100,2015,118.732843710189,16.2203925595837
101,2015,122.941135684565,16.1048954497256
102,2015,127.28793233956,16.0028293512675
103,2015,131.760578099118,15.9189212621958
104,2015,136.346417387186,15.8573175196825
105,2015,141.032794627708,15.8214402980776
106,2015,145.80705424463,15.8138610500236
107,2015,150.656540661897,15.8362011117467
108,2015,155.568598303454,15.8890683325759
109,2015,160.530571593247,15.9720356026283
110,2015,165.529804955222,16.0836630133514
111,2015,170.553642813322,16.2215608971387
112,2015,175.589429591495,16.3824870589458
113,2015,180.624509713684,16.5624688659189
114,2015,185.646227603836,16.7569398593005
115,2015,190.641927685896,16.9608811330483
116,2015,195.598954383808,17.168959497212
117,2015,200.504652121519,17.3756568744021
118,2015,205.346365322974,17.5753879534447
119,2015,210.111438412118,17.7626054736546
120,2015,214.787215812896,17.9318944422827
121,2015,219.361041949254,18.0780580620402
122,2015,223.820261245137,18.196199242908
123,2015,228.15221812449,18.2818024329972
124,2015,232.344257011259,18.3308212916363
125,2015,236.383805665641,18.3398149083486
126,2015,240.263292022911,18.3081925645184
127,2015,243.982894289721,18.2394001775778
128,2015,247.54345736273,18.137716329234
129,2015,250.945826138601,18.0078546955167
130,2015,254.190845513994,17.8548695231833
131,2015,257.279360385571,17.6840666373775
132,2015,260.212215649991,17.5009145560118
133,2015,262.990256203917,17.3109513174502
134,2015,265.614326944009,17.1196837368421
135,2015,268.085272766928,16.9324771391897
136,2015,270.403938569335,16.754435273395
137,2015,272.571169247892,16.5902721086622
138,2015,274.587809699258,16.4441794505633
139,2015,276.454704820096,16.3196965431373
140,2015,278.172699507066,16.2195896683835
141,2015,279.742638656828,16.1457507727923
142,2015,281.165367166046,16.0991239544607
143,2015,282.441729931378,16.0796670464205
144,2015,283.572571849486,16.0863526584465
145,2015,284.558737817031,16.1172093524538
146,2015,285.401072730675,16.1693998225949
147,2015,286.100421487077,16.2393297685864
148,2015,286.6576289829,16.3227791573242
149,2015,287.073540114803,16.4150470175811
150,2015,287.348999779449,16.5111017218072
151,2015,287.484852873497,16.6057305428369
152,2015,287.48194429361,16.6936846896285
153,2015,287.341118936448,16.7698186144974
154,2015,287.063221698671,16.8292248555814
155,2015,286.649097476942,16.8673678951487
156,2015,286.099591167921,16.8802224737688
157,2015,285.415655547247,16.8645006763331
158,2015,284.601515157694,16.8200597211682
159,2015,283.665177048709,16.7502563374382
160,2015,282.614858970869,16.6592336350261
161,2015,281.458778674749,16.5516113554732
162,2015,280.205153910925,16.4323385112921
163,2015,278.862202429974,16.3065506037193
164,2015,277.43814198247,16.1794262979457
165,2015,275.94119031899,16.0560405706238
166,2015,274.379565190111,15.9412137274437
167,2015,272.761484346408,15.8393582789479
168,2015,271.095165538457,15.7543282781919
169,2015,269.388826516835,15.6892780335176
170,2015,267.650685032116,15.6465386816229
171,2015,265.888958834878,15.6275215148733
172,2015,264.111865675695,15.6326559311514
173,2015,262.327623305145,15.6613674334422
174,2015,260.544449473803,15.712097618195
175,2015,258.770561932245,15.7823642121341
176,2015,257.014178431048,15.8688557153829
177,2015,255.283516720786,15.967552745114
178,2015,253.586794552036,16.0738671243298
179,2015,251.932229675375,16.1827901512748
180,2015,250.328039841378,16.2890430505915
181,2015,248.782442800621,16.3872249254239
182,2015,247.303656303679,16.4719561706858
183,2015,245.89989810113,16.5380179451544
184,2015,244.57938594355,16.5804907612262
185,2015,243.350337581513,16.5948975150748
186,2015,242.220967691377,16.5773597587862
187,2015,241.196429027271,16.5260805565781
188,2015,240.273066705592,16.4439169826185
189,2015,239.445651842554,16.3351982638704
190,2015,238.708955554371,16.2049058271838
191,2015,238.057748957259,16.0585391786682
192,2015,237.486803167433,15.9019868048802
193,2015,236.990889301107,15.7413936790128
194,2015,236.564778474496,15.5830186306957
195,2015,236.203241803815,15.4330770023466
196,2015,235.901050405279,15.2975669035141
197,2015,235.652975395102,15.1820810642132
198,2015,235.453787889499,15.0916105794595
199,2015,235.298259004686,15.0303511719626
200,2015,235.181159856875,15.0015260859427
201,2015,235.097261562284,15.007241327005
202,2015,235.041335237126,15.0483878531409
203,2015,235.008151997617,15.124601273631
204,2015,234.99248295997,15.2342832392784
205,2015,234.989099240401,15.3746813742892
206,2015,234.992771955125,15.542017995763
207,2015,234.998272220356,15.7316534191946
208,2015,235.000371152309,15.9382680693607
209,2015,234.993839867199,16.1560487740851
210,2015,234.973449481241,16.3788677468036
211,2015,234.93397111065,16.6004468424612
212,2015,234.87017587164,16.8145037838634
213,2015,234.776834880426,17.0148805974385
214,2015,234.648719253222,17.1956572159766
215,2015,234.480600106245,17.3512551302279
216,2015,234.267248555708,17.476537300718
217,2015,234.003808623217,17.5671740028023
218,2015,233.689759355534,17.6225539762327
219,2015,233.327376589847,17.6447653241354
220,2015,232.918982776519,17.6365613927914
221,2015,232.466900365912,17.6012123850359
222,2015,231.973451808386,17.5424075870587
223,2015,231.440959554304,17.4641692864729
224,2015,230.871746054028,17.3707731377811
225,2015,230.268133757919,17.2666706785974
226,2015,229.63244511634,17.1564105725414
227,2015,228.967002579652,17.0445560496015
228,2015,228.274128598217,16.9355970139531
229,2015,227.556145622397,16.8338564442404
230,2015,226.815376102553,16.7433920256408
231,2015,226.054142489048,16.6678953654114
232,2015,225.274767232242,16.610592520188
233,2015,224.479572782499,16.5741507066126
234,2015,223.67088159018,16.560596748875
235,2015,222.851016105647,16.5712528345956
236,2015,222.022298779261,16.6066943928293
237,2015,221.187052061384,16.6667334093757
238,2015,220.347598402379,16.75042845334
239,2015,219.506260252607,16.8561204339764
240,2015,218.665360062429,16.9814910199269
241,2015,217.827220282208,17.1236390714639
242,2015,216.994163362305,17.2791695727449
243,2015,216.168511753083,17.444289455658
244,2015,215.352587904902,17.6149052811545
245,2015,214.548714268126,17.7867187924368
246,2015,213.759213293115,17.9553176494625
247,2015,212.986407430232,18.116259992861
248,2015,212.232619129838,18.2651527231812
249,2015,211.500170842295,18.3977244433955
250,2015,210.791385017966,18.5098948858816
251,2015,210.108583380632,18.5978442160701
252,2015,209.453363982345,18.6589419782445
253,2015,208.825243229048,18.6934708538438
254,2015,208.223365518726,18.7026432515854
255,2015,207.646875249363,18.6880925310329
256,2015,207.094916818943,18.6518066277189
257,2015,206.566634625451,18.596071010861
258,2015,206.061173066872,18.5234183446857
259,2015,205.57767654119,18.4365825925903
260,2015,205.115289446389,18.3384556262541
261,2015,204.673156180455,18.2320446965259
262,2015,204.25042114137,18.12042941103
263,2015,203.84622872712,18.0067171673332
264,2015,203.45972333569,17.8939963302106
265,2015,203.090049365063,17.7852868310993
266,2015,202.736351213224,17.6834883114352
267,2015,202.397773278158,17.5913264195878
268,2015,202.073459957849,17.5112983772366
269,2015,201.762555650282,17.4456194117593
270,2015,201.46420475344,17.3961720491548
271,2015,201.177551665309,17.3644605139351
272,2015,200.901740783872,17.3515725312595
273,2015,200.635916507115,17.3581506357419
274,2015,200.379223233022,17.3843746572567
275,2015,200.130805359577,17.4299564128142
276,2015,199.889807284764,17.4941468587302
277,2015,199.655373406569,17.5757551478778
278,2015,199.426648122975,17.6731782983124
279,2015,199.202775831967,17.7844396032306
280,2015,198.98290093153,17.9072335582958
281,2015,198.766167819648,18.038974971677
282,2015,198.551720894305,18.1768500375815
283,2015,198.338704553486,18.3178674498674
284,2015,198.126263195175,18.4589080477169
285,2015,197.913541217357,18.5967719581314
286,2015,197.699683018016,18.7282226771882
287,2015,197.483832995137,18.850027975852
288,2015,197.265135546704,18.9589979060058
289,2015,197.042735070701,19.0520205131916
290,2015,196.815790923005,19.1261648515829
291,2015,196.583730983562,19.1799058362205
292,2015,196.346215398457,19.2130707027854
293,2015,196.102911972217,19.2258144728734
294,2015,195.85348850937,19.2185482996169
295,2015,195.597612814442,19.1919078435757
296,2015,195.334952691959,19.1467263326467
297,2015,195.065175946449,19.0840114948853
298,2015,194.787950382439,19.0049256375429
299,2015,194.502943804455,18.9107682215714
300,2015,194.209824017023,18.8029603459965
301,2015,193.908258824672,18.6830306107409
302,2015,193.597916031927,18.5526018708797
303,2015,193.278463443315,18.4133784320945
304,2015,192.949568863363,18.2671332691176
305,2015,192.610900096598,18.1156948796896
306,2015,192.262124947547,17.9609334199374
307,2015,191.902911220737,17.8047458074161
308,2015,191.532926720693,17.6490395297902
309,2015,191.151839251944,17.495714964466
310,2015,190.759316619016,17.3466461008872
311,2015,190.355026626435,17.2036596646671
312,2015,189.938637078728,17.0685127709966
313,2015,189.509815780423,16.9428693804874
314,2015,189.068230536046,16.8282759867021
315,2015,188.613549150123,16.7261371200719
316,2015,188.145439427182,16.6376913931288
317,2015,187.66356917175,16.5639889201797
318,2015,187.167606188352,16.5058710037526
319,2015,186.657218281517,16.4639529760601
320,2015,186.13207325577,16.4386110076984
321,2015,185.591838915638,16.4299735473281
322,2015,185.036183065649,16.4379178441939
323,2015,184.464773510329,16.4620717481736
324,2015,183.877278054205,16.5018207047151
325,2015,183.273364501803,16.5563195928132
326,2015,182.652700657651,16.6245088201985
327,2015,182.014954326275,16.7051339128219
328,2015,181.359793312202,16.7967677288334
329,2015,180.686885419959,16.8978343942453
330,2015,179.995898454072,17.0066340930296
331,2015,179.286500219069,17.1213679362812
332,2015,178.558358519476,17.2401622670179
333,2015,177.81114115982,17.3610919118423
334,2015,177.044515944627,17.4822020521978
335,2015,176.258150678426,17.6015285435581
336,2015,175.451713165741,17.7171166518122
337,2015,174.6248712111,17.8270382975383
338,2015,173.777292619031,17.9294079995041
339,2015,172.908645194059,18.0223977900062
340,2015,172.018596740711,18.1042514399058
341,2015,171.106815063515,18.1732983848679
342,2015,170.172967966996,18.227967791368
343,2015,169.216723255683,18.2668032465604
344,2015,168.237748734101,18.2884786050225
345,2015,167.235712206778,18.291815582245
346,2015,166.210281478239,18.2758037535848
347,2015,165.161271978351,18.2399488563369
348,2015,164.089089638328,18.1852563756366
349,2015,162.994288014726,18.1132291441323
350,2015,161.877420664099,18.0255191233365
351,2015,160.739041143,17.9239084708635
352,2015,159.579703007984,17.8102920039336
353,2015,158.399959815605,17.6866603727957
354,2015,157.200365122417,17.5550833200178
355,2015,155.981472484974,17.4176924596871
356,2015,154.743835459831,17.2766630717348
357,2015,153.488007603542,17.1341944784482
358,2015,152.214542472661,16.9924886602476
359,2015,150.923993623742,16.8537268826473
360,2015,149.616914613339,16.7200442507564
361,2015,148.293858998006,16.5935022833127
362,2015,146.955380334298,16.476059802064
363,2015,145.602032178769,16.3695426554377
364,2015,144.234368087973,16.275613022438
365,2015,142.852941618464,16.1957392520036
1,2016,165.56345594408,18.2627338286026
2,2016,164.561419416756,18.2647209283296
3,2016,163.535988688218,18.2472869257136
4,2016,162.486979188329,18.2099316288554
5,2016,161.414796848307,18.1536599546639
6,2016,160.319995224705,18.0799757938561
7,2016,159.203127874077,17.9905325613753
8,2016,158.064748352978,17.8871143862528
9,2016,156.905410217962,17.7716187051423
10,2016,155.725667025583,17.646039570989
11,2016,154.526072332395,17.5124510493615
12,2016,153.307179694953,17.3729901315779
13,2016,152.06954266981,17.2298386532605
14,2016,150.813714813521,17.0852037770593
15,2016,149.540249682639,16.9412966866867
16,2016,148.24970083372,16.8003092530003
17,2016,146.942621823317,16.6643885767722
18,2016,145.619566207985,16.5356094889445
19,2016,144.281087544277,16.4159452949157
20,2016,142.927739388748,16.3072372760908
21,2016,141.560075297952,16.2111636941737
22,2016,140.178648828443,16.1292092596504
23,2016,138.784013536775,16.0626361990879
24,2016,137.376722979503,16.0124581584685
25,2016,135.95733071318,15.9794181875506
26,2016,134.526390294362,15.9639719478039
27,2016,133.084455279601,15.9662770720014
28,2016,131.632079225452,15.986189291329
29,2016,130.16981568847,16.023265565717
30,2016,128.698218225209,16.0767740462527
31,2016,127.217840392222,16.1457103109283
32,2016,125.729235746064,16.228818989244
33,2016,124.23295784329,16.3246196594819
34,2016,122.729560240452,16.4314357819375
35,2016,121.219596494106,16.5474254228323
36,2016,119.703620160806,16.6706126136844
37,2016,118.182184797105,16.7989183563792
38,2016,116.655843959559,16.9301904974353
39,2016,115.12515120472,17.0622319289083
40,2016,113.590660089144,17.1928268051694
41,2016,112.052924169384,17.3197646779039
42,2016,110.512497001995,17.4408626364128
43,2016,108.969932143531,17.5539856931785
44,2016,107.425783150546,17.6570657771443
45,2016,105.880603579595,17.7481197941352
46,2016,104.33494698723,17.8252672922764
47,2016,102.789366930007,17.8867483380185
48,2016,101.24441696448,17.9309422734916
49,2016,99.7006506472031,17.9563880960529
50,2016,98.1586215347301,17.9618072830439
51,2016,96.6188831836152,17.9461299849419
52,2016,95.081989150413,17.9085256328967
53,2016,93.5485595789928,17.8484757497062
54,2016,92.0212340816522,17.7668706626429
55,2016,90.5049869884383,17.666119140871
56,2016,89.0049226827488,17.5488750719621
57,2016,87.5261455479812,17.4179337827415
58,2016,86.0737599675333,17.2762013450601
59,2016,84.6528703248027,17.1266632715686
60,2016,83.2685810031871,16.972351530789
61,2016,81.9259963860841,16.8163090157766
62,2016,80.6302208568913,16.6615508501555
63,2016,79.3863587990065,16.5110222264497
64,2016,78.1995145958273,16.3675528535356
65,2016,77.0747926307513,16.2338085393308
66,2016,76.0172972871763,16.1122409314599
67,2016,75.0321329484997,16.0050369433442
68,2016,74.1244039981194,15.9140698484818
69,2016,73.299214819433,15.8408543620343
70,2016,72.5616697958381,15.7865081760582
71,2016,71.9168733107324,15.7517223178583
72,2016,71.3699297475135,15.7367423364963
73,2016,70.9259434895791,15.7413617102508
74,2016,70.5900189203268,15.7649280734044
75,2016,70.3672604231544,15.8063619863627
76,2016,70.2627723814594,15.8641871380578
77,2016,70.2816591786396,15.9365701856147
78,2016,70.4290251980925,16.0213679851185
79,2016,70.7099748232158,16.1161797869594
80,2016,71.1296124374073,16.2184020517089
81,2016,71.6930424240644,16.3252838426433
82,2016,72.405369166585,16.4339812018732
83,2016,73.2716970483666,16.5416094464651
84,2016,74.297130452807,16.6452928654962
85,2016,75.4867737633037,16.7422118122554
86,2016,76.8457313632544,16.8296476412611
87,2016,78.3791076360569,16.9050263291517
88,2016,80.0920069651087,16.9659619477144
89,2016,81.9895337338074,17.0103014412626
90,2016,84.0767923255508,17.0361724181001
91,2016,86.3588871237366,17.0420359150909
92,2016,88.8409225117622,17.0267463483239
93,2016,91.5280028730255,16.989621124011
94,2016,94.4252325909241,16.9305226367778
95,2016,97.5376064194762,16.8499775176456
96,2016,100.86354134994,16.7505313767036
97,2016,104.391258841296,16.6372389634158
98,2016,108.108103317489,16.5155616196434
99,2016,112.001419202464,16.391072812219
100,2016,116.058550920167,16.2693365263935
101,2016,120.266842894544,16.155775520755
102,2016,124.613639549538,16.0555298335404
103,2016,129.086285309097,15.9733085485101
104,2016,133.672124597165,15.9132405567152
105,2016,138.358501837687,15.8787324813662
106,2016,143.132761454609,15.8723435420452
107,2016,147.982247871876,15.8956874143661
108,2016,152.894305513433,15.949369782808
109,2016,157.856278803226,16.0329673372118
110,2016,162.8555121652,16.1450498928617
111,2016,167.879350023301,16.2832429073234
112,2016,172.915136801473,16.4443238074586
113,2016,177.950216923663,16.6243429407001
114,2016,182.971934813815,16.8187589763131
115,2016,187.967634895874,17.0225791444692
116,2016,192.924661593787,17.2304964357233
117,2016,197.830359331498,17.4370182674164
118,2016,202.672072532953,17.6365836566468
119,2016,207.437145622097,17.8236682565167
120,2016,212.112923022875,17.9928785214981
121,2016,216.686749159233,18.1390377328957
122,2016,221.145968455116,18.2572677109359
123,2016,225.477925334469,18.3430709024842
124,2016,229.669964221238,18.3924183238632
125,2016,233.709512875619,18.4018858566164
126,2016,237.58899923289,18.370889612514
127,2016,241.308601499699,18.3028668254494
128,2016,244.869164572709,18.2020852706986
129,2016,248.27153334858,18.0732467012534
130,2016,251.516552723973,17.9213920014441
131,2016,254.605067595549,17.7518118701143
132,2016,257.53792285997,17.5699576539801
133,2016,260.315963413896,17.3813479881932
134,2016,262.940034153988,17.1914680149211
135,2016,265.410979976907,17.0056592845082
136,2016,267.729645779314,16.8290000928677
137,2016,269.89687645787,16.6661779869889
138,2016,271.913516909237,16.5213583738195
139,2016,273.780412030074,16.3980553523298
140,2016,275.498406717044,16.2990126836685
141,2016,277.068345866807,16.2261037885466
142,2016,278.491074376024,16.1802594400556
143,2016,279.767437141356,16.1614302275712
144,2016,280.898279059465,16.1685880332102
145,2016,281.88444502701,16.1997671414895
146,2016,282.726779940653,16.2521418766958
147,2016,283.426128697056,16.322134549817
148,2016,283.983336192878,16.4055455492188
149,2016,284.399247324782,16.4976968728747
150,2016,284.674706989427,16.5935811932039
151,2016,284.810560083476,16.6880103426947
152,2016,284.807651503589,16.7757594793289
153,2016,284.666826146426,16.8517057350394
154,2016,284.38892890865,16.9109625851984
155,2016,283.974804686921,16.949013366851
156,2016,283.425298377899,16.9618493133639
157,2016,282.741362757225,16.9461960009506
158,2016,281.927222367673,16.9019110014678
159,2016,280.990884258688,16.8323366047755
160,2016,279.940566180848,16.7415980073681
161,2016,278.784485884728,16.6342944975062
162,2016,277.530861120904,16.5153523717516
163,2016,276.187909639952,16.3898825124427
164,2016,274.763849192449,16.2630375792708
165,2016,273.266897528969,16.1398658826049
166,2016,271.70527240009,16.0251613588689
167,2016,270.087191556387,15.9233116179576
168,2016,268.420872748436,15.8381485997289
169,2016,266.714533726813,15.7728086377483
170,2016,264.976392242095,15.7296102633316
171,2016,263.214666044856,15.7099584788577
172,2016,261.437572885674,15.7142832240432
173,2016,259.653330515124,15.7420173718466
174,2016,257.870156683782,15.7916161801185
175,2016,256.096269142224,15.8606163283179
176,2016,254.339885641026,15.9457292336408
177,2016,252.609223930765,16.0429609129235
178,2016,250.912501762015,16.147749606475
179,2016,249.257936885354,16.2551127395659
180,2016,247.653747051356,16.3597963133966
181,2016,246.108150010599,16.4564220818031
182,2016,244.629363513658,16.5396304641511
183,2016,243.225605311109,16.6042197481317
184,2016,241.905093153528,16.6452845765188
185,2016,240.676044791491,16.6583589655557
186,2016,239.546674901355,16.6395725732802
187,2016,238.52213623725,16.5871297023568
188,2016,237.59877391557,16.5038752458511
189,2016,236.771359052532,16.3941229017037
190,2016,236.03466276435,16.2628375755425
191,2016,235.383456167238,16.1155015167091
192,2016,234.812510377412,15.9579854935862
193,2016,234.316596511086,15.7964166605618
194,2016,233.890485684475,15.6370364274393
195,2016,233.528949013794,15.4860437839097
196,2016,233.226757615257,15.3494223884392
197,2016,232.978682605081,15.2327533788811
198,2016,232.779495099478,15.1410201062991
199,2016,232.623966214664,15.0784152861296
200,2016,232.506867066854,15.0481645243514
201,2016,232.422968772263,15.0523817896973
202,2016,232.367042447105,15.0919713447292
203,2016,232.333859207595,15.1665866848141
204,2016,232.318190169949,15.2746507564144
205,2016,232.31480645038,15.413434471424
206,2016,232.318479165103,15.5791839675999
207,2016,232.323979430334,15.7672826061589
208,2016,232.326078362288,15.9724320671558
209,2016,232.319547077178,16.188837990446
210,2016,232.29915669122,16.4103886700293
211,2016,232.259678320628,16.6308193375972
212,2016,232.195883081618,16.8438586566862
213,2016,232.102542090404,17.043357584829
214,2016,231.974426463201,17.2234034882978
215,2016,231.806307316224,17.3784243339013
216,2016,231.592955765687,17.5032891281325
217,2016,231.329515833195,17.5936733369881
218,2016,231.015466565512,17.6489608251808
219,2016,230.653083799826,17.6712288885783
220,2016,230.244689986498,17.6632207810453
221,2016,229.79260757589,17.6281971992058
222,2016,229.299159018364,17.5698382302199
223,2016,228.766666764283,17.4921569764169
224,2016,228.197453264007,17.399419629984
225,2016,227.593840967898,17.2960677176206
226,2016,226.958152326319,17.1866391093059
227,2016,226.292709789631,17.0756852827181
228,2016,225.599835808196,16.9676833358811
229,2016,224.881852832375,16.866942395345
230,2016,224.141083312531,16.7775053775626
231,2016,223.379849699026,16.7030484648941
232,2016,222.600474442221,16.6467820208128
233,2016,221.805279992478,16.6113577951794
234,2016,220.996588800159,16.5987879345944
235,2016,220.176723315626,16.610381315855
236,2016,219.34800598924,16.64670195514
237,2016,218.512759271363,16.707552749163
238,2016,217.673305612358,16.7919857759755
239,2016,216.831967462585,16.8983381490506
240,2016,215.991067272408,17.0242903558433
241,2016,215.152927492187,17.1669424532862
242,2016,214.319870572284,17.322902645655
243,2016,213.494218963061,17.4883826827771
244,2016,212.678295114881,17.6592950902763
245,2016,211.874421478105,17.8313482847483
246,2016,211.084920503094,18.00013691077
247,2016,210.312114640211,18.1612260631523
248,2016,209.558326339817,18.3102292845987
249,2016,208.825878052274,18.4428812820461
250,2016,208.117092227944,18.5551071718396
251,2016,207.434290590611,18.6430916303612
252,2016,206.779071192324,18.7042074821957
253,2016,206.150950439027,18.7387388189635
254,2016,205.549072728704,18.7478980229852
255,2016,204.972582459341,18.7333172855084
256,2016,204.420624028922,18.6969823959593
257,2016,203.89234183543,18.6411758303328
258,2016,203.386880276851,18.568426522891
259,2016,202.903383751169,18.4814640720633
260,2016,202.440996656368,18.3831754530159
261,2016,201.998863390433,18.2765626028115
262,2016,201.576128351349,18.1646995307502
263,2016,201.171935937099,18.0506879085239
264,2016,200.785430545668,17.93761043203
265,2016,200.415756575042,17.8284816330083
266,2016,200.062058423203,17.7261962582732
267,2016,199.723480488137,17.6334758178012
268,2016,199.399167167828,17.5528144044235
269,2016,199.08826286026,17.4864253645418
270,2016,198.789911963419,17.4361907945911
271,2016,198.503258875287,17.4036160894676
272,2016,198.227447993851,17.3897918203666
273,2016,197.961623717094,17.3953650339645
274,2016,197.704930443001,17.4205216385391
275,2016,197.456512569555,17.4649809105173
276,2016,197.215514494743,17.5280023891094
277,2016,196.981080616548,17.6084046246274
278,2016,196.752355332954,17.7045945120598
279,2016,196.528483041946,17.8146053661442
280,2016,196.308608141509,17.9361415378619
281,2016,196.091875029627,18.0666272565986
282,2016,195.877428104284,18.2032574911568
283,2016,195.664411763464,18.3430489118329
284,2016,195.451970405154,18.4828894450971
285,2016,195.239248427336,18.6195853805002
286,2016,195.025390227995,18.749905463547
287,2016,194.809540205115,18.8706218506521
288,2016,194.590842756682,18.9785481920065
289,2016,194.36844228068,19.0705754397861
290,2016,194.141498132984,19.143774794263
291,2016,193.90943819354,19.1966197543039
292,2016,193.671922608435,19.228933329037
293,2016,193.428619182196,19.2408662926702
294,2016,193.179195719349,19.2328256648808
295,2016,192.92332002442,19.2054431113188
296,2016,192.660659901938,19.1595480150362
297,2016,192.390883156428,19.0961444122063
298,2016,192.113657592417,19.0163910687907
299,2016,191.828651014433,18.9215840499173
300,2016,191.535531227002,18.813141198271
301,2016,191.23396603465,18.6925879915237
302,2016,190.923623241905,18.5615442928975
303,2016,190.604170653293,18.4217115454768
304,2016,190.275276073342,18.2748599926948
305,2016,189.936607306577,18.1228155379493
306,2016,189.587832157526,17.9674458894762
307,2016,189.228618430715,17.8106456767077
308,2016,188.858633930672,17.6543202757966
309,2016,188.477546461923,17.5003681490055
310,2016,188.085023828994,17.3506615886947
311,2016,187.680733836413,17.2070258637272
312,2016,187.264344288707,17.0712168940058
313,2016,186.835522990402,16.94489772426
314,2016,186.393937746024,16.8296142241048
315,2016,185.939256360102,16.7267705968089
316,2016,185.471146637161,16.6376054196455
317,2016,184.989276381728,16.5631690473511
318,2016,184.493313398331,16.5043032701308
319,2016,183.982925491495,16.4616241144781
320,2016,183.457780465748,16.43550860007
321,2016,182.917546125617,16.4260861185449
322,2016,182.361890275628,16.4332348889324
323,2016,181.790480720308,16.4565836879192
324,2016,181.202985264183,16.4955187760061
325,2016,180.599071711782,16.5491956712112
326,2016,179.97840786763,16.6165551874335
327,2016,179.340661536254,16.6963429766676
328,2016,178.685500522181,16.7871317063956
329,2016,178.012592629938,16.887344969476
330,2016,177.321605664051,16.9952820585261
331,2016,176.612207429048,17.1091428279874
332,2016,175.884065729455,17.2270519985411
333,2016,175.136848369798,17.3470824129861
334,2016,174.370223154606,17.467276914191
335,2016,173.583857888404,17.5856686714986
336,2016,172.77742037572,17.7002999231579
337,2016,171.950578421079,17.8092392241255
338,2016,171.102999829009,17.9105973895807
339,2016,170.234352404037,18.0025424061429
340,2016,169.34430395069,18.0833136483779
341,2016,168.432522273493,18.1512357921907
342,2016,167.498675176975,18.2047328641361
343,2016,166.542430465662,18.2423429116431
344,2016,165.56345594408,18.2627338286026
345,2016,164.561419416756,18.2647209283296
346,2016,163.535988688218,18.2472869257136
347,2016,162.486979188329,18.2099316288554
348,2016,161.414796848307,18.1536599546639
349,2016,160.319995224705,18.0799757938561
350,2016,159.203127874077,17.9905325613753
351,2016,158.064748352978,17.8871143862528
352,2016,156.905410217962,17.7716187051423
353,2016,155.725667025583,17.646039570989
354,2016,154.526072332395,17.5124510493615
355,2016,153.307179694953,17.3729901315779
356,2016,152.06954266981,17.2298386532605
357,2016,150.813714813521,17.0852037770593
358,2016,149.540249682639,16.9412966866867
359,2016,148.24970083372,16.8003092530003
360,2016,146.942621823317,16.6643885767722
361,2016,145.619566207985,16.5356094889445
362,2016,144.281087544277,16.4159452949157
363,2016,142.927739388748,16.3072372760908
364,2016,141.560075297952,16.2111636941737
365,2016,140.178648828443,16.1292092596504
1,2017,162.551658804506,18.2262495560762
2,2017,161.549622277182,18.2261291690829
3,2017,160.524191548644,18.206468834359
4,2017,159.475182048755,18.166759467924
5,2017,158.402999708733,18.108004993466
6,2017,157.308198085131,18.0317106803452
7,2017,156.191330734503,17.9395318772843
8,2017,155.052951213404,17.8332554016822
9,2017,153.893613078388,17.7147823450899
10,2017,152.713869886009,17.5861116034165
11,2017,151.514275192821,17.4493234995226
12,2017,150.295382555379,17.3065629200697
13,2017,149.057745530236,17.1600214452526
14,2017,147.801917673947,17.0119180172481
15,2017,146.528452543065,16.8644777788173
16,2017,145.237903694146,16.7199088248267
17,2017,143.930824683743,16.5803767521198
18,2017,142.607769068411,16.4479770697299
19,2017,141.269290404703,16.3247057397843
20,2017,139.915942249174,16.2124283514088
21,2017,138.548278158378,16.1128486702609
22,2017,137.166851688869,16.0274775328606
23,2017,135.772216397201,15.9576032402469
24,2017,134.364925839929,15.9042647204644
25,2017,132.945533573606,15.8682287478631
26,2017,131.514593154788,15.8499724118746
27,2017,130.072658140027,15.8496718153719
28,2017,128.620282085879,15.8671976663382
29,2017,127.158018548896,15.9021180363686
30,2017,125.686421085635,15.9537081380287
31,2017,124.206043252648,16.0209665683766
32,2017,122.71743860649,16.1026371231946
33,2017,121.221160703716,16.1972350402473
34,2017,119.717763100878,16.3030763990891
35,2017,118.207799354532,16.4183093912527
36,2017,116.691823021232,16.5409462645942
37,2017,115.170387657531,16.6688949151061
38,2017,113.644046819985,16.7999893196966
39,2017,112.113354065146,16.932018245748
40,2017,110.57886294957,17.062751913605
41,2017,109.041127029811,17.1899665090164
42,2017,107.500699862422,17.3114666337128
43,2017,105.958135003958,17.4251059400357
44,2017,104.413986010973,17.5288063213465
45,2017,102.868806440021,17.620576128951
46,2017,101.323149847656,17.6985279657167
47,2017,99.7775697904335,17.760896674647
48,2017,98.2326198249064,17.8060582057262
49,2017,96.6888535076292,17.8325501142699
50,2017,95.1468243951562,17.8390945259429
51,2017,93.6070860440414,17.8246245036541
52,2017,92.0701920108391,17.7883148742823
53,2017,90.536762439419,17.7296553148215
54,2017,89.0094369420784,17.6495471332355
55,2017,87.4931898488645,17.5504120191425
56,2017,85.9931255431749,17.434918079722
57,2017,84.5143484084074,17.3058758545816
58,2017,83.0619628279594,17.1662072871053
59,2017,81.6410731852289,17.0189140290011
60,2017,80.2567838636133,16.8670439926134
61,2017,78.9141992465102,16.7136552770009
62,2017,77.6184237173175,16.5617768518865
63,2017,76.3745616594327,16.4143657057254
64,2017,75.1877174562535,16.274260559123
65,2017,74.0629954911775,16.1441327082845
66,2017,73.0055001476024,16.0264350732313
67,2017,72.0203358089259,15.9233510404262
68,2017,71.1126068585456,15.8367451488753
69,2017,70.2874176798591,15.7681180005658
70,2017,69.5498726562642,15.7185679086524
71,2017,68.9050761711585,15.6887616755913
72,2017,68.3581326079396,15.6789164976705
73,2017,67.9141463500052,15.6887943466689
74,2017,67.578221780753,15.7177093551958
75,2017,67.3554632835805,15.7645478373592
76,2017,67.2509752418856,15.8277997337975
77,2017,67.2698620390657,15.9055995924041
78,2017,67.4172280585186,15.9957747630355
79,2017,67.698177683642,16.0958983298299
80,2017,68.1178152978334,16.2033444153928
81,2017,68.6812452844906,16.3153438171212
82,2017,69.3935720270112,16.4290384069499
83,2017,70.2598999087928,16.5415332680701
84,2017,71.2853333132331,16.6499460922022
85,2017,72.4749766237299,16.7514538735348
86,2017,73.8339342236806,16.8433373855955
87,2017,75.367310496483,16.9230243086145
88,2017,77.0802098255348,16.9881321947343
89,2017,78.9777365942336,17.0365127326543
90,2017,81.0649951859769,17.0662990214063
91,2017,83.3470899841627,17.0759578033018
92,2017,85.8291253721883,17.0643488515517
93,2017,88.5162057334517,17.0307939609765
94,2017,91.4134354513503,16.975158235275
95,2017,94.5258092799024,16.8979685391974
96,2017,97.8517442103663,16.8017699113869
97,2017,101.379461701722,16.6916158919632
98,2017,105.096306177915,16.5729616232974
99,2017,108.98962206289,16.4513693475015
100,2017,113.046753780594,16.3323873653373
101,2017,117.25504575497,16.2214191325251
102,2017,121.601842409965,16.1235829299889
103,2017,126.074488169523,16.0435651201641
104,2017,130.660327457591,15.9854726701031
105,2017,135.346704698113,15.952692985372
106,2017,140.120964315035,15.947770647553
107,2017,144.970450732302,15.9723108940327
108,2017,149.882508373859,16.026918328272
109,2017,154.844481663652,16.1111764565275
110,2017,159.843715025626,16.2236696690141
111,2017,164.867552883727,16.362044984338
112,2017,169.903339661899,16.5231071111305
113,2017,174.938419784089,16.702937840981
114,2017,179.960137674241,16.8970298126641
115,2017,184.9558377563,17.1004252231764
116,2017,189.912864454213,17.3078517428724
117,2017,194.818562191924,17.5138502140522
118,2017,199.660275393379,17.7128911892888
119,2017,204.425348482523,17.8994796408226
120,2017,209.101125883301,18.0682490559301
121,2017,213.674952019659,18.214047587065
122,2017,218.134171315542,18.3320200197895
123,2017,222.466128194895,18.4176901876603
124,2017,226.658167081664,18.4670492578882
125,2017,230.697715736046,18.476692140495
126,2017,234.577202093316,18.4460418279785
127,2017,238.296804360125,18.3785240557006
128,2017,241.857367433135,18.2783927668175
129,2017,245.259736209006,18.1503348161182
130,2017,248.504755584399,17.9993748192013
131,2017,251.593270455975,17.8307855338711
132,2017,254.526125720396,17.6499984457094
133,2017,257.304166274322,17.4625102694386
134,2017,259.928237014414,17.2737821943043
135,2017,262.399182837333,17.0891300338174
136,2017,264.71784863974,16.9136050789793
137,2017,266.885079318296,16.7518674099143
138,2017,268.901719769663,16.6080555883444
139,2017,270.768614890501,16.4856587911795
140,2017,272.48660957747,16.3873991905422
141,2017,274.056548727233,16.3151333182794
142,2017,275.47927723645,16.2697809125396
143,2017,276.755640001782,16.2512881640063
144,2017,277.886481919891,16.2586294918893
145,2017,278.872647887436,16.2898484312785
146,2017,279.714982801079,16.3421345681142
147,2017,280.414331557482,16.4119304146724
148,2017,280.971539053304,16.4950602128345
149,2017,281.387450185208,16.5868721243641
150,2017,281.662909849853,16.6823860387516
151,2017,281.798762943902,16.7764409846609
152,2017,281.795854364015,16.86383845293
153,2017,281.655029006852,16.9394804374547
154,2017,281.377131769076,16.9985033981244
155,2017,280.963007547347,17.036411512922
156,2017,280.413501238326,17.0492145073187
157,2017,279.729565617651,17.0336534467269
158,2017,278.915425228099,16.9895858901571
159,2017,277.979087119114,16.920336532779
160,2017,276.928769041274,16.830009345267
161,2017,275.772688745154,16.723179766684
162,2017,274.51906398133,16.6047478137197
163,2017,273.176112500378,16.4797959439294
164,2017,271.752052052875,16.3534467089488
165,2017,270.255100389395,16.230717326883
166,2017,268.693475260516,16.1163706246817
167,2017,267.075394416813,16.014764308236
168,2017,265.409075608862,15.9297030328072
169,2017,263.702736587239,15.8642999534905
170,2017,261.964595102521,15.8208559266631
171,2017,260.202868905282,15.8007649100586
172,2017,258.4257757461,15.8044531196356
173,2017,256.64153337555,15.8313571672221
174,2017,254.858359544208,15.8799430728486
175,2017,253.08447200265,15.9477643380821
176,2017,251.328088501452,16.0315539073726
177,2017,249.597426791191,16.1273424610542
178,2017,247.900704622441,16.23059443976
179,2017,246.24613974578,16.3363535319162
180,2017,244.641949911782,16.4393908226927
181,2017,243.096352871025,16.5343510108276
182,2017,241.617566374084,16.6158946427171
183,2017,240.213808171535,16.6788368773764
184,2017,238.893296013954,16.7182857110242
185,2017,237.664247651917,16.7297848300733
186,2017,236.534877761782,16.7094697224526
187,2017,235.510339097676,16.6555432401839
188,2017,234.586976775997,16.5708361456748
189,2017,233.759561912958,16.4596444026463
190,2017,233.022865624776,16.3269138676047
191,2017,232.371659027664,16.17810690011
192,2017,231.800713237838,16.0190740529539
193,2017,231.304799371512,15.8559225679098
194,2017,230.878688544901,15.6948750363141
195,2017,230.51715187422,15.5421136927975
196,2017,230.214960475684,15.4036086238289
197,2017,229.966885465507,15.2849317682349
198,2017,229.767697959904,15.1910627773202
199,2017,229.61216907509,15.1261970541717
200,2017,229.49506992728,15.0935697453422
201,2017,229.411171632689,15.0953111065629
202,2017,229.355245307531,15.1323476882687
203,2017,229.322062068021,15.2043599371038
204,2017,229.306393030375,15.3098006471114
205,2017,229.303009310806,15.4459715207277
206,2017,229.306682025529,15.6091485558228
207,2017,229.312182290761,15.7947424774543
208,2017,229.314281222714,15.9974787204412
209,2017,229.307749937604,16.2115824593681
210,2017,229.287359551646,16.4309571584873
211,2017,229.247881181054,16.6493490867359
212,2017,229.184085942044,16.860494305695
213,2017,229.09074495083,17.0582481776252
214,2017,228.962629323627,17.2367001874375
215,2017,228.79451017665,17.3902788382962
216,2017,228.581158626113,17.5138527517596
217,2017,228.317718693621,17.6030960016864
218,2017,228.003669425938,17.6573835628077
219,2017,227.641286660252,17.6787802873809
220,2017,227.232892846924,17.6700186500083
221,2017,226.780810436316,17.6343501231121
222,2017,226.287361878791,17.5754469109643
223,2017,225.754869624709,17.4973153572491
224,2017,225.185656124433,17.4042158053656
225,2017,224.582043828324,17.3005846339243
226,2017,223.946355186745,17.1909550630157
227,2017,223.280912650057,17.0798742246804
228,2017,222.588038668622,16.9718149935352
229,2017,221.870055692801,16.8710822302135
230,2017,221.129286172958,16.7817144025741
231,2017,220.368052559452,16.7073829546576
232,2017,219.588677302647,16.6512931564721
233,2017,218.793482852904,16.6160912921714
234,2017,217.984791660585,16.6037837046103
235,2017,217.164926176052,16.6156732119985
236,2017,216.336208849666,16.6523176410487
237,2017,215.500962131789,16.713513719284
238,2017,214.661508472784,16.7983075371242
239,2017,213.820170323011,16.905030555533
240,2017,212.979270132834,17.0313580746628
241,2017,212.141130352613,17.1743855245831
242,2017,211.30807343271,17.330717097723
243,2017,210.482421823488,17.4965611607301
244,2017,209.666497975307,17.6678274616106
245,2017,208.862624338531,17.8402221920294
246,2017,208.07312336352,18.0093382497206
247,2017,207.300317500637,18.1707393720731
248,2017,206.546529200243,18.3200380372953
249,2017,205.8140809127,18.4529680807283
250,2017,205.10529508837,18.5654538386302
251,2017,204.422493451037,18.6536791968725
252,2017,203.76727405275,18.7150167518193
253,2017,203.139153299453,18.7497519993044
254,2017,202.53727558913,18.7590985956207
255,2017,201.960785319767,18.7446895603121
256,2017,201.408826889348,18.7085111113445
257,2017,200.880544695856,18.6528457931609
258,2017,200.375083137277,18.5802222839534
259,2017,199.891586611595,18.4933696354152
260,2017,199.429199516794,18.3951740198869
261,2017,198.987066250859,18.2886363532207
262,2017,198.564331211775,18.1768294481722
263,2017,198.160138797525,18.0628536548043
264,2017,197.773633406095,17.9497902810013
265,2017,197.403959435468,17.8406524716337
266,2017,197.050261283629,17.738333663384
267,2017,196.711683348563,17.6455542143618
268,2017,196.387370028254,17.5648073076688
269,2017,196.076465720686,17.4983057033834
270,2017,195.778114823845,17.4479313077444
271,2017,195.491461735713,17.4151897794274
272,2017,195.215650854277,17.4011724444955
273,2017,194.94982657752,17.406527607457
274,2017,194.693133303427,17.4314429217118
275,2017,194.444715429981,17.4756398532635
276,2017,194.203717355169,17.5383805085541
277,2017,193.969283476974,17.6184862976377
278,2017,193.74055819338,17.7143671715332
279,2017,193.516685902372,17.8240595978884
280,2017,193.296811001935,17.9452710823685
281,2017,193.080077890053,18.0754289262339
282,2017,192.86563096471,18.2117310177091
283,2017,192.652614623891,18.351196741781
284,2017,192.44017326558,18.4907165005168
285,2017,192.227451287762,18.6270988025687
286,2017,192.013593088421,18.7571143535841
287,2017,191.797743065542,18.8775370210273
288,2017,191.579045617108,18.9851819364496
289,2017,191.356645141106,19.0769413299672
290,2017,191.12970099341,19.1498874160285
291,2017,190.897641053966,19.2024929485865
292,2017,190.660125468861,19.2345787443335
293,2017,190.416822042622,19.2462933425377
294,2017,190.167398579775,19.2380415354891
295,2017,189.911522884846,19.2104527667889
296,2017,189.648862762364,19.1643541972622
297,2017,189.379086016854,19.100747633333
298,2017,189.101860452844,19.020789595684
299,2017,188.816853874859,18.925773880914
300,2017,188.523734087428,18.8171160333145
301,2017,188.222168895076,18.6963391975259
302,2017,187.911826102331,18.5650608668604
303,2017,187.59237351372,18.4249800785651
304,2017,187.263478933768,18.2778646390835
305,2017,186.924810167003,18.12553799285
306,2017,186.576035017952,17.9698653812361
307,2017,186.216821291141,17.8127389782261
308,2017,185.846836791098,17.6560617406315
309,2017,185.465749322349,17.5017297773734
310,2017,185.07322668942,17.3516131280071
311,2017,184.668936696839,17.2075349472784
312,2017,184.252547149133,17.0712492198743
313,2017,183.823725850828,16.9444172744053
314,2017,183.38214060645,16.8285835210747
315,2017,182.927459220528,16.7251509925656
316,2017,182.459349497587,16.6353574079697
317,2017,181.977479242154,16.5602525883871
318,2017,181.481516258757,16.5006781132177
319,2017,180.971128351921,16.4572501037926
320,2017,180.445983326174,16.4303459470681
321,2017,179.905748986043,16.4200956258803
322,2017,179.350093136054,16.426378112461
323,2017,178.778683580734,16.4488230264105
324,2017,178.191188124609,16.4868174819601
325,2017,177.587274572208,16.5395177803094
326,2017,176.966610728056,16.6058653681826
327,2017,176.32886439668,16.6846063053145
328,2017,175.673703382607,16.7743133748811
329,2017,175.000795490364,16.8734099358756
330,2017,174.309808524477,16.9801946500622
331,2017,173.600410289474,17.0928663063709
332,2017,172.872268589881,17.2095480962981
333,2017,172.125051230225,17.3283108477703
334,2017,171.358426015032,17.4471948861068
335,2017,170.57206074883,17.5642303463912
336,2017,169.765623236146,17.677455902826
337,2017,168.938781281505,17.7849360026239
338,2017,168.091202689435,17.8847767932912
339,2017,167.222555264463,17.9751410141636
340,2017,166.332506811116,18.0542621890616
341,2017,165.42072513392,18.1204585114097
342,2017,164.486878037401,18.1721468611215
343,2017,163.530633326088,18.2078574391748
344,2017,162.551658804506,18.2262495560762
345,2017,161.549622277182,18.2261291690829
346,2017,160.524191548644,18.206468834359
347,2017,159.475182048755,18.166759467924
348,2017,158.402999708733,18.108004993466
349,2017,157.308198085131,18.0317106803452
350,2017,156.191330734503,17.9395318772843
351,2017,155.052951213404,17.8332554016822
352,2017,153.893613078388,17.7147823450899
353,2017,152.713869886009,17.5861116034165
354,2017,151.514275192821,17.4493234995226
355,2017,150.295382555379,17.3065629200697
356,2017,149.057745530236,17.1600214452526
357,2017,147.801917673947,17.0119180172481
358,2017,146.528452543065,16.8644777788173
359,2017,145.237903694146,16.7199088248267
360,2017,143.930824683743,16.5803767521198
361,2017,142.607769068411,16.4479770697299
362,2017,141.269290404703,16.3247057397843
363,2017,139.915942249174,16.2124283514088
364,2017,138.548278158378,16.1128486702609
365,2017,137.166851688869,16.0274775328606
1,2018,159.312707568872,18.161695407696
2,2018,158.310671041548,18.158711098449
3,2018,157.28524031301,18.1359988355739
4,2018,156.236230813121,18.093036807815
5,2018,155.164048473099,18.0308280634156
6,2018,154.069246849497,17.9508805042291
7,2018,152.952379498869,17.8548528836883
8,2018,151.81399997777,17.7445364909302
9,2018,150.654661842754,17.6218382720864
10,2018,149.474918650375,17.4887646926615
11,2018,148.275323957187,17.3474057012031
12,2018,147.056431319745,17.1999182051669
13,2018,145.818794294602,17.0485085225447
14,2018,144.562966438313,16.8954133356088
15,2018,143.289501307431,16.7428787544127
16,2018,141.998952458512,16.5931372054055
17,2018,140.691873448109,16.4483820010844
18,2018,139.368817832777,16.3107396235092
19,2018,138.030339169069,16.1822399665627
20,2018,136.67699101354,16.064785021602
21,2018,135.309326922744,15.9601167436598
22,2018,133.927900453235,15.8697850780662
23,2018,132.533265161567,15.79511733159
24,2018,131.125974604295,15.7371902065211
25,2018,129.706582337972,15.6968058515657
26,2018,128.275641919153,15.6744731996015
27,2018,126.833706904393,15.6703956531995
28,2018,125.381330850244,15.6844658563253
29,2018,123.919067313262,15.7162678849703
30,2018,122.447469850001,15.7650867451313
31,2018,120.967092017014,15.8299246349982
32,2018,119.478487370856,15.9095230586573
33,2018,117.982209468082,16.0023896095078
34,2018,116.478811865244,16.1068280946632
35,2018,114.968848118898,16.2209706499352
36,2018,113.452871785598,16.3428105849349
37,2018,111.931436421897,16.4702348739739
38,2018,110.405095584351,16.6010554397286
39,2018,108.874402829512,16.7330386322578
40,2018,107.339911713936,16.863932559799
41,2018,105.802175794176,16.9914921608235
42,2018,104.261748626787,17.1135021079806
43,2018,102.719183768323,17.2277977997637
44,2018,101.175034775338,17.3322848265892
45,2018,99.6298552043865,17.4249573999841
46,2018,98.0841986120221,17.503916314466
47,2018,96.5386185547993,17.5673870802131
48,2018,94.9936685892722,17.6137389295449
49,2018,93.4499022719951,17.641505469875
50,2018,91.9078731595221,17.6494078375782
51,2018,90.3681348084072,17.6363813073999
52,2018,88.8312407752049,17.601606435266
53,2018,87.2978112037848,17.5445826013086
54,2018,85.7704857064442,17.4662263558108
55,2018,84.2542386132303,17.3689792363697
56,2018,82.7541743075408,17.2555313596092
57,2018,81.2753971727732,17.1287169581255
58,2018,79.8230115923253,16.9914829259066
59,2018,78.4021219495947,16.8468566101758
60,2018,77.0178326279791,16.6979117384956
61,2018,75.675248010876,16.5477315901194
62,2018,74.3794724816833,16.3993687908168
63,2018,73.1356104237985,16.2558014485955
64,2018,71.9487662206193,16.1198857624843
65,2018,70.8240442555433,15.9943057221208
66,2018,69.7665489119683,15.8815210478846
67,2018,68.7813845732917,15.7837150541583
68,2018,67.8736556229114,15.7027445871871
69,2018,67.048466444225,15.6400945174931
70,2018,66.3109214206301,15.5968393805688
71,2018,65.6661249355244,15.5736146041494
72,2018,65.1191813723054,15.5705993186052
73,2018,64.6751951143711,15.5875120503936
74,2018,64.3392705451188,15.6236197274824
75,2018,64.1165120479464,15.6777594966093
76,2018,64.0120240062514,15.7483719943075
77,2018,64.0309108034316,15.8335440414266
78,2018,64.1782768228845,15.9310583216577
79,2018,64.4592264480078,16.0384474860989
80,2018,64.8788640621993,16.1530502775281
81,2018,65.4422940488564,16.272067632707
82,2018,66.154620791377,16.3926172230757
83,2018,67.0209486731586,16.5117854571347
84,2018,68.046382077599,16.6266765278707
85,2018,69.2360253880957,16.7344586019324
86,2018,70.5949829880464,16.8324076914184
87,2018,72.1283592608489,16.9179501201458
88,2018,73.8412585899007,16.9887048037062
89,2018,75.7387853585994,17.0425268240321
90,2018,77.8260439503428,17.0775540150137
91,2018,80.1081387485285,17.0922585047155
92,2018,82.5901741365542,17.0855053949001
93,2018,85.2772544978175,17.0566210021057
94,2018,88.1744842157161,17.005473321116
95,2018,91.2868580442682,16.9325896364282
96,2018,94.6127929747322,16.8405173806881
97,2018,98.140510466088,16.7343156998543
98,2018,101.857354942281,16.6194397111341
99,2018,105.750670827256,16.5014456510291
100,2018,109.807802544959,16.3858704859695
101,2018,114.016094519336,16.2781019263569
102,2018,118.36289117433,16.183239330781
103,2018,122.835536933889,16.1059485210495
104,2018,127.421376221957,16.0503161380293
105,2018,132.107753462479,16.019711463442
106,2018,136.882013079401,16.0166651198684
107,2018,141.731499496668,16.0427742705561
108,2018,146.643557138225,16.0986425947592
109,2018,151.605530428018,16.1838604738082
110,2018,156.604763789992,16.2970269352694
111,2018,161.628601648093,16.4358107102864
112,2018,166.664388426265,16.5970440905698
113,2018,171.699468548455,16.7768407943897
114,2018,176.721186438607,16.9707280952185
115,2018,181.716886520666,17.1737839795333
116,2018,186.673913218579,17.3807717318749
117,2018,191.57961095629,17.5862666067178
118,2018,196.421324157745,17.7847716672488
119,2018,201.186397246889,17.9708221029452
120,2018,205.862174647667,18.1390791941715
121,2018,210.436000784025,18.2844165330003
122,2018,214.895220079908,18.4020022010928
123,2018,219.227176959261,18.4873814746246
124,2018,223.41921584603,18.5365654251741
125,2018,227.458764500411,18.5461674383001
126,2018,231.338250857682,18.5156172875563
127,2018,235.057853124491,18.4483301585432
128,2018,238.618416197501,18.3485472662174
129,2018,242.020784973372,18.2209418240552
130,2018,245.265804348765,18.0705236883501
131,2018,248.354319220341,17.9025495390613
132,2018,251.287174484762,17.7224333149948
133,2018,254.065215038688,17.5356526616516
134,2018,256.689285778779,17.3476482670036
135,2018,259.160231601699,17.1637142889078
136,2018,261.478897404106,16.9888797056735
137,2018,263.646128082662,16.827782356288
138,2018,265.662768534029,16.6845395731571
139,2018,267.529663654866,16.5626214093266
140,2018,269.247658341836,16.4647341676298
141,2018,270.817597491599,16.3927228414931
142,2018,272.240326000816,16.3475008259122
143,2018,273.516688766148,16.329013693368
144,2018,274.647530684256,16.3362410854104
145,2018,275.633696651802,16.3672372844836
146,2018,276.476031565445,16.4192074516179
147,2018,277.175380321848,16.4886135264354
148,2018,277.73258781767,16.5713019102333
149,2018,278.148498949574,16.6626445265076
150,2018,278.423958614219,16.757685602076
151,2018,278.559811708268,16.8512882300387
152,2018,278.556903128381,16.9382770560063
153,2018,278.416077771218,17.0135758895764
154,2018,278.138180533442,17.0723414113262
155,2018,277.724056311713,17.1100962876948
156,2018,277.174550002691,17.1228669126451
157,2018,276.490614382017,17.1074086617877
158,2018,275.676473992465,17.0635785459906
159,2018,274.74013588348,16.9946837332714
160,2018,273.68981780564,16.9048076264169
161,2018,272.53373750952,16.7985029352104
162,2018,271.280112745696,16.6806448497115
163,2018,269.937161264744,16.5562890554292
164,2018,268.513100817241,16.4305297000263
165,2018,267.016149153761,16.3083544974188
166,2018,265.454524024882,16.1944964511933
167,2018,263.836443181179,16.09328414997
168,2018,262.170124373228,16.0084950568524
169,2018,260.463785351605,15.9432183738372
170,2018,258.725643866887,15.8997355124242
171,2018,256.963917669648,15.8794265573093
172,2018,255.186824510466,15.8827101293317
173,2018,253.402582139916,15.9090217611289
174,2018,251.619408308574,15.9568326361548
175,2018,249.845520767016,16.023706911613
176,2018,248.089137265818,16.1063925551343
177,2018,246.358475555556,16.2009382853066
178,2018,244.661753386807,16.3028281734773
179,2018,243.007188510146,16.4071257771897
180,2018,241.402998676148,16.5086211028741
181,2018,239.857401635391,16.6019758559144
182,2018,238.37861513845,16.6818649343913
183,2018,236.974856935901,16.7431146517136
184,2018,235.65434477832,16.7808405649899
185,2018,234.425296416283,16.7905900132776
186,2018,233.295926526147,16.7684979249405
187,2018,232.271387862042,16.7127608695072
188,2018,231.348025540362,16.6261962129352
189,2018,230.520610677324,16.5130840027053
190,2018,229.783914389142,16.3783531290493
191,2018,229.13270779203,16.227448659545
192,2018,228.561762002204,16.0662043144711
193,2018,228.065848135878,15.9007118601622
194,2018,227.639737309267,15.7371807987493
195,2018,227.278200638586,15.5817838009716
196,2018,226.976009240049,15.4404860932764
197,2018,226.727934229872,15.3188605544692
198,2018,226.52874672427,15.2218944250147
199,2018,226.373217839456,15.153797766392
200,2018,226.256118691646,15.1178272846689
201,2018,226.172220397055,15.1161408524569
202,2018,226.116294071897,15.1496971992614
203,2018,226.083110832387,15.218211516419
204,2018,226.067441794741,15.3201716633397
205,2018,226.064058075172,15.4529125353516
206,2018,226.067730789895,15.6127395865644
207,2018,226.073231055126,15.7950879209715
208,2018,226.07532998708,15.9947015396702
209,2018,226.06879870197,16.2058182140629
210,2018,226.048408316012,16.4223483521956
211,2018,226.00892994542,16.6380401599356
212,2018,225.94513470641,16.8466274597409
213,2018,225.851793715196,17.0419600925548
214,2018,225.723678087993,17.2181196104253
215,2018,225.555558941016,17.369524970197
216,2018,225.342207390479,17.4910343423451
217,2018,225.078767457987,17.5783108713729
218,2018,224.764718190304,17.6307170109842
219,2018,224.402335424618,17.650306112239
220,2018,223.99394161129,17.6398020061949
221,2018,223.541859200682,17.6024502451957
222,2018,223.048410643156,17.5419197020026
223,2018,222.515918389075,17.4622158626628
224,2018,221.946704888799,17.3676005763177
225,2018,221.34309259269,17.2625139631187
226,2018,220.707403951111,17.1514950512364
227,2018,220.041961414423,17.0390986108686
228,2018,219.349087432987,16.9298066580041
229,2018,218.631104457167,16.8279342640039
230,2018,217.890334937323,16.7375306308894
231,2018,217.129101323818,16.6622778135396
232,2018,216.349726067013,16.6053908525444
233,2018,215.55453161727,16.5695242254082
234,2018,214.745840424951,16.5566901992984
235,2018,213.925974940418,16.5681946723979
236,2018,213.097257614032,16.6045953134564
237,2018,212.262010896155,16.665685288525
238,2018,211.42255723715,16.7505038031134
239,2018,210.581219087377,16.857372420592
240,2018,209.7403188972,16.9839540279117
241,2018,208.902179116978,17.1273297452327
242,2018,208.069122197076,17.2840882269741
243,2018,207.243470587853,17.4504217245309
244,2018,206.427546739673,17.6222238730039
245,2018,205.623673102897,17.7951852270029
246,2018,204.834172127886,17.9648838747954
247,2018,204.061366265003,18.1268698025075
248,2018,203.307577964609,18.2767429173024
249,2018,202.575129677066,18.410225696811
250,2018,201.866343852736,18.5232323000752
251,2018,201.183542215403,18.6119375432974
252,2018,200.528322817116,18.6737083461405
253,2018,199.900202063819,18.7088322261366
254,2018,199.298324353496,18.7185266932377
255,2018,198.721834084133,18.7044290765353
256,2018,198.169875653713,18.6685302673768
257,2018,197.641593460222,18.6131177908678
258,2018,197.136131901643,18.5407255778106
259,2018,196.652635375961,18.454088178793
260,2018,196.19024828116,18.3560974857207
261,2018,195.748115015225,18.2497603209283
262,2018,195.325379976141,18.1381555417146
263,2018,194.921187561891,18.0243896111302
264,2018,194.53468217046,17.9115499240941
265,2018,194.165008199834,17.8026555655186
266,2018,193.811310047995,17.7006056183685
267,2018,193.472732112929,17.6081256250406
268,2018,193.14841879262,17.5277133091492
269,2018,192.837514485052,17.4615851436654
270,2018,192.53916358821,17.4116257484972
271,2018,192.252510500079,17.3793423531603
272,2018,191.976699618643,17.3658266113736
273,2018,191.710875341886,17.3717258675184
274,2018,191.454182067792,17.3972255459111
275,2018,191.205764194347,17.4420436980969
276,2018,190.964766119535,17.5054379735204
277,2018,190.73033224134,17.5862244731003
278,2018,190.501606957746,17.6828072083634
279,2018,190.277734666738,17.7932163119312
280,2018,190.057859766301,17.9151527887843
281,2018,189.841126654419,18.0460374833017
282,2018,189.626679729075,18.183062048191
283,2018,189.413663388256,18.3232399930831
284,2018,189.201222029946,18.4634563025105
285,2018,188.988500052128,18.6005145833304
286,2018,188.774641852787,18.7311811774761
287,2018,188.558791829907,18.8522261193863
288,2018,188.340094381474,18.9604612077029
289,2018,188.117693905472,19.052775792534
290,2018,187.890749757776,19.1262396573377
291,2018,187.658689818332,19.1793244162937
292,2018,187.421174233227,19.2118507951671
293,2018,187.177870806988,19.2239673775128
294,2018,186.92844734414,19.2160790338051
295,2018,186.672571649212,19.1888152660931
296,2018,186.40991152673,19.1430032357629
297,2018,186.14013478122,19.0796446658341
298,2018,185.862909217209,18.9998958930549
299,2018,185.577902639225,18.9050504206358
300,2018,185.284782851794,18.7965233874006
301,2018,184.983217659442,18.6758374231796
302,2018,184.672874866697,18.5446094045917
303,2018,184.353422278085,18.4045376620483
304,2018,184.024527698134,18.2573892207027
305,2018,183.685858931369,18.1049866885785
306,2018,183.337083782318,17.949194438137
307,2018,182.977870055507,17.7919037673746
308,2018,182.607885555464,17.635016777578
309,2018,182.226798086715,17.4804287713229
310,2018,181.834275453786,17.330009059655
311,2018,181.429985461205,17.1855801737032
312,2018,181.013595913499,17.0488956030791
313,2018,180.584774615194,16.9216163281034
314,2018,180.143189370816,16.8052865682704
315,2018,179.688507984894,16.7013093245723
316,2018,179.220398261953,16.61092243396
317,2018,178.73852800652,16.535175963607
318,2018,178.242565023123,16.4749118338161
319,2018,177.732177116287,16.4307465569526
320,2018,177.20703209054,16.4030579067872
321,2018,176.666797750409,16.3919761872356
322,2018,176.11114190042,16.3973805602777
323,2018,175.5397323451,16.4189006376044
324,2018,174.952236888975,16.4559232640702
325,2018,174.348323336574,16.5076041515224
326,2018,173.727659492422,16.5728837861826
327,2018,173.089913161046,16.6505068534059
328,2018,172.434752146973,16.7390443139747
329,2018,171.76184425473,16.8369172301958
330,2018,171.070857288843,16.9424214729857
331,2018,170.36145905384,17.0537525308783
332,2018,169.633317354247,17.1690297723522
333,2018,168.88609999459,17.2863196667304
334,2018,168.119474779398,17.4036576302346
335,2018,167.333109513196,17.5190683197051
336,2018,166.526672000511,17.6305843380988
337,2018,165.699830045871,17.7362634382196
338,2018,164.852251453801,17.8342044128152
339,2018,163.983604028829,17.9225619415701
340,2018,163.093555575482,17.9995607319445
341,2018,162.181773898285,18.0635093457591
342,2018,161.247926801767,18.112814151984
343,2018,160.291682090454,18.14599389359
344,2018,159.312707568872,18.161695407696
345,2018,158.310671041548,18.158711098449
346,2018,157.28524031301,18.1359988355739
347,2018,156.236230813121,18.093036807815
348,2018,155.164048473099,18.0308280634156
349,2018,154.069246849497,17.9508805042291
350,2018,152.952379498869,17.8548528836883
351,2018,151.81399997777,17.7445364909302
352,2018,150.654661842754,17.6218382720864
353,2018,149.474918650375,17.4887646926615
354,2018,148.275323957187,17.3474057012031
355,2018,147.056431319745,17.1999182051669
356,2018,145.818794294602,17.0485085225447
357,2018,144.562966438313,16.8954133356088
358,2018,143.289501307431,16.7428787544127
359,2018,141.998952458512,16.5931372054055
360,2018,140.691873448109,16.4483820010844
361,2018,139.368817832777,16.3107396235092
362,2018,138.030339169069,16.1822399665627
363,2018,136.67699101354,16.064785021602
364,2018,135.309326922744,15.9601167436598
365,2018,133.927900453235,15.8697850780662
1,2019,155.971041018165,18.113510201699
2,2019,154.969004490841,18.1068573246231
3,2019,153.943573762303,18.0802633728627
4,2019,152.894564262414,18.0331911321298
5,2019,151.822381922392,17.9666407161338
6,2019,150.72758029879,17.8821207431888
7,2019,149.610712948162,17.7812914410708
8,2019,148.472333427063,17.6659466928627
9,2019,147.312995292047,17.537997546141
10,2019,146.133252099668,17.3994564867937
11,2019,144.93365740648,17.2524218315388
12,2019,143.714764769038,17.0990616395299
13,2019,142.477127743895,16.9415965909149
14,2019,141.221299887606,16.7822813372145
15,2019,139.947834756724,16.6233839037387
16,2019,138.657285907805,16.4671628265415
17,2019,137.350206897402,16.3158418430051
18,2019,136.02715128207,16.1715821306685
19,2019,134.688672618362,16.0364523034554
20,2019,133.335324462833,15.912396621671
21,2019,131.967660372037,15.8012021377453
22,2019,130.586233902528,15.7044657610304
23,2019,129.19159861086,15.6235624521125
24,2019,127.784308053588,15.5596159162419
25,2019,126.364915787265,15.5134732241802
26,2019,124.933975368446,15.4856847226427
27,2019,123.492040353686,15.4764903958561
28,2019,122.039664299537,15.485813514065
29,2019,120.577400762555,15.513261983805
30,2019,119.105803299294,15.5581373447274
31,2019,117.625425466307,15.6194508939526
32,2019,116.136820820149,15.695946015581
33,2019,114.640542917375,15.7861254935815
34,2019,113.137145314537,15.8882824165681
35,2019,111.627181568191,16.0005332483065
36,2019,110.111205234891,16.1208517248412
37,2019,108.58976987119,16.2471024211097
38,2019,107.063429033644,16.37707307332
39,2019,105.532736278805,16.5085050145757
40,2019,103.998245163229,16.639121351498
41,2019,102.460509243469,16.7666527579214
42,2019,100.92008207608,16.8888609757284
43,2019,99.3775172176164,17.0035602879451
44,2019,97.8333682246314,17.1086373669666
45,2019,96.2881886536796,17.202070007075
46,2019,94.7425320613152,17.2819453335924
47,2019,93.1969520040923,17.3464781504111
48,2019,91.6520020385653,17.3940301526682
49,2019,90.1082357212881,17.4231308007351
50,2019,88.5662066088151,17.4325007332658
51,2019,87.0264682577003,17.4210786972456
52,2019,85.489574224498,17.3880530964633
53,2019,83.9561446530778,17.3329360641247
54,2019,82.4288191557372,17.2566625012059
55,2019,80.9125720625233,17.1616965641978
56,2019,79.4125077568338,17.0507536263232
57,2019,77.9337306220662,16.9266952580429
58,2019,76.4813450416183,16.7924971941485
59,2019,75.0604553988877,16.6512164391111
60,2019,73.6761660772721,16.5059563697567
61,2019,72.3335814601691,16.3598289261564
62,2019,71.0378059309764,16.2159132678928
63,2019,69.7939438730915,16.0772106319592
64,2019,68.6070996699123,15.9465955684886
65,2019,67.4823777048364,15.8267642436753
66,2019,66.4248823612613,15.7201810576452
67,2019,65.4397180225847,15.6290253781207
68,2019,64.5319890722044,15.5551406680147
69,2019,63.706799893518,15.4999886050791
70,2019,62.9692548699231,15.4646108773205
71,2019,62.3244583848174,15.4496011356471
72,2019,61.7775148215984,15.4550890835705
73,2019,61.3335285636641,15.4807379237728
74,2019,60.9976039944118,15.5257554548411
75,2019,60.7748454972394,15.5889181453269
76,2019,60.6703574555444,15.6686066422453
77,2019,60.6892442527245,15.7628505128633
78,2019,60.8366102721774,15.8693796448561
79,2019,61.1175598973008,15.9856796600291
80,2019,61.5371975114923,16.1090489003577
81,2019,62.1006274981494,16.2366549563981
82,2019,62.81295424067,16.3655892456396
83,2019,63.6792821224517,16.4929187331178
84,2019,64.704715526892,16.6157344552224
85,2019,65.8943588373888,16.7311970186323
86,2019,67.2533164373395,16.8365796804586
87,2019,68.7866927101419,16.9293099722129
88,2019,70.4995920391937,17.0070111213494
89,2019,72.3971188078924,17.0675447691916
90,2019,74.4843773996358,17.1090567044517
91,2019,76.7664721978216,17.1300275463908
92,2019,79.2485075858472,17.1293305338158
93,2019,81.9355879471105,17.1062988075266
94,2019,84.8328176650091,17.0608047991128
95,2019,87.9451914935613,16.9933766844637
96,2019,91.2711264240252,16.9065629126109
97,2019,94.798843915381,16.8054243877231
98,2019,98.5156883915739,16.6954103492268
99,2019,102.409004276549,16.5820633492448
100,2019,106.466135994252,16.4708997394266
101,2019,110.674427968629,16.3672809467564
102,2019,115.021224623623,16.2762760912745
103,2019,119.493870383182,16.2025189723201
104,2019,124.07970967125,16.1500649756777
105,2019,128.766086911772,16.1222556546068
106,2019,133.540346528694,16.1216001407256
107,2019,138.389832945961,16.1496827021575
108,2019,143.301890587518,16.2071044302467
109,2019,148.263863877311,16.2934642702919
110,2019,153.263097239285,16.4073808507771
111,2019,158.286935097386,16.5465525219363
112,2019,163.322721875558,16.7078494785405
113,2019,168.357801997748,16.8874294501833
114,2019,173.3795198879,17.0808675105981
115,2019,178.375219969959,17.2832910377388
116,2019,183.332246667872,17.4895124175089
117,2019,188.237944405583,17.6941542609019
118,2019,193.079657607038,17.8917642463128
119,2019,197.844730696182,18.076918870329
120,2019,202.52050809696,18.2443172086037
121,2019,207.094334233318,18.3888672112901
122,2019,211.553553529201,18.5057681453385
123,2019,215.885510408554,18.5905936690904
124,2019,220.077549295323,18.6393808292707
125,2019,224.117097949704,18.6487666912673
126,2019,227.996584306975,18.6181888648644
127,2019,231.716186573784,18.5510472266762
128,2019,235.276749646794,18.4515646300842
129,2019,238.679118422665,18.3243945994811
130,2019,241.924137798058,18.1745257543606
131,2019,245.012652669634,18.0071917774118
132,2019,247.945507934055,17.8277817101857
133,2019,250.723548487981,17.6417463997669
134,2019,253.347619228073,17.4544980350511
135,2019,255.818565050992,17.2713010322268
136,2019,258.137230853399,17.0971541393658
137,2019,260.304461531955,16.9366655344266
138,2019,262.321101983322,16.7939247835607
139,2019,264.18799710416,16.6723775732096
140,2019,265.905991791129,16.5747107833321
141,2019,267.475930940892,16.5027563341961
142,2019,268.898659450109,16.4574219789885
143,2019,270.175022215441,16.4386556787014
144,2019,271.30586413355,16.4454475154277
145,2019,272.292030101095,16.4758697009851
146,2019,273.134365014738,16.5271517483675
147,2019,273.833713771141,16.5957849546594
148,2019,274.390921266963,16.6776485042067
149,2019,274.806832398867,16.7681489715727
150,2019,275.082292063512,16.86236571772
151,2019,275.218145157561,16.9551963373359
152,2019,275.215236577674,17.0414985374835
153,2019,275.074411220511,17.1162272369881
154,2019,274.796513982735,17.1745680049618
155,2019,274.382389761006,17.2120700718471
156,2019,273.832883451985,17.2247840342166
157,2019,273.14894783131,17.2094864122549
158,2019,272.334807441758,17.166034084602
159,2019,271.398469332773,17.0977097085939
160,2019,270.348151254933,17.008568134425
161,2019,269.192070958813,16.9031306828797
162,2019,267.938446194989,16.7862383229551
163,2019,266.595494714037,16.6629098062822
164,2019,265.171434266534,16.5381999716904
165,2019,263.674482603054,16.4170554879698
166,2019,262.112857474175,16.3041675660457
167,2019,260.494776630472,16.2038235948605
168,2019,258.828457822521,16.1197620638241
169,2019,257.122118800898,16.0550372268721
170,2019,255.38397731618,16.01190135509
171,2019,253.622251118941,15.9917127469656
172,2019,251.845157959759,15.9948766901871
173,2019,250.060915589209,16.0208243261328
174,2019,248.277741757867,16.0680311920141
175,2019,246.503854216309,16.134073689096
176,2019,244.747470715111,16.2157185297795
177,2019,243.016809004849,16.309037941003
178,2019,241.3200868361,16.4095423907436
179,2019,239.665521959439,16.5123228983264
180,2019,238.061332125441,16.612196368046
181,2019,236.515735084684,16.7038494842045
182,2019,235.036948587743,16.781979143078
183,2019,233.633190385194,16.8414298761576
184,2019,232.312678227613,16.8773310749531
185,2019,231.083629865576,16.8852390325498
186,2019,229.95425997544,16.8612922566361
187,2019,228.929721311335,16.8036822936551
188,2019,228.006358989655,16.7152085127663
189,2019,227.178944126617,16.6001281512193
190,2019,226.442247838435,16.4633448313074
191,2019,225.791041241323,16.3102767245109
192,2019,225.220095451497,16.1467299421814
193,2019,224.724181585171,15.9787690256817
194,2019,224.29807075856,15.8125779733078
195,2019,223.936534087879,15.654307259488
196,2019,223.634342689342,15.5099050000458
197,2019,223.386267679165,15.3849338828106
198,2019,223.187080173563,15.2843795528591
199,2019,223.031551288749,15.2124603209594
200,2019,222.914452140939,15.1724515346362
201,2019,222.830553846348,15.1665397343378
202,2019,222.77462752119,15.195720986017
203,2019,222.74144428168,15.2597542347287
204,2019,222.725775244034,15.3571746376118
205,2019,222.722391524465,15.4853648247015
206,2019,222.726064239188,15.6406754939088
207,2019,222.731564504419,15.818582097245
208,2019,222.733663436373,16.0138624166586
209,2019,222.727132151263,16.2207805576584
210,2019,222.706741765305,16.4332656568255
211,2019,222.667263394713,16.6450774515096
212,2019,222.603468155703,16.849954889893
213,2019,222.510127164489,17.0417475321441
214,2019,222.382011537286,17.2145323100016
215,2019,222.213892390309,17.3627202591578
216,2019,222.000540839772,17.4811592860492
217,2019,221.73710090728,17.5655003989063
218,2019,221.423051639597,17.6150893385735
219,2019,221.060668873911,17.6319624329889
220,2019,220.652275060583,17.6188297670575
221,2019,220.200192649975,17.5789264084853
222,2019,219.706744092449,17.5159139408138
223,2019,219.174251838368,17.4337937002437
224,2019,218.605038338091,17.3368264710672
225,2019,218.001426041983,17.2294543220458
226,2019,217.365737400404,17.1162211283293
227,2019,216.700294863716,17.0016892158855
228,2019,216.00742088228,16.8903505696404
229,2019,215.28943790646,16.786532214428
230,2019,214.548668386616,16.694296712685
231,2019,213.787434773111,16.6173401618663
232,2019,213.008059516306,16.5588914803672
233,2019,212.212865066563,16.5216179402155
234,2019,211.404173874244,16.5075426030078
235,2019,210.58430838971,16.5179793333217
236,2019,209.755591063325,16.5534902863998
237,2019,208.920344345448,16.6138692302566
238,2019,208.080890686443,16.6981519715153
239,2019,207.23955253667,16.8046528487027
240,2019,206.398652346492,16.9310241291207
241,2019,205.560512566271,17.0743335413769
242,2019,204.727455646369,17.2311543106296
243,2019,203.901804037146,17.397661985273
244,2019,203.085880188966,17.569732947274
245,2019,202.28200655219,17.7430405802598
246,2019,201.492505577179,17.9131463954097
247,2019,200.719699714296,18.0755847777551
248,2019,199.965911413902,18.2259412686031
249,2019,199.233463126359,18.359925368944
250,2019,198.524677302029,18.4734397227838
251,2019,197.841875664696,18.5626491119669
252,2019,197.186656266409,18.6249139451161
253,2019,196.558535513112,18.6605225095686
254,2019,195.956657802789,18.6706952459366
255,2019,195.380167533426,18.6570732866706
256,2019,194.828209103006,18.6216520295158
257,2019,194.299926909515,18.5667240789631
258,2019,193.794465350936,18.4948289112071
259,2019,193.310968825254,18.4087069907152
260,2019,192.848581730453,18.3112563924463
261,2019,192.406448464518,18.205490280647
262,2019,191.983713425434,18.0944938849229
263,2019,191.579521011184,17.9813799195969
264,2019,191.193015619753,17.8692417334385
265,2019,190.823341649127,17.7611038678914
266,2019,190.469643497288,17.6598701471686
267,2019,190.131065562222,17.568269913377
268,2019,189.806752241913,17.488803527695
269,2019,189.495847934345,17.4236887408301
270,2019,189.197497037503,17.3748099348444
271,2019,188.910843949372,17.3436724904071
272,2019,188.635033067936,17.3313645813678
273,2019,188.369208791179,17.3385285056255
274,2019,188.112515517085,17.3653432242038
275,2019,187.86409764364,17.4115191357758
276,2019,187.623099568828,17.4763053357266
277,2019,187.388665690633,17.5585087967803
278,2019,187.159940407039,17.6565241682049
279,2019,186.936068116031,17.7683723140895
280,2019,186.716193215594,17.8917453582999
281,2019,186.499460103711,18.0240558950224
282,2019,186.285013178368,18.1624881417136
283,2019,186.071996837549,18.30404910962
284,2019,185.859555479239,18.4456182846358
285,2019,185.646833501421,18.5839947857329
286,2019,185.43297530208,18.7159414464293
287,2019,185.2171252792,18.8382257090858
288,2019,184.998427830767,18.9476576117061
289,2019,184.776027354765,19.0411254774146
290,2019,184.549083207069,19.1156987340894
291,2019,184.317023267625,19.1698498331238
292,2019,184.07950768252,19.2034010448952
293,2019,183.836204256281,19.2165023849189
294,2019,183.586780793433,19.2095599488112
295,2019,183.330905098505,19.1832042038091
296,2019,183.068244976023,19.1382629764245
297,2019,182.798468230513,19.0757383238331
298,2019,182.521242666502,18.9967865615711
299,2019,182.236236088518,18.9027007966081
300,2019,181.943116301087,18.794895380545
301,2019,181.641551108735,18.6748917523591
302,2019,181.33120831599,18.5443051849647
303,2019,181.011755727378,18.4048319870015
304,2019,180.682861147427,18.2582367435486
305,2019,180.344192380662,18.1063392102931
306,2019,179.995417231611,17.9510005089622
307,2019,179.6362035048,17.7941083117913
308,2019,179.266219004757,17.6375607538369
309,2019,178.885131536008,17.4832488782096
310,2019,178.492608903079,17.333037504243
311,2019,178.088318910498,17.1887445142509
312,2019,177.671929362792,17.0521186806914
313,2019,177.243108064487,16.9248162990564
314,2019,176.801522820109,16.8083770458206
315,2019,176.346841434187,16.7041996345805
316,2019,175.878731711246,16.6135179828727
317,2019,175.396861455813,16.5373787105709
318,2019,174.900898472416,16.4766208514712
319,2019,174.39051056558,16.431858658436
320,2019,173.865365539833,16.4034683104559
321,2019,173.325131199702,16.3915791863013
322,2019,172.769475349713,16.396070162534
323,2019,172.198065794393,16.4165711410063
324,2019,171.610570338268,16.4524697370819
325,2019,171.006656785867,16.5029227925076
326,2019,170.385992941715,16.5668721430328
327,2019,169.748246610339,16.643063892268
328,2019,169.093085596266,16.7300703335195
329,2019,168.420177704022,16.826313624615
330,2019,167.729190738136,16.9300903522734
331,2019,167.019792503133,17.0395962106394
332,2019,166.29165080354,17.152950147308
333,2019,165.544433443883,17.2682174824051
334,2019,164.777808228691,17.3834316662641
335,2019,163.991442962489,17.4966144961607
336,2019,163.185005449804,17.6057947535252
337,2019,162.358163495164,17.7090253450844
338,2019,161.510584903094,17.8043991330493
339,2019,160.641937478122,17.890063722086
340,2019,159.751889024775,17.9642355376624
341,2019,158.840107347578,18.025213585923
342,2019,157.90626025106,18.071393334614
343,2019,156.950015539747,18.1012812030285
344,2019,155.971041018165,18.113510201699
345,2019,154.969004490841,18.1068573246231
346,2019,153.943573762303,18.0802633728627
347,2019,152.894564262414,18.0331911321298
348,2019,151.822381922392,17.9666407161338
349,2019,150.72758029879,17.8821207431888
350,2019,149.610712948162,17.7812914410708
351,2019,148.472333427063,17.6659466928627
352,2019,147.312995292047,17.537997546141
353,2019,146.133252099668,17.3994564867937
354,2019,144.93365740648,17.2524218315388
355,2019,143.714764769038,17.0990616395299
356,2019,142.477127743895,16.9415965909149
357,2019,141.221299887606,16.7822813372145
358,2019,139.947834756724,16.6233839037387
359,2019,138.657285907805,16.4671628265415
360,2019,137.350206897402,16.3158418430051
361,2019,136.02715128207,16.1715821306685
362,2019,134.688672618362,16.0364523034554
363,2019,133.335324462833,15.912396621671
364,2019,131.967660372037,15.8012021377453
365,2019,130.586233902528,15.7044657610304
1,2020,152.653914340274,18.1275879164567
2,2020,151.65187781295,18.1164374694853
3,2020,150.626447084412,18.0851560622311
4,2020,149.577437584523,18.0331899805935
5,2020,148.505255244501,17.9615323268351
6,2020,147.410453620899,17.8716874379182
7,2020,146.293586270271,17.7653117622222
8,2020,145.155206749172,17.644196294155
9,2020,143.995868614156,17.5102504981599
10,2020,142.816125421777,17.365487026501
11,2020,141.616530728589,17.2120065840954
12,2020,140.397638091147,17.0519823352057
13,2020,139.160001066004,16.887643288564
14,2020,137.904173209715,16.7212561478978
15,2020,136.630708078833,16.5551051829418
16,2020,135.340159229914,16.3914697710007
17,2020,134.033080219511,16.2325993892019
18,2020,132.710024604179,16.0806860085682
19,2020,131.371545940471,15.9378340544648
20,2020,130.018197784942,15.8060283489692
21,2020,128.650533694146,15.687100726221
22,2020,127.269107224637,15.5826962897108
23,2020,125.874471932969,15.4942405303474
24,2020,124.467181375697,15.4229087102804
25,2020,123.047789109374,15.3695990041415
26,2020,121.616848690555,15.3349108479589
27,2020,120.174913675795,15.319129762263
28,2020,118.722537621646,15.3222195956161
29,2020,117.260274084664,15.3438227057613
30,2020,115.788676621403,15.3832681046359
31,2020,114.308298788416,15.4395870989133
32,2020,112.819694142258,15.5115355186361
33,2020,111.323416239484,15.5976212919718
34,2020,109.820018636646,15.6961359249871
35,2020,108.3100548903,15.8051883904461
36,2020,106.794078557,15.9227400071148
37,2020,105.272643193299,16.0466390735566
38,2020,103.746302355753,16.1746542724052
39,2020,102.215609600914,16.30450614617
40,2020,100.681118485338,16.4338962321452
41,2020,99.1433825655783,16.5605337085635
42,2020,97.6029553981894,16.682159632619
43,2020,96.0603905397253,16.7965690378719
44,2020,94.5162415467403,16.9016313051428
45,2020,92.9710619757885,16.9953093333589
46,2020,91.4254053834241,17.0756781237148
47,2020,89.8798253262013,17.1409434618751
48,2020,88.3348753606742,17.1894614487405
49,2020,86.791109043397,17.2197596997511
50,2020,85.249079930924,17.2305611139535
51,2020,83.7093415798092,17.2208112137013
52,2020,82.1724475466069,17.1897101785116
53,2020,80.6390179751868,17.1367873944185
54,2020,79.1116924778462,17.0629976745695
55,2020,77.5954453846323,16.9708256458262
56,2020,76.0953810789427,16.8630098071409
57,2020,74.6166039441752,16.7424369758865
58,2020,73.1642183637273,16.612109455514
59,2020,71.7433287209967,16.4751112248754
60,2020,70.3590393993811,16.3345719834426
61,2020,69.016454782278,16.1936281337653
62,2020,67.7206792530853,16.0553800889126
63,2020,66.4768171952005,15.9228456766811
64,2020,65.2899729920213,15.7989098807342
65,2020,64.1652510269453,15.6862717010195
66,2020,63.1077556833702,15.5873894991808
67,2020,62.1225913446937,15.5044267628811
68,2020,61.2148623943134,15.4392006994749
69,2020,60.389673215627,15.3931363683467
70,2020,59.652128192032,15.3672291042142
71,2020,59.0073317069263,15.3620177209577
72,2020,58.4603881437074,15.3775704140416
73,2020,58.016401885773,15.4134844524435
74,2020,57.6804773165208,15.4688997728112
75,2020,57.4577188193484,15.5425255961826
76,2020,57.3532307776534,15.6326783212317
77,2020,57.3721175748335,15.7373283210882
78,2020,57.5194835942864,15.8541529482095
79,2020,57.8004332194098,15.9805930419066
80,2020,58.2200708336012,16.1139104944707
81,2020,58.7835008202584,16.2512448901571
82,2020,59.495827562779,16.389667800323
83,2020,60.3621554445606,16.5262339179098
84,2020,61.3875888490009,16.6580287838917
85,2020,62.5772321594977,16.7822133594438
86,2020,63.9361897594484,16.8960661151901
87,2020,65.4695660322509,16.9970236457204
88,2020,67.1824653613026,17.0827210883567
89,2020,69.0799921300014,17.1510338507223
90,2020,71.1672507217448,17.2001223539562
91,2020,73.4493455199305,17.2284816964195
92,2020,75.9313809079562,17.2349983487774
93,2020,78.6184612692195,17.2190162068531
94,2020,81.5156909871181,17.180414538002
95,2020,84.6280648156702,17.1197227155198
96,2020,87.9539997461342,17.0394841655956
97,2020,91.4817172374899,16.9447469647494
98,2020,95.1985617136829,16.8409367801656
99,2020,99.0918775986582,16.7335623576883
100,2020,103.149009316361,16.6280972489536
101,2020,107.357301290738,16.5298529447791
102,2020,111.704097945732,16.4438440552508
103,2020,116.176743705291,16.3746485551912
104,2020,120.762582993359,16.3262685116507
105,2020,125.448960233881,16.3019987701023
106,2020,130.223219850803,16.3043123580907
107,2020,135.07270626807,16.3347714630426
108,2020,139.984763909627,16.3939715288911
109,2020,144.94673719942,16.4815233701928
110,2020,149.945970561394,16.5960746360181
111,2020,154.969808419495,16.735368135125
112,2020,160.005595197667,16.8963311933968
113,2020,165.040675319857,17.0751879457626
114,2020,170.062393210009,17.2675855636241
115,2020,175.058093292068,17.4687258458216
116,2020,180.015119989981,17.6734950540615
117,2020,184.920817727692,17.8765869224941
118,2020,189.762530929147,18.0726159949652
119,2020,194.527604018291,18.2562205247445
120,2020,199.203381419069,18.4221559329943
121,2020,203.777207555427,18.5653812180805
122,2020,208.23642685131,18.6811417898405
123,2020,212.568383730663,18.7650530815776
124,2020,216.760422617432,18.8131901048747
125,2020,220.799971271813,18.8222241802023
126,2020,224.679457629084,18.7916028601189
127,2020,228.399059895893,18.7247005779692
128,2020,231.959622968903,18.6257098172067
129,2020,235.361991744774,18.4992514348223
130,2020,238.607011120167,18.3502787589076
131,2020,241.695525991743,18.1839872424564
132,2020,244.628381256164,18.0057245661948
133,2020,247.40642181009,17.8208971209582
134,2020,250.030492550182,17.6348699112224
135,2020,252.501438373101,17.4528582289277
136,2020,254.820104175508,17.2798110272691
137,2020,256.987334854064,17.1202877778257
138,2020,259.003975305431,16.9783326155285
139,2020,260.870870426268,16.8573515378098
140,2020,262.588865113238,16.759999995738
141,2020,264.158804263001,16.6880890216981
142,2020,265.581532772218,16.6425177654799
143,2020,266.85789553755,16.6232388215728
144,2020,267.988737455659,16.6292601538187
145,2020,268.974903423204,16.6586841646869
146,2020,269.817238336847,16.7087811109588
147,2020,270.51658709325,16.7760912616648
148,2020,271.073794589072,16.856548411831
149,2020,271.489705720976,16.9456168318262
150,2020,271.765165385621,17.0384343899623
151,2020,271.90101847967,17.1299561640915
152,2020,271.898109899783,17.2150949864429
153,2020,271.75728454262,17.2888576916444
154,2020,271.479387304844,17.3464781024323
155,2020,271.065263083115,17.3835498575809
156,2020,270.515756774093,17.3961640431372
157,2020,269.831821153419,17.3811326163709
158,2020,269.017680763867,17.338313628803
159,2020,268.081342654882,17.2709517040242
160,2020,267.031024577042,17.1830571013742
161,2020,265.874944280922,17.0791019722587
162,2020,264.621319517098,16.9638735748213
163,2020,263.278368036146,16.8423326152836
164,2020,261.854307588643,16.7194720970626
165,2020,260.357355925163,16.6001740786876
166,2020,258.795730796284,16.4890639523901
167,2020,257.177649952581,16.3903642032901
168,2020,255.51133114463,16.307751922038
169,2020,253.804992123007,16.2442263316161
170,2020,252.066850638289,16.2019938890511
171,2020,250.30512444105,16.1823787913828
172,2020,248.528031281868,16.1857657469451
173,2020,246.743788911318,16.2115797058739
174,2020,244.960615079976,16.2583042005434
175,2020,243.186727538418,16.3235365804873
176,2020,241.43034403722,16.4040753795763
177,2020,239.699682326958,16.4960328806847
178,2020,238.002960158209,16.594964970393
179,2020,236.348395281548,16.6960106444294
180,2020,234.74420544755,16.7940348308092
181,2020,233.198608406793,16.8837702010261
182,2020,231.719821909852,16.959955981602
183,2020,230.316063707303,17.0174741762984
184,2020,228.995551549722,17.0514859047777
185,2020,227.766503187685,17.0575727264238
186,2020,226.637133297549,17.0318912196654
187,2020,225.612594633444,16.9726353692092
188,2020,224.689232311764,16.8825772797978
189,2020,223.861817448726,16.7659365987279
190,2020,223.125121160544,16.627573898917
191,2020,222.473914563432,16.4728596350524
192,2020,221.902968773606,16.3075484347856
193,2020,221.40705490728,16.1376507971434
194,2020,220.980944080669,15.9692957976102
195,2020,220.619407409988,15.8085803584255
196,2020,220.317216011451,15.6614032487732
197,2020,220.069141001274,15.53328531694
198,2020,219.869953495672,15.4291813742069
199,2020,219.714424610858,15.3532931835029
200,2020,219.597325463048,15.3088963831527
201,2020,219.513427168457,15.298195966499
202,2020,219.457500843299,15.3222243437168
203,2020,219.424317603789,15.3807927188316
204,2020,219.408648566143,15.472500939119
205,2020,219.405264846574,15.5948042426587
206,2020,219.408937561297,15.7441289520317
207,2020,219.414437826528,15.9160245221283
208,2020,219.416536758482,16.1053372601096
209,2020,219.410005473372,16.306391551024
210,2020,219.389615087414,16.5131669637101
211,2020,219.350136716822,16.7194632806954
212,2020,219.286341477812,16.9190494136435
213,2020,219.193000486598,17.1057956973919
214,2020,219.064884859395,17.2737918850088
215,2020,218.896765712418,17.417455257245
216,2020,218.683414161881,17.5316347621956
217,2020,218.419974229389,17.6119772552511
218,2020,218.105924961706,17.6578076897503
219,2020,217.74354219602,17.6711338492282
220,2020,217.335148382692,17.654640063171
221,2020,216.883065972084,17.6115386900975
222,2020,216.389617414558,17.545471647401
223,2020,215.857125160477,17.4604236072841
224,2020,215.287911660201,17.3606416438394
225,2020,214.684299364092,17.2505570252502
226,2020,214.048610722513,17.134705693854
227,2020,213.383168185825,17.0176448591131
228,2020,212.690294204389,16.9038641255136
229,2020,211.972311228569,16.7976907411238
230,2020,211.231541708725,16.7031898870303
231,2020,210.47030809522,16.6240623713159
232,2020,209.690932838415,16.5635435067034
233,2020,208.895738388672,16.524308134876
234,2020,208.087047196353,16.5083874759536
235,2020,207.26718171182,16.517103516249
236,2020,206.438464385434,16.5510258824857
237,2020,205.603217667557,16.6099546185734
238,2020,204.763764008552,16.6929301849259
239,2020,203.922425858779,16.7982696802988
240,2020,203.081525668602,16.9236261380557
241,2020,202.24338588838,17.0660661228827
242,2020,201.410328968478,17.2221599703132
243,2020,200.584677359255,17.3880789209518
244,2020,199.768753511075,17.5596940002992
245,2020,198.964879874299,17.7326725793804
246,2020,198.175378899288,17.9025698845764
247,2020,197.402573036405,18.0649140972024
248,2020,196.648784736011,18.2152849462589
249,2020,195.916336448468,18.3493867753634
250,2020,195.207550624138,18.4631179453053
251,2020,194.524748986805,18.552640009956
252,2020,193.869529588518,18.6153109361475
253,2020,193.241408835221,18.6514165593797
254,2020,192.639531124898,18.6621756255946
255,2020,192.063040855535,18.6492283457618
256,2020,191.511082425115,18.6145697848946
257,2020,190.982800231624,18.5604926228515
258,2020,190.477338673045,18.4895366388085
259,2020,189.993842147363,18.404442644531
260,2020,189.531455052562,18.3081089187565
261,2020,189.089321786627,18.2035484936829
262,2020,188.666586747543,18.0938459366009
263,2020,188.262394333293,17.9821125776865
264,2020,187.875888941862,17.871439478919
265,2020,187.506214971236,17.76484783292
266,2020,187.152516819397,17.6652369280241
267,2020,186.813938884331,17.5753303069048
268,2020,186.489625564022,17.4976212535521
269,2020,186.178721256454,17.4343192231459
270,2020,185.880370359612,17.3872992235138
271,2020,185.593717271481,17.3580564020728
272,2020,185.317906390045,17.3476681319035
273,2020,185.052082113288,17.3567656894533
274,2020,184.795388839194,17.3855171723208
275,2020,184.546970965749,17.4336226565624
276,2020,184.305972890937,17.5003218140029
277,2020,184.071539012742,17.5844134009646
278,2020,183.842813729148,17.6842852960577
279,2020,183.61894143814,17.7979531964775
280,2020,183.399066537703,17.9231057382822
281,2020,183.182333425821,18.0571537054844
282,2020,182.967886500477,18.1972811168465
283,2020,182.754870159658,18.3404962812923
284,2020,182.542428801348,18.4836813316618
285,2020,182.32970682353,18.6236392201314
286,2020,182.115848624189,18.7571376345015
287,2020,181.899998601309,18.8809497357133
288,2020,181.681301152876,18.9918920033759
289,2020,181.458900676874,19.0868598032361
290,2020,181.231956529178,19.1629299691288
291,2020,180.999896589734,19.2185801633356
292,2020,180.762381004629,19.2536352786016
293,2020,180.51907757839,19.2682471511919
294,2020,180.269654115542,19.2628229752325
295,2020,180.013778420614,19.2379935967896
296,2020,179.751118298132,19.1945864924199
297,2020,179.481341552622,19.1336026203269
298,2020,179.204115988611,19.0561964176932
299,2020,178.919109410627,18.9636582946894
300,2020,178.625989623196,18.8573990418095
301,2020,178.324424430844,18.7389356223903
302,2020,178.014081638099,18.6098778676403
303,2020,177.694629049487,18.4719156293737
304,2020,177.365734469536,18.3268059787187
305,2020,177.027065702771,18.1763600707295
306,2020,176.67829055372,18.0224293288897
307,2020,176.319076826909,17.8668906440913
308,2020,175.949092326866,17.7116303340449
309,2020,175.568004858117,17.5585266752197
310,2020,175.175482225188,17.4094309035808
311,2020,174.771192232607,17.2661466844422
312,2020,174.354802684901,17.1304081753854
313,2020,173.925981386596,17.0038569462009
314,2020,173.484396142218,16.8880181694607
315,2020,173.029714756296,16.7842766441999
316,2020,172.561605033355,16.6938533495301
317,2020,172.079734777922,16.6177833289488
318,2020,171.583771794525,16.556895763636
319,2020,171.073383887689,16.5117970905673
320,2020,170.548238861942,16.4828579504972
321,2020,170.008004521811,16.4702046110517
322,2020,169.452348671822,16.4737153095048
323,2020,168.880939116502,16.4930217151313
324,2020,168.293443660377,16.5275154457947
325,2020,167.689530107976,16.5763593143657
326,2020,167.068866263824,16.6385027534831
327,2020,166.431119932448,16.7127006930329
328,2020,165.775958918375,16.7975350567823
329,2020,165.103051026132,16.8914380070867
330,2020,164.412064060245,16.9927160951593
331,2020,163.702665825242,17.0995745579888
332,2020,162.974524125649,17.2101411264746
333,2020,162.227306765992,17.3224888563257
334,2020,161.4606815508,17.4346576484936
335,2020,160.674316284598,17.5446742769399
336,2020,159.867878771913,17.6505708796426
337,2020,159.041036817273,17.7504019889449
338,2020,158.193458225203,17.8422602781165
339,2020,157.324810800231,17.924291283465
340,2020,156.434762346884,17.9947074286248
341,2020,155.522980669687,18.0518017340629
342,2020,154.589133573169,18.0939616453654
343,2020,153.632888861856,18.1196834637232
344,2020,152.653914340274,18.1275879164567
345,2020,151.65187781295,18.1164374694853
346,2020,150.626447084412,18.0851560622311
347,2020,149.577437584523,18.0331899805935
348,2020,148.505255244501,17.9615323268351
349,2020,147.410453620899,17.8716874379182
350,2020,146.293586270271,17.7653117622222
351,2020,145.155206749172,17.644196294155
352,2020,143.995868614156,17.5102504981599
353,2020,142.816125421777,17.365487026501
354,2020,141.616530728589,17.2120065840954
355,2020,140.397638091147,17.0519823352057
356,2020,139.160001066004,16.887643288564
357,2020,137.904173209715,16.7212561478978
358,2020,136.630708078833,16.5551051829418
359,2020,135.340159229914,16.3914697710007
360,2020,134.033080219511,16.2325993892019
361,2020,132.710024604179,16.0806860085682
362,2020,131.371545940471,15.9378340544648
363,2020,130.018197784942,15.8060283489692
364,2020,128.650533694146,15.687100726221
365,2020,127.269107224637,15.5826962897108
1,2021,149.473665286623,18.2557019416368
2,2021,148.471628759299,18.2392758319184
3,2021,147.446198030761,18.2026096911323
4,2021,146.397188530872,18.1451346685247
5,2021,145.32500619085,18.0678311111666
6,2021,144.230204567248,17.9721911897374
7,2021,143.11333721662,17.8598591599298
8,2021,141.974957695521,17.7326141575927
9,2021,140.815619560505,17.592354500237
10,2021,139.635876368126,17.4410828116421
11,2021,138.436281674938,17.2808913313701
12,2021,137.217389037496,17.1139468081564
13,2021,135.979752012353,16.9424744126382
14,2021,134.723924156064,16.7687401489312
15,2021,133.450459025182,16.5950313051798
16,2021,132.159910176263,16.4236345697229
17,2021,130.85283116586,16.2568115606702
18,2021,129.529775550528,16.0967716791974
19,2021,128.19129688682,15.9456424035521
20,2021,126.837948731291,15.8054373883941
21,2021,125.470284640495,15.6780230113458
22,2021,124.088858170986,15.5650842948916
23,2021,122.694222879318,15.4680913974165
24,2021,121.286932322046,15.3882680761141
25,2021,119.867540055723,15.3265636391424
26,2021,118.436599636904,15.2836298927143
27,2021,116.994664622144,15.2598044320481
28,2021,115.542288567995,15.2551013243227
29,2021,114.080025031013,15.2692098108647
30,2021,112.608427567752,15.3015011595845
31,2021,111.128049734765,15.3510432859239
32,2021,109.639445088607,15.4166222933528
33,2021,108.143167185833,15.4967697165479
34,2021,106.639769582995,15.5897940179899
35,2021,105.129805836649,15.6938148054308
36,2021,103.613829503349,15.8067982949274
37,2021,102.092394139648,15.9265927159314
38,2021,100.566053302102,16.0509626053211
39,2021,99.035360547263,16.1776212280897
40,2021,97.500869431687,16.3042606596533
41,2021,95.9631335119273,16.4285793425476
42,2021,94.4227063445384,16.548307172409
43,2021,92.8801414860743,16.6612283675718
44,2021,91.3359924930893,16.7652025337549
45,2021,89.7908129221375,16.8581844558841
46,2021,88.2451563297731,16.9382432418827
47,2021,86.6995762725503,17.0035815184845
48,2021,85.1546263070232,17.0525554470426
49,2021,83.610859989746,17.08369639752
50,2021,82.068830877273,17.0957351996603
51,2021,80.5290925261582,17.0876299883969
52,2021,78.9921984929559,17.0585987802272
53,2021,77.4587689215358,17.0081942738109
54,2021,75.9314434241952,16.9373904126074
55,2021,74.4151963309813,16.8486834430153
56,2021,72.9151320252917,16.7448254786811
57,2021,71.4363548905242,16.6287185698671
58,2021,69.9839693100763,16.5033807768459
59,2021,68.5630796673457,16.3719111633806
60,2021,67.1787903457301,16.2374525379037
61,2021,65.836205728627,16.1031510363866
62,2021,64.5404301994343,15.9721119708032
63,2021,63.2965681415495,15.8473517776659
64,2021,62.1097239383703,15.7317463964237
65,2021,60.9850019732943,15.6279769728226
66,2021,59.9275066297192,15.5384743796165
67,2021,58.9423422910427,15.4653646141718
68,2021,58.0346133406624,15.4104175884458
69,2021,57.209424161976,15.3750020839351
70,2021,56.4718791383811,15.3600496270616
71,2021,55.8270826532754,15.3660297071284
72,2021,55.2801390900565,15.3929381182462
73,2021,54.8361528321221,15.4402993248894
74,2021,54.5002282628698,15.5071827437474
75,2021,54.2774697656974,15.5922318449948
76,2021,54.1729817240024,15.6937041429913
77,2021,54.1918685211826,15.8095195754364
78,2021,54.3392345406355,15.9373145142013
79,2021,54.6201841657588,16.0744987062304
80,2021,55.0398217799503,16.2183127574624
81,2021,55.6032517666074,16.3658842664763
82,2021,56.315578509128,16.5142812999199
83,2021,57.1819063909096,16.660562501094
84,2021,58.20733979535,16.8018236793263
85,2021,59.3969831058467,16.9352412080346
86,2021,60.7559407057974,17.0581129526958
87,2021,62.2893169785999,17.1678977621696
88,2021,64.0022163076516,17.2622548044648
89,2021,65.8997430763504,17.33908423246
90,2021,67.9870016680938,17.3965708479099
91,2021,70.2690964662795,17.4332326113734
92,2021,72.7511318543052,17.4479760327503
93,2021,75.4382122155685,17.4401606724023
94,2021,78.3354419334671,17.4096751705141
95,2021,81.4478157620192,17.3570494643032
96,2021,84.7737506924832,17.2848101575844
97,2021,88.3014681838389,17.1979657596262
98,2021,92.0183126600319,17.1018876644855
99,2021,95.9116285450072,17.0020174081341
100,2021,99.9687602627104,16.9037501633987
101,2021,104.177052237087,16.8123105872864
102,2021,108.523848892081,16.7326217659827
103,2021,112.99649465164,16.6691702360353
104,2021,117.582333939708,16.6258722714154
105,2021,122.26871118023,16.6059484873762
106,2021,127.042970797152,16.6118149298094
107,2021,131.892457214419,16.6449988392881
108,2021,136.804514855976,16.7060860157926
109,2021,141.766488145769,16.794704247259
110,2021,146.765721507743,16.9095439830125
111,2021,151.789559365844,17.0484139311687
112,2021,156.825346144016,17.2083261937077
113,2021,161.860426266206,17.3856034538798
114,2021,166.882144156358,17.5759998676139
115,2021,171.877844238417,17.7748276575904
116,2021,176.83487093633,17.977082704103
117,2021,181.740568674041,18.1775642905112
118,2021,186.582281875496,18.3709862141874
119,2021,191.34735496464,18.552078424179
120,2021,196.023132365418,18.7156800250713
121,2021,200.596958501776,18.8568258418144
122,2021,205.056177797659,18.9708298121761
123,2021,209.388134677012,19.0533693581302
124,2021,213.580173563781,19.1005757084288
125,2021,217.619722218162,19.1091706699928
126,2021,221.499208575433,19.078614932121
127,2021,225.218810842242,19.0122416567968
128,2021,228.779373915252,18.9141941459474
129,2021,232.181742691123,18.7890401893948
130,2021,235.426762066516,18.6416756641169
131,2021,238.515276938092,18.4772337091276
132,2021,241.448132202513,18.300994544835
133,2021,244.226172756439,18.1182920389899
134,2021,246.850243496531,17.9344142246069
135,2021,249.32118931945,17.7544962600143
136,2021,251.639855121857,17.5834058534205
137,2021,253.807085800413,17.4256229473271
138,2021,255.82372625178,17.2851173666906
139,2021,257.690621372617,17.1652299640669
140,2021,259.408616059587,17.0685642382732
141,2021,260.97855520935,16.9968961193494
142,2021,262.401283718567,16.9511093202588
143,2021,263.677646483899,16.9311622383681
144,2021,264.808488402008,16.9360899726315
145,2021,265.794654369553,16.964041980275
146,2021,266.636989283196,17.0123527751254
147,2021,267.336338039599,17.0776404416604
148,2021,267.893545535421,17.1559260505838
149,2021,268.309456667325,17.2427665265199
150,2021,268.58491633197,17.3333940940956
151,2021,268.720769426019,17.4228568753297
152,2021,268.717860846132,17.5061571941026
153,2021,268.577035488969,17.5783863368621
154,2021,268.299138251193,17.6348566789192
155,2021,267.885014029464,17.6712340808763
156,2021,267.335507720442,17.6836752628209
157,2021,266.651572099768,17.6690493235545
158,2021,265.837431710216,17.6272175521313
159,2021,264.901093601231,17.5613663060836
160,2021,263.850775523391,17.4754368926763
161,2021,262.694695227271,17.3738250850872
162,2021,261.441070463447,17.2612345678568
163,2021,260.098118982495,17.1425357587285
164,2021,258.674058534992,17.0226256492541
165,2021,257.177106871512,16.9062862680916
166,2021,255.615481742633,16.7980414973388
167,2021,253.99740089893,16.7020142027073
168,2021,252.331082090979,16.6217878047523
169,2021,250.624743069356,16.5602782493023
170,2021,248.886601584638,16.5196234998752
171,2021,247.124875387399,16.5010978676152
172,2021,245.347782228217,16.5050575412589
173,2021,243.563539857667,16.530921629895
174,2021,241.780366026325,16.577190189519
175,2021,240.006478484767,16.6414975790092
176,2021,238.250094983569,16.7206966669167
177,2021,236.519433273307,16.8109673916171
178,2021,234.822711104558,16.9079422619477
179,2021,233.168146227897,17.0068416158018
180,2021,231.563956393899,17.102612652203
181,2021,230.018359353142,17.1900681125426
182,2021,228.539572856201,17.2640226833547
183,2021,227.135814653652,17.3194274658149
184,2021,225.815302496071,17.3515050560073
185,2021,224.586254134034,17.3558898715654
186,2021,223.456884243898,17.3287816886279
187,2021,222.432345579793,17.2683908092125
188,2021,221.508983258113,17.1774481649332
189,2021,220.681568395075,17.060113161889
190,2021,219.944872106893,16.9211761315941
191,2021,219.293665509781,16.7659279332112
192,2021,218.722719719955,16.6000350151712
193,2021,218.226805853629,16.4294123635552
194,2021,217.800695027018,16.2600882566385
195,2021,217.439158356337,16.0980566359
196,2021,217.1369669578,15.9491153853818
197,2021,216.888891947623,15.8186919542592
198,2021,216.689704442021,15.7116614189382
199,2021,216.534175557207,15.6321658358633
200,2021,216.417076409397,15.5834468848827
201,2021,216.333178114806,15.5677055024578
202,2021,216.277251789648,15.5860017260233
203,2021,216.244068550138,15.6382050140137
204,2021,216.228399512492,15.7230002197649
205,2021,216.225015792923,15.8379481763722
206,2021,216.228688507646,15.9795938553119
207,2021,216.234188772877,16.1436105767426
208,2021,216.236287704831,16.3249665686523
209,2021,216.229756419721,16.5181004135031
210,2021,216.209366033763,16.717094110328
211,2021,216.169887663171,16.91583582062
212,2021,216.106092424161,17.1081680435409
213,2021,216.012751432947,17.2880203655432
214,2021,215.884635805744,17.4495287223683
215,2021,215.716516658767,17.5871452309595
216,2021,215.50316510823,17.6957442125039
217,2021,215.239725175738,17.770987365606
218,2021,214.925675908055,17.8121759588978
219,2021,214.563293142369,17.8212720996124
220,2021,214.154899329041,17.800915563795
221,2021,213.702816918433,17.7542759938084
222,2021,213.209368360907,17.684954495339
223,2021,212.676876106826,17.5968967693853
224,2021,212.10766260655,17.4943126671005
225,2021,211.504050310441,17.3815979349998
226,2021,210.868361668862,17.2632547460923
227,2021,210.202919132174,17.1438084775995
228,2021,209.510045150738,17.0277191754391
229,2021,208.792062174918,16.9192872892651
230,2021,208.051292655074,16.8225545728888
231,2021,207.290059041569,16.7412024629012
232,2021,206.510683784764,16.6784516398767
233,2021,205.715489335021,16.6369676433804
234,2021,204.906798142702,16.6187781231091
235,2021,204.086932658169,16.6252073557389
236,2021,203.258215331783,16.6568329224246
237,2021,202.422968613906,16.7134679536769
238,2021,201.583514954901,16.7941703010942
239,2021,200.742176805128,16.8972777185237
240,2021,199.901276614951,17.0204660149865
241,2021,199.063136834729,17.1608255230846
242,2021,198.230079914827,17.3149503300476
243,2021,197.404428305604,17.4790346003389
244,2021,196.588504457424,17.6489708830496
245,2021,195.784630820648,17.8204463478045
246,2021,194.995129845637,17.9890341988643
247,2021,194.222323982754,18.1502788712825
248,2021,193.46853568236,18.2997748670895
249,2021,192.736087394817,18.4332401655917
250,2021,192.027301570487,18.5465860253593
251,2021,191.344499933154,18.6359865711682
252,2021,190.689280534867,18.6988070843621
253,2021,190.06115978157,18.7353255724052
254,2021,189.459282071247,18.7467502808628
255,2021,188.882791801884,18.7347109537466
256,2021,188.330833371464,18.7011921041245
257,2021,187.802551177973,18.6484755786257
258,2021,187.297089619394,18.5790897947226
259,2021,186.813593093712,18.4957633984231
260,2021,186.351205998911,18.4013814155465
261,2021,185.909072732976,18.2989422688321
262,2021,185.486337693892,18.1915143267932
263,2021,185.082145279642,18.0821909601752
264,2021,184.695639888211,17.9740434271698
265,2021,184.325965917585,17.870071302015
266,2021,183.972267765746,17.7731506060074
267,2021,183.63368983068,17.6859802842314
268,2021,183.309376510371,17.6110281680239
269,2021,182.998472202803,17.5504780284991
270,2021,182.700121305961,17.506179703783
271,2021,182.41346821783,17.4796045108495
272,2021,182.137657336394,17.4718081784181
273,2021,181.871833059637,17.4834033278122
274,2021,181.615139785543,17.5145430843465
275,2021,181.366721912098,17.5649167615327
276,2021,181.125723837286,17.6337577982928
277,2021,180.891289959091,17.7198633426125
278,2021,180.662564675497,17.8216241652912
279,2021,180.438692384489,17.9370630409125
280,2021,180.218817484052,18.0638794053024
281,2021,180.00208437217,18.1994980068522
282,2021,179.787637446826,18.3411193943395
283,2021,179.574621106007,18.4857703807283
284,2021,179.362179747697,18.6303530317296
285,2021,179.149457769879,18.7716911898613
286,2021,178.935599570538,18.9065740088548
287,2021,178.719749547658,19.0317964038791
288,2021,178.501052099225,19.1441967009249
289,2021,178.278651623223,19.2406920894077
290,2021,178.051707475527,19.3183806631572
291,2021,177.819647536083,19.3757521143309
292,2021,177.582131950978,19.412634225584
293,2021,177.338828524739,19.429179751023
294,2021,177.089405061891,19.4257952681271
295,2021,176.833529366963,19.4031095924227
296,2021,176.570869244481,19.3619468161186
297,2021,176.301092498971,19.303303169116
298,2021,176.02386693496,19.2283269849724
299,2021,175.738860356976,19.1383011304844
300,2021,175.445740569545,19.0346273233088
301,2021,175.144175377193,18.9188118173375
302,2021,174.833832584448,18.7924519815347
303,2021,174.514379995836,18.6572233367388
304,2021,174.185485415885,18.5148666492513
305,2021,173.84681664912,18.3671747131286
306,2021,173.498041500069,18.2159784886071
307,2021,173.138827773258,18.0631323059187
308,2021,172.768843273215,17.9104978958261
309,2021,172.387755804466,17.7599270741694
310,2021,171.995233171537,17.6132429904111
311,2021,171.590943178956,17.4722199511098
312,2021,171.17455363125,17.3385619478465
313,2021,170.745732332945,17.2138801520918
314,2021,170.304147088567,17.0996697803004
315,2021,169.849465702645,16.9972868712806
316,2021,169.381355979704,16.9079256418125
317,2021,168.899485724271,16.8325971809951
318,2021,168.403522740874,16.7721102943331
319,2021,167.893134834038,16.7270553029876
320,2021,167.367989808291,16.6977915346373
321,2021,166.82775546816,16.684439109737
322,2021,166.272099618171,16.6868754383991
323,2021,165.700690062851,16.7047366142316
324,2021,165.113194606726,16.7374236437849
325,2021,164.509281054325,16.7841132082193
326,2021,163.888617210173,16.8437724410545
327,2021,163.250870878797,16.9151770416779
328,2021,162.595709864724,16.9969319410353
329,2021,161.922801972481,17.0874936977992
330,2021,161.231815006594,17.1851938267249
331,2021,160.522416771591,17.2882623360611
332,2021,159.794275071998,17.394850864138
333,2021,159.047057712341,17.503054941648
334,2021,158.280432497149,17.6109350515654
335,2021,157.494067230947,17.716536301478
336,2021,156.687629718263,17.8179066549675
337,2021,155.860787763622,17.913113784678
338,2021,155.013209171552,18.0002607081142
339,2021,154.14456174658,18.0775004488518
340,2021,153.254513293233,18.1430500334285
341,2021,152.342731616036,18.1952041916722
342,2021,151.408884519518,18.2323491802805
343,2021,150.452639808205,18.2529772010775
344,2021,149.473665286623,18.2557019416368
345,2021,148.471628759299,18.2392758319184
346,2021,147.446198030761,18.2026096911323
347,2021,146.397188530872,18.1451346685247
348,2021,145.32500619085,18.0678311111666
349,2021,144.230204567248,17.9721911897374
350,2021,143.11333721662,17.8598591599298
351,2021,141.974957695521,17.7326141575927
352,2021,140.815619560505,17.592354500237
353,2021,139.635876368126,17.4410828116421
354,2021,138.436281674938,17.2808913313701
355,2021,137.217389037496,17.1139468081564
356,2021,135.979752012353,16.9424744126382
357,2021,134.723924156064,16.7687401489312
358,2021,133.450459025182,16.5950313051798
359,2021,132.159910176263,16.4236345697229
360,2021,130.85283116586,16.2568115606702
361,2021,129.529775550528,16.0967716791974
362,2021,128.19129688682,15.9456424035521
363,2021,126.837948731291,15.8054373883941
364,2021,125.470284640495,15.6780230113458
365,2021,124.088858170986,15.5650842948916
1,2022,146.469499036255,18.6322393957643
2,2022,145.467462508932,18.6100666644655
3,2022,144.442031780393,18.5677769582057
4,2022,143.393022280505,18.5047948810667
5,2022,142.320839940482,18.4220791851151
6,2022,141.22603831688,18.3210958405643
7,2022,140.109170966253,18.2034616852118
8,2022,138.970791445154,18.0709274192673
9,2022,137.811453310138,17.9253620890201
10,2022,136.631710117759,17.768738405225
11,2022,135.432115424571,17.6031182844375
12,2022,134.213222787128,17.4306380364129
13,2022,132.975585761985,17.2534926547053
14,2022,131.719757905696,17.0739187082747
15,2022,130.446292774815,16.894175387569
16,2022,129.155743925896,16.7165233378784
17,2022,127.848664915493,16.5432010240321
18,2022,126.52560930016,16.3763985202903
19,2022,125.187130636452,16.2182288107638
20,2022,123.833782480923,16.0706969166988
21,2022,122.466118390127,15.9356674280157
22,2022,121.084691920618,15.8148312895741
23,2022,119.69005662895,15.7096729511641
24,2022,118.282766071678,15.6214392010371
25,2022,116.863373805356,15.5511111304059
26,2022,115.432433386537,15.4993806891701
27,2022,113.990498371776,15.4666331706716
28,2022,112.538122317628,15.4529367025549
29,2022,111.075858780646,15.4580394398755
30,2022,109.604261317384,15.4813746938931
31,2022,108.123883484398,15.5220737387239
32,2022,106.63527883824,15.5789855768866
33,2022,105.139000935465,15.6507025671784
34,2022,103.635603332628,15.7355905629354
35,2022,102.125639586282,15.831822093852
36,2022,100.609663252981,15.9374111471347
37,2022,99.0882278892806,16.0502482430766
38,2022,97.561887051734,16.1681347240944
39,2022,96.0311942968955,16.2888154488078
40,2022,94.4967031813194,16.4100093702403
41,2022,92.9589672615598,16.5294377528235
42,2022,91.4185400941709,16.6448500286458
43,2022,89.8759752357068,16.7540475001928
44,2022,88.3318262427218,16.8549052632113
45,2022,86.78664667177,16.9453928533789
46,2022,85.2409900794056,17.0235942218361
47,2022,83.6954100221828,17.0877277267405
48,2022,82.1504600566557,17.1361669006224
49,2022,80.6066937393785,17.167462825688
50,2022,79.0646646269055,17.1803690293324
51,2022,77.5249262757907,17.1738699062009
52,2022,75.9880322425884,17.1472137848795
53,2022,74.4546026711682,17.0999872236172
54,2022,72.9272771738277,17.0331757550496
55,2022,71.4110300806138,16.9492591140102
56,2022,69.9109657749242,16.8509720177856
57,2022,68.4321886401567,16.7411984625434
58,2022,66.9798030597087,16.6229362841037
59,2022,65.5589134169782,16.4992606307745
60,2022,64.1746240953625,16.37328522555
61,2022,62.8320394782595,16.2481205828873
62,2022,61.5362639490668,16.1268286966997
63,2022,60.292401891182,16.0123741443214
64,2022,59.1055576880028,15.9075720550924
65,2022,57.9808357229268,15.8150339518259
66,2022,56.9233403793517,15.7371130462256
67,2022,55.9381760406752,15.6758510911414
68,2022,55.0304470902949,15.6329292843145
69,2022,54.2052579116085,15.6096258994137
70,2022,53.4677128880136,15.6067832270944
71,2022,52.8229164029078,15.6247860140686
72,2022,52.2759728396889,15.6635529142854
73,2022,51.8319865817545,15.7225415886168
74,2022,51.4960620125023,15.8007671248018
75,2022,51.2733035153299,15.8968325330611
76,2022,51.1688154736349,16.0089693295576
77,2022,51.187702270815,16.135085738559
78,2022,51.3350682902679,16.2728198626157
79,2022,51.6160179153913,16.4195952741654
80,2022,52.0356555295827,16.5726768167914
81,2022,52.5990855162399,16.7292248923993
82,2022,53.3114122587605,16.8863470708412
83,2022,54.1777401405421,17.0411464214494
84,2022,55.2031735449824,17.1907664819483
85,2022,56.3928168554792,17.3324332218515
86,2022,57.7517744554299,17.4634947169473
87,2022,59.2851507282323,17.5814595356764
88,2022,60.9980500572841,17.6840350629837
89,2022,62.8955768259829,17.7691671722889
90,2022,64.9828354177262,17.8350828209998
91,2022,67.264930215912,17.8803373053212
92,2022,69.7469656039376,17.903868075259
93,2022,72.434045965201,17.9050571798486
94,2022,75.3312756830995,17.8838045698651
95,2022,78.4436495116517,17.8406363134123
96,2022,81.7695844421156,17.7780333835166
97,2022,85.2973019334714,17.7009037421726
98,2022,89.0141464096644,17.6144972850818
99,2022,92.9074622946397,17.5241177449733
100,2022,96.9645940123429,17.4350089915201
101,2022,101.172885986719,17.3522352152355
102,2022,105.519682641714,17.2805558492183
103,2022,109.992328401272,17.2242980827971
104,2022,114.57816768934,17.1872317475782
105,2022,119.264544929862,17.1724529283791
106,2022,124.038804546784,17.1822835445987
107,2022,128.888290964051,17.2181940812011
108,2022,133.800348605608,17.2807554875091
109,2022,138.762321895401,17.3696240943753
110,2022,143.761555257376,17.4835605526063
111,2022,148.785393115476,17.6204807678266
112,2022,153.821179893649,17.777534143668
113,2022,158.856260015838,17.9512025891603
114,2022,163.87797790599,18.13741293215
115,2022,168.87367798805,18.3316556030227
116,2022,173.830704685962,18.5291035101381
117,2022,178.736402423673,18.7247266123235
118,2022,183.578115625128,18.9133994873179
119,2022,188.343188714272,19.0900009439409
120,2022,193.01896611505,19.2495062732779
121,2022,197.592792251408,19.3870740225999
122,2022,202.052011547291,19.4981302267929
123,2022,206.383968426644,19.5784539202975
124,2022,210.576007313413,19.6242685805933
125,2022,214.615555967795,19.6323787471563
126,2022,218.495042325065,19.6022641188671
127,2022,222.214644591875,19.5371837099535
128,2022,225.775207664884,19.4411927097349
129,2022,229.177576440755,19.318763708844
130,2022,232.422595816148,19.1746894626133
131,2022,235.511110687725,19.0139912663513
132,2022,238.443965952145,18.8418283176807
133,2022,241.222006506071,18.6634044637435
134,2022,243.846077246163,18.4838698175002
135,2022,246.317023069082,18.3082159699491
136,2022,248.635688871489,18.1411649728055
137,2022,250.802919550046,17.9870539016935
138,2022,252.819560001412,17.8497185301319
139,2022,254.68645512225,17.7323812546479
140,2022,256.40444980922,17.6375496440761
141,2022,257.974388958983,17.5669325538075
142,2022,259.3971174682,17.5213804196868
143,2022,260.673480233532,17.5008550423541
144,2022,261.80432215164,17.5044320114715
145,2022,262.790488119185,17.5303362275193
146,2022,263.632823032829,17.5760082235394
147,2022,264.332171789231,17.638196659015
148,2022,264.889379285054,17.7130708369123
149,2022,265.305290416957,17.7963465738886
150,2022,265.580750081603,17.8834192099747
151,2022,265.716603175651,17.9694987850762
152,2022,265.713694595764,18.0497441557355
153,2022,265.572869238602,18.1193947965071
154,2022,265.294972000825,18.1739010083043
155,2022,264.880847779096,18.2090551148664
156,2022,264.331341470075,18.2211279302793
157,2022,263.647405849401,18.2070866419224
158,2022,262.833265459848,18.166799291696
159,2022,261.896927350864,18.1033552979104
160,2022,260.846609273023,18.0205797757441
161,2022,259.690528976903,17.9227390210853
162,2022,258.436904213079,17.8143948955429
163,2022,257.093952732128,17.700264979831
164,2022,255.669892284624,17.5850845660377
165,2022,254.172940621145,17.4734684106372
166,2022,252.611315492265,17.3697721459294
167,2022,250.993234648562,17.2779552788583
168,2022,249.326915840611,17.201449634658
169,2022,247.620576818989,17.143038688672
170,2022,245.88243533427,17.104754192586
171,2022,244.120709137032,17.0877965928427
172,2022,242.343615977849,17.0924848299138
173,2022,240.559373607299,17.118239258262
174,2022,238.776199775957,17.1635989107602
175,2022,237.002312234399,17.2262715854678
176,2022,235.245928733202,17.3032127537254
177,2022,233.51526702294,17.3907275046884
178,2022,231.81854485419,17.4845889102163
179,2022,230.163979977529,17.5801663609072
180,2022,228.559790143532,17.6725584489712
181,2022,227.014193102775,17.7567266050911
182,2022,225.535406605833,17.8276276594685
183,2022,224.131648403284,17.8803455655617
184,2022,222.811136245704,17.9102245615622
185,2022,221.582087883667,17.913008010352
186,2022,220.452717993531,17.8849903454963
187,2022,219.428179329425,17.8244270000073
188,2022,218.504817007746,17.7339799786562
189,2022,217.677402144708,17.6177036500149
190,2022,216.940705856525,17.4802649994884
191,2022,216.289499259414,17.3268136339104
192,2022,215.718553469587,17.1628573847347
193,2022,215.222639603261,16.9941365732897
194,2022,214.79652877665,16.8264914561779
195,2022,214.434992105969,16.6657191717207
196,2022,214.132800707433,16.5174188079453
197,2022,213.884725697256,16.3868260497189
198,2022,213.685538191653,16.2786420969078
199,2022,213.53000930684,16.196864805534
200,2022,213.41291015903,16.144632701092
201,2022,213.329011864438,16.1240939521783
202,2022,213.27308553928,16.1363119794278
203,2022,213.239902299771,16.1812168633609
204,2022,213.224233262124,16.2576073840347
205,2022,213.220849542555,16.363203179798
206,2022,213.224522257279,16.4947412701596
207,2022,213.23002252251,16.6481071316001
208,2022,213.232121454463,16.8184883596203
209,2022,213.225590169353,17.000538868806
210,2022,213.205199783395,17.1885432477008
211,2022,213.165721412804,17.3765736674848
212,2022,213.101926173794,17.5586349567994
213,2022,213.00858518258,17.7287965477231
214,2022,212.880469555376,17.8813126430234
215,2022,212.712350408399,18.0107340499031
216,2022,212.498998857862,18.112016737954
217,2022,212.235558925371,18.1808832668861
218,2022,211.921509657688,18.2166111094015
219,2022,211.559126892001,18.2210855617284
220,2022,211.150733078673,18.1968660671021
221,2022,210.698650668066,18.1470400769044
222,2022,210.20520211054,18.0751248461819
223,2022,209.672709856458,17.9849804284698
224,2022,209.103496356182,17.8807290141218
225,2022,208.499884060073,17.7666765892058
226,2022,207.864195418494,17.6472336879879
227,2022,207.198752881806,17.5268328478524
228,2022,206.505878900371,17.4098413180916
229,2022,205.787895924551,17.3004686647363
230,2022,205.047126404707,17.2026701514007
231,2022,204.285892791202,17.1200481021881
232,2022,203.506517534396,17.0557547432133
233,2022,202.711323084653,17.0124010935486
234,2022,201.902631892334,16.991977126177
235,2022,201.082766407801,16.9957884586721
236,2022,200.254049081415,17.0244141569186
237,2022,199.418802363538,17.0776888688853
238,2022,198.579348704533,17.15471062316
239,2022,197.738010554761,17.2538735237865
240,2022,196.897110364583,17.3729225975491
241,2022,196.058970584362,17.5090265178785
242,2022,195.225913664459,17.6588630489842
243,2022,194.400262055237,17.8187118871524
244,2022,193.584338207056,17.9845500478366
245,2022,192.78046457028,18.1521458867157
246,2022,191.990963595269,18.3171490429936
247,2022,191.218157732386,18.4751748623119
248,2022,190.464369431992,18.6218830530908
249,2022,189.731921144449,18.7530513748382
250,2022,189.02313532012,18.8646460292851
251,2022,188.340333682787,18.9528919855487
252,2022,187.685114284499,19.0151859088392
253,2022,187.056993531202,19.0517876615412
254,2022,186.45511582088,19.063876099614
255,2022,185.878625551517,19.0530491281168
256,2022,185.326667121097,19.0212571528057
257,2022,184.798384927605,18.9707455543249
258,2022,184.292923369026,18.9040036647946
259,2022,183.809426843344,18.8237180789133
260,2022,183.347039748543,18.7327284481088
261,2022,182.904906482609,18.6339842011158
262,2022,182.482171443524,18.5305009262057
263,2022,182.077979029274,18.4253154582866
264,2022,181.691473637844,18.3214390546315
265,2022,181.321799667217,18.2218084263561
266,2022,180.968101515378,18.1292348196032
267,2022,180.629523580312,18.0463517985184
268,2022,180.305210260003,17.9755628445605
269,2022,179.994305952436,17.9189903121889
270,2022,179.695955055594,17.87842761773
271,2022,179.409301967463,17.85529673171
272,2022,179.133491086026,17.850613048767
273,2022,178.867666809269,17.8649594970655
274,2022,178.610973535176,17.8984713245037
275,2022,178.362555661731,17.9508323996679
276,2022,178.121557586918,18.0212831599883
277,2022,177.887123708723,18.1086396159614
278,2022,177.658398425129,18.2113221697847
279,2022,177.434526134121,18.3273925062609
280,2022,177.214651233684,18.4545965127394
281,2022,176.997918121802,18.590411098689
282,2022,176.783471196459,18.7320928977322
283,2022,176.57045485564,18.8767271052297
284,2022,176.358013497329,19.021275080016
285,2022,176.145291519511,19.1626197658699
286,2022,175.93143332017,19.2976084208446
287,2022,175.715583297291,19.4230925477515
288,2022,175.496885848858,19.5359652785227
289,2022,175.274485372855,19.6331967739411
290,2022,175.047541225159,19.7119350896086
291,2022,174.815481285716,19.7706947760608
292,2022,174.577965700611,19.8093048729282
293,2022,174.334662274371,19.82791502315
294,2022,174.085238811524,19.8269255719215
295,2022,173.829363116596,19.8069563776903
296,2022,173.566702994113,19.7688200802525
297,2022,173.296926248603,19.7134990572496
298,2022,173.019700684593,19.6421253791113
299,2022,172.734694106609,19.5559631445824
300,2022,172.441574319177,19.4563926421618
301,2022,172.140009126826,19.3448958368137
302,2022,171.829666334081,19.2230427272144
303,2022,171.510213745469,19.0924781584971
304,2022,171.181319165517,18.9549087114398
305,2022,170.842650398752,18.8120893242817
306,2022,170.493875249701,18.6658093410984
307,2022,170.134661522891,18.5178777243391
308,2022,169.764677022847,18.3701072220707
309,2022,169.383589554098,18.224297345638
310,2022,168.99106692117,18.082216093001
311,2022,168.586776928589,17.9455804477826
312,2022,168.170387380882,17.8160357930201
313,2022,167.741566082577,17.6951344983653
314,2022,167.2999808382,17.5843140638912
315,2022,166.845299452277,17.4848753239248
316,2022,166.377189729336,17.3979613193538
317,2022,165.895319473904,17.3245375243646
318,2022,165.399356490506,17.2653741516148
319,2022,164.888968583671,17.221031248748
320,2022,164.363823557924,17.1918472335052
321,2022,163.823589217792,17.1779313949018
322,2022,163.267933367803,17.1791607210928
323,2022,162.696523812483,17.19518121402
324,2022,162.109028356359,17.2254136348848
325,2022,161.505114803957,17.2690634133822
326,2022,160.884450959805,17.3251342672542
327,2022,160.246704628429,17.3924449333447
328,2022,159.591543614356,17.4696483176262
329,2022,158.918635722113,17.5552523336284
330,2022,158.227648756226,17.647641713902
331,2022,157.518250521223,17.7451001399299
332,2022,156.79010882163,17.8458321311777
333,2022,156.042891461974,17.9479842513355
334,2022,155.276266246781,18.0496653172544
335,2022,154.48990098058,18.1489654234875
336,2022,153.683463467895,18.2439737151397
337,2022,152.856621513254,18.3327949492399
338,2022,152.009042921185,18.4135649780772
339,2022,151.140395496213,18.4844653671669
340,2022,150.250347042865,18.543737427779
341,2022,149.338565365669,18.5896960024879
342,2022,148.40471826915,18.6207433960208
343,2022,147.448473557837,18.6353838972123
344,2022,146.469499036255,18.6322393957643
345,2022,145.467462508932,18.6100666644655
346,2022,144.442031780393,18.5677769582057
347,2022,143.393022280505,18.5047948810667
348,2022,142.320839940482,18.4220791851151
349,2022,141.22603831688,18.3210958405643
350,2022,140.109170966253,18.2034616852118
351,2022,138.970791445154,18.0709274192673
352,2022,137.811453310138,17.9253620890201
353,2022,136.631710117759,17.768738405225
354,2022,135.432115424571,17.6031182844375
355,2022,134.213222787128,17.4306380364129
356,2022,132.975585761985,17.2534926547053
357,2022,131.719757905696,17.0739187082747
358,2022,130.446292774815,16.894175387569
359,2022,129.155743925896,16.7165233378784
360,2022,127.848664915493,16.5432010240321
361,2022,126.52560930016,16.3763985202903
362,2022,125.187130636452,16.2182288107638
363,2022,123.833782480923,16.0706969166988
364,2022,122.466118390127,15.9356674280157
365,2022,121.084691920618,15.8148312895741
1,2023,143.605532155072,19.3755021468352
2,2023,142.603495627749,19.3477091829703
3,2023,141.578064899211,19.3002689395445
4,2023,140.529055399322,19.2326150828887
5,2023,139.4568730593,19.1456755005762
6,2023,138.362071435698,19.0408731644705
7,2023,137.24520408507,18.9197789030873
8,2023,136.106824563971,18.7840943675263
9,2023,134.947486428955,18.6356364146607
10,2023,133.767743236576,18.4763223030862
11,2023,132.568148543388,18.3081551385464
12,2023,131.349255905946,18.1332090410955
13,2023,130.111618880803,17.953613541714
14,2023,128.855791024514,17.7715367578203
15,2023,127.582325893632,17.5891669520447
16,2023,126.291777044713,17.4086921538733
17,2023,124.98469803431,17.2322776259458
18,2023,123.661642418978,17.0620410909994
19,2023,122.32316375527,16.9000258039115
20,2023,120.969815599741,16.7481717538141
21,2023,119.602151508944,16.6082855058088
22,2023,118.220725039435,16.4820094255474
23,2023,116.826089747768,16.3707912512847
24,2023,115.418799190495,16.2758551601734
25,2023,113.999406924173,16.1981755898012
26,2023,112.568466505354,16.1384550963158
27,2023,111.126531490594,16.0971074393399
28,2023,109.674155436445,16.0742468770187
29,2023,108.211891899463,16.0696843442671
30,2023,106.740294436202,16.0829308023244
31,2023,105.259916603215,16.1132076295907
32,2023,103.771311957057,16.1594635199017
33,2023,102.275034054282,16.2203970101375
34,2023,100.771636451445,16.2944835095804
35,2023,99.2616727050989,16.38000556867
36,2023,97.7456963717986,16.4750851075991
37,2023,96.2242610080979,16.5777164130763
38,2023,94.6979201705514,16.6857988811743
39,2023,93.1672274157129,16.7971687067933
40,2023,91.6327363001368,16.9096289672769
41,2023,90.0950003803772,17.0209777946523
42,2023,88.5545732129883,17.1290345599202
43,2023,87.0120083545242,17.2316641931009
44,2023,85.4678593615392,17.3267999303356
45,2023,83.9226797905874,17.4124649155373
46,2023,82.377023198223,17.4867931938593
47,2023,80.8314431410002,17.5480507247327
48,2023,79.2864931754731,17.5946571213452
49,2023,77.7427268581959,17.625208898949
50,2023,76.2006977457229,17.6385050930581
51,2023,74.6609593946081,17.6335761954658
52,2023,73.1240653614058,17.6097174535959
53,2023,71.5906357899856,17.5665613664317
54,2023,70.063310292645,17.5050892273692
55,2023,68.5470631994312,17.4277173097243
56,2023,67.0469988937416,17.3371107854592
57,2023,65.568221758974,17.2360794289785
58,2023,64.1158361785261,17.1275404079353
59,2023,62.6949465357955,17.0144801619791
60,2023,61.3106572141799,16.8999143806531
61,2023,59.9680725970769,16.7868453945467
62,2023,58.6722970678842,16.6782166520755
63,2023,57.4284350099993,16.5768643741698
64,2023,56.2415908068201,16.4854669533973
65,2023,55.1168688417442,16.4064931682426
66,2023,54.0593734981691,16.3421507747148
67,2023,53.0742091594926,16.294337457729
68,2023,52.1664802091122,16.2645964072092
69,2023,51.3412910304258,16.2540788661981
70,2023,50.6037460068309,16.2635158373633
71,2023,49.9589495217252,16.2932007205389
72,2023,49.4120059585063,16.3429840195355
73,2023,48.9680197005719,16.4122804742711
74,2023,48.6320951313196,16.5000881461669
75,2023,48.4093366341472,16.6050182216298
76,2023,48.3048485924522,16.7253336978214
77,2023,48.3237353896324,16.858994742356
78,2023,48.4711014090853,17.0037083979907
79,2023,48.7520510342086,17.1569804180169
80,2023,49.1716886484001,17.3161673202912
81,2023,49.7351186350572,17.4785271736626
82,2023,50.4474453775778,17.6412681142362
83,2023,51.3137732593595,17.8015940743627
84,2023,52.3392066637998,17.9567476543492
85,2023,53.5288499742966,18.1040504531326
86,2023,54.8878075742473,18.2409414926896
87,2023,56.4211838470497,18.3650146267204
88,2023,58.1340831761015,18.4740560293916
89,2023,60.0316099448002,18.5660830301794
90,2023,62.1188685365436,18.6393857114079
91,2023,64.4009633347294,18.692572828168
92,2023,66.882998722755,18.7246237524812
93,2023,69.5700790840183,18.7349482825748
94,2023,72.4673088019169,18.7234562786313
95,2023,75.5796826304691,18.6906601048866
96,2023,78.905617560933,18.6389528725457
97,2023,82.4333350522888,18.5730578529072
98,2023,86.1501795284817,18.4980132605007
99,2023,90.0434954134571,18.4188929108208
100,2023,94.1006271311602,18.3406967591554
101,2023,98.3089191055366,18.268237423166
102,2023,102.655715760531,18.2060236085916
103,2023,107.12836152009,18.1581430394421
104,2023,111.714200808157,18.128149053794
105,2023,116.40057804868,18.1189562453072
106,2023,121.174837665601,18.1327511688021
107,2023,126.024324082868,18.1709239893742
108,2023,130.936381724426,18.2340259569273
109,2023,135.898355014219,18.3217558155823
110,2023,140.897588376193,18.4329759660103
111,2023,145.921426234294,18.565756767416
112,2023,150.957213012466,18.7174452055561
113,2023,155.992293134656,18.8847526038447
114,2023,161.014011024808,19.0638553083471
115,2023,166.009711106867,19.250502351424
116,2023,170.96673780478,19.440124860732
117,2023,175.872435542491,19.6279432091
118,2023,180.714148743946,19.8090693558021
119,2023,185.479221833089,19.9786033064142
120,2023,190.154999233868,20.1317239796329
121,2023,194.728825370226,20.2637759523
122,2023,199.188044666109,20.3703545598128
123,2023,203.520001545462,20.447392705796
124,2023,207.712040432231,20.491253557538
125,2023,211.751589086612,20.4988664529294
126,2023,215.631075443882,20.4697373135601
127,2023,219.350677710692,20.4070072656457
128,2023,222.911240783702,20.3145911504057
129,2023,226.313609559573,20.1968096054485
130,2023,229.558628934966,20.0582908543497
131,2023,232.647143806542,19.9038781702016
132,2023,235.579999070963,19.7385388520372
133,2023,238.358039624888,19.5672715480334
134,2023,240.98211036498,19.3950098075729
135,2023,243.453056187899,19.2265209121598
136,2023,245.771721990307,19.0663003500741
137,2023,247.938952668863,18.9184637326005
138,2023,249.95559312023,18.7866394035243
139,2023,251.822488241067,18.6738663031596
140,2023,253.540482928037,18.5825026002786
141,2023,255.1104220778,18.5141509819682
142,2023,256.533150587017,18.4696061303519
143,2023,257.809513352349,18.4488287712546
144,2023,258.940355270457,18.450948864791
145,2023,259.926521238003,18.4742982863952
146,2023,260.768856151646,18.5164710850417
147,2023,261.468204908048,18.574407483422
148,2023,262.025412403871,18.6444965044051
149,2023,262.441323535775,18.7226916275058
150,2023,262.71678320042,18.8046341950589
151,2023,262.852636294469,18.8857802646004
152,2023,262.849727714581,18.9615280318602
153,2023,262.708902357419,19.0273446081863
154,2023,262.431005119643,19.0788926473181
155,2023,262.016880897914,19.1121589647389
156,2023,261.467374588892,19.1235888306399
157,2023,260.783438968218,19.1102976429657
158,2023,259.969298578665,19.0721638599813
159,2023,259.032960469681,19.0121315953405
160,2023,257.982642391841,18.9338501432932
161,2023,256.826562095721,18.8413892224658
162,2023,255.572937331897,18.7390956881989
163,2023,254.229985850945,18.6314565388866
164,2023,252.805925403441,18.522964880709
165,2023,251.308973739962,18.4179871874089
166,2023,249.747348611083,18.320631937505
167,2023,248.12926776738,18.2346214560958
168,2023,246.462948959429,18.1631703921944
169,2023,244.756609937806,18.108875530273
170,2023,243.018468453087,18.0736223514128
171,2023,241.256742255849,18.0585137464699
172,2023,239.479649096667,18.0638254617668
173,2023,237.695406726117,18.0889912951279
174,2023,235.912232894775,18.1326189824701
175,2023,234.138345353217,18.1925354680394
176,2023,232.381961852019,18.2658582210411
177,2023,230.651300141757,18.3490877819757
178,2023,228.954577973008,18.4382160008488
179,2023,227.300013096346,18.5288445151981
180,2023,225.695823262349,18.6163088149013
181,2023,224.150226221592,18.6958045686468
182,2023,222.671439724651,18.7625145330338
183,2023,221.267681522102,18.8117361478067
184,2023,219.947169364521,18.8390117210988
185,2023,218.718121002484,18.8402648816873
186,2023,217.588751112348,18.811949933888
187,2023,216.564212448243,18.7524035049109
188,2023,215.640850126563,18.6641827772358
189,2023,214.813435263525,18.5511795746284
190,2023,214.076738975343,18.4178698772325
191,2023,213.425532378231,18.2691843822805
192,2023,212.854586588405,18.1103848268202
193,2023,212.358672722079,17.9469400662256
194,2023,211.932561895468,17.7843972963974
195,2023,211.571025224787,17.6282454815836
196,2023,211.26883382625,17.4837700954953
197,2023,211.020758816073,17.3559007029371
198,2023,210.821571310471,17.2490555653525
199,2023,210.666042425657,17.166990042856
200,2023,210.548943277847,17.1126576378617
201,2023,210.465044983256,17.0880935728696
202,2023,210.409118658098,17.0943303984695
203,2023,210.375935418588,17.131353125948
204,2023,210.360266380941,17.1980979855741
205,2023,210.356882661372,17.2924947134988
206,2023,210.360555376096,17.41154808529
207,2023,210.366055641327,17.5514510551009
208,2023,210.36815457328,17.7077198996132
209,2023,210.361623288171,17.8753414026097
210,2023,210.341232902213,18.0489231755289
211,2023,210.301754531621,18.2228402671179
212,2023,210.237959292611,18.391373764214
213,2023,210.144618301397,18.5488396820952
214,2023,210.016502674194,18.6897087909285
215,2023,209.848383527216,18.8087199955787
216,2023,209.63503197668,18.9009914904768
217,2023,209.371592044188,18.9623742187854
218,2023,209.057542776505,18.9921285115431
219,2023,208.695160010819,18.9920272663516
220,2023,208.286766197491,18.9645061565574
221,2023,207.834683786883,18.9125206363137
222,2023,207.341235229357,18.8394483503595
223,2023,206.808742975275,18.749002131648
224,2023,206.239529474999,18.6451491836045
225,2023,205.635917178891,18.5320328083959
226,2023,205.000228537311,18.413893789954
227,2023,204.334786000623,18.2949893284181
228,2023,203.641912019188,18.179508300524
229,2023,202.923929043368,18.0714826154088
230,2023,202.183159523524,17.974695538506
231,2023,201.421925910019,17.8925890116833
232,2023,200.642550653214,17.8281730983709
233,2023,199.847356203471,17.7839415784392
234,2023,199.038665011152,17.7617982415293
235,2023,198.218799526618,17.7629984335746
236,2023,197.390082200232,17.7881098206377
237,2023,196.554835482356,17.836995172215
238,2023,195.71538182335,17.9088183747862
239,2023,194.874043673578,18.0020731032441
240,2023,194.0331434834,18.1146318847197
241,2023,193.195003703179,18.2438119458362
242,2023,192.361946783277,18.386453419275
243,2023,191.536295174054,18.5390052642935
244,2023,190.720371325874,18.6976145826142
245,2023,189.916497689097,18.858215758692
246,2023,189.126996714087,19.0166168570926
247,2023,188.354190851203,19.1685818098387
248,2023,187.600402550809,19.3099079980679
249,2023,186.867954263267,19.4364997986254
250,2023,186.159168438937,19.5444394989307
251,2023,185.476366801604,19.6300584989842
252,2023,184.821147403317,19.6908203838818
253,2023,184.19302665002,19.7269545797851
254,2023,183.591148939697,19.7395855158423
255,2023,183.014658670334,19.7302499279567
256,2023,182.462700239914,19.7008310786701
257,2023,181.934418046423,19.6535014640922
258,2023,181.428956487844,19.5906716902028
259,2023,180.945459962162,19.5149435210017
260,2023,180.483072867361,19.4290653971686
261,2023,180.040939601426,19.3358890062206
262,2023,179.618204562341,19.2383257677962
263,2023,179.214012148092,19.1393023952715
264,2023,178.827506756661,19.0417150194028
265,2023,178.457832786034,18.9483817174183
266,2023,178.104134634196,18.8619936798024
267,2023,177.76555669913,18.7850656539511
268,2023,177.441243378821,18.7198867040845
269,2023,177.130339071253,18.6684726845127
270,2023,176.831988174411,18.632522095666
271,2023,176.54533508628,18.6133771357576
272,2023,176.269524204844,18.6119917403213
273,2023,176.003699928087,18.6289081992674
274,2023,175.747006653993,18.6642435631085
275,2023,175.498588780548,18.7176865302982
276,2023,175.257590705736,18.7885049036826
277,2023,175.02315682754,18.8755630880594
278,2023,174.794431543947,18.9773485468258
279,2023,174.570559252939,19.0920057062301
280,2023,174.350684352502,19.2173755316265
281,2023,174.133951240619,19.3510389153894
282,2023,173.919504315276,19.4903620992353
283,2023,173.706487974457,19.6325425734806
284,2023,173.494046616146,19.7746542103105
285,2023,173.281324638328,19.9136907536089
286,2023,173.067466438987,20.0466071658285
287,2023,172.851616416108,20.1703586940824
288,2023,172.632918967675,20.2819378460033
289,2023,172.410518491673,20.3784097548808
290,2023,172.183574343977,20.4570109375103
291,2023,171.951514404533,20.5162976107036
292,2023,171.713998819428,20.5560971520361
293,2023,171.470695393189,20.5765497873873
294,2023,171.221271930341,20.578041051168
295,2023,170.965396235413,20.5611713935998
296,2023,170.702736112931,20.5267299403274
297,2023,170.432959367421,20.4756716984861
298,2023,170.15573380341,20.4090975715806
299,2023,169.870727225426,20.3282366097065
300,2023,169.577607437995,20.2344299793849
301,2023,169.276042245643,20.1291161881091
302,2023,168.965699452898,20.0138171433504
303,2023,168.646246864286,19.8901246657897
304,2023,168.317352284335,19.759687114026
305,2023,167.97868351757,19.6241958153979
306,2023,167.629908368519,19.4853710375023
307,2023,167.270694641708,19.3449472801556
308,2023,166.900710141665,19.2046577204281
309,2023,166.519622672915,19.0662177060013
310,2023,166.127100039987,18.9313072656879
311,2023,165.722810047406,18.8015526905693
312,2023,165.3064204997,18.6785073333402
313,2023,164.877599201394,18.5636318737422
314,2023,164.436013957017,18.4582743990554
315,2023,163.981332571095,18.3636507432545
316,2023,163.513222848154,18.2808256079739
317,2023,163.031352592721,18.2106950436564
318,2023,162.535389609323,18.1539708916075
319,2023,162.025001702488,18.1111677705705
320,2023,161.499856676741,18.0825931316713
321,2023,160.959622336609,18.0683408043329
322,2023,160.40396648662,18.0682883190025
323,2023,159.8325569313,18.0820981307362
324,2023,159.245061475176,18.1092226946198
325,2023,158.641147922775,18.1489131750087
326,2023,158.020484078622,18.2002314204761
327,2023,157.382737747246,18.2620647174721
328,2023,156.727576733173,18.3331427563655
329,2023,156.05466884093,18.4120562073186
330,2023,155.363681875044,18.4972763091909
331,2023,154.65428364004,18.587174917292
332,2023,153.926141940447,18.6800445274764
333,2023,153.178924580791,18.7741178856788
334,2023,152.412299365599,18.8675868944295
335,2023,151.625934099397,18.9586206331343
336,2023,150.819496586712,19.045382410706
337,2023,149.992654632072,19.1260458632679
338,2023,149.145076040002,19.1988101939791
339,2023,148.27642861503,19.2619147262072
340,2023,147.386380161682,19.3136530064677
341,2023,146.474598484486,19.3523867520113
342,2023,145.540751387968,19.3765599927256
343,2023,144.584506676654,19.3847138116617
344,2023,143.605532155072,19.3755021468352
345,2023,142.603495627749,19.3477091829703
346,2023,141.578064899211,19.3002689395445
347,2023,140.529055399322,19.2326150828887
348,2023,139.4568730593,19.1456755005762
349,2023,138.362071435698,19.0408731644705
350,2023,137.24520408507,18.9197789030873
351,2023,136.106824563971,18.7840943675263
352,2023,134.947486428955,18.6356364146607
353,2023,133.767743236576,18.4763223030862
354,2023,132.568148543388,18.3081551385464
355,2023,131.349255905946,18.1332090410955
356,2023,130.111618880803,17.953613541714
357,2023,128.855791024514,17.7715367578203
358,2023,127.582325893632,17.5891669520447
359,2023,126.291777044713,17.4086921538733
360,2023,124.98469803431,17.2322776259458
361,2023,123.661642418978,17.0620410909994
362,2023,122.32316375527,16.9000258039115
363,2023,120.969815599741,16.7481717538141
364,2023,119.602151508944,16.6082855058088
365,2023,118.220725039435,16.4820094255474
1,2024,140.809700897987,20.5910202805483
2,2024,139.807664370664,20.5584769089275
3,2024,138.782233642125,20.5071532166019
4,2024,137.733224142237,20.4365115123688
5,2024,136.661041802214,20.3474404388779
6,2024,135.566240178612,20.2413028182383
7,2024,134.449372827985,20.1196039901514
8,2024,133.310993306886,19.9839745779217
9,2024,132.15165517187,19.8361545470507
10,2024,130.971911979491,19.6779780224354
11,2024,129.772317286303,19.5113583713502
12,2024,128.55342464886,19.3382730975258
13,2024,127.315787623717,19.160748131076
14,2024,126.059959767428,18.9808411445346
15,2024,124.786494636547,18.8006235819059
16,2024,123.495945787628,18.622161160312
17,2024,122.188866777225,18.4474926967833
18,2024,120.865811161892,18.2786072288047
19,2024,119.527332498184,18.1174195368737
20,2024,118.173984342655,17.9657443377353
21,2024,116.806320251859,17.8252695912082
22,2024,115.42489378235,17.6975295401429
23,2024,114.030258490682,17.583878266361
24,2024,112.62296793341,17.4854646766503
25,2024,111.203575667088,17.4032099124903
26,2024,109.772635248269,17.3377881878771
27,2024,108.330700233508,17.2896119898885
28,2024,106.87832417936,17.2588224238566
29,2024,105.416060642378,17.2452852573623
30,2024,103.944463179116,17.2485929337404
31,2024,102.46408534613,17.2680725140976
32,2024,100.975480699972,17.3027991993208
33,2024,99.4792027971971,17.3516148120599
34,2024,97.9758051943597,17.4131504095719
35,2024,96.4658414480136,17.4858520686748
36,2024,94.9498651147133,17.5680088398628
37,2024,93.4284297510126,17.6577819041419
38,2024,91.9020889134661,17.7532340701787
39,2024,90.3713961586276,17.852358902539
40,2024,88.8369050430515,17.9531089541774
41,2024,87.2991691232919,18.0534227693607
42,2024,85.758741955903,18.151250511881
43,2024,84.2161770974389,18.2445782473235
44,2024,82.6720281044539,18.3314510616083
45,2024,81.1268485335021,18.4099953294837
46,2024,79.5811919411377,18.478440557795
47,2024,78.0356118839149,18.5351413230056
48,2024,76.4906619183878,18.5785999055809
49,2024,74.9468956011106,18.6074903006087
50,2024,73.4048664886376,18.6206843590024
51,2024,71.8651281375228,18.6172808899744
52,2024,70.3282341043205,18.596638634044
53,2024,68.7948045329003,18.5584452704814
54,2024,67.2674790355598,18.5036541696441
55,2024,65.7512319423459,18.4345586896487
56,2024,64.2511676366563,18.35368822079
57,2024,62.7723905018887,18.2637071674892
58,2024,61.3200049214408,18.1673763001287
59,2024,59.8991152787102,18.0675136008334
60,2024,58.5148259570946,17.9669538244864
61,2024,57.1722413399916,17.868506292652
62,2024,55.8764658107989,17.7749107732729
63,2024,54.632603752914,17.6887916719365
64,2024,53.4457595497348,17.6126111591385
65,2024,52.3210375846589,17.5486222579135
66,2024,51.2635422410838,17.4988232812991
67,2024,50.2783779024073,17.4649152948714
68,2024,49.3706489520269,17.448264439947
69,2024,48.5454597733405,17.4498709493026
70,2024,47.8079147497456,17.4703464980426
71,2024,47.1631182646399,17.5099011614119
72,2024,46.616174701421,17.5683407313936
73,2024,46.1721884434866,17.6450745330177
74,2024,45.8362638742343,17.7391332539529
75,2024,45.6135053770619,17.8491957344705
76,2024,45.5090173353669,17.9736232250531
77,2024,45.5279041325471,18.110499348834
78,2024,45.675270152,18.2576739205741
79,2024,45.9562197771233,18.4128088608078
80,2024,46.3758573913148,18.5734246702644
81,2024,46.939287377972,18.7369462515026
82,2024,47.6516141204925,18.900747235834
83,2024,48.5179420022742,19.0621923536959
84,2024,49.5433754067145,19.2186777455112
85,2024,50.7330187172113,19.3676694293924
86,2024,52.091976317162,19.5067404143413
87,2024,53.6253525899644,19.6336071740587
88,2024,55.3382519190162,19.7461663840253
89,2024,57.2357786877149,19.8425329829242
90,2024,59.3230372794583,19.9210807587553
91,2024,61.6051320776441,19.9804867880679
92,2024,64.0871674656697,20.0197811771515
93,2024,66.774247826933,20.0384036633193
94,2024,69.6714775448316,20.0362687186511
95,2024,72.7838513733838,20.0138606022244
96,2024,76.1097863038477,19.9734364944367
97,2024,79.6375037952035,19.919444569341
98,2024,83.3543482713964,19.8566171496985
99,2024,87.2476641563718,19.7897048076819
100,2024,91.304795874075,19.7233727635204
101,2024,95.5130878484513,19.6620956442143
102,2024,99.859884503446,19.610051499156
103,2024,104.332530263005,19.5710172900968
104,2024,108.918369551072,19.5482692427577
105,2024,113.604746791594,19.5444923139652
106,2024,118.379006408516,19.5617034340302
107,2024,123.228492825783,19.6011930095998
108,2024,128.14055046734,19.6634883790393
109,2024,133.102523757134,19.7483415720563
110,2024,138.101757119108,19.8547420198546
111,2024,143.125594977208,19.9809530522172
112,2024,148.161381755381,20.1245693855751
113,2024,153.19646187757,20.2825915906353
114,2024,158.218179767722,20.4515128761594
115,2024,163.213879849782,20.6274134699771
116,2024,168.170906547694,20.806058349565
117,2024,173.076604285406,20.9829949345509
118,2024,177.91831748686,21.1536484394707
119,2024,182.683390576004,21.313413747756
120,2024,187.359167976782,21.4577437967703
121,2024,191.93299411314,21.5822354969835
122,2024,196.392213409023,21.6827151307522
123,2024,200.724170288377,21.7553260090926
124,2024,204.916209175145,21.7966219540284
125,2024,208.955757829527,21.8037013473083
126,2024,212.835244186797,21.776103239929
127,2024,216.554846453607,21.7168039101747
128,2024,220.115409526616,21.6295208718665
129,2024,223.517778302487,21.5183604655889
130,2024,226.762797677881,21.3877191355737
131,2024,229.851312549457,21.2421904662187
132,2024,232.784167813877,21.0864744193217
133,2024,235.562208367803,20.9252861486808
134,2024,238.186279107895,20.7632627422988
135,2024,240.657224930814,20.6048672927414
136,2024,242.975890733221,20.4542908295167
137,2024,245.143121411778,20.3153538269418
138,2024,247.159761863144,20.1914101420482
139,2024,249.026656983982,20.0852572114993
140,2024,250.744651670952,19.9990569911609
141,2024,252.314590820715,19.9342723112475
142,2024,253.737319329932,19.8916229464704
143,2024,255.013682095264,19.8710647534142
144,2024,256.144524013372,19.871793803181
145,2024,257.130689980917,19.8922757339603
146,2024,257.973024894561,19.930298827588
147,2024,258.672373650963,19.9830478452308
148,2024,259.229581146786,20.0471946560683
149,2024,259.645492278689,20.1190012795653
150,2024,259.920951943335,20.1944311476034
151,2024,260.056805037384,20.269265094983
152,2024,260.053896457496,20.3392196659853
153,2024,259.913071100334,20.4000666257894
154,2024,259.635173862558,20.4477539528686
155,2024,259.221049640828,20.4785299659691
156,2024,258.671543331807,20.489073554377
157,2024,257.987607711133,20.4766965101861
158,2024,257.17346732158,20.4412904636392
159,2024,256.237129212596,20.3856064639427
160,2024,255.186811134755,20.3130585240036
161,2024,254.030730838635,20.2274529466985
162,2024,252.777106074811,20.132849413825
163,2024,251.43415459386,20.0334289382083
164,2024,250.010094146356,19.9333660311677
165,2024,248.513142482877,19.8367038658494
166,2024,246.951517353998,19.7472326686231
167,2024,245.333436510295,19.6683729725966
168,2024,243.667117702344,19.6030666052974
169,2024,241.960778680721,19.5536792126934
170,2024,240.222637196002,19.5219185968864
171,2024,238.460910998764,19.5087730533891
172,2024,236.683817839582,19.5144731997127
173,2024,234.899575469031,19.5384795568749
174,2024,233.116401637689,19.5794965515536
175,2024,231.342514096131,19.6355118984819
176,2024,229.586130594934,19.7038587749679
177,2024,227.855468884672,19.7812970515187
178,2024,226.158746715922,19.8641092497537
179,2024,224.504181839261,19.9482069096396
180,2024,222.899992005264,20.0292436120448
181,2024,221.354394964507,20.1027319012872
182,2024,219.875608467565,20.1641626408476
183,2024,218.471850265016,20.2091267804863
184,2024,217.151338107436,20.2334410189566
185,2024,215.922289745399,20.2332803655836
186,2024,214.792919855263,20.2053232497244
187,2024,213.768381191157,20.148021754799
188,2024,212.845018869478,20.063790666168
189,2024,212.01760400644,19.9562996857547
190,2024,211.280907718257,19.8297642047267
191,2024,210.629701121146,19.6888174445343
192,2024,210.058755331319,19.5383885582033
193,2024,209.562841464993,19.3835818125895
194,2024,209.136730638382,19.2295532553728
195,2024,208.775193967701,19.0813827550388
196,2024,208.473002569165,18.9439410251816
197,2024,208.224927558988,18.8217531762523
198,2024,208.025740053385,18.7188623538523
199,2024,207.870211168572,18.6386988949868
200,2024,207.753112020762,18.5839618541954
201,2024,207.66921372617,18.5565203934446
202,2024,207.613287401012,18.5573421409316
203,2024,207.580104161503,18.5864541250003
204,2024,207.564435123856,18.6429394372368
205,2024,207.561051404287,18.7249697618144
206,2024,207.564724119011,18.8298708610958
207,2024,207.570224384242,18.9542155725557
208,2024,207.572323316195,19.0939372569453
209,2024,207.565792031085,19.2444561237845
210,2024,207.545401645127,19.4008113899861
211,2024,207.505923274536,19.5577935621022
212,2024,207.442128035526,19.7100729494668
213,2024,207.348787044312,19.8523225023672
214,2024,207.220671417109,19.979334990877
215,2024,207.052552270131,20.0861362647137
216,2024,206.839200719594,20.1680978302596
217,2024,206.575760787103,20.2212768771269
218,2024,206.26171151942,20.2449315119619
219,2024,205.899328753733,20.2406916745073
220,2024,205.490934940405,20.2108280515386
221,2024,205.038852529798,20.158114217315
222,2024,204.545403972272,20.0857306076748
223,2024,204.01291171819,19.9971781994326
224,2024,203.443698217914,19.8961981260084
225,2024,202.840085921805,19.7866941337641
226,2024,202.204397280226,19.6726554593525
227,2024,201.538954743538,19.5580784217255
228,2024,200.846080762103,19.4468858018609
229,2024,200.128097786283,19.342843939625
230,2024,199.387328266439,19.2494783940995
231,2024,198.626094652934,19.169989940906
232,2024,197.846719396129,19.1071735328531
233,2024,197.051524946386,19.0633435178384
234,2024,196.242833754066,19.040268772372
235,2024,195.422968269533,19.039121372504
236,2024,194.594250943147,19.0604419385253
237,2024,193.759004225271,19.1041238808293
238,2024,192.919550566265,19.1694175469573
239,2024,192.078212416493,19.254953894607
240,2024,191.237312226315,19.3587859940749
241,2024,190.399172446094,19.4784455857545
242,2024,189.566115526191,19.6110112213006
243,2024,188.740463916969,19.7531842623108
244,2024,187.924540068789,19.9013691808256
245,2024,187.120666432012,20.0517551229001
246,2024,186.331165457001,20.2003964474009
247,2024,185.558359594118,20.3432908198725
248,2024,184.804571293724,20.476454326891
249,2024,184.072123006181,20.5959939120816
250,2024,183.363337181852,20.6981781875616
251,2024,182.680535544519,20.7795091000879
252,2024,182.025316146231,20.8375591828871
253,2024,181.397195392934,20.8725172316592
254,2024,180.795317682612,20.8854279263606
255,2024,180.218827413249,20.8777355921187
256,2024,179.666868982829,20.8512200892828
257,2024,179.138586789337,20.8079403882953
258,2024,178.633125230758,20.7501838153086
259,2024,178.149628705076,20.6804192278405
260,2024,177.687241610275,20.6012526432703
261,2024,177.245108344341,20.5153841014427
262,2024,176.822373305256,20.4255648045889
263,2024,176.418180891006,20.3345538521322
264,2024,176.031675499576,20.2450741813887
265,2024,175.662001528949,20.1597676397327
266,2024,175.30830337711,20.0811494448442
267,2024,174.969725442044,20.0115626245846
268,2024,174.645412121735,19.9531333459726
269,2024,174.334507814168,19.9077283158462
270,2024,174.036156917326,19.8769156325634
271,2024,173.749503829195,19.8619305582442
272,2024,173.473692947758,19.8636476416816
273,2024,173.207868671001,19.8825604436345
274,2024,172.951175396908,19.9187698069028
275,2024,172.702757523463,19.9719812004073
276,2024,172.46175944865,20.0415111926316
277,2024,172.227325570455,20.1263026281493
278,2024,171.998600286861,20.2249476455229
279,2024,171.774727995853,20.3357173316555
280,2024,171.554853095416,20.4565965877888
281,2024,171.338119983534,20.5853226982814
282,2024,171.123673058191,20.7194261393978
283,2024,170.910656717372,20.8562723213664
284,2024,170.698215359061,20.9931031938866
285,2024,170.485493381243,21.1270779313185
286,2024,170.271635181902,21.2553122197695
287,2024,170.055785159023,21.3749159711396
288,2024,169.83708771059,21.4830295737866
289,2024,169.614687234587,21.5768590487985
290,2024,169.387743086891,21.6537715012465
291,2024,169.155683147448,21.7123836947381
292,2024,168.918167562343,21.7525188730305
293,2024,168.674864136103,21.7743012687305
294,2024,168.425440673256,21.7780921379231
295,2024,168.169564978328,21.7644606396854
296,2024,167.906904855845,21.7341584298038
297,2024,167.637128110335,21.6880973543316
298,2024,167.359902546325,21.6273296824818
299,2024,167.074895968341,21.5530303713571
300,2024,166.781776180909,21.4664809047046
301,2024,166.480210988558,21.3690542934529
302,2024,166.169868195813,21.2622008675675
303,2024,165.850415607201,21.1474345277704
304,2024,165.521521027249,21.026319163423
305,2024,165.182852260485,20.9004549811212
306,2024,164.834077111433,20.7714645291595
307,2024,164.474863384623,20.6409782477783
308,2024,164.104878884579,20.510619425534
309,2024,163.72379141583,20.3819884992969
310,2024,163.331268782902,20.2566466996261
311,2024,162.926978790321,20.1360991140174
312,2024,162.510589242614,20.0217773160195
313,2024,162.081767944309,19.9150217854809
314,2024,161.640182699932,19.817064419939
315,2024,161.185501314009,19.7290115040787
316,2024,160.717391591068,19.6518275572574
317,2024,160.235521335636,19.5863205122995
318,2024,159.739558352238,19.5331286868038
319,2024,159.229170445403,19.4927099873975
320,2024,158.704025419656,19.4653337363928
321,2024,158.163791079524,19.4510754307261
322,2024,157.608135229535,19.4498146395392
323,2024,157.036725674215,19.4612361266838
324,2024,156.449230218091,19.4848341572038
325,2024,155.845316665689,19.5199198227572
326,2024,155.224652821537,19.5656311099325
327,2024,154.586906490161,19.6209453458511
328,2024,153.931745476088,19.6846935932177
329,2024,153.258837583845,19.7555765349636
330,2024,152.567850617958,19.8321813866825
331,2024,151.858452382955,19.912999400378
332,2024,151.130310683362,19.9964435708887
333,2024,150.383093323706,20.0808662208873
334,2024,149.616468108514,20.1645762154511
335,2024,148.830102842312,20.2458556372236
336,2024,148.023665329627,20.3229758334617
337,2024,147.196823374986,20.3942128233523
338,2024,146.349244782917,20.4578621258453
339,2024,145.480597357945,20.5122531341086
340,2024,144.590548904597,20.555763222915
341,2024,143.678767227401,20.5868318311127
342,2024,142.744920130883,20.6039748147497
343,2024,141.788675419569,20.6057994199015
344,2024,140.809700897987,20.5910202805483
345,2024,139.807664370664,20.5584769089275
346,2024,138.782233642125,20.5071532166019
347,2024,137.733224142237,20.4365115123688
348,2024,136.661041802214,20.3474404388779
349,2024,135.566240178612,20.2413028182383
350,2024,134.449372827985,20.1196039901514
351,2024,133.310993306886,19.9839745779217
352,2024,132.15165517187,19.8361545470507
353,2024,130.971911979491,19.6779780224354
354,2024,129.772317286303,19.5113583713502
355,2024,128.55342464886,19.3382730975258
356,2024,127.315787623717,19.160748131076
357,2024,126.059959767428,18.9808411445346
358,2024,124.786494636547,18.8006235819059
359,2024,123.495945787628,18.622161160312
360,2024,122.188866777225,18.4474926967833
361,2024,120.865811161892,18.2786072288047
362,2024,119.527332498184,18.1174195368737
363,2024,118.173984342655,17.9657443377353
364,2024,116.806320251859,17.8252695912082
365,2024,115.42489378235,17.6975295401429
